data_split,source_second,target_second,zone_id,zone,current_count,projected_count,actual_next_count,predicted_next_count,predicted_rounded_count,absolute_error,persistence_absolute_error,projection_absolute_error
train,7.0,8.0,0,far_left,3,2,4,2.2975,2,1.7025,1.0,2.0
train,7.0,8.0,1,far_center,5,6,2,5.7292,6,3.7292,3.0,4.0
train,7.0,8.0,2,far_right,0,0,0,0.1089,0,0.1089,0.0,0.0
train,7.0,8.0,3,near_left,3,3,4,3.2126,3,0.7874,1.0,1.0
train,7.0,8.0,4,near_center,1,1,1,1.2178,1,0.2178,0.0,0.0
train,7.0,8.0,5,near_right,3,3,3,2.8393,3,0.1607,0.0,0.0
train,8.0,9.0,0,far_left,4,4,3,4.2149,4,1.2149,1.0,1.0
train,8.0,9.0,1,far_center,2,2,3,2.1532,2,0.8468,1.0,1.0
train,8.0,9.0,2,far_right,0,0,0,0.1454,0,0.1454,0.0,0.0
train,8.0,9.0,3,near_left,4,4,4,4.1208,4,0.1208,0.0,0.0
train,8.0,9.0,4,near_center,1,1,1,1.2252,1,0.2252,0.0,0.0
train,8.0,9.0,5,near_right,3,3,3,2.995,3,0.005,0.0,0.0
train,9.0,10.0,0,far_left,3,3,4,3.2781,3,0.7219,1.0,1.0
train,9.0,10.0,1,far_center,3,4,4,3.9286,4,0.0714,1.0,0.0
train,9.0,10.0,2,far_right,0,0,0,0.1057,0,0.1057,0.0,0.0
train,9.0,10.0,3,near_left,4,4,5,4.1891,4,0.8109,1.0,1.0
train,9.0,10.0,4,near_center,1,0,0,0.2219,0,0.2219,1.0,0.0
train,9.0,10.0,5,near_right,3,3,3,2.9757,3,0.0243,0.0,0.0
train,10.0,11.0,0,far_left,4,3,4,3.2419,3,0.7581,0.0,1.0
train,10.0,11.0,1,far_center,4,4,4,3.889,4,0.111,0.0,0.0
train,10.0,11.0,2,far_right,0,0,2,0.1199,0,1.8801,2.0,2.0
train,10.0,11.0,3,near_left,5,6,5,6.009,6,1.009,0.0,1.0
train,10.0,11.0,4,near_center,0,0,1,0.1988,0,0.8012,1.0,1.0
train,10.0,11.0,5,near_right,3,3,3,3.0073,3,0.0073,0.0,0.0
train,11.0,12.0,0,far_left,4,5,3,5.1661,5,2.1661,1.0,2.0
train,11.0,12.0,1,far_center,4,3,4,3.046,3,0.954,0.0,1.0
train,11.0,12.0,2,far_right,2,2,3,1.9602,2,1.0398,1.0,1.0
train,11.0,12.0,3,near_left,5,5,6,5.1904,5,0.8096,1.0,1.0
train,11.0,12.0,4,near_center,1,1,2,1.2134,1,0.7866,1.0,1.0
train,11.0,12.0,5,near_right,3,3,4,3.0539,3,0.9461,1.0,1.0
train,12.0,13.0,0,far_left,3,3,5,3.2913,3,1.7087,2.0,2.0
train,12.0,13.0,1,far_center,4,4,4,3.9993,4,0.0007,0.0,0.0
train,12.0,13.0,2,far_right,3,3,3,3.0175,3,0.0175,0.0,0.0
train,12.0,13.0,3,near_left,6,6,5,6.1118,6,1.1118,1.0,1.0
train,12.0,13.0,4,near_center,2,2,3,2.1923,2,0.8077,1.0,1.0
train,12.0,13.0,5,near_right,4,4,4,3.8987,4,0.1013,0.0,0.0
train,13.0,14.0,0,far_left,5,5,6,5.1374,5,0.8626,1.0,1.0
train,13.0,14.0,1,far_center,4,4,4,3.9635,4,0.0365,0.0,0.0
train,13.0,14.0,2,far_right,3,3,3,3.0656,3,0.0656,0.0,0.0
train,13.0,14.0,3,near_left,5,5,4,5.1647,5,1.1647,1.0,1.0
train,13.0,14.0,4,near_center,3,3,3,3.1642,3,0.1642,0.0,0.0
train,13.0,14.0,5,near_right,4,4,5,4.0898,4,0.9102,1.0,1.0
train,14.0,15.0,0,far_left,6,6,6,6.195,6,0.195,0.0,0.0
train,14.0,15.0,1,far_center,4,4,4,3.9824,4,0.0176,0.0,0.0
train,14.0,15.0,2,far_right,3,3,2,3.0176,3,1.0176,1.0,1.0
train,14.0,15.0,3,near_left,4,4,3,4.2069,4,1.2069,1.0,1.0
train,14.0,15.0,4,near_center,3,3,3,3.2012,3,0.2012,0.0,0.0
train,14.0,15.0,5,near_right,5,5,4,4.825,5,0.825,1.0,1.0
train,15.0,16.0,0,far_left,6,5,4,5.2467,5,1.2467,2.0,1.0
train,15.0,16.0,1,far_center,4,5,3,4.8861,5,1.8861,1.0,2.0
train,15.0,16.0,2,far_right,2,2,1,2.2335,2,1.2335,1.0,1.0
train,15.0,16.0,3,near_left,3,3,5,3.2199,3,1.7801,2.0,2.0
train,15.0,16.0,4,near_center,3,3,3,3.2185,3,0.2185,0.0,0.0
train,15.0,16.0,5,near_right,4,4,3,4.1978,4,1.1978,1.0,1.0
train,16.0,17.0,0,far_left,4,4,4,4.3007,4,0.3007,0.0,0.0
train,16.0,17.0,1,far_center,3,3,3,3.1417,3,0.1417,0.0,0.0
train,16.0,17.0,2,far_right,1,2,1,2.145,2,1.145,0.0,1.0
train,16.0,17.0,3,near_left,5,5,6,5.0509,5,0.9491,1.0,1.0
train,16.0,17.0,4,near_center,3,3,3,3.2005,3,0.2005,0.0,0.0
train,16.0,17.0,5,near_right,3,2,4,2.213,2,1.787,1.0,2.0
train,17.0,18.0,0,far_left,4,5,5,5.2053,5,0.2053,1.0,0.0
train,17.0,18.0,1,far_center,3,3,3,3.0113,3,0.0113,0.0,0.0
train,17.0,18.0,2,far_right,1,1,1,1.1003,1,0.1003,0.0,0.0
train,17.0,18.0,3,near_left,6,5,6,5.1708,5,0.8292,0.0,1.0
train,17.0,18.0,4,near_center,3,3,3,3.1748,3,0.1748,0.0,0.0
train,17.0,18.0,5,near_right,4,4,5,3.3954,3,1.6046,1.0,1.0
train,18.0,19.0,0,far_left,5,5,4,5.2227,5,1.2227,1.0,1.0
train,18.0,19.0,1,far_center,3,3,4,3.025,3,0.975,1.0,1.0
train,18.0,19.0,2,far_right,1,2,1,2.1073,2,1.1073,0.0,1.0
train,18.0,19.0,3,near_left,6,6,5,6.0852,6,1.0852,1.0,1.0
train,18.0,19.0,4,near_center,3,3,3,3.1989,3,0.1989,0.0,0.0
train,18.0,19.0,5,near_right,5,4,3,4.102,4,1.102,2.0,1.0
train,19.0,20.0,0,far_left,4,4,5,4.2934,4,0.7066,1.0,1.0
train,19.0,20.0,1,far_center,4,5,6,4.8539,5,1.1461,2.0,1.0
train,19.0,20.0,2,far_right,1,1,1,1.1569,1,0.1569,0.0,0.0
train,19.0,20.0,3,near_left,5,5,6,5.2239,5,0.7761,1.0,1.0
train,19.0,20.0,4,near_center,3,2,2,2.2238,2,0.2238,1.0,0.0
train,19.0,20.0,5,near_right,3,3,4,3.0479,3,0.9521,1.0,1.0
train,20.0,21.0,0,far_left,5,5,4,5.1613,5,1.1613,1.0,1.0
train,20.0,21.0,1,far_center,6,5,5,4.8662,5,0.1338,1.0,0.0
train,20.0,21.0,2,far_right,1,2,2,2.0318,2,0.0318,1.0,0.0
train,20.0,21.0,3,near_left,6,6,7,6.0909,6,0.9091,1.0,1.0
train,20.0,21.0,4,near_center,2,3,3,3.1803,3,0.1803,1.0,0.0
train,20.0,21.0,5,near_right,4,3,2,3.0978,3,1.0978,2.0,1.0
train,21.0,22.0,0,far_left,4,4,5,4.2844,4,0.7156,1.0,1.0
train,21.0,22.0,1,far_center,5,5,4,4.913,5,0.913,1.0,1.0
train,21.0,22.0,2,far_right,2,2,2,2.1429,2,0.1429,0.0,0.0
train,21.0,22.0,3,near_left,7,7,7,7.063,7,0.063,0.0,0.0
train,21.0,22.0,4,near_center,3,3,3,3.1946,3,0.1946,0.0,0.0
train,21.0,22.0,5,near_right,2,2,1,2.1635,2,1.1635,1.0,1.0
train,22.0,23.0,0,far_left,5,6,6,6.2068,6,0.2068,1.0,0.0
train,22.0,23.0,1,far_center,4,6,5,6.0006,6,1.0006,1.0,1.0
train,22.0,23.0,2,far_right,2,2,2,2.1713,2,0.1713,0.0,0.0
train,22.0,23.0,3,near_left,7,6,6,6.1795,6,0.1795,1.0,0.0
train,22.0,23.0,4,near_center,3,1,1,1.2351,1,0.2351,2.0,0.0
train,22.0,23.0,5,near_right,1,1,2,1.2057,1,0.7943,1.0,1.0
train,23.0,24.0,0,far_left,6,5,5,5.2635,5,0.2635,1.0,0.0
train,23.0,24.0,1,far_center,5,4,6,4.0651,4,1.9349,1.0,2.0
train,23.0,24.0,2,far_right,2,3,2,2.9865,3,0.9865,0.0,1.0
train,23.0,24.0,3,near_left,6,8,7,8.061,8,1.061,1.0,1.0
train,23.0,24.0,4,near_center,1,0,0,0.2297,0,0.2297,1.0,0.0
train,23.0,24.0,5,near_right,2,2,0,1.376,1,1.376,2.0,2.0
train,24.0,25.0,0,far_left,5,7,6,7.1672,7,1.1672,1.0,1.0
train,24.0,25.0,1,far_center,6,5,4,4.8769,5,0.8769,2.0,1.0
train,24.0,25.0,2,far_right,2,3,3,3.1197,3,0.1197,1.0,0.0
train,24.0,25.0,3,near_left,7,5,5,5.2185,5,0.2185,2.0,0.0
train,24.0,25.0,4,near_center,0,0,0,0.1996,0,0.1996,0.0,0.0
train,24.0,25.0,5,near_right,0,0,0,0.1873,0,0.1873,0.0,0.0
train,25.0,26.0,0,far_left,6,6,7,6.2565,6,0.7435,1.0,1.0
train,25.0,26.0,1,far_center,4,4,4,4.0755,4,0.0755,0.0,0.0
train,25.0,26.0,2,far_right,3,3,3,3.0565,3,0.0565,0.0,0.0
train,25.0,26.0,3,near_left,5,5,5,5.2007,5,0.2007,0.0,0.0
train,25.0,26.0,4,near_center,0,0,1,0.218,0,0.782,1.0,1.0
train,25.0,26.0,5,near_right,0,0,1,0.0257,0,0.9743,1.0,1.0
train,26.0,27.0,0,far_left,7,7,6,7.092,7,1.092,1.0,1.0
train,26.0,27.0,1,far_center,4,4,4,4.0004,4,0.0004,0.0,0.0
train,26.0,27.0,2,far_right,3,3,3,2.9849,3,0.0151,0.0,0.0
train,26.0,27.0,3,near_left,5,5,5,5.1541,5,0.1541,0.0,0.0
train,26.0,27.0,4,near_center,1,1,0,1.1667,1,1.1667,1.0,1.0
train,26.0,27.0,5,near_right,1,1,1,0.1672,0,0.8328,0.0,0.0
train,27.0,28.0,0,far_left,6,5,6,5.2868,5,0.7132,0.0,1.0
train,27.0,28.0,1,far_center,4,5,5,4.95,5,0.05,1.0,0.0
train,27.0,28.0,2,far_right,3,3,2,3.1829,3,1.1829,1.0,1.0
train,27.0,28.0,3,near_left,5,5,5,5.1965,5,0.1965,0.0,0.0
train,27.0,28.0,4,near_center,0,0,0,0.2172,0,0.2172,0.0,0.0
train,27.0,28.0,5,near_right,1,1,1,1.2298,1,0.2298,0.0,0.0
train,28.0,29.0,0,far_left,6,6,5,6.1418,6,1.1418,1.0,1.0
train,28.0,29.0,1,far_center,5,5,6,4.8598,5,1.1402,1.0,1.0
train,28.0,29.0,2,far_right,2,2,4,2.1316,2,1.8684,2.0,2.0
train,28.0,29.0,3,near_left,5,5,6,5.1462,5,0.8538,1.0,1.0
train,28.0,29.0,4,near_center,0,0,0,0.2001,0,0.2001,0.0,0.0
train,28.0,29.0,5,near_right,1,1,1,1.1851,1,0.1851,0.0,0.0
train,29.0,30.0,0,far_left,5,5,5,5.2509,5,0.2509,0.0,0.0
train,29.0,30.0,1,far_center,6,6,6,5.728,6,0.272,0.0,0.0
train,29.0,30.0,2,far_right,4,4,3,3.6815,4,0.6815,1.0,1.0
train,29.0,30.0,3,near_left,6,6,5,6.0771,6,1.0771,1.0,1.0
train,29.0,30.0,4,near_center,0,0,0,0.2044,0,0.2044,0.0,0.0
train,29.0,30.0,5,near_right,1,1,1,1.1448,1,0.1448,0.0,0.0
train,30.0,31.0,0,far_left,5,5,6,5.2469,5,0.7531,1.0,1.0
train,30.0,31.0,1,far_center,6,4,5,4.1094,4,0.8906,1.0,1.0
train,30.0,31.0,2,far_right,3,4,4,4.1692,4,0.1692,1.0,0.0
train,30.0,31.0,3,near_left,5,5,5,5.1955,5,0.1955,0.0,0.0
train,30.0,31.0,4,near_center,0,1,0,1.2067,1,1.2067,0.0,1.0
train,30.0,31.0,5,near_right,1,1,1,1.217,1,0.217,0.0,0.0
train,31.0,32.0,0,far_left,6,6,6,6.084,6,0.084,0.0,0.0
train,31.0,32.0,1,far_center,5,4,4,3.8294,4,0.1706,1.0,0.0
train,31.0,32.0,2,far_right,4,3,4,3.0463,3,0.9537,0.0,1.0
train,31.0,32.0,3,near_left,5,5,4,5.1604,5,1.1604,1.0,1.0
train,31.0,32.0,4,near_center,0,1,1,1.2119,1,0.2119,1.0,0.0
train,31.0,32.0,5,near_right,1,2,1,2.1096,2,1.1096,0.0,1.0
train,32.0,33.0,0,far_left,6,5,6,5.2735,5,0.7265,0.0,1.0
train,32.0,33.0,1,far_center,4,4,4,3.8605,4,0.1395,0.0,0.0
train,32.0,33.0,2,far_right,4,2,3,2.1887,2,0.8113,1.0,1.0
train,32.0,33.0,3,near_left,4,5,5,5.2206,5,0.2206,1.0,0.0
train,32.0,33.0,4,near_center,1,0,0,0.2499,0,0.2499,1.0,0.0
train,32.0,33.0,5,near_right,1,4,6,4.0679,4,1.9321,5.0,2.0
train,33.0,34.0,0,far_left,6,6,7,6.0996,6,0.9004,1.0,1.0
train,33.0,34.0,1,far_center,4,4,2,3.7207,4,1.7207,2.0,2.0
train,33.0,34.0,2,far_right,3,3,2,2.9492,3,0.9492,1.0,1.0
train,33.0,34.0,3,near_left,5,5,4,5.078,5,1.078,1.0,1.0
train,33.0,34.0,4,near_center,0,0,0,0.1972,0,0.1972,0.0,0.0
train,33.0,34.0,5,near_right,6,6,5,5.4031,5,0.4031,1.0,1.0
train,34.0,35.0,0,far_left,7,7,8,7.2033,7,0.7967,1.0,1.0
train,34.0,35.0,1,far_center,2,2,2,2.1626,2,0.1626,0.0,0.0
train,34.0,35.0,2,far_right,2,1,1,1.274,1,0.274,1.0,0.0
train,34.0,35.0,3,near_left,4,4,3,4.2194,4,1.2194,1.0,1.0
train,34.0,35.0,4,near_center,0,0,0,0.243,0,0.243,0.0,0.0
train,34.0,35.0,5,near_right,5,6,6,5.8886,6,0.1114,1.0,0.0
train,35.0,36.0,0,far_left,8,8,7,8.0668,8,1.0668,1.0,1.0
train,35.0,36.0,1,far_center,2,2,2,2.0568,2,0.0568,0.0,0.0
train,35.0,36.0,2,far_right,1,1,1,1.1221,1,0.1221,0.0,0.0
train,35.0,36.0,3,near_left,3,3,3,3.2193,3,0.2193,0.0,0.0
train,35.0,36.0,4,near_center,0,0,1,0.2151,0,0.7849,1.0,1.0
train,35.0,36.0,5,near_right,6,6,5,5.4012,5,0.4012,1.0,1.0
train,36.0,37.0,0,far_left,7,7,7,7.2372,7,0.2372,0.0,0.0
train,36.0,37.0,1,far_center,2,2,2,2.0997,2,0.0997,0.0,0.0
train,36.0,37.0,2,far_right,1,1,1,1.1412,1,0.1412,0.0,0.0
train,36.0,37.0,3,near_left,3,3,3,3.2186,3,0.2186,0.0,0.0
train,36.0,37.0,4,near_center,1,2,2,2.2101,2,0.2101,1.0,0.0
train,36.0,37.0,5,near_right,5,4,5,4.1311,4,0.8689,0.0,1.0
train,37.0,38.0,0,far_left,7,7,5,7.1669,7,2.1669,2.0,2.0
train,37.0,38.0,1,far_center,2,2,2,2.062,2,0.062,0.0,0.0
train,37.0,38.0,2,far_right,1,1,1,1.1287,1,0.1287,0.0,0.0
train,37.0,38.0,3,near_left,3,4,6,4.1945,4,1.8055,3.0,2.0
train,37.0,38.0,4,near_center,2,2,3,2.2108,2,0.7892,1.0,1.0
train,37.0,38.0,5,near_right,5,4,4,4.0231,4,0.0231,1.0,0.0
train,38.0,39.0,0,far_left,5,5,4,5.2358,5,1.2358,1.0,1.0
train,38.0,39.0,1,far_center,2,2,2,2.0351,2,0.0351,0.0,0.0
train,38.0,39.0,2,far_right,1,1,1,1.116,1,0.116,0.0,0.0
train,38.0,39.0,3,near_left,6,6,6,5.9794,6,0.0206,0.0,0.0
train,38.0,39.0,4,near_center,3,3,3,3.0781,3,0.0781,0.0,0.0
train,38.0,39.0,5,near_right,4,4,4,3.9557,4,0.0443,0.0,0.0
train,39.0,40.0,0,far_left,4,4,4,4.2796,4,0.2796,0.0,0.0
train,39.0,40.0,1,far_center,2,2,2,2.0141,2,0.0141,0.0,0.0
train,39.0,40.0,2,far_right,1,1,1,1.0878,1,0.0878,0.0,0.0
train,39.0,40.0,3,near_left,6,6,6,6.187,6,0.187,0.0,0.0
train,39.0,40.0,4,near_center,3,3,3,3.1775,3,0.1775,0.0,0.0
train,39.0,40.0,5,near_right,4,4,2,3.5881,4,1.5881,2.0,2.0
train,40.0,41.0,0,far_left,4,4,5,4.1939,4,0.8061,1.0,1.0
train,40.0,41.0,1,far_center,2,2,0,1.0232,1,1.0232,2.0,2.0
train,40.0,41.0,2,far_right,1,1,1,1.0901,1,0.0901,0.0,0.0
train,40.0,41.0,3,near_left,6,9,8,8.7633,9,0.7633,2.0,1.0
train,40.0,41.0,4,near_center,3,0,0,0.2236,0,0.2236,3.0,0.0
train,40.0,41.0,5,near_right,2,2,1,2.206,2,1.206,1.0,1.0
train,41.0,42.0,0,far_left,5,5,6,5.1384,5,0.8616,1.0,1.0
train,41.0,42.0,1,far_center,0,0,0,0.1555,0,0.1555,0.0,0.0
train,41.0,42.0,2,far_right,1,1,1,1.1595,1,0.1595,0.0,0.0
train,41.0,42.0,3,near_left,8,8,6,7.9946,8,1.9946,2.0,2.0
train,41.0,42.0,4,near_center,0,0,0,0.2452,0,0.2452,0.0,0.0
train,41.0,42.0,5,near_right,1,1,1,1.1906,1,0.1906,0.0,0.0
train,42.0,43.0,0,far_left,6,6,5,6.2299,6,1.2299,1.0,1.0
train,42.0,43.0,1,far_center,0,0,0,0.0266,0,0.0266,0.0,0.0
train,42.0,43.0,2,far_right,1,1,1,1.0806,1,0.0806,0.0,0.0
train,42.0,43.0,3,near_left,6,6,7,6.2183,6,0.7817,1.0,1.0
train,42.0,43.0,4,near_center,0,0,0,0.2192,0,0.2192,0.0,0.0
train,42.0,43.0,5,near_right,1,1,4,1.1357,1,2.8643,3.0,3.0
train,43.0,44.0,0,far_left,5,6,6,6.2136,6,0.2136,1.0,0.0
train,43.0,44.0,1,far_center,0,0,1,0.0756,0,0.9244,1.0,1.0
train,43.0,44.0,2,far_right,1,2,3,2.0457,2,0.9543,2.0,1.0
train,43.0,44.0,3,near_left,7,6,4,6.0792,6,2.0792,3.0,2.0
train,43.0,44.0,4,near_center,0,0,0,0.2105,0,0.2105,0.0,0.0
train,43.0,44.0,5,near_right,4,3,6,2.8227,3,3.1773,2.0,3.0
train,44.0,45.0,0,far_left,6,6,6,6.2095,6,0.2095,0.0,0.0
train,44.0,45.0,1,far_center,1,1,1,0.9325,1,0.0675,0.0,0.0
train,44.0,45.0,2,far_right,3,3,3,2.9447,3,0.0553,0.0,0.0
train,44.0,45.0,3,near_left,4,4,5,4.2465,4,0.7535,1.0,1.0
train,44.0,45.0,4,near_center,0,0,0,0.2181,0,0.2181,0.0,0.0
train,44.0,45.0,5,near_right,6,6,6,5.3262,5,0.6738,0.0,0.0
train,45.0,46.0,0,far_left,6,6,4,6.1895,6,2.1895,2.0,2.0
train,45.0,46.0,1,far_center,1,1,0,1.0503,1,1.0503,1.0,1.0
train,45.0,46.0,2,far_right,3,3,5,3.1216,3,1.8784,2.0,2.0
train,45.0,46.0,3,near_left,5,5,6,5.113,5,0.887,1.0,1.0
train,45.0,46.0,4,near_center,0,0,0,0.2221,0,0.2221,0.0,0.0
train,45.0,46.0,5,near_right,6,6,6,5.8167,6,0.1833,0.0,0.0
train,46.0,47.0,0,far_left,4,4,3,4.2951,4,1.2951,1.0,1.0
train,46.0,47.0,1,far_center,0,0,0,0.0727,0,0.0727,0.0,0.0
train,46.0,47.0,2,far_right,5,5,4,4.8209,5,0.8209,1.0,1.0
train,46.0,47.0,3,near_left,6,6,7,6.1604,6,0.8396,1.0,1.0
train,46.0,47.0,4,near_center,0,0,0,0.2234,0,0.2234,0.0,0.0
train,46.0,47.0,5,near_right,6,6,4,5.7688,6,1.7688,2.0,2.0
train,47.0,48.0,0,far_left,3,4,4,4.2527,4,0.2527,1.0,0.0
train,47.0,48.0,1,far_center,0,0,0,0.0912,0,0.0912,0.0,0.0
train,47.0,48.0,2,far_right,4,4,4,4.1975,4,0.1975,0.0,0.0
train,47.0,48.0,3,near_left,7,6,8,6.1623,6,1.8377,1.0,2.0
train,47.0,48.0,4,near_center,0,0,0,0.2271,0,0.2271,0.0,0.0
train,47.0,48.0,5,near_right,4,4,5,4.1967,4,0.8033,1.0,1.0
train,48.0,49.0,0,far_left,4,3,3,3.2628,3,0.2628,1.0,0.0
train,48.0,49.0,1,far_center,0,0,0,0.0097,0,0.0097,0.0,0.0
train,48.0,49.0,2,far_right,4,3,4,3.0752,3,0.9248,0.0,1.0
train,48.0,49.0,3,near_left,8,9,10,8.6408,9,1.3592,2.0,1.0
train,48.0,49.0,4,near_center,0,0,0,0.2299,0,0.2299,0.0,0.0
train,48.0,49.0,5,near_right,5,6,6,5.6384,6,0.3616,1.0,0.0
train,49.0,50.0,0,far_left,3,3,4,3.2553,3,0.7447,1.0,1.0
train,49.0,50.0,1,far_center,0,0,0,0.0275,0,0.0275,0.0,0.0
train,49.0,50.0,2,far_right,4,4,4,3.9521,4,0.0479,0.0,0.0
train,49.0,50.0,3,near_left,10,10,7,9.586,10,2.586,3.0,3.0
train,49.0,50.0,4,near_center,0,0,0,0.2223,0,0.2223,0.0,0.0
train,49.0,50.0,5,near_right,6,6,6,5.7935,6,0.2065,0.0,0.0
train,50.0,51.0,0,far_left,4,4,5,4.2411,4,0.7589,1.0,1.0
train,50.0,51.0,1,far_center,0,0,0,0.0121,0,0.0121,0.0,0.0
train,50.0,51.0,2,far_right,4,4,3,4.0525,4,1.0525,1.0,1.0
train,50.0,51.0,3,near_left,7,7,9,7.2147,7,1.7853,2.0,2.0
train,50.0,51.0,4,near_center,0,0,1,0.2321,0,0.7679,1.0,1.0
train,50.0,51.0,5,near_right,6,6,7,5.8594,6,1.1406,1.0,1.0
train,51.0,52.0,0,far_left,5,5,3,5.1238,5,2.1238,2.0,2.0
train,51.0,52.0,1,far_center,0,0,0,0.0554,0,0.0554,0.0,0.0
train,51.0,52.0,2,far_right,3,5,6,4.9943,5,1.0057,3.0,1.0
train,51.0,52.0,3,near_left,9,9,11,8.5709,9,2.4291,2.0,2.0
train,51.0,52.0,4,near_center,1,2,2,2.1546,2,0.1546,1.0,0.0
train,51.0,52.0,5,near_right,7,4,4,4.1597,4,0.1597,3.0,0.0
train,52.0,53.0,0,far_left,3,3,4,3.3007,3,0.6993,1.0,1.0
train,52.0,53.0,1,far_center,0,0,0,0.0315,0,0.0315,0.0,0.0
train,52.0,53.0,2,far_right,6,7,6,6.6268,7,0.6268,0.0,1.0
train,52.0,53.0,3,near_left,11,11,9,10.6771,11,1.6771,2.0,2.0
train,52.0,53.0,4,near_center,2,2,2,2.2183,2,0.2183,0.0,0.0
train,52.0,53.0,5,near_right,4,3,4,3.1466,3,0.8534,0.0,1.0
train,53.0,54.0,0,far_left,4,4,3,4.2477,4,1.2477,1.0,1.0
train,53.0,54.0,1,far_center,0,0,0,0.0647,0,0.0647,0.0,0.0
train,53.0,54.0,2,far_right,6,7,7,6.9921,7,0.0079,1.0,0.0
train,53.0,54.0,3,near_left,9,9,11,9.1897,9,1.8103,2.0,2.0
train,53.0,54.0,4,near_center,2,2,2,2.2336,2,0.2336,0.0,0.0
train,53.0,54.0,5,near_right,4,3,3,3.065,3,0.065,1.0,0.0
train,54.0,55.0,0,far_left,3,7,6,7.1074,7,1.1074,3.0,1.0
train,54.0,55.0,1,far_center,0,0,1,0.079,0,0.921,1.0,1.0
train,54.0,55.0,2,far_right,7,5,5,5.1223,5,0.1223,2.0,0.0
train,54.0,55.0,3,near_left,11,7,8,7.1408,7,0.8592,3.0,1.0
train,54.0,55.0,4,near_center,2,2,2,2.2176,2,0.2176,0.0,0.0
train,54.0,55.0,5,near_right,3,5,7,4.8499,5,2.1501,4.0,2.0
train,55.0,56.0,0,far_left,6,7,8,7.1364,7,0.8636,2.0,1.0
train,55.0,56.0,1,far_center,1,1,1,0.9306,1,0.0694,0.0,0.0
train,55.0,56.0,2,far_right,5,5,5,4.9017,5,0.0983,0.0,0.0
train,55.0,56.0,3,near_left,8,7,6,7.0891,7,1.0891,2.0,1.0
train,55.0,56.0,4,near_center,2,2,1,2.0926,2,1.0926,1.0,1.0
train,55.0,56.0,5,near_right,7,7,8,6.4257,6,1.5743,1.0,1.0
train,56.0,57.0,0,far_left,8,8,8,8.1586,8,0.1586,0.0,0.0
train,56.0,57.0,1,far_center,1,2,1,2.0377,2,1.0377,0.0,1.0
train,56.0,57.0,2,far_right,5,5,5,5.0428,5,0.0428,0.0,0.0
train,56.0,57.0,3,near_left,6,5,4,5.2316,5,1.2316,2.0,1.0
train,56.0,57.0,4,near_center,1,1,1,1.2605,1,0.2605,0.0,0.0
train,56.0,57.0,5,near_right,8,8,9,7.7293,8,1.2707,1.0,1.0
train,57.0,58.0,0,far_left,8,8,10,8.1942,8,1.8058,2.0,2.0
train,57.0,58.0,1,far_center,1,2,2,2.0441,2,0.0441,1.0,0.0
train,57.0,58.0,2,far_right,5,4,3,4.1312,4,1.1312,2.0,1.0
train,57.0,58.0,3,near_left,4,4,4,4.2275,4,0.2275,0.0,0.0
train,57.0,58.0,4,near_center,1,0,0,0.246,0,0.246,1.0,0.0
train,57.0,58.0,5,near_right,9,10,9,9.4197,9,0.4197,0.0,1.0
train,58.0,59.0,0,far_left,10,9,9,8.7475,9,0.2525,1.0,0.0
train,58.0,59.0,1,far_center,2,3,3,2.9448,3,0.0552,1.0,0.0
train,58.0,59.0,2,far_right,3,3,4,3.1667,3,0.8333,1.0,1.0
train,58.0,59.0,3,near_left,4,4,4,3.9661,4,0.0339,0.0,0.0
train,58.0,59.0,4,near_center,0,0,1,0.2107,0,0.7893,1.0,1.0
train,58.0,59.0,5,near_right,9,9,8,8.6799,9,0.6799,1.0,1.0
train,59.0,60.0,0,far_left,9,9,9,9.2101,9,0.2101,0.0,0.0
train,59.0,60.0,1,far_center,3,4,4,3.9484,4,0.0516,1.0,0.0
train,59.0,60.0,2,far_right,4,4,6,4.035,4,1.965,2.0,2.0
train,59.0,60.0,3,near_left,4,3,2,3.2209,3,1.2209,2.0,1.0
train,59.0,60.0,4,near_center,1,1,1,1.2331,1,0.2331,0.0,0.0
train,59.0,60.0,5,near_right,8,8,7,7.7495,8,0.7495,1.0,1.0
train,60.0,61.0,0,far_left,9,10,10,10.0611,10,0.0611,1.0,0.0
train,60.0,61.0,1,far_center,4,3,3,2.9773,3,0.0227,1.0,0.0
train,60.0,61.0,2,far_right,6,5,4,4.8552,5,0.8552,2.0,1.0
train,60.0,61.0,3,near_left,2,2,2,2.2209,2,0.2209,0.0,0.0
train,60.0,61.0,4,near_center,1,1,3,1.2317,1,1.7683,2.0,2.0
train,60.0,61.0,5,near_right,7,8,7,7.5852,8,0.5852,0.0,1.0
train,61.0,62.0,0,far_left,10,8,9,8.1904,8,0.8096,1.0,1.0
train,61.0,62.0,1,far_center,3,4,3,4.0224,4,1.0224,0.0,1.0
train,61.0,62.0,2,far_right,4,5,6,5.1872,5,0.8128,2.0,1.0
train,61.0,62.0,3,near_left,2,3,3,3.1345,3,0.1345,1.0,0.0
train,61.0,62.0,4,near_center,3,3,2,3.1225,3,1.1225,1.0,1.0
train,61.0,62.0,5,near_right,7,6,6,6.0598,6,0.0598,1.0,0.0
train,62.0,63.0,0,far_left,9,7,10,7.2474,7,2.7526,1.0,3.0
train,62.0,63.0,1,far_center,3,5,4,4.924,5,0.924,1.0,1.0
train,62.0,63.0,2,far_right,6,5,5,4.9607,5,0.0393,1.0,0.0
train,62.0,63.0,3,near_left,3,4,4,4.1846,4,0.1846,1.0,0.0
train,62.0,63.0,4,near_center,2,2,2,2.2393,2,0.2393,0.0,0.0
train,62.0,63.0,5,near_right,6,6,4,5.8251,6,1.8251,2.0,2.0
train,63.0,64.0,0,far_left,10,10,8,9.5517,10,1.5517,2.0,2.0
train,63.0,64.0,1,far_center,4,5,5,4.8667,5,0.1333,1.0,0.0
train,63.0,64.0,2,far_right,5,4,4,4.0285,4,0.0285,1.0,0.0
train,63.0,64.0,3,near_left,4,4,5,4.1521,4,0.8479,1.0,1.0
train,63.0,64.0,4,near_center,2,2,2,2.2138,2,0.2138,0.0,0.0
train,63.0,64.0,5,near_right,4,4,2,3.5561,4,1.5561,2.0,2.0
train,64.0,65.0,0,far_left,8,8,10,8.2491,8,1.7509,2.0,2.0
train,64.0,65.0,1,far_center,5,5,5,5.0064,5,0.0064,0.0,0.0
train,64.0,65.0,2,far_right,4,3,3,3.2125,3,0.2125,1.0,0.0
train,64.0,65.0,3,near_left,5,5,5,5.1804,5,0.1804,0.0,0.0
train,64.0,65.0,4,near_center,2,3,2,3.2117,3,1.2117,0.0,1.0
train,64.0,65.0,5,near_right,2,2,2,2.2204,2,0.2204,0.0,0.0
train,65.0,66.0,0,far_left,10,8,8,8.1263,8,0.1263,2.0,0.0
train,65.0,66.0,1,far_center,5,6,5,5.723,6,0.723,0.0,1.0
train,65.0,66.0,2,far_right,3,2,2,1.9856,2,0.0144,1.0,0.0
train,65.0,66.0,3,near_left,5,7,6,7.0613,7,1.0613,1.0,1.0
train,65.0,66.0,4,near_center,2,2,3,2.229,2,0.771,1.0,1.0
train,65.0,66.0,5,near_right,2,2,2,2.05,2,0.05,0.0,0.0
train,66.0,67.0,0,far_left,8,8,7,8.129,8,1.129,1.0,1.0
train,66.0,67.0,1,far_center,5,5,5,5.0371,5,0.0371,0.0,0.0
train,66.0,67.0,2,far_right,2,1,1,1.1848,1,0.1848,1.0,0.0
train,66.0,67.0,3,near_left,6,6,6,6.0649,6,0.0649,0.0,0.0
train,66.0,67.0,4,near_center,3,3,3,3.1239,3,0.1239,0.0,0.0
train,66.0,67.0,5,near_right,2,3,1,2.1052,2,1.1052,1.0,2.0
train,67.0,68.0,0,far_left,7,8,10,8.1595,8,1.8405,3.0,2.0
train,67.0,68.0,1,far_center,5,5,6,4.9901,5,1.0099,1.0,1.0
train,67.0,68.0,2,far_right,1,1,1,1.1884,1,0.1884,0.0,0.0
train,67.0,68.0,3,near_left,6,6,5,6.1943,6,1.1943,1.0,1.0
train,67.0,68.0,4,near_center,3,2,3,2.2372,2,0.7628,0.0,1.0
train,67.0,68.0,5,near_right,1,1,1,1.2339,1,0.2339,0.0,0.0
train,68.0,69.0,0,far_left,10,9,9,8.6546,9,0.3454,1.0,0.0
train,68.0,69.0,1,far_center,6,7,6,6.5293,7,0.5293,0.0,1.0
train,68.0,69.0,2,far_right,1,1,1,1.0989,1,0.0989,0.0,0.0
train,68.0,69.0,3,near_left,5,6,7,5.9463,6,1.0537,2.0,1.0
train,68.0,69.0,4,near_center,3,2,2,2.2073,2,0.2073,1.0,0.0
train,68.0,69.0,5,near_right,1,1,1,1.1566,1,0.1566,0.0,0.0
train,69.0,70.0,0,far_left,9,9,6,8.9747,9,2.9747,3.0,3.0
train,69.0,70.0,1,far_center,6,6,6,6.0492,6,0.0492,0.0,0.0
train,69.0,70.0,2,far_right,1,1,1,1.1219,1,0.1219,0.0,0.0
train,69.0,70.0,3,near_left,7,7,8,7.0177,7,0.9823,1.0,1.0
train,69.0,70.0,4,near_center,2,2,2,2.2101,2,0.2101,0.0,0.0
train,69.0,70.0,5,near_right,1,1,1,1.1742,1,0.1742,0.0,0.0
train,70.0,71.0,0,far_left,6,6,5,6.2736,6,1.2736,1.0,1.0
train,70.0,71.0,1,far_center,6,6,5,5.9463,6,0.9463,1.0,1.0
train,70.0,71.0,2,far_right,1,1,1,1.1115,1,0.1115,0.0,0.0
train,70.0,71.0,3,near_left,8,8,7,7.988,8,0.988,1.0,1.0
train,70.0,71.0,4,near_center,2,2,4,2.2005,2,1.7995,2.0,2.0
train,70.0,71.0,5,near_right,1,1,2,1.1704,1,0.8296,1.0,1.0
train,71.0,72.0,0,far_left,5,6,6,6.2472,6,0.2472,1.0,0.0
train,71.0,72.0,1,far_center,5,4,6,4.1108,4,1.8892,1.0,2.0
train,71.0,72.0,2,far_right,1,0,0,0.1854,0,0.1854,1.0,0.0
train,71.0,72.0,3,near_left,7,7,7,7.1995,7,0.1995,0.0,0.0
train,71.0,72.0,4,near_center,4,4,4,4.111,4,0.111,0.0,0.0
train,71.0,72.0,5,near_right,2,3,3,2.8685,3,0.1315,1.0,0.0
train,72.0,73.0,0,far_left,6,7,7,6.9475,7,0.0525,1.0,0.0
train,72.0,73.0,1,far_center,6,5,5,4.7444,5,0.2556,1.0,0.0
train,72.0,73.0,2,far_right,0,0,0,0.0892,0,0.0892,0.0,0.0
train,72.0,73.0,3,near_left,7,6,8,6.1854,6,1.8146,1.0,2.0
train,72.0,73.0,4,near_center,4,4,4,4.1843,4,0.1843,0.0,0.0
train,72.0,73.0,5,near_right,3,4,3,3.9309,4,0.9309,0.0,1.0
train,73.0,74.0,0,far_left,7,6,6,6.2564,6,0.2564,1.0,0.0
train,73.0,74.0,1,far_center,5,4,4,4.0555,4,0.0555,1.0,0.0
train,73.0,74.0,2,far_right,0,0,0,0.1305,0,0.1305,0.0,0.0
train,73.0,74.0,3,near_left,8,10,9,9.7471,10,0.7471,1.0,1.0
train,73.0,74.0,4,near_center,4,3,3,3.2085,3,0.2085,1.0,0.0
train,73.0,74.0,5,near_right,3,4,2,3.8824,4,1.8824,1.0,2.0
train,74.0,75.0,0,far_left,6,5,3,5.2661,5,2.2661,3.0,2.0
train,74.0,75.0,1,far_center,4,4,4,3.8795,4,0.1205,0.0,0.0
train,74.0,75.0,2,far_right,0,0,0,0.1172,0,0.1172,0.0,0.0
train,74.0,75.0,3,near_left,9,10,9,10.0804,10,1.0804,0.0,1.0
train,74.0,75.0,4,near_center,3,3,3,3.21,3,0.21,0.0,0.0
train,74.0,75.0,5,near_right,2,2,3,2.1889,2,0.8111,1.0,1.0
train,75.0,76.0,0,far_left,3,4,6,4.2945,4,1.7055,3.0,2.0
train,75.0,76.0,1,far_center,4,4,3,3.8331,4,0.8331,1.0,1.0
train,75.0,76.0,2,far_right,0,0,0,0.0932,0,0.0932,0.0,0.0
train,75.0,76.0,3,near_left,9,8,7,8.1884,8,1.1884,2.0,1.0
train,75.0,76.0,4,near_center,3,3,3,3.1759,3,0.1759,0.0,0.0
train,75.0,76.0,5,near_right,3,3,2,2.7718,3,0.7718,1.0,1.0
train,76.0,77.0,0,far_left,6,7,7,7.0149,7,0.0149,1.0,0.0
train,76.0,77.0,1,far_center,3,3,2,3.0817,3,1.0817,1.0,1.0
train,76.0,77.0,2,far_right,0,0,0,0.1091,0,0.1091,0.0,0.0
train,76.0,77.0,3,near_left,7,6,6,6.1649,6,0.1649,1.0,0.0
train,76.0,77.0,4,near_center,3,3,2,3.1856,3,1.1856,1.0,1.0
train,76.0,77.0,5,near_right,2,2,0,1.3191,1,1.3191,2.0,2.0
train,77.0,78.0,0,far_left,7,7,6,7.2386,7,1.2386,1.0,1.0
train,77.0,78.0,1,far_center,2,2,2,2.0919,2,0.0919,0.0,0.0
train,77.0,78.0,2,far_right,0,0,1,0.1519,0,0.8481,1.0,1.0
train,77.0,78.0,3,near_left,6,6,6,6.2046,6,0.2046,0.0,0.0
train,77.0,78.0,4,near_center,2,2,2,2.2329,2,0.2329,0.0,0.0
train,77.0,78.0,5,near_right,0,0,0,0.1957,0,0.1957,0.0,0.0
train,78.0,79.0,0,far_left,6,7,6,7.2171,7,1.2171,0.0,1.0
train,78.0,79.0,1,far_center,2,2,2,2.0589,2,0.0589,0.0,0.0
train,78.0,79.0,2,far_right,1,1,1,1.0415,1,0.0415,0.0,0.0
train,78.0,79.0,3,near_left,6,5,5,5.2067,5,0.2067,1.0,0.0
train,78.0,79.0,4,near_center,2,2,3,2.1921,2,0.8079,1.0,1.0
train,78.0,79.0,5,near_right,0,0,0,0.027,0,0.027,0.0,0.0
train,79.0,80.0,0,far_left,6,7,9,7.1954,7,1.8046,3.0,2.0
train,79.0,80.0,1,far_center,2,2,2,2.0618,2,0.0618,0.0,0.0
train,79.0,80.0,2,far_right,1,1,1,1.1433,1,0.1433,0.0,0.0
train,79.0,80.0,3,near_left,5,4,3,4.2137,4,1.2137,2.0,1.0
train,79.0,80.0,4,near_center,3,3,3,3.1434,3,0.1434,0.0,0.0
train,79.0,80.0,5,near_right,0,0,0,0.0815,0,0.0815,0.0,0.0
train,80.0,81.0,0,far_left,9,9,8,8.8045,9,0.8045,1.0,1.0
train,80.0,81.0,1,far_center,2,3,4,3.0097,3,0.9903,2.0,1.0
train,80.0,81.0,2,far_right,1,1,1,1.1593,1,0.1593,0.0,0.0
train,80.0,81.0,3,near_left,3,3,3,3.2099,3,0.2099,0.0,0.0
train,80.0,81.0,4,near_center,3,1,1,1.2337,1,0.2337,2.0,0.0
train,80.0,81.0,5,near_right,0,1,1,1.0544,1,0.0544,1.0,0.0
train,81.0,82.0,0,far_left,8,8,7,8.2065,8,1.2065,1.0,1.0
train,81.0,82.0,1,far_center,4,4,4,3.8445,4,0.1555,0.0,0.0
train,81.0,82.0,2,far_right,1,1,2,1.0966,1,0.9034,1.0,1.0
train,81.0,82.0,3,near_left,3,3,3,3.2165,3,0.2165,0.0,0.0
train,81.0,82.0,4,near_center,1,1,1,1.222,1,0.222,0.0,0.0
train,81.0,82.0,5,near_right,1,1,1,1.1731,1,0.1731,0.0,0.0
train,82.0,83.0,0,far_left,7,7,5,7.2395,7,2.2395,2.0,2.0
train,82.0,83.0,1,far_center,4,4,5,3.9876,4,1.0124,1.0,1.0
train,82.0,83.0,2,far_right,2,2,2,2.0633,2,0.0633,0.0,0.0
train,82.0,83.0,3,near_left,3,3,3,3.2123,3,0.2123,0.0,0.0
train,82.0,83.0,4,near_center,1,1,1,1.2222,1,0.2222,0.0,0.0
train,82.0,83.0,5,near_right,1,1,1,1.1755,1,0.1755,0.0,0.0
train,83.0,84.0,0,far_left,5,5,7,5.263,5,1.737,2.0,2.0
train,83.0,84.0,1,far_center,5,5,5,4.9078,5,0.0922,0.0,0.0
train,83.0,84.0,2,far_right,2,2,2,2.1177,2,0.1177,0.0,0.0
train,83.0,84.0,3,near_left,3,2,2,2.2301,2,0.2301,1.0,0.0
train,83.0,84.0,4,near_center,1,2,2,2.2013,2,0.2013,1.0,0.0
train,83.0,84.0,5,near_right,1,1,1,1.1973,1,0.1973,0.0,0.0
train,84.0,85.0,0,far_left,7,7,4,6.9681,7,2.9681,3.0,3.0
train,84.0,85.0,1,far_center,5,4,5,4.0327,4,0.9673,0.0,1.0
train,84.0,85.0,2,far_right,2,2,4,2.0949,2,1.9051,2.0,2.0
train,84.0,85.0,3,near_left,2,2,2,2.2095,2,0.2095,0.0,0.0
train,84.0,85.0,4,near_center,2,3,2,3.1725,3,1.1725,0.0,1.0
train,84.0,85.0,5,near_right,1,1,1,1.1794,1,0.1794,0.0,0.0
train,85.0,86.0,0,far_left,4,5,3,5.2783,5,2.2783,1.0,2.0
train,85.0,86.0,1,far_center,5,5,4,4.9906,5,0.9906,1.0,1.0
train,85.0,86.0,2,far_right,4,3,4,2.9726,3,1.0274,0.0,1.0
train,85.0,86.0,3,near_left,2,2,3,1.7164,2,1.2836,1.0,1.0
train,85.0,86.0,4,near_center,2,2,2,2.1685,2,0.1685,0.0,0.0
train,85.0,86.0,5,near_right,1,1,1,1.1553,1,0.1553,0.0,0.0
train,86.0,87.0,0,far_left,3,3,5,3.2968,3,1.7032,2.0,2.0
train,86.0,87.0,1,far_center,4,5,6,5.0095,5,0.9905,2.0,1.0
train,86.0,87.0,2,far_right,4,3,3,3.1264,3,0.1264,1.0,0.0
train,86.0,87.0,3,near_left,3,3,3,3.2242,3,0.2242,0.0,0.0
train,86.0,87.0,4,near_center,2,2,2,2.2052,2,0.2052,0.0,0.0
train,86.0,87.0,5,near_right,1,1,1,1.1611,1,0.1611,0.0,0.0
train,87.0,88.0,0,far_left,5,6,5,6.0566,6,1.0566,0.0,1.0
train,87.0,88.0,1,far_center,6,7,6,6.7074,7,0.7074,0.0,1.0
train,87.0,88.0,2,far_right,3,2,3,2.1543,2,0.8457,0.0,1.0
train,87.0,88.0,3,near_left,3,2,3,2.203,2,0.797,0.0,1.0
train,87.0,88.0,4,near_center,2,2,1,2.2064,2,1.2064,1.0,1.0
train,87.0,88.0,5,near_right,1,1,3,1.1709,1,1.8291,2.0,2.0
train,88.0,89.0,0,far_left,5,5,5,5.2689,5,0.2689,0.0,0.0
train,88.0,89.0,1,far_center,6,7,7,6.8656,7,0.1344,1.0,0.0
train,88.0,89.0,2,far_right,3,2,2,2.0999,2,0.0999,1.0,0.0
train,88.0,89.0,3,near_left,3,3,2,3.2071,3,1.2071,1.0,1.0
train,88.0,89.0,4,near_center,1,2,3,2.1984,2,0.8016,2.0,1.0
train,88.0,89.0,5,near_right,3,2,2,2.0338,2,0.0338,1.0,0.0
train,89.0,90.0,0,far_left,5,5,5,5.2066,5,0.2066,0.0,0.0
train,89.0,90.0,1,far_center,7,7,6,6.7687,7,0.7687,1.0,1.0
train,89.0,90.0,2,far_right,2,2,4,2.1118,2,1.8882,2.0,2.0
train,89.0,90.0,3,near_left,2,2,3,2.1998,2,0.8002,1.0,1.0
train,89.0,90.0,4,near_center,3,3,2,3.1415,3,1.1415,1.0,1.0
train,89.0,90.0,5,near_right,2,2,2,2.104,2,0.104,0.0,0.0
train,90.0,91.0,0,far_left,5,5,3,5.1802,5,2.1802,2.0,2.0
train,90.0,91.0,1,far_center,6,6,6,5.9469,6,0.0531,0.0,0.0
train,90.0,91.0,2,far_right,4,3,2,3.0127,3,1.0127,2.0,1.0
train,90.0,91.0,3,near_left,3,3,4,3.1776,3,0.8224,1.0,1.0
train,90.0,91.0,4,near_center,2,2,3,2.2206,2,0.7794,1.0,1.0
train,90.0,91.0,5,near_right,2,3,4,3.0533,3,0.9467,2.0,1.0
train,91.0,92.0,0,far_left,3,3,2,3.3091,3,1.3091,1.0,1.0
train,91.0,92.0,1,far_center,6,6,6,5.9285,6,0.0715,0.0,0.0
train,91.0,92.0,2,far_right,2,2,2,2.1229,2,0.1229,0.0,0.0
train,91.0,92.0,3,near_left,4,4,4,4.1762,4,0.1762,0.0,0.0
train,91.0,92.0,4,near_center,3,3,3,3.1371,3,0.1371,0.0,0.0
train,91.0,92.0,5,near_right,4,4,4,3.8836,4,0.1164,0.0,0.0
train,92.0,93.0,0,far_left,2,1,1,1.3106,1,0.3106,1.0,0.0
train,92.0,93.0,1,far_center,6,6,7,5.8928,6,1.1072,1.0,1.0
train,92.0,93.0,2,far_right,2,3,3,3.0765,3,0.0765,1.0,0.0
train,92.0,93.0,3,near_left,4,5,5,5.189,5,0.189,1.0,0.0
train,92.0,93.0,4,near_center,3,2,2,2.2176,2,0.2176,1.0,0.0
train,92.0,93.0,5,near_right,4,4,4,4.0927,4,0.0927,0.0,0.0
train,93.0,94.0,0,far_left,1,1,1,1.2871,1,0.2871,0.0,0.0
train,93.0,94.0,1,far_center,7,7,7,6.672,7,0.328,0.0,0.0
train,93.0,94.0,2,far_right,3,3,2,2.9874,3,0.9874,1.0,1.0
train,93.0,94.0,3,near_left,5,5,5,5.1231,5,0.1231,0.0,0.0
train,93.0,94.0,4,near_center,2,2,1,2.193,2,1.193,1.0,1.0
train,93.0,94.0,5,near_right,4,4,3,3.9477,4,0.9477,1.0,1.0
train,94.0,95.0,0,far_left,1,1,1,1.2883,1,0.2883,0.0,0.0
train,94.0,95.0,1,far_center,7,7,6,6.9448,7,0.9448,1.0,1.0
train,94.0,95.0,2,far_right,2,2,1,2.1991,2,1.1991,1.0,1.0
train,94.0,95.0,3,near_left,5,5,5,5.1767,5,0.1767,0.0,0.0
train,94.0,95.0,4,near_center,1,1,1,1.2428,1,0.2428,0.0,0.0
train,94.0,95.0,5,near_right,3,3,7,3.2041,3,3.7959,4.0,4.0
train,95.0,96.0,0,far_left,1,1,2,1.2812,1,0.7188,1.0,1.0
train,95.0,96.0,1,far_center,6,6,7,6.0164,6,0.9836,1.0,1.0
train,95.0,96.0,2,far_right,1,2,1,2.0679,2,1.0679,0.0,1.0
train,95.0,96.0,3,near_left,5,5,4,5.1629,5,1.1629,1.0,1.0
train,95.0,96.0,4,near_center,1,1,1,1.2132,1,0.2132,0.0,0.0
train,95.0,96.0,5,near_right,7,6,6,5.3369,5,0.6631,1.0,0.0
train,96.0,97.0,0,far_left,2,3,3,3.2116,3,0.2116,1.0,0.0
train,96.0,97.0,1,far_center,7,7,6,6.5268,7,0.5268,1.0,1.0
train,96.0,97.0,2,far_right,1,1,0,1.143,1,1.143,1.0,1.0
train,96.0,97.0,3,near_left,4,3,3,3.2111,3,0.2111,1.0,0.0
train,96.0,97.0,4,near_center,1,1,1,1.2311,1,0.2311,0.0,0.0
train,96.0,97.0,5,near_right,6,6,6,6.0549,6,0.0549,0.0,0.0
train,97.0,98.0,0,far_left,3,3,3,3.2536,3,0.2536,0.0,0.0
train,97.0,98.0,1,far_center,6,6,7,6.0654,6,0.9346,1.0,1.0
train,97.0,98.0,2,far_right,0,0,0,0.1611,0,0.1611,0.0,0.0
train,97.0,98.0,3,near_left,3,3,3,3.2003,3,0.2003,0.0,0.0
train,97.0,98.0,4,near_center,1,1,1,1.2288,1,0.2288,0.0,0.0
train,97.0,98.0,5,near_right,6,6,6,5.7133,6,0.2867,0.0,0.0
train,98.0,99.0,0,far_left,3,3,4,3.251,3,0.749,1.0,1.0
train,98.0,99.0,1,far_center,7,7,6,6.6516,7,0.6516,1.0,1.0
train,98.0,99.0,2,far_right,0,0,1,0.1023,0,0.8977,1.0,1.0
train,98.0,99.0,3,near_left,3,3,2,3.1874,3,1.1874,1.0,1.0
train,98.0,99.0,4,near_center,1,1,1,1.2182,1,0.2182,0.0,0.0
train,98.0,99.0,5,near_right,6,6,6,5.7472,6,0.2528,0.0,0.0
train,99.0,100.0,0,far_left,4,4,4,4.2241,4,0.2241,0.0,0.0
train,99.0,100.0,1,far_center,6,6,5,5.9356,6,0.9356,1.0,1.0
train,99.0,100.0,2,far_right,1,1,1,1.1254,1,0.1254,0.0,0.0
train,99.0,100.0,3,near_left,2,2,2,2.1988,2,0.1988,0.0,0.0
train,99.0,100.0,4,near_center,1,1,1,1.2313,1,0.2313,0.0,0.0
train,99.0,100.0,5,near_right,6,6,3,5.7934,6,2.7934,3.0,3.0
train,100.0,101.0,0,far_left,4,4,5,4.2396,4,0.7604,1.0,1.0
train,100.0,101.0,1,far_center,5,4,5,4.126,4,0.874,0.0,1.0
train,100.0,101.0,2,far_right,1,3,1,3.1166,3,2.1166,0.0,2.0
train,100.0,101.0,3,near_left,2,2,2,2.1911,2,0.1911,0.0,0.0
train,100.0,101.0,4,near_center,1,1,1,1.2329,1,0.2329,0.0,0.0
train,100.0,101.0,5,near_right,3,2,4,2.2326,2,1.7674,1.0,2.0
train,101.0,102.0,0,far_left,5,5,2,5.1832,5,3.1832,3.0,3.0
train,101.0,102.0,1,far_center,5,6,6,5.7302,6,0.2698,1.0,0.0
train,101.0,102.0,2,far_right,1,1,1,1.1381,1,0.1381,0.0,0.0
train,101.0,102.0,3,near_left,2,2,4,2.1881,2,1.8119,2.0,2.0
train,101.0,102.0,4,near_center,1,0,0,0.2311,0,0.2311,1.0,0.0
train,101.0,102.0,5,near_right,4,4,4,3.7248,4,0.2752,0.0,0.0
train,102.0,103.0,0,far_left,2,1,2,1.3102,1,0.6898,0.0,1.0
train,102.0,103.0,1,far_center,6,6,5,6.0399,6,1.0399,1.0,1.0
train,102.0,103.0,2,far_right,1,1,2,1.1457,1,0.8543,1.0,1.0
train,102.0,103.0,3,near_left,4,4,4,4.1209,4,0.1209,0.0,0.0
train,102.0,103.0,4,near_center,0,1,1,1.1719,1,0.1719,1.0,0.0
train,102.0,103.0,5,near_right,4,4,4,4.0473,4,0.0473,0.0,0.0
train,103.0,104.0,0,far_left,2,3,2,3.237,3,1.237,0.0,1.0
train,103.0,104.0,1,far_center,5,2,3,2.1525,2,0.8475,2.0,1.0
train,103.0,104.0,2,far_right,2,2,3,2.0101,2,0.9899,1.0,1.0
train,103.0,104.0,3,near_left,4,4,4,4.203,4,0.203,0.0,0.0
train,103.0,104.0,4,near_center,1,4,4,4.1456,4,0.1456,3.0,0.0
train,103.0,104.0,5,near_right,4,3,3,3.1411,3,0.1411,1.0,0.0
train,104.0,105.0,0,far_left,2,2,2,2.2441,2,0.2441,0.0,0.0
train,104.0,105.0,1,far_center,3,3,3,2.7053,3,0.2947,0.0,0.0
train,104.0,105.0,2,far_right,3,3,5,2.9429,3,2.0571,2.0,2.0
train,104.0,105.0,3,near_left,4,4,5,4.1504,4,0.8496,1.0,1.0
train,104.0,105.0,4,near_center,4,4,3,4.0847,4,1.0847,1.0,1.0
train,104.0,105.0,5,near_right,3,3,2,3.028,3,1.028,1.0,1.0
train,105.0,106.0,0,far_left,2,1,2,1.2896,1,0.7104,0.0,1.0
train,105.0,106.0,1,far_center,3,4,2,3.7849,4,1.7849,1.0,2.0
train,105.0,106.0,2,far_right,5,4,4,3.9995,4,0.0005,1.0,0.0
train,105.0,106.0,3,near_left,5,5,5,5.1503,5,0.1503,0.0,0.0
train,105.0,106.0,4,near_center,3,3,3,3.2121,3,0.2121,0.0,0.0
train,105.0,106.0,5,near_right,2,3,3,3.1901,3,0.1901,1.0,0.0
train,106.0,107.0,0,far_left,2,2,2,2.2614,2,0.2614,0.0,0.0
train,106.0,107.0,1,far_center,2,1,1,1.1752,1,0.1752,1.0,0.0
train,106.0,107.0,2,far_right,4,3,3,3.1747,3,0.1747,1.0,0.0
train,106.0,107.0,3,near_left,5,5,4,5.1135,5,1.1135,1.0,1.0
train,106.0,107.0,4,near_center,3,5,4,5.0939,5,1.0939,1.0,1.0
train,106.0,107.0,5,near_right,3,3,5,3.1571,3,1.8429,2.0,2.0
train,107.0,108.0,0,far_left,2,2,2,2.2697,2,0.2697,0.0,0.0
train,107.0,108.0,1,far_center,1,1,1,1.1021,1,0.1021,0.0,0.0
train,107.0,108.0,2,far_right,3,2,1,2.0862,2,1.0862,2.0,1.0
train,107.0,108.0,3,near_left,4,4,5,4.2146,4,0.7854,1.0,1.0
train,107.0,108.0,4,near_center,4,4,4,4.1821,4,0.1821,0.0,0.0
train,107.0,108.0,5,near_right,5,6,6,5.6124,6,0.3876,1.0,0.0
train,108.0,109.0,0,far_left,2,1,1,1.2839,1,0.2839,1.0,0.0
train,108.0,109.0,1,far_center,1,1,1,1.1232,1,0.1232,0.0,0.0
train,108.0,109.0,2,far_right,1,2,1,2.1582,2,1.1582,0.0,1.0
train,108.0,109.0,3,near_left,5,6,5,5.8021,6,0.8021,0.0,1.0
train,108.0,109.0,4,near_center,4,3,3,3.1944,3,0.1944,1.0,0.0
train,108.0,109.0,5,near_right,6,6,8,6.0842,6,1.9158,2.0,2.0
train,109.0,110.0,0,far_left,1,1,0,1.285,1,1.285,1.0,1.0
train,109.0,110.0,1,far_center,1,1,1,1.1009,1,0.1009,0.0,0.0
train,109.0,110.0,2,far_right,1,1,1,1.1349,1,0.1349,0.0,0.0
train,109.0,110.0,3,near_left,5,5,5,5.1968,5,0.1968,0.0,0.0
train,109.0,110.0,4,near_center,3,3,3,3.2009,3,0.2009,0.0,0.0
train,109.0,110.0,5,near_right,8,8,7,7.5396,8,0.5396,1.0,1.0
train,110.0,111.0,0,far_left,0,0,1,0.3011,0,0.6989,1.0,1.0
train,110.0,111.0,1,far_center,1,1,1,1.074,1,0.074,0.0,0.0
train,110.0,111.0,2,far_right,1,1,1,1.1307,1,0.1307,0.0,0.0
train,110.0,111.0,3,near_left,5,5,5,5.1657,5,0.1657,0.0,0.0
train,110.0,111.0,4,near_center,3,3,3,3.1893,3,0.1893,0.0,0.0
train,110.0,111.0,5,near_right,7,7,8,6.9392,7,1.0608,1.0,1.0
train,111.0,112.0,0,far_left,1,1,1,1.2558,1,0.2558,0.0,0.0
train,111.0,112.0,1,far_center,1,1,1,1.0834,1,0.0834,0.0,0.0
train,111.0,112.0,2,far_right,1,1,1,1.126,1,0.126,0.0,0.0
train,111.0,112.0,3,near_left,5,5,4,5.1766,5,1.1766,1.0,1.0
train,111.0,112.0,4,near_center,3,4,3,4.1524,4,1.1524,0.0,1.0
train,111.0,112.0,5,near_right,8,7,8,6.7384,7,1.2616,0.0,1.0
train,112.0,113.0,0,far_left,1,2,3,2.2804,2,0.7196,2.0,1.0
train,112.0,113.0,1,far_center,1,1,1,1.0993,1,0.0993,0.0,0.0
train,112.0,113.0,2,far_right,1,1,1,1.1241,1,0.1241,0.0,0.0
train,112.0,113.0,3,near_left,4,3,3,3.2263,3,0.2263,1.0,0.0
train,112.0,113.0,4,near_center,3,3,1,3.1974,3,2.1974,2.0,2.0
train,112.0,113.0,5,near_right,8,8,6,7.5604,8,1.5604,2.0,2.0
train,113.0,114.0,0,far_left,3,3,3,3.2056,3,0.2056,0.0,0.0
train,113.0,114.0,1,far_center,1,1,1,1.1069,1,0.1069,0.0,0.0
train,113.0,114.0,2,far_right,1,1,1,1.1419,1,0.1419,0.0,0.0
train,113.0,114.0,3,near_left,3,3,3,3.2322,3,0.2322,0.0,0.0
train,113.0,114.0,4,near_center,1,2,1,2.2204,2,1.2204,0.0,1.0
train,113.0,114.0,5,near_right,6,5,6,5.1836,5,0.8164,0.0,1.0
train,114.0,115.0,0,far_left,3,3,4,3.2613,3,0.7387,1.0,1.0
train,114.0,115.0,1,far_center,1,1,2,1.0798,1,0.9202,1.0,1.0
train,114.0,115.0,2,far_right,1,1,1,1.0945,1,0.0945,0.0,0.0
train,114.0,115.0,3,near_left,3,3,3,3.2162,3,0.2162,0.0,0.0
train,114.0,115.0,4,near_center,1,2,2,2.1725,2,0.1725,1.0,0.0
train,114.0,115.0,5,near_right,6,5,1,4.9536,5,3.9536,5.0,4.0
train,115.0,116.0,0,far_left,4,4,5,4.1428,4,0.8572,1.0,1.0
train,115.0,116.0,1,far_center,2,2,2,1.9596,2,0.0404,0.0,0.0
train,115.0,116.0,2,far_right,1,2,2,2.127,2,0.127,1.0,0.0
train,115.0,116.0,3,near_left,3,3,3,3.1653,3,0.1653,0.0,0.0
train,115.0,116.0,4,near_center,2,2,1,2.1857,2,1.1857,1.0,1.0
train,115.0,116.0,5,near_right,1,0,0,0.2456,0,0.2456,1.0,0.0
train,116.0,117.0,0,far_left,5,5,5,5.1726,5,0.1726,0.0,0.0
train,116.0,117.0,1,far_center,2,2,2,2.0576,2,0.0576,0.0,0.0
train,116.0,117.0,2,far_right,2,2,2,2.0206,2,0.0206,0.0,0.0
train,116.0,117.0,3,near_left,3,3,3,3.2018,3,0.2018,0.0,0.0
train,116.0,117.0,4,near_center,1,1,1,1.2024,1,0.2024,0.0,0.0
train,116.0,117.0,5,near_right,0,0,0,0.036,0,0.036,0.0,0.0
train,117.0,118.0,0,far_left,5,5,4,5.2341,5,1.2341,1.0,1.0
train,117.0,118.0,1,far_center,2,2,2,2.0541,2,0.0541,0.0,0.0
train,117.0,118.0,2,far_right,2,2,2,2.0967,2,0.0967,0.0,0.0
train,117.0,118.0,3,near_left,3,3,3,3.2107,3,0.2107,0.0,0.0
train,117.0,118.0,4,near_center,1,1,1,1.1886,1,0.1886,0.0,0.0
train,117.0,118.0,5,near_right,0,0,2,0.0855,0,1.9145,2.0,2.0
train,118.0,119.0,0,far_left,4,4,4,4.2734,4,0.2734,0.0,0.0
train,118.0,119.0,1,far_center,2,2,1,2.0448,2,1.0448,1.0,1.0
train,118.0,119.0,2,far_right,2,2,2,2.0751,2,0.0751,0.0,0.0
train,118.0,119.0,3,near_left,3,3,3,3.2157,3,0.2157,0.0,0.0
train,118.0,119.0,4,near_center,1,1,1,1.1891,1,0.1891,0.0,0.0
train,118.0,119.0,5,near_right,2,2,4,1.9677,2,2.0323,2.0,2.0
train,119.0,120.0,0,far_left,4,4,6,4.249,4,1.751,2.0,2.0
train,119.0,120.0,1,far_center,1,1,1,1.1054,1,0.1054,0.0,0.0
train,119.0,120.0,2,far_right,2,2,2,2.1187,2,0.1187,0.0,0.0
train,119.0,120.0,3,near_left,3,3,3,3.1997,3,0.1997,0.0,0.0
train,119.0,120.0,4,near_center,1,1,2,1.1608,1,0.8392,1.0,1.0
train,119.0,120.0,5,near_right,4,4,3,3.7151,4,0.7151,1.0,1.0
train,120.0,121.0,0,far_left,6,6,6,6.0839,6,0.0839,0.0,0.0
train,120.0,121.0,1,far_center,1,2,1,1.9874,2,0.9874,0.0,1.0
train,120.0,121.0,2,far_right,2,1,2,1.1637,1,0.8363,0.0,1.0
train,120.0,121.0,3,near_left,3,3,3,3.1757,3,0.1757,0.0,0.0
train,120.0,121.0,4,near_center,2,2,0,2.174,2,2.174,2.0,2.0
train,120.0,121.0,5,near_right,3,3,3,3.1597,3,0.1597,0.0,0.0
train,121.0,122.0,0,far_left,6,6,6,6.2077,6,0.2077,0.0,0.0
train,121.0,122.0,1,far_center,1,1,2,1.0945,1,0.9055,1.0,1.0
train,121.0,122.0,2,far_right,2,2,1,2.057,2,1.057,1.0,1.0
train,121.0,122.0,3,near_left,3,3,3,3.2192,3,0.2192,0.0,0.0
train,121.0,122.0,4,near_center,0,0,0,0.2164,0,0.2164,0.0,0.0
train,121.0,122.0,5,near_right,3,3,2,3.0706,3,1.0706,1.0,1.0
train,122.0,123.0,0,far_left,6,6,7,6.1402,6,0.8598,1.0,1.0
train,122.0,123.0,1,far_center,2,2,1,1.4994,1,0.4994,1.0,1.0
train,122.0,123.0,2,far_right,1,1,2,1.1034,1,0.8966,1.0,1.0
train,122.0,123.0,3,near_left,3,3,2,3.2025,3,1.2025,1.0,1.0
train,122.0,123.0,4,near_center,0,0,0,0.1717,0,0.1717,0.0,0.0
train,122.0,123.0,5,near_right,2,2,2,2.1896,2,0.1896,0.0,0.0
train,123.0,124.0,0,far_left,7,7,7,7.1856,7,0.1856,0.0,0.0
train,123.0,124.0,1,far_center,1,1,1,1.1326,1,0.1326,0.0,0.0
train,123.0,124.0,2,far_right,2,3,2,3.0083,3,1.0083,0.0,1.0
train,123.0,124.0,3,near_left,2,2,2,2.2273,2,0.2273,0.0,0.0
train,123.0,124.0,4,near_center,0,0,0,0.2005,0,0.2005,0.0,0.0
train,123.0,124.0,5,near_right,2,1,1,1.1627,1,0.1627,1.0,0.0
train,124.0,125.0,0,far_left,7,7,6,7.1736,7,1.1736,1.0,1.0
train,124.0,125.0,1,far_center,1,0,1,0.1184,0,0.8816,0.0,1.0
train,124.0,125.0,2,far_right,2,2,3,2.1301,2,0.8699,1.0,1.0
train,124.0,125.0,3,near_left,2,2,2,2.2111,2,0.2111,0.0,0.0
train,124.0,125.0,4,near_center,0,1,1,1.1843,1,0.1843,1.0,0.0
train,124.0,125.0,5,near_right,1,1,1,1.2128,1,0.2128,0.0,0.0
train,125.0,126.0,0,far_left,6,6,7,6.2304,6,0.7696,1.0,1.0
train,125.0,126.0,1,far_center,1,1,2,0.975,1,1.025,1.0,1.0
train,125.0,126.0,2,far_right,3,3,2,2.9419,3,0.9419,1.0,1.0
train,125.0,126.0,3,near_left,2,2,2,2.214,2,0.214,0.0,0.0
train,125.0,126.0,4,near_center,1,1,1,1.2143,1,0.2143,0.0,0.0
train,125.0,126.0,5,near_right,1,1,1,1.1473,1,0.1473,0.0,0.0
train,126.0,127.0,0,far_left,7,6,8,6.1567,6,1.8433,1.0,2.0
train,126.0,127.0,1,far_center,2,2,1,2.022,2,1.022,1.0,1.0
train,126.0,127.0,2,far_right,2,3,4,3.0923,3,0.9077,2.0,1.0
train,126.0,127.0,3,near_left,2,3,2,3.1952,3,1.1952,0.0,1.0
train,126.0,127.0,4,near_center,1,1,2,1.2103,1,0.7897,1.0,1.0
train,126.0,127.0,5,near_right,1,0,1,0.2045,0,0.7955,0.0,1.0
train,127.0,128.0,0,far_left,8,7,8,7.1542,7,0.8458,0.0,1.0
train,127.0,128.0,1,far_center,1,1,1,1.0304,1,0.0304,0.0,0.0
train,127.0,128.0,2,far_right,4,4,4,3.9532,4,0.0468,0.0,0.0
train,127.0,128.0,3,near_left,2,3,4,3.1804,3,0.8196,2.0,1.0
train,127.0,128.0,4,near_center,2,2,1,2.1748,2,1.1748,1.0,1.0
train,127.0,128.0,5,near_right,1,1,1,0.934,1,0.066,0.0,0.0
train,128.0,129.0,0,far_left,8,8,9,7.959,8,1.041,1.0,1.0
train,128.0,129.0,1,far_center,1,1,1,1.0866,1,0.0866,0.0,0.0
train,128.0,129.0,2,far_right,4,4,4,4.1087,4,0.1087,0.0,0.0
train,128.0,129.0,3,near_left,4,4,4,4.0969,4,0.0969,0.0,0.0
train,128.0,129.0,4,near_center,1,1,2,1.2236,1,0.7764,1.0,1.0
train,128.0,129.0,5,near_right,1,1,1,1.2153,1,0.2153,0.0,0.0
train,129.0,130.0,0,far_left,9,9,9,9.0046,9,0.0046,0.0,0.0
train,129.0,130.0,1,far_center,1,1,1,1.062,1,0.062,0.0,0.0
train,129.0,130.0,2,far_right,4,3,2,3.0968,3,1.0968,2.0,1.0
train,129.0,130.0,3,near_left,4,4,4,4.1864,4,0.1864,0.0,0.0
train,129.0,130.0,4,near_center,2,2,1,2.1697,2,1.1697,1.0,1.0
train,129.0,130.0,5,near_right,1,2,4,2.1452,2,1.8548,3.0,2.0
train,130.0,131.0,0,far_left,9,8,10,8.2159,8,1.7841,1.0,2.0
train,130.0,131.0,1,far_center,1,1,1,1.0978,1,0.0978,0.0,0.0
train,130.0,131.0,2,far_right,2,2,2,2.1247,2,0.1247,0.0,0.0
train,130.0,131.0,3,near_left,4,5,5,5.191,5,0.191,1.0,0.0
train,130.0,131.0,4,near_center,1,1,3,1.2111,1,1.7889,2.0,2.0
train,130.0,131.0,5,near_right,4,4,4,3.9074,4,0.0926,0.0,0.0
train,131.0,132.0,0,far_left,10,9,7,8.937,9,1.937,3.0,2.0
train,131.0,132.0,1,far_center,1,2,2,2.0042,2,0.0042,1.0,0.0
train,131.0,132.0,2,far_right,2,2,2,2.1452,2,0.1452,0.0,0.0
train,131.0,132.0,3,near_left,5,6,6,6.0221,6,0.0221,1.0,0.0
train,131.0,132.0,4,near_center,3,3,3,3.1408,3,0.1408,0.0,0.0
train,131.0,132.0,5,near_right,4,3,4,3.1709,3,0.8291,0.0,1.0
train,132.0,133.0,0,far_left,7,5,6,5.2702,5,0.7298,1.0,1.0
train,132.0,133.0,1,far_center,2,2,2,2.0666,2,0.0666,0.0,0.0
train,132.0,133.0,2,far_right,2,2,2,2.0684,2,0.0684,0.0,0.0
train,132.0,133.0,3,near_left,6,8,9,8.1091,8,0.8909,3.0,1.0
train,132.0,133.0,4,near_center,3,3,3,3.1895,3,0.1895,0.0,0.0
train,132.0,133.0,5,near_right,4,4,4,3.936,4,0.064,0.0,0.0
train,133.0,134.0,0,far_left,6,6,6,6.1383,6,0.1383,0.0,0.0
train,133.0,134.0,1,far_center,2,2,1,2.0421,2,1.0421,1.0,1.0
train,133.0,134.0,2,far_right,2,2,3,2.0903,2,0.9097,1.0,1.0
train,133.0,134.0,3,near_left,9,9,9,8.8028,9,0.1972,0.0,0.0
train,133.0,134.0,4,near_center,3,3,4,3.178,3,0.822,1.0,1.0
train,133.0,134.0,5,near_right,4,4,5,4.0561,4,0.9439,1.0,1.0
train,134.0,135.0,0,far_left,6,6,6,6.1508,6,0.1508,0.0,0.0
train,134.0,135.0,1,far_center,1,1,2,1.0544,1,0.9456,1.0,1.0
train,134.0,135.0,2,far_right,3,3,1,3.0186,3,2.0186,2.0,2.0
train,134.0,135.0,3,near_left,9,9,8,8.9619,9,0.9619,1.0,1.0
train,134.0,135.0,4,near_center,4,4,4,4.1332,4,0.1332,0.0,0.0
train,134.0,135.0,5,near_right,5,5,4,4.7213,5,0.7213,1.0,1.0
train,135.0,136.0,0,far_left,6,6,5,6.2428,6,1.2428,1.0,1.0
train,135.0,136.0,1,far_center,2,2,3,2.0301,2,0.9699,1.0,1.0
train,135.0,136.0,2,far_right,1,1,2,1.2122,1,0.7878,1.0,1.0
train,135.0,136.0,3,near_left,8,8,8,8.1576,8,0.1576,0.0,0.0
train,135.0,136.0,4,near_center,4,3,2,3.2132,3,1.2132,2.0,1.0
train,135.0,136.0,5,near_right,4,5,4,5.1389,5,1.1389,0.0,1.0
train,136.0,137.0,0,far_left,5,2,3,2.3011,2,0.6989,2.0,1.0
train,136.0,137.0,1,far_center,3,3,4,2.9296,3,1.0704,1.0,1.0
train,136.0,137.0,2,far_right,2,2,1,2.0036,2,1.0036,1.0,1.0
train,136.0,137.0,3,near_left,8,11,9,10.7141,11,1.7141,1.0,2.0
train,136.0,137.0,4,near_center,2,2,2,2.2335,2,0.2335,0.0,0.0
train,136.0,137.0,5,near_right,4,4,4,4.084,4,0.084,0.0,0.0
train,137.0,138.0,0,far_left,3,3,3,3.2488,3,0.2488,0.0,0.0
train,137.0,138.0,1,far_center,4,5,4,4.732,5,0.732,0.0,1.0
train,137.0,138.0,2,far_right,1,1,2,1.1786,1,0.8214,1.0,1.0
train,137.0,138.0,3,near_left,9,9,10,9.1058,9,0.8942,1.0,1.0
train,137.0,138.0,4,near_center,2,2,2,2.202,2,0.202,0.0,0.0
train,137.0,138.0,5,near_right,4,3,4,3.1594,3,0.8406,0.0,1.0
train,138.0,139.0,0,far_left,3,3,2,3.2719,3,1.2719,1.0,1.0
train,138.0,139.0,1,far_center,4,4,2,4.0036,4,2.0036,2.0,2.0
train,138.0,139.0,2,far_right,2,2,2,2.0506,2,0.0506,0.0,0.0
train,138.0,139.0,3,near_left,10,10,10,9.7176,10,0.2824,0.0,0.0
train,138.0,139.0,4,near_center,2,2,2,2.2054,2,0.2054,0.0,0.0
train,138.0,139.0,5,near_right,4,4,3,3.8162,4,0.8162,1.0,1.0
train,139.0,140.0,0,far_left,2,3,3,3.2986,3,0.2986,1.0,0.0
train,139.0,140.0,1,far_center,2,2,2,2.1349,2,0.1349,0.0,0.0
train,139.0,140.0,2,far_right,2,2,1,1.9072,2,0.9072,1.0,1.0
train,139.0,140.0,3,near_left,10,9,9,9.1583,9,0.1583,1.0,0.0
train,139.0,140.0,4,near_center,2,3,2,3.1947,3,1.1947,0.0,1.0
train,139.0,140.0,5,near_right,3,2,3,1.9406,2,1.0594,0.0,1.0
train,140.0,141.0,0,far_left,3,4,2,4.146,4,2.146,1.0,2.0
train,140.0,141.0,1,far_center,2,3,1,3.0081,3,2.0081,1.0,2.0
train,140.0,141.0,2,far_right,1,0,2,0.2715,0,1.7285,1.0,2.0
train,140.0,141.0,3,near_left,9,8,10,8.1154,8,1.8846,1.0,2.0
train,140.0,141.0,4,near_center,2,3,3,3.2045,3,0.2045,1.0,0.0
train,140.0,141.0,5,near_right,3,2,3,2.1939,2,0.8061,0.0,1.0
train,141.0,142.0,0,far_left,2,4,3,4.3049,4,1.3049,1.0,1.0
train,141.0,142.0,1,far_center,1,3,2,3.048,3,1.048,1.0,1.0
train,141.0,142.0,2,far_right,2,2,4,2.0778,2,1.9222,2.0,2.0
train,141.0,142.0,3,near_left,10,9,8,9.0283,9,1.0283,2.0,1.0
train,141.0,142.0,4,near_center,3,1,1,1.2195,1,0.2195,2.0,0.0
train,141.0,142.0,5,near_right,3,2,3,2.1706,2,0.8294,0.0,1.0
train,142.0,143.0,0,far_left,3,4,3,4.2483,4,1.2483,0.0,1.0
train,142.0,143.0,1,far_center,2,2,2,2.0445,2,0.0445,0.0,0.0
train,142.0,143.0,2,far_right,4,4,4,3.9043,4,0.0957,0.0,0.0
train,142.0,143.0,3,near_left,8,7,8,7.1895,7,0.8105,0.0,1.0
train,142.0,143.0,4,near_center,1,1,1,1.2276,1,0.2276,0.0,0.0
train,142.0,143.0,5,near_right,3,3,2,2.9675,3,0.9675,1.0,1.0
train,143.0,144.0,0,far_left,3,4,6,4.2727,4,1.7273,3.0,2.0
train,143.0,144.0,1,far_center,2,2,1,2.1024,2,1.1024,1.0,1.0
train,143.0,144.0,2,far_right,4,3,4,3.1763,3,0.8237,0.0,1.0
train,143.0,144.0,3,near_left,8,8,7,8.1135,8,1.1135,1.0,1.0
train,143.0,144.0,4,near_center,1,1,1,1.2263,1,0.2263,0.0,0.0
train,143.0,144.0,5,near_right,2,2,2,2.2067,2,0.2067,0.0,0.0
train,144.0,145.0,0,far_left,6,6,6,6.0106,6,0.0106,0.0,0.0
train,144.0,145.0,1,far_center,1,1,1,1.0672,1,0.0672,0.0,0.0
train,144.0,145.0,2,far_right,4,4,5,4.0019,4,0.9981,1.0,1.0
train,144.0,145.0,3,near_left,7,7,7,7.0758,7,0.0758,0.0,0.0
train,144.0,145.0,4,near_center,1,1,1,1.2004,1,0.2004,0.0,0.0
train,144.0,145.0,5,near_right,2,2,2,2.1415,2,0.1415,0.0,0.0
train,145.0,146.0,0,far_left,6,7,8,7.2222,7,0.7778,2.0,1.0
train,145.0,146.0,1,far_center,1,2,1,2.0428,2,1.0428,0.0,1.0
train,145.0,146.0,2,far_right,5,4,4,4.0205,4,0.0205,1.0,0.0
train,145.0,146.0,3,near_left,7,6,5,6.1962,6,1.1962,2.0,1.0
train,145.0,146.0,4,near_center,1,1,1,1.2047,1,0.2047,0.0,0.0
train,145.0,146.0,5,near_right,2,2,6,2.1312,2,3.8688,4.0,4.0
train,146.0,147.0,0,far_left,8,8,8,8.0894,8,0.0894,0.0,0.0
train,146.0,147.0,1,far_center,1,2,1,2.0378,2,1.0378,0.0,1.0
train,146.0,147.0,2,far_right,4,1,2,1.2461,1,0.7539,2.0,1.0
train,146.0,147.0,3,near_left,5,5,4,5.1855,5,1.1855,1.0,1.0
train,146.0,147.0,4,near_center,1,1,1,1.2174,1,0.2174,0.0,0.0
train,146.0,147.0,5,near_right,6,8,7,7.3074,7,0.3074,1.0,1.0
train,147.0,148.0,0,far_left,8,9,6,9.1292,9,3.1292,2.0,3.0
train,147.0,148.0,1,far_center,1,1,1,1.0935,1,0.0935,0.0,0.0
train,147.0,148.0,2,far_right,2,2,2,2.1033,2,0.1033,0.0,0.0
train,147.0,148.0,3,near_left,4,3,3,3.2233,3,0.2233,1.0,0.0
train,147.0,148.0,4,near_center,1,1,1,1.2077,1,0.2077,0.0,0.0
train,147.0,148.0,5,near_right,7,7,7,6.8833,7,0.1167,0.0,0.0
train,148.0,149.0,0,far_left,6,7,9,7.2698,7,1.7302,3.0,2.0
train,148.0,149.0,1,far_center,1,1,1,1.1214,1,0.1214,0.0,0.0
train,148.0,149.0,2,far_right,2,2,3,2.1294,2,0.8706,1.0,1.0
train,148.0,149.0,3,near_left,3,3,3,3.2398,3,0.2398,0.0,0.0
train,148.0,149.0,4,near_center,1,1,1,1.203,1,0.203,0.0,0.0
train,148.0,149.0,5,near_right,7,6,6,5.9079,6,0.0921,1.0,0.0
train,149.0,150.0,0,far_left,9,8,7,7.8039,8,0.8039,2.0,1.0
train,149.0,150.0,1,far_center,1,2,1,1.9508,2,0.9508,0.0,1.0
train,149.0,150.0,2,far_right,3,2,3,2.0669,2,0.9331,0.0,1.0
train,149.0,150.0,3,near_left,3,4,3,4.1063,4,1.1063,0.0,1.0
train,149.0,150.0,4,near_center,1,1,1,1.2016,1,0.2016,0.0,0.0
train,149.0,150.0,5,near_right,6,6,6,5.4738,5,0.5262,0.0,0.0
train,150.0,151.0,0,far_left,7,7,8,7.2639,7,0.7361,1.0,1.0
train,150.0,151.0,1,far_center,1,2,0,2.0722,2,2.0722,1.0,2.0
train,150.0,151.0,2,far_right,3,2,3,2.1373,2,0.8627,0.0,1.0
train,150.0,151.0,3,near_left,3,3,3,3.1979,3,0.1979,0.0,0.0
train,150.0,151.0,4,near_center,1,1,0,1.199,1,1.199,1.0,1.0
train,150.0,151.0,5,near_right,6,6,7,5.9131,6,1.0869,1.0,1.0
train,151.0,152.0,0,far_left,8,8,9,8.036,8,0.964,1.0,1.0
train,151.0,152.0,1,far_center,0,0,0,0.0942,0,0.0942,0.0,0.0
train,151.0,152.0,2,far_right,3,4,3,3.9896,4,0.9896,0.0,1.0
train,151.0,152.0,3,near_left,3,3,3,3.1918,3,0.1918,0.0,0.0
train,151.0,152.0,4,near_center,0,0,0,0.2061,0,0.2061,0.0,0.0
train,151.0,152.0,5,near_right,7,6,7,5.808,6,1.192,0.0,1.0
train,152.0,153.0,0,far_left,9,9,9,8.9683,9,0.0317,0.0,0.0
train,152.0,153.0,1,far_center,0,0,0,0.0178,0,0.0178,0.0,0.0
train,152.0,153.0,2,far_right,3,3,5,3.1018,3,1.8982,2.0,2.0
train,152.0,153.0,3,near_left,3,3,3,3.1601,3,0.1601,0.0,0.0
train,152.0,153.0,4,near_center,0,0,0,0.2043,0,0.2043,0.0,0.0
train,152.0,153.0,5,near_right,7,7,6,6.597,7,0.597,1.0,1.0
train,153.0,154.0,0,far_left,9,8,9,8.2097,8,0.7903,0.0,1.0
train,153.0,154.0,1,far_center,0,0,0,0.0062,0,0.0062,0.0,0.0
train,153.0,154.0,2,far_right,5,5,5,4.8134,5,0.1866,0.0,0.0
train,153.0,154.0,3,near_left,3,4,3,4.1213,4,1.1213,0.0,1.0
train,153.0,154.0,4,near_center,0,0,0,0.2162,0,0.2162,0.0,0.0
train,153.0,154.0,5,near_right,6,6,5,5.9462,6,0.9462,1.0,1.0
train,154.0,155.0,0,far_left,9,8,8,8.1536,8,0.1536,1.0,0.0
train,154.0,155.0,1,far_center,0,0,1,0.0309,0,0.9691,1.0,1.0
train,154.0,155.0,2,far_right,5,5,3,5.0679,5,2.0679,2.0,2.0
train,154.0,155.0,3,near_left,3,4,4,4.1735,4,0.1735,1.0,0.0
train,154.0,155.0,4,near_center,0,0,1,0.213,0,0.787,1.0,1.0
train,154.0,155.0,5,near_right,5,5,2,5.0596,5,3.0596,3.0,3.0
train,155.0,156.0,0,far_left,8,8,7,8.0501,8,1.0501,1.0,1.0
train,155.0,156.0,1,far_center,1,1,1,1.0049,1,0.0049,0.0,0.0
train,155.0,156.0,2,far_right,3,1,1,1.2735,1,0.2735,2.0,0.0
train,155.0,156.0,3,near_left,4,4,4,4.1825,4,0.1825,0.0,0.0
train,155.0,156.0,4,near_center,1,1,1,1.2254,1,0.2254,0.0,0.0
train,155.0,156.0,5,near_right,2,4,4,4.2184,4,0.2184,2.0,0.0
train,156.0,157.0,0,far_left,7,7,6,7.239,7,1.239,1.0,1.0
train,156.0,157.0,1,far_center,1,1,1,1.1165,1,0.1165,0.0,0.0
train,156.0,157.0,2,far_right,1,2,2,2.0742,2,0.0742,1.0,0.0
train,156.0,157.0,3,near_left,4,4,3,4.2105,4,1.2105,1.0,1.0
train,156.0,157.0,4,near_center,1,1,1,1.2214,1,0.2214,0.0,0.0
train,156.0,157.0,5,near_right,4,3,4,3.1011,3,0.8989,0.0,1.0
train,157.0,158.0,0,far_left,6,6,5,6.2129,6,1.2129,1.0,1.0
train,157.0,158.0,1,far_center,1,1,2,1.0874,1,0.9126,1.0,1.0
train,157.0,158.0,2,far_right,2,4,1,3.9232,4,2.9232,1.0,3.0
train,157.0,158.0,3,near_left,3,3,4,3.2362,3,0.7638,1.0,1.0
train,157.0,158.0,4,near_center,1,1,1,1.2207,1,0.2207,0.0,0.0
train,157.0,158.0,5,near_right,4,2,4,2.1289,2,1.8711,0.0,2.0
train,158.0,159.0,0,far_left,5,5,5,5.1528,5,0.1528,0.0,0.0
train,158.0,159.0,1,far_center,2,2,1,1.8893,2,0.8893,1.0,1.0
train,158.0,159.0,2,far_right,1,1,1,1.1764,1,0.1764,0.0,0.0
train,158.0,159.0,3,near_left,4,4,5,4.1593,4,0.8407,1.0,1.0
train,158.0,159.0,4,near_center,1,1,2,1.2228,1,0.7772,1.0,1.0
train,158.0,159.0,5,near_right,4,4,4,3.9788,4,0.0212,0.0,0.0
train,159.0,160.0,0,far_left,5,5,5,5.2636,5,0.2636,0.0,0.0
train,159.0,160.0,1,far_center,1,1,1,1.1256,1,0.1256,0.0,0.0
train,159.0,160.0,2,far_right,1,1,1,1.1174,1,0.1174,0.0,0.0
train,159.0,160.0,3,near_left,5,5,5,5.1097,5,0.1097,0.0,0.0
train,159.0,160.0,4,near_center,2,2,2,2.1899,2,0.1899,0.0,0.0
train,159.0,160.0,5,near_right,4,4,4,4.0615,4,0.0615,0.0,0.0
train,160.0,161.0,0,far_left,5,5,5,5.2127,5,0.2127,0.0,0.0
train,160.0,161.0,1,far_center,1,1,1,1.0727,1,0.0727,0.0,0.0
train,160.0,161.0,2,far_right,1,1,1,1.1178,1,0.1178,0.0,0.0
train,160.0,161.0,3,near_left,5,5,3,5.178,5,2.178,2.0,2.0
train,160.0,161.0,4,near_center,2,2,2,2.2071,2,0.2071,0.0,0.0
train,160.0,161.0,5,near_right,4,4,5,4.051,4,0.949,1.0,1.0
train,161.0,162.0,0,far_left,5,6,6,6.1994,6,0.1994,1.0,0.0
train,161.0,162.0,1,far_center,1,0,0,0.1302,0,0.1302,1.0,0.0
train,161.0,162.0,2,far_right,1,1,1,1.128,1,0.128,0.0,0.0
train,161.0,162.0,3,near_left,3,3,4,3.225,3,0.775,1.0,1.0
train,161.0,162.0,4,near_center,2,1,2,1.2244,1,0.7756,0.0,1.0
train,161.0,162.0,5,near_right,5,6,4,5.5818,6,1.5818,1.0,2.0
train,162.0,163.0,0,far_left,6,6,6,6.129,6,0.129,0.0,0.0
train,162.0,163.0,1,far_center,0,0,0,0.0558,0,0.0558,0.0,0.0
train,162.0,163.0,2,far_right,1,1,1,1.131,1,0.131,0.0,0.0
train,162.0,163.0,3,near_left,4,4,4,4.1514,4,0.1514,0.0,0.0
train,162.0,163.0,4,near_center,2,1,3,1.2188,1,1.7812,1.0,2.0
train,162.0,163.0,5,near_right,4,5,5,5.1323,5,0.1323,1.0,0.0
train,163.0,164.0,0,far_left,6,6,6,6.2095,6,0.2095,0.0,0.0
train,163.0,164.0,1,far_center,0,0,0,0.0524,0,0.0524,0.0,0.0
train,163.0,164.0,2,far_right,1,1,2,1.0861,1,0.9139,1.0,1.0
train,163.0,164.0,3,near_left,4,4,4,4.1869,4,0.1869,0.0,0.0
train,163.0,164.0,4,near_center,3,3,3,3.1286,3,0.1286,0.0,0.0
train,163.0,164.0,5,near_right,5,5,7,4.7228,5,2.2772,2.0,2.0
train,164.0,165.0,0,far_left,6,6,6,6.207,6,0.207,0.0,0.0
train,164.0,165.0,1,far_center,0,0,0,0.0705,0,0.0705,0.0,0.0
train,164.0,165.0,2,far_right,2,2,3,2.0058,2,0.9942,1.0,1.0
train,164.0,165.0,3,near_left,4,4,4,4.2031,4,0.2031,0.0,0.0
train,164.0,165.0,4,near_center,3,4,4,4.1609,4,0.1609,1.0,0.0
train,164.0,165.0,5,near_right,7,6,6,5.7977,6,0.2023,1.0,0.0
train,165.0,166.0,0,far_left,6,4,5,4.2787,4,0.7213,1.0,1.0
train,165.0,166.0,1,far_center,0,0,0,0.0372,0,0.0372,0.0,0.0
train,165.0,166.0,2,far_right,3,3,3,3.0137,3,0.0137,0.0,0.0
train,165.0,166.0,3,near_left,4,6,6,6.0739,6,0.0739,2.0,0.0
train,165.0,166.0,4,near_center,4,4,4,4.1696,4,0.1696,0.0,0.0
train,165.0,166.0,5,near_right,6,6,6,5.9063,6,0.0937,0.0,0.0
train,166.0,167.0,0,far_left,5,5,3,5.1028,5,2.1028,2.0,2.0
train,166.0,167.0,1,far_center,0,0,0,0.0707,0,0.0707,0.0,0.0
train,166.0,167.0,2,far_right,3,3,4,3.0713,3,0.9287,1.0,1.0
train,166.0,167.0,3,near_left,6,6,5,5.9932,6,0.9932,1.0,1.0
train,166.0,167.0,4,near_center,4,5,5,5.1082,5,0.1082,1.0,0.0
train,166.0,167.0,5,near_right,6,5,5,5.1001,5,0.1001,1.0,0.0
train,167.0,168.0,0,far_left,3,3,4,3.3169,3,0.6831,1.0,1.0
train,167.0,168.0,1,far_center,0,1,2,1.0246,1,0.9754,2.0,1.0
train,167.0,168.0,2,far_right,4,4,3,3.9463,4,0.9463,1.0,1.0
train,167.0,168.0,3,near_left,5,5,6,5.2275,5,0.7725,1.0,1.0
train,167.0,168.0,4,near_center,5,4,4,4.1798,4,0.1798,1.0,0.0
train,167.0,168.0,5,near_right,5,5,3,4.2742,4,1.2742,2.0,2.0
train,168.0,169.0,0,far_left,4,4,4,4.1645,4,0.1645,0.0,0.0
train,168.0,169.0,1,far_center,2,2,2,1.9868,2,0.0132,0.0,0.0
train,168.0,169.0,2,far_right,3,3,3,3.1948,3,0.1948,0.0,0.0
train,168.0,169.0,3,near_left,6,6,6,5.921,6,0.079,0.0,0.0
train,168.0,169.0,4,near_center,4,4,4,4.1564,4,0.1564,0.0,0.0
train,168.0,169.0,5,near_right,3,3,3,3.219,3,0.219,0.0,0.0
train,169.0,170.0,0,far_left,4,3,3,3.2865,3,0.2865,1.0,0.0
train,169.0,170.0,1,far_center,2,2,2,2.0597,2,0.0597,0.0,0.0
train,169.0,170.0,2,far_right,3,3,3,3.0261,3,0.0261,0.0,0.0
train,169.0,170.0,3,near_left,6,6,8,6.1899,6,1.8101,2.0,2.0
train,169.0,170.0,4,near_center,4,5,4,5.1407,5,1.1407,0.0,1.0
train,169.0,170.0,5,near_right,3,3,2,3.093,3,1.093,1.0,1.0
train,170.0,171.0,0,far_left,3,2,4,2.2902,2,1.7098,1.0,2.0
train,170.0,171.0,1,far_center,2,2,2,2.0229,2,0.0229,0.0,0.0
train,170.0,171.0,2,far_right,3,2,1,2.071,2,1.071,2.0,1.0
train,170.0,171.0,3,near_left,8,9,7,8.5427,9,1.5427,1.0,2.0
train,170.0,171.0,4,near_center,4,3,4,3.2149,3,0.7851,0.0,1.0
train,170.0,171.0,5,near_right,2,4,4,4.1086,4,0.1086,2.0,0.0
train,171.0,172.0,0,far_left,4,3,3,3.2743,3,0.2743,1.0,0.0
train,171.0,172.0,1,far_center,2,2,2,2.0655,2,0.0655,0.0,0.0
train,171.0,172.0,2,far_right,1,1,1,1.2018,1,0.2018,0.0,0.0
train,171.0,172.0,3,near_left,7,9,9,9.1,9,0.1,2.0,0.0
train,171.0,172.0,4,near_center,4,3,3,3.1998,3,0.1998,1.0,0.0
train,171.0,172.0,5,near_right,4,4,4,3.9041,4,0.0959,0.0,0.0
train,172.0,173.0,0,far_left,3,3,5,3.2672,3,1.7328,2.0,2.0
train,172.0,173.0,1,far_center,2,2,2,2.0615,2,0.0615,0.0,0.0
train,172.0,173.0,2,far_right,1,1,1,1.1141,1,0.1141,0.0,0.0
train,172.0,173.0,3,near_left,9,9,7,8.9101,9,1.9101,2.0,2.0
train,172.0,173.0,4,near_center,3,3,3,3.1883,3,0.1883,0.0,0.0
train,172.0,173.0,5,near_right,4,4,3,4.0541,4,1.0541,1.0,1.0
train,173.0,174.0,0,far_left,5,5,4,5.1278,5,1.1278,1.0,1.0
train,173.0,174.0,1,far_center,2,3,3,2.7943,3,0.2057,1.0,0.0
train,173.0,174.0,2,far_right,1,1,1,1.1415,1,0.1415,0.0,0.0
train,173.0,174.0,3,near_left,7,7,8,7.1604,7,0.8396,1.0,1.0
train,173.0,174.0,4,near_center,3,2,1,2.2082,2,1.2082,2.0,1.0
train,173.0,174.0,5,near_right,3,3,2,3.1216,3,1.1216,1.0,1.0
train,174.0,175.0,0,far_left,4,4,5,4.2565,4,0.7435,1.0,1.0
train,174.0,175.0,1,far_center,3,3,3,3.0657,3,0.0657,0.0,0.0
train,174.0,175.0,2,far_right,1,1,1,1.106,1,0.106,0.0,0.0
train,174.0,175.0,3,near_left,8,8,5,8.0319,8,3.0319,3.0,3.0
train,174.0,175.0,4,near_center,1,1,1,1.2418,1,0.2418,0.0,0.0
train,174.0,175.0,5,near_right,2,2,2,2.1895,2,0.1895,0.0,0.0
train,175.0,176.0,0,far_left,5,6,5,6.1961,6,1.1961,0.0,1.0
train,175.0,176.0,1,far_center,3,2,3,2.0898,2,0.9102,0.0,1.0
train,175.0,176.0,2,far_right,1,2,1,2.0893,2,1.0893,0.0,1.0
train,175.0,176.0,3,near_left,5,5,8,5.2314,5,2.7686,3.0,3.0
train,175.0,176.0,4,near_center,1,1,1,1.22,1,0.22,0.0,0.0
train,175.0,176.0,5,near_right,2,1,4,1.1788,1,2.8212,2.0,3.0
train,176.0,177.0,0,far_left,5,6,5,6.2056,6,1.2056,0.0,1.0
train,176.0,177.0,1,far_center,3,2,4,2.0952,2,1.9048,1.0,2.0
train,176.0,177.0,2,far_right,1,2,2,2.0901,2,0.0901,1.0,0.0
train,176.0,177.0,3,near_left,8,8,6,7.7374,8,1.7374,2.0,2.0
train,176.0,177.0,4,near_center,1,0,3,0.2181,0,2.7819,2.0,3.0
train,176.0,177.0,5,near_right,4,4,3,3.7012,4,0.7012,1.0,1.0
train,177.0,178.0,0,far_left,5,6,6,6.2383,6,0.2383,1.0,0.0
train,177.0,178.0,1,far_center,4,4,4,3.8092,4,0.1908,0.0,0.0
train,177.0,178.0,2,far_right,2,2,2,2.048,2,0.048,0.0,0.0
train,177.0,178.0,3,near_left,6,5,6,5.2226,5,0.7774,0.0,1.0
train,177.0,178.0,4,near_center,3,3,1,3.1252,3,2.1252,2.0,2.0
train,177.0,178.0,5,near_right,3,3,4,3.1149,3,0.8851,1.0,1.0
train,178.0,179.0,0,far_left,6,6,8,6.1981,6,1.8019,2.0,2.0
train,178.0,179.0,1,far_center,4,4,4,4.0225,4,0.0225,0.0,0.0
train,178.0,179.0,2,far_right,2,2,2,2.0914,2,0.0914,0.0,0.0
train,178.0,179.0,3,near_left,6,6,5,6.1437,6,1.1437,1.0,1.0
train,178.0,179.0,4,near_center,1,1,1,1.2286,1,0.2286,0.0,0.0
train,178.0,179.0,5,near_right,4,4,4,4.0197,4,0.0197,0.0,0.0
validation,179.0,180.0,0,far_left,8,9,9,8.9671,9,0.0329,1.0,0.0
validation,179.0,180.0,1,far_center,4,3,3,3.0448,3,0.0448,1.0,0.0
validation,179.0,180.0,2,far_right,2,2,1,2.0607,2,1.0607,1.0,1.0
validation,179.0,180.0,3,near_left,5,4,4,4.2181,4,0.2181,1.0,0.0
validation,179.0,180.0,4,near_center,1,2,2,2.1858,2,0.1858,1.0,0.0
validation,179.0,180.0,5,near_right,4,4,2,4.005,4,2.005,2.0,2.0
validation,180.0,181.0,0,far_left,9,10,10,10.0482,10,0.0482,1.0,0.0
validation,180.0,181.0,1,far_center,3,3,3,3.0148,3,0.0148,0.0,0.0
validation,180.0,181.0,2,far_right,1,1,2,1.1748,1,0.8252,1.0,1.0
validation,180.0,181.0,3,near_left,4,3,3,3.2129,3,0.2129,1.0,0.0
validation,180.0,181.0,4,near_center,2,2,2,2.1898,2,0.1898,0.0,0.0
validation,180.0,181.0,5,near_right,2,2,2,2.2267,2,0.2267,0.0,0.0
validation,181.0,182.0,0,far_left,10,9,9,9.1912,9,0.1912,1.0,0.0
validation,181.0,182.0,1,far_center,3,4,1,3.997,4,2.997,2.0,3.0
validation,181.0,182.0,2,far_right,2,2,1,2.0523,2,1.0523,1.0,1.0
validation,181.0,182.0,3,near_left,3,2,3,2.2322,2,0.7678,0.0,1.0
validation,181.0,182.0,4,near_center,2,2,3,2.2067,2,0.7933,1.0,1.0
validation,181.0,182.0,5,near_right,2,3,4,3.1151,3,0.8849,2.0,1.0
validation,182.0,183.0,0,far_left,9,7,10,7.2584,7,2.7416,1.0,3.0
validation,182.0,183.0,1,far_center,1,3,2,3.1019,3,1.1019,1.0,1.0
validation,182.0,183.0,2,far_right,1,1,1,1.1868,1,0.1868,0.0,0.0
validation,182.0,183.0,3,near_left,3,3,3,3.1912,3,0.1912,0.0,0.0
validation,182.0,183.0,4,near_center,3,3,3,3.1579,3,0.1579,0.0,0.0
validation,182.0,183.0,5,near_right,4,4,5,3.8125,4,1.1875,1.0,1.0
validation,183.0,184.0,0,far_left,10,9,7,8.6721,9,1.6721,3.0,2.0
validation,183.0,184.0,1,far_center,2,3,3,2.941,3,0.059,1.0,0.0
validation,183.0,184.0,2,far_right,1,3,2,2.9759,3,0.9759,1.0,1.0
validation,183.0,184.0,3,near_left,3,3,3,3.1885,3,0.1885,0.0,0.0
validation,183.0,184.0,4,near_center,3,3,2,3.1692,3,1.1692,1.0,1.0
validation,183.0,184.0,5,near_right,5,3,3,3.1762,3,0.1762,2.0,0.0
validation,184.0,185.0,0,far_left,7,6,8,6.2738,6,1.7262,1.0,2.0
validation,184.0,185.0,1,far_center,3,4,3,4.0161,4,1.0161,0.0,1.0
validation,184.0,185.0,2,far_right,2,2,3,2.1835,2,0.8165,1.0,1.0
validation,184.0,185.0,3,near_left,3,3,5,3.2303,3,1.7697,2.0,2.0
validation,184.0,185.0,4,near_center,2,2,1,2.2168,2,1.2168,1.0,1.0
validation,184.0,185.0,5,near_right,3,3,3,3.1025,3,0.1025,0.0,0.0
validation,185.0,186.0,0,far_left,8,7,7,7.1001,7,0.1001,1.0,0.0
validation,185.0,186.0,1,far_center,3,4,4,3.9632,4,0.0368,1.0,0.0
validation,185.0,186.0,2,far_right,3,3,2,2.9861,3,0.9861,1.0,1.0
validation,185.0,186.0,3,near_left,5,5,5,5.051,5,0.051,0.0,0.0
validation,185.0,186.0,4,near_center,1,1,1,1.2197,1,0.2197,0.0,0.0
validation,185.0,186.0,5,near_right,3,3,3,3.0515,3,0.0515,0.0,0.0
validation,186.0,187.0,0,far_left,7,7,6,7.1328,7,1.1328,1.0,1.0
validation,186.0,187.0,1,far_center,4,3,3,3.049,3,0.049,1.0,0.0
validation,186.0,187.0,2,far_right,2,3,3,3.1389,3,0.1389,1.0,0.0
validation,186.0,187.0,3,near_left,5,5,4,5.1849,5,1.1849,1.0,1.0
validation,186.0,187.0,4,near_center,1,1,1,1.2101,1,0.2101,0.0,0.0
validation,186.0,187.0,5,near_right,3,3,3,3.1327,3,0.1327,0.0,0.0
validation,187.0,188.0,0,far_left,6,6,8,6.2713,6,1.7287,2.0,2.0
validation,187.0,188.0,1,far_center,3,4,4,4.0101,4,0.0101,1.0,0.0
validation,187.0,188.0,2,far_right,3,2,3,2.1351,2,0.8649,0.0,1.0
validation,187.0,188.0,3,near_left,4,4,4,4.2252,4,0.2252,0.0,0.0
validation,187.0,188.0,4,near_center,1,1,1,1.2168,1,0.2168,0.0,0.0
validation,187.0,188.0,5,near_right,3,3,2,3.0728,3,1.0728,1.0,1.0
validation,188.0,189.0,0,far_left,8,9,6,8.6102,9,2.6102,2.0,3.0
validation,188.0,189.0,1,far_center,4,4,4,3.8896,4,0.1104,0.0,0.0
validation,188.0,189.0,2,far_right,3,3,2,3.079,3,1.079,1.0,1.0
validation,188.0,189.0,3,near_left,4,3,3,3.2049,3,0.2049,1.0,0.0
validation,188.0,189.0,4,near_center,1,1,2,1.2069,1,0.7931,1.0,1.0
validation,188.0,189.0,5,near_right,2,2,3,2.1995,2,0.8005,1.0,1.0
validation,189.0,190.0,0,far_left,6,6,6,6.2806,6,0.2806,0.0,0.0
validation,189.0,190.0,1,far_center,4,4,4,4.0584,4,0.0584,0.0,0.0
validation,189.0,190.0,2,far_right,2,3,1,3.0996,3,2.0996,1.0,2.0
validation,189.0,190.0,3,near_left,3,3,4,3.2348,3,0.7652,1.0,1.0
validation,189.0,190.0,4,near_center,2,2,2,2.1711,2,0.1711,0.0,0.0
validation,189.0,190.0,5,near_right,3,2,3,2.114,2,0.886,0.0,1.0
validation,190.0,191.0,0,far_left,6,5,8,5.2156,5,2.7844,2.0,3.0
validation,190.0,191.0,1,far_center,4,4,3,3.8613,4,0.8613,1.0,1.0
validation,190.0,191.0,2,far_right,1,3,3,3.1096,3,0.1096,2.0,0.0
validation,190.0,191.0,3,near_left,4,5,5,5.1188,5,0.1188,1.0,0.0
validation,190.0,191.0,4,near_center,2,2,2,2.1948,2,0.1948,0.0,0.0
validation,190.0,191.0,5,near_right,3,1,0,1.2021,1,1.2021,3.0,1.0
validation,191.0,192.0,0,far_left,8,8,7,7.5671,8,0.5671,1.0,1.0
validation,191.0,192.0,1,far_center,3,3,3,3.0727,3,0.0727,0.0,0.0
validation,191.0,192.0,2,far_right,3,3,3,3.0575,3,0.0575,0.0,0.0
validation,191.0,192.0,3,near_left,5,5,5,5.1011,5,0.1011,0.0,0.0
validation,191.0,192.0,4,near_center,2,2,2,2.2084,2,0.2084,0.0,0.0
validation,191.0,192.0,5,near_right,0,0,0,0.1052,0,0.1052,0.0,0.0
validation,192.0,193.0,0,far_left,7,7,4,7.2538,7,3.2538,3.0,3.0
validation,192.0,193.0,1,far_center,3,2,2,2.1047,2,0.1047,1.0,0.0
validation,192.0,193.0,2,far_right,3,3,2,3.0381,3,1.0381,1.0,1.0
validation,192.0,193.0,3,near_left,5,5,5,5.2061,5,0.2061,0.0,0.0
validation,192.0,193.0,4,near_center,2,3,3,3.1672,3,0.1672,1.0,0.0
validation,192.0,193.0,5,near_right,0,0,0,0.1159,0,0.1159,0.0,0.0
validation,193.0,194.0,0,far_left,4,4,5,4.281,4,0.719,1.0,1.0
validation,193.0,194.0,1,far_center,2,2,3,2.1181,2,0.8819,1.0,1.0
validation,193.0,194.0,2,far_right,2,1,1,1.2203,1,0.2203,1.0,0.0
validation,193.0,194.0,3,near_left,5,5,5,5.218,5,0.218,0.0,0.0
validation,193.0,194.0,4,near_center,3,4,4,4.1435,4,0.1435,1.0,0.0
validation,193.0,194.0,5,near_right,0,0,0,0.1194,0,0.1194,0.0,0.0
validation,194.0,195.0,0,far_left,5,5,5,5.1327,5,0.1327,0.0,0.0
validation,194.0,195.0,1,far_center,3,3,2,2.8562,3,0.8562,1.0,1.0
validation,194.0,195.0,2,far_right,1,1,1,1.0917,1,0.0917,0.0,0.0
validation,194.0,195.0,3,near_left,5,5,4,5.1332,5,1.1332,1.0,1.0
validation,194.0,195.0,4,near_center,4,3,4,3.1858,3,0.8142,0.0,1.0
validation,194.0,195.0,5,near_right,0,1,1,1.0543,1,0.0543,1.0,0.0
validation,195.0,196.0,0,far_left,5,4,2,4.2733,4,2.2733,3.0,2.0
validation,195.0,196.0,1,far_center,2,2,2,2.088,2,0.088,0.0,0.0
validation,195.0,196.0,2,far_right,1,1,0,1.0842,1,1.0842,1.0,1.0
validation,195.0,196.0,3,near_left,4,4,4,4.211,4,0.211,0.0,0.0
validation,195.0,196.0,4,near_center,4,5,6,5.0956,5,0.9044,2.0,1.0
validation,195.0,196.0,5,near_right,1,1,2,1.1907,1,0.8093,1.0,1.0
validation,196.0,197.0,0,far_left,2,2,3,2.302,2,0.698,1.0,1.0
validation,196.0,197.0,1,far_center,2,2,2,2.0524,2,0.0524,0.0,0.0
validation,196.0,197.0,2,far_right,0,0,0,0.146,0,0.146,0.0,0.0
validation,196.0,197.0,3,near_left,4,4,5,4.2019,4,0.7981,1.0,1.0
validation,196.0,197.0,4,near_center,6,6,5,6.0202,6,1.0202,1.0,1.0
validation,196.0,197.0,5,near_right,2,2,1,2.0098,2,1.0098,1.0,1.0
validation,197.0,198.0,0,far_left,3,3,3,3.2227,3,0.2227,0.0,0.0
validation,197.0,198.0,1,far_center,2,2,2,2.0337,2,0.0337,0.0,0.0
validation,197.0,198.0,2,far_right,0,0,0,0.1166,0,0.1166,0.0,0.0
validation,197.0,198.0,3,near_left,5,5,3,5.1077,5,2.1077,2.0,2.0
validation,197.0,198.0,4,near_center,5,5,7,5.1939,5,1.8061,2.0,2.0
validation,197.0,198.0,5,near_right,1,1,1,1.2331,1,0.2331,0.0,0.0
validation,198.0,199.0,0,far_left,3,3,3,3.2847,3,0.2847,0.0,0.0
validation,198.0,199.0,1,far_center,2,3,2,2.9564,3,0.9564,0.0,1.0
validation,198.0,199.0,2,far_right,0,0,2,0.1302,0,1.8698,2.0,2.0
validation,198.0,199.0,3,near_left,3,3,4,3.2299,3,0.7701,1.0,1.0
validation,198.0,199.0,4,near_center,7,6,5,6.0718,6,1.0718,2.0,1.0
validation,198.0,199.0,5,near_right,1,1,1,1.1425,1,0.1425,0.0,0.0
validation,199.0,200.0,0,far_left,3,3,3,3.241,3,0.241,0.0,0.0
validation,199.0,200.0,1,far_center,2,1,1,1.1254,1,0.1254,1.0,0.0
validation,199.0,200.0,2,far_right,2,3,3,3.0091,3,0.0091,1.0,0.0
validation,199.0,200.0,3,near_left,4,4,4,4.1937,4,0.1937,0.0,0.0
validation,199.0,200.0,4,near_center,5,3,5,3.2248,3,1.7752,0.0,2.0
validation,199.0,200.0,5,near_right,1,3,2,3.1606,3,1.1606,1.0,1.0
validation,200.0,201.0,0,far_left,3,3,2,3.2516,3,1.2516,1.0,1.0
validation,200.0,201.0,1,far_center,1,1,2,1.0694,1,0.9306,1.0,1.0
validation,200.0,201.0,2,far_right,3,4,5,4.03,4,0.97,2.0,1.0
validation,200.0,201.0,3,near_left,4,4,4,4.1749,4,0.1749,0.0,0.0
validation,200.0,201.0,4,near_center,5,5,4,5.0526,5,1.0526,1.0,1.0
validation,200.0,201.0,5,near_right,2,1,1,1.1723,1,0.1723,1.0,0.0
validation,201.0,202.0,0,far_left,2,2,2,2.2873,2,0.2873,0.0,0.0
validation,201.0,202.0,1,far_center,2,2,2,1.9765,2,0.0235,0.0,0.0
validation,201.0,202.0,2,far_right,5,5,5,4.9608,5,0.0392,0.0,0.0
validation,201.0,202.0,3,near_left,4,4,4,4.2171,4,0.2171,0.0,0.0
validation,201.0,202.0,4,near_center,4,3,3,3.224,3,0.224,1.0,0.0
validation,201.0,202.0,5,near_right,1,2,2,2.1426,2,0.1426,1.0,0.0
validation,202.0,203.0,0,far_left,2,3,3,3.2486,3,0.2486,1.0,0.0
validation,202.0,203.0,1,far_center,2,2,2,2.0641,2,0.0641,0.0,0.0
validation,202.0,203.0,2,far_right,5,5,5,5.0609,5,0.0609,0.0,0.0
validation,202.0,203.0,3,near_left,4,3,3,3.2137,3,0.2137,1.0,0.0
validation,202.0,203.0,4,near_center,3,3,5,3.1833,3,1.8167,2.0,2.0
validation,202.0,203.0,5,near_right,2,2,2,2.1083,2,0.1083,0.0,0.0
validation,203.0,204.0,0,far_left,3,3,4,3.2484,3,0.7516,1.0,1.0
validation,203.0,204.0,1,far_center,2,3,2,2.8753,3,0.8753,0.0,1.0
validation,203.0,204.0,2,far_right,5,5,5,5.057,5,0.057,0.0,0.0
validation,203.0,204.0,3,near_left,3,3,3,3.1934,3,0.1934,0.0,0.0
validation,203.0,204.0,4,near_center,5,4,6,4.1648,4,1.8352,1.0,2.0
validation,203.0,204.0,5,near_right,2,2,1,2.1468,2,1.1468,1.0,1.0
validation,204.0,205.0,0,far_left,4,4,4,4.22,4,0.22,0.0,0.0
validation,204.0,205.0,1,far_center,2,3,3,3.0084,3,0.0084,1.0,0.0
validation,204.0,205.0,2,far_right,5,5,5,5.038,5,0.038,0.0,0.0
validation,204.0,205.0,3,near_left,3,3,3,3.179,3,0.179,0.0,0.0
validation,204.0,205.0,4,near_center,6,5,4,5.1408,5,1.1408,2.0,1.0
validation,204.0,205.0,5,near_right,1,1,0,1.1442,1,1.1442,1.0,1.0
validation,205.0,206.0,0,far_left,4,4,3,4.2321,4,1.2321,1.0,1.0
validation,205.0,206.0,1,far_center,3,3,4,2.99,3,1.01,1.0,1.0
validation,205.0,206.0,2,far_right,5,5,6,4.976,5,1.024,1.0,1.0
validation,205.0,206.0,3,near_left,3,3,4,3.2012,3,0.7988,1.0,1.0
validation,205.0,206.0,4,near_center,4,4,6,4.1592,4,1.8408,2.0,2.0
validation,205.0,206.0,5,near_right,0,0,1,0.0873,0,0.9127,1.0,1.0
validation,206.0,207.0,0,far_left,3,3,2,3.2639,3,1.2639,1.0,1.0
validation,206.0,207.0,1,far_center,4,3,3,2.9406,3,0.0594,1.0,0.0
validation,206.0,207.0,2,far_right,6,5,4,5.0359,5,1.0359,2.0,1.0
validation,206.0,207.0,3,near_left,4,4,6,4.1294,4,1.8706,2.0,2.0
validation,206.0,207.0,4,near_center,6,6,4,5.9405,6,1.9405,2.0,2.0
validation,206.0,207.0,5,near_right,1,3,2,2.8347,3,0.8347,1.0,1.0
validation,207.0,208.0,0,far_left,2,2,2,2.3046,2,0.3046,0.0,0.0
validation,207.0,208.0,1,far_center,3,3,3,3.1057,3,0.1057,0.0,0.0
validation,207.0,208.0,2,far_right,4,1,1,1.2744,1,0.2744,3.0,0.0
validation,207.0,208.0,3,near_left,6,6,6,6.0727,6,0.0727,0.0,0.0
validation,207.0,208.0,4,near_center,4,4,4,4.2306,4,0.2306,0.0,0.0
validation,207.0,208.0,5,near_right,2,5,5,4.9593,5,0.0407,3.0,0.0
validation,208.0,209.0,0,far_left,2,3,3,3.252,3,0.252,1.0,0.0
validation,208.0,209.0,1,far_center,3,3,3,3.0099,3,0.0099,0.0,0.0
validation,208.0,209.0,2,far_right,1,1,2,1.1223,1,0.8777,1.0,1.0
validation,208.0,209.0,3,near_left,6,5,7,5.1649,5,1.8351,1.0,2.0
validation,208.0,209.0,4,near_center,4,4,5,4.138,4,0.862,1.0,1.0
validation,208.0,209.0,5,near_right,5,5,4,4.498,4,0.498,1.0,1.0
validation,209.0,210.0,0,far_left,3,3,3,3.2563,3,0.2563,0.0,0.0
validation,209.0,210.0,1,far_center,3,3,4,2.9572,3,1.0428,1.0,1.0
validation,209.0,210.0,2,far_right,2,2,2,2.0489,2,0.0489,0.0,0.0
validation,209.0,210.0,3,near_left,7,8,6,7.5919,8,1.5919,1.0,2.0
validation,209.0,210.0,4,near_center,5,4,5,4.1896,4,0.8104,0.0,1.0
validation,209.0,210.0,5,near_right,4,4,4,4.1269,4,0.1269,0.0,0.0
validation,210.0,211.0,0,far_left,3,3,3,3.2577,3,0.2577,0.0,0.0
validation,210.0,211.0,1,far_center,4,3,3,2.987,3,0.013,1.0,0.0
validation,210.0,211.0,2,far_right,2,3,3,3.0119,3,0.0119,1.0,0.0
validation,210.0,211.0,3,near_left,6,6,4,6.1658,6,2.1658,2.0,2.0
validation,210.0,211.0,4,near_center,5,5,5,5.1573,5,0.1573,0.0,0.0
validation,210.0,211.0,5,near_right,4,4,3,4.0269,4,1.0269,1.0,1.0
validation,211.0,212.0,0,far_left,3,3,3,3.2878,3,0.2878,0.0,0.0
validation,211.0,212.0,1,far_center,3,3,3,3.0037,3,0.0037,0.0,0.0
validation,211.0,212.0,2,far_right,3,1,1,1.2299,1,0.2299,2.0,0.0
validation,211.0,212.0,3,near_left,4,4,5,4.2158,4,0.7842,1.0,1.0
validation,211.0,212.0,4,near_center,5,4,5,4.2272,4,0.7728,0.0,1.0
validation,211.0,212.0,5,near_right,3,6,6,6.0254,6,0.0254,3.0,0.0
validation,212.0,213.0,0,far_left,3,3,3,3.255,3,0.255,0.0,0.0
validation,212.0,213.0,1,far_center,3,3,3,2.9447,3,0.0553,0.0,0.0
validation,212.0,213.0,2,far_right,1,1,1,1.1144,1,0.1144,0.0,0.0
validation,212.0,213.0,3,near_left,5,5,5,5.1072,5,0.1072,0.0,0.0
validation,212.0,213.0,4,near_center,5,5,5,5.1221,5,0.1221,0.0,0.0
validation,212.0,213.0,5,near_right,6,6,6,5.6617,6,0.3383,0.0,0.0
validation,213.0,214.0,0,far_left,3,4,4,4.1371,4,0.1371,1.0,0.0
validation,213.0,214.0,1,far_center,3,2,3,2.066,2,0.934,0.0,1.0
validation,213.0,214.0,2,far_right,1,0,0,0.1721,0,0.1721,1.0,0.0
validation,213.0,214.0,3,near_left,5,4,4,4.1894,4,0.1894,1.0,0.0
validation,213.0,214.0,4,near_center,5,6,5,6.1506,6,1.1506,0.0,1.0
validation,213.0,214.0,5,near_right,6,7,9,6.9271,7,2.0729,3.0,2.0
validation,214.0,215.0,0,far_left,4,5,6,5.2308,5,0.7692,2.0,1.0
validation,214.0,215.0,1,far_center,3,4,5,3.7566,4,1.2434,2.0,1.0
validation,214.0,215.0,2,far_right,0,0,0,0.0656,0,0.0656,0.0,0.0
validation,214.0,215.0,3,near_left,4,3,4,3.202,3,0.798,0.0,1.0
validation,214.0,215.0,4,near_center,5,4,4,4.1892,4,0.1892,1.0,0.0
validation,214.0,215.0,5,near_right,9,9,8,8.3278,8,0.3278,1.0,1.0
validation,215.0,216.0,0,far_left,6,6,7,6.1513,6,0.8487,1.0,1.0
validation,215.0,216.0,1,far_center,5,6,6,5.6559,6,0.3441,1.0,0.0
validation,215.0,216.0,2,far_right,0,0,0,0.1268,0,0.1268,0.0,0.0
validation,215.0,216.0,3,near_left,4,3,3,3.1887,3,0.1887,1.0,0.0
validation,215.0,216.0,4,near_center,4,4,4,4.1761,4,0.1761,0.0,0.0
validation,215.0,216.0,5,near_right,8,8,7,7.6243,8,0.6243,1.0,1.0
validation,216.0,217.0,0,far_left,7,6,5,6.1812,6,1.1812,2.0,1.0
validation,216.0,217.0,1,far_center,6,5,6,4.8734,5,1.1266,0.0,1.0
validation,216.0,217.0,2,far_right,0,0,0,0.1388,0,0.1388,0.0,0.0
validation,216.0,217.0,3,near_left,3,4,5,4.209,4,0.791,2.0,1.0
validation,216.0,217.0,4,near_center,4,4,4,4.2177,4,0.2177,0.0,0.0
validation,216.0,217.0,5,near_right,7,8,7,7.8668,8,0.8668,0.0,1.0
validation,217.0,218.0,0,far_left,5,5,6,5.2249,5,0.7751,1.0,1.0
validation,217.0,218.0,1,far_center,6,6,5,5.7014,6,0.7014,1.0,1.0
validation,217.0,218.0,2,far_right,0,1,1,1.0904,1,0.0904,1.0,0.0
validation,217.0,218.0,3,near_left,5,5,5,5.0895,5,0.0895,0.0,0.0
validation,217.0,218.0,4,near_center,4,3,4,3.2078,3,0.7922,0.0,1.0
validation,217.0,218.0,5,near_right,7,7,7,6.883,7,0.117,0.0,0.0
validation,218.0,219.0,0,far_left,6,6,7,6.2622,6,0.7378,1.0,1.0
validation,218.0,219.0,1,far_center,5,8,6,7.7807,8,1.7807,1.0,2.0
validation,218.0,219.0,2,far_right,1,2,4,2.1593,2,1.8407,3.0,2.0
validation,218.0,219.0,3,near_left,5,4,5,4.1933,4,0.8067,0.0,1.0
validation,218.0,219.0,4,near_center,4,2,2,2.2267,2,0.2267,2.0,0.0
validation,218.0,219.0,5,near_right,7,6,4,5.5738,6,1.5738,3.0,2.0
validation,219.0,220.0,0,far_left,7,8,8,7.9614,8,0.0386,1.0,0.0
validation,219.0,220.0,1,far_center,6,7,7,6.8826,7,0.1174,1.0,0.0
validation,219.0,220.0,2,far_right,4,4,4,3.9803,4,0.0197,0.0,0.0
validation,219.0,220.0,3,near_left,5,4,6,4.1947,4,1.8053,1.0,2.0
validation,219.0,220.0,4,near_center,2,3,2,3.2031,3,1.2031,0.0,1.0
validation,219.0,220.0,5,near_right,4,2,2,2.2264,2,0.2264,2.0,0.0
validation,220.0,221.0,0,far_left,8,7,3,7.2232,7,4.2232,5.0,4.0
validation,220.0,221.0,1,far_center,7,8,7,7.668,8,0.668,0.0,1.0
validation,220.0,221.0,2,far_right,4,4,3,3.9667,4,0.9667,1.0,1.0
validation,220.0,221.0,3,near_left,6,6,4,5.9603,6,1.9603,2.0,2.0
validation,220.0,221.0,4,near_center,2,2,3,2.2134,2,0.7866,1.0,1.0
validation,220.0,221.0,5,near_right,2,2,2,2.141,2,0.141,0.0,0.0
validation,221.0,222.0,0,far_left,3,4,6,4.3058,4,1.6942,3.0,2.0
validation,221.0,222.0,1,far_center,7,7,8,7.0752,7,0.9248,1.0,1.0
validation,221.0,222.0,2,far_right,3,3,3,3.1868,3,0.1868,0.0,0.0
validation,221.0,222.0,3,near_left,4,3,5,3.2674,3,1.7326,1.0,2.0
validation,221.0,222.0,4,near_center,3,3,3,3.18,3,0.18,0.0,0.0
validation,221.0,222.0,5,near_right,2,2,1,2.1505,2,1.1505,1.0,1.0
validation,222.0,223.0,0,far_left,6,5,5,5.1406,5,0.1406,1.0,0.0
validation,222.0,223.0,1,far_center,8,10,10,9.3879,9,0.6121,2.0,0.0
validation,222.0,223.0,2,far_right,3,2,2,2.1659,2,0.1659,1.0,0.0
validation,222.0,223.0,3,near_left,5,5,5,5.0042,5,0.0042,0.0,0.0
validation,222.0,223.0,4,near_center,3,3,3,3.206,3,0.206,0.0,0.0
validation,222.0,223.0,5,near_right,1,1,2,1.2042,1,0.7958,1.0,1.0
validation,223.0,224.0,0,far_left,5,4,4,4.1819,4,0.1819,1.0,0.0
validation,223.0,224.0,1,far_center,10,9,9,8.7513,9,0.2487,1.0,0.0
validation,223.0,224.0,2,far_right,2,2,2,2.0733,2,0.0733,0.0,0.0
validation,223.0,224.0,3,near_left,5,6,6,6.1404,6,0.1404,1.0,0.0
validation,223.0,224.0,4,near_center,3,4,4,4.1617,4,0.1617,1.0,0.0
validation,223.0,224.0,5,near_right,2,2,3,2.0864,2,0.9136,1.0,1.0
validation,224.0,225.0,0,far_left,4,4,3,4.2836,4,1.2836,1.0,1.0
validation,224.0,225.0,1,far_center,9,9,10,8.4838,8,1.5162,1.0,1.0
validation,224.0,225.0,2,far_right,2,2,2,2.0956,2,0.0956,0.0,0.0
validation,224.0,225.0,3,near_left,6,6,6,6.097,6,0.097,0.0,0.0
validation,224.0,225.0,4,near_center,4,4,5,4.1467,4,0.8533,1.0,1.0
validation,224.0,225.0,5,near_right,3,3,2,2.9471,3,0.9471,1.0,1.0
validation,225.0,226.0,0,far_left,3,3,3,3.2867,3,0.2867,0.0,0.0
validation,225.0,226.0,1,far_center,10,10,9,9.4459,9,0.4459,1.0,1.0
validation,225.0,226.0,2,far_right,2,2,2,2.0974,2,0.0974,0.0,0.0
validation,225.0,226.0,3,near_left,6,6,6,6.0979,6,0.0979,0.0,0.0
validation,225.0,226.0,4,near_center,5,6,6,6.0715,6,0.0715,1.0,0.0
validation,225.0,226.0,5,near_right,2,1,1,1.2104,1,0.2104,1.0,0.0
validation,226.0,227.0,0,far_left,3,4,8,4.2488,4,3.7512,5.0,4.0
validation,226.0,227.0,1,far_center,9,11,7,10.5022,11,3.5022,2.0,4.0
validation,226.0,227.0,2,far_right,2,1,2,1.1827,1,0.8173,0.0,1.0
validation,226.0,227.0,3,near_left,6,4,5,4.2137,4,0.7863,1.0,1.0
validation,226.0,227.0,4,near_center,6,6,6,6.1428,6,0.1428,0.0,0.0
validation,226.0,227.0,5,near_right,1,1,2,1.1928,1,0.8072,1.0,1.0
validation,227.0,228.0,0,far_left,8,7,5,6.9916,7,1.9916,3.0,2.0
validation,227.0,228.0,1,far_center,7,10,8,9.7725,10,1.7725,1.0,2.0
validation,227.0,228.0,2,far_right,2,1,1,1.1654,1,0.1654,1.0,0.0
validation,227.0,228.0,3,near_left,5,5,5,5.0653,5,0.0653,0.0,0.0
validation,227.0,228.0,4,near_center,6,5,6,5.2082,5,0.7918,0.0,1.0
validation,227.0,228.0,5,near_right,2,2,4,2.0713,2,1.9287,2.0,2.0
validation,228.0,229.0,0,far_left,5,5,5,5.3033,5,0.3033,0.0,0.0
validation,228.0,229.0,1,far_center,8,6,7,6.1187,6,0.8813,1.0,1.0
validation,228.0,229.0,2,far_right,1,2,2,2.0096,2,0.0096,1.0,0.0
validation,228.0,229.0,3,near_left,5,5,3,5.2293,5,2.2293,2.0,2.0
validation,228.0,229.0,4,near_center,6,7,8,7.016,7,0.984,2.0,1.0
validation,228.0,229.0,5,near_right,4,4,4,3.8519,4,0.1481,0.0,0.0
validation,229.0,230.0,0,far_left,5,5,5,5.16,5,0.16,0.0,0.0
validation,229.0,230.0,1,far_center,7,7,7,6.6176,7,0.3824,0.0,0.0
validation,229.0,230.0,2,far_right,2,2,2,2.093,2,0.093,0.0,0.0
validation,229.0,230.0,3,near_left,3,3,5,3.2148,3,1.7852,2.0,2.0
validation,229.0,230.0,4,near_center,8,7,8,7.1599,7,0.8401,0.0,1.0
validation,229.0,230.0,5,near_right,4,5,3,4.8678,5,1.8678,1.0,2.0
validation,230.0,231.0,0,far_left,5,6,6,6.2032,6,0.2032,1.0,0.0
validation,230.0,231.0,1,far_center,7,5,5,5.1155,5,0.1155,2.0,0.0
validation,230.0,231.0,2,far_right,2,2,1,2.1583,2,1.1583,1.0,1.0
validation,230.0,231.0,3,near_left,5,5,5,5.0272,5,0.0272,0.0,0.0
validation,230.0,231.0,4,near_center,8,8,8,8.0804,8,0.0804,0.0,0.0
validation,230.0,231.0,5,near_right,3,4,3,4.0792,4,1.0792,0.0,1.0
validation,231.0,232.0,0,far_left,6,8,6,8.0301,8,2.0301,0.0,2.0
validation,231.0,232.0,1,far_center,5,4,3,4.0825,4,1.0825,2.0,1.0
validation,231.0,232.0,2,far_right,1,1,1,1.1779,1,0.1779,0.0,0.0
validation,231.0,232.0,3,near_left,5,4,4,4.19,4,0.19,1.0,0.0
validation,231.0,232.0,4,near_center,8,7,7,7.1522,7,0.1522,1.0,0.0
validation,231.0,232.0,5,near_right,3,4,4,4.1163,4,0.1163,1.0,0.0
validation,232.0,233.0,0,far_left,6,7,8,7.271,7,0.729,2.0,1.0
validation,232.0,233.0,1,far_center,3,3,3,3.1486,3,0.1486,0.0,0.0
validation,232.0,233.0,2,far_right,1,1,1,1.1585,1,0.1585,0.0,0.0
validation,232.0,233.0,3,near_left,4,4,4,4.1962,4,0.1962,0.0,0.0
validation,232.0,233.0,4,near_center,7,5,5,5.2003,5,0.2003,2.0,0.0
validation,232.0,233.0,5,near_right,4,5,4,4.8813,5,0.8813,0.0,1.0
validation,233.0,234.0,0,far_left,8,8,7,7.8548,8,0.8548,1.0,1.0
validation,233.0,234.0,1,far_center,3,3,4,2.9912,3,1.0088,1.0,1.0
validation,233.0,234.0,2,far_right,1,1,1,1.1067,1,0.1067,0.0,0.0
validation,233.0,234.0,3,near_left,4,4,4,4.1742,4,0.1742,0.0,0.0
validation,233.0,234.0,4,near_center,5,5,5,5.1842,5,0.1842,0.0,0.0
validation,233.0,234.0,5,near_right,4,4,4,4.1297,4,0.1297,0.0,0.0
validation,234.0,235.0,0,far_left,7,7,8,7.239,7,0.761,1.0,1.0
validation,234.0,235.0,1,far_center,4,6,6,5.3895,5,0.6105,2.0,0.0
validation,234.0,235.0,2,far_right,1,1,1,1.1127,1,0.1127,0.0,0.0
validation,234.0,235.0,3,near_left,4,4,4,4.1906,4,0.1906,0.0,0.0
validation,234.0,235.0,4,near_center,5,3,3,3.2232,3,0.2232,2.0,0.0
validation,234.0,235.0,5,near_right,4,4,5,3.9785,4,1.0215,1.0,1.0
validation,235.0,236.0,0,far_left,8,10,8,9.5811,10,1.5811,0.0,2.0
validation,235.0,236.0,1,far_center,6,5,5,4.9725,5,0.0275,1.0,0.0
validation,235.0,236.0,2,far_right,1,3,2,2.9604,3,0.9604,1.0,1.0
validation,235.0,236.0,3,near_left,4,3,3,3.203,3,0.203,1.0,0.0
validation,235.0,236.0,4,near_center,3,3,3,3.1699,3,0.1699,0.0,0.0
validation,235.0,236.0,5,near_right,5,3,5,3.1519,3,1.8481,0.0,2.0
validation,236.0,237.0,0,far_left,8,7,6,7.2632,7,1.2632,2.0,1.0
validation,236.0,237.0,1,far_center,5,5,6,5.0028,5,0.9972,1.0,1.0
validation,236.0,237.0,2,far_right,2,2,2,2.1969,2,0.1969,0.0,0.0
validation,236.0,237.0,3,near_left,3,4,5,4.234,4,0.766,2.0,1.0
validation,236.0,237.0,4,near_center,3,2,3,2.2291,2,0.7709,0.0,1.0
validation,236.0,237.0,5,near_right,5,6,6,5.5483,6,0.4517,1.0,0.0
validation,237.0,238.0,0,far_left,6,7,4,7.0787,7,3.0787,2.0,3.0
validation,237.0,238.0,1,far_center,6,6,5,5.8291,6,0.8291,1.0,1.0
validation,237.0,238.0,2,far_right,2,2,2,2.0965,2,0.0965,0.0,0.0
validation,237.0,238.0,3,near_left,5,4,6,4.1564,4,1.8436,1.0,2.0
validation,237.0,238.0,4,near_center,3,3,3,3.1676,3,0.1676,0.0,0.0
validation,237.0,238.0,5,near_right,6,6,4,5.7813,6,1.7813,2.0,2.0
validation,238.0,239.0,0,far_left,4,5,5,5.2905,5,0.2905,1.0,0.0
validation,238.0,239.0,1,far_center,5,4,4,4.1211,4,0.1211,1.0,0.0
validation,238.0,239.0,2,far_right,2,2,2,2.1299,2,0.1299,0.0,0.0
validation,238.0,239.0,3,near_left,6,5,6,5.1961,5,0.8039,0.0,1.0
validation,238.0,239.0,4,near_center,3,4,3,4.176,4,1.176,0.0,1.0
validation,238.0,239.0,5,near_right,4,4,6,4.0989,4,1.9011,2.0,2.0
test,239.0,240.0,0,far_left,5,5,4,5.1706,5,1.1706,1.0,1.0
test,239.0,240.0,1,far_center,4,4,7,3.9341,4,3.0659,3.0,3.0
test,239.0,240.0,2,far_right,2,2,1,1.7566,2,0.7566,1.0,1.0
test,239.0,240.0,3,near_left,6,6,6,6.1082,6,0.1082,0.0,0.0
test,239.0,240.0,4,near_center,3,4,5,4.1677,4,0.8323,2.0,1.0
test,239.0,240.0,5,near_right,6,5,3,4.6819,5,1.6819,3.0,2.0
test,240.0,241.0,0,far_left,4,6,4,6.258,6,2.258,0.0,2.0
test,240.0,241.0,1,far_center,7,5,6,4.8823,5,1.1177,1.0,1.0
test,240.0,241.0,2,far_right,1,2,1,2.2428,2,1.2428,0.0,1.0
test,240.0,241.0,3,near_left,6,6,6,6.1528,6,0.1528,0.0,0.0
test,240.0,241.0,4,near_center,5,5,5,5.0791,5,0.0791,0.0,0.0
test,240.0,241.0,5,near_right,3,2,2,2.2279,2,0.2279,1.0,0.0
test,241.0,242.0,0,far_left,4,5,5,5.255,5,0.255,1.0,0.0
test,241.0,242.0,1,far_center,6,6,6,5.8787,6,0.1213,0.0,0.0
test,241.0,242.0,2,far_right,1,1,1,1.1444,1,0.1444,0.0,0.0
test,241.0,242.0,3,near_left,6,5,6,5.1768,5,0.8232,0.0,1.0
test,241.0,242.0,4,near_center,5,5,3,5.1055,5,2.1055,2.0,2.0
test,241.0,242.0,5,near_right,2,2,2,2.0586,2,0.0586,0.0,0.0
test,242.0,243.0,0,far_left,5,5,4,5.2032,5,1.2032,1.0,1.0
test,242.0,243.0,1,far_center,6,6,6,5.9701,6,0.0299,0.0,0.0
test,242.0,243.0,2,far_right,1,1,1,1.1427,1,0.1427,0.0,0.0
test,242.0,243.0,3,near_left,6,6,7,6.0432,6,0.9568,1.0,1.0
test,242.0,243.0,4,near_center,3,3,3,3.2289,3,0.2289,0.0,0.0
test,242.0,243.0,5,near_right,2,2,3,2.1914,2,0.8086,1.0,1.0
test,243.0,244.0,0,far_left,4,4,4,4.2987,4,0.2987,0.0,0.0
test,243.0,244.0,1,far_center,6,6,5,5.9206,6,0.9206,1.0,1.0
test,243.0,244.0,2,far_right,1,2,2,2.0959,2,0.0959,1.0,0.0
test,243.0,244.0,3,near_left,7,7,5,7.0468,7,2.0468,2.0,2.0
test,243.0,244.0,4,near_center,3,3,3,3.1802,3,0.1802,0.0,0.0
test,243.0,244.0,5,near_right,3,2,4,2.1303,2,1.8697,1.0,2.0
test,244.0,245.0,0,far_left,4,4,4,4.2829,4,0.2829,0.0,0.0
test,244.0,245.0,1,far_center,5,5,6,5.0261,5,0.9739,1.0,1.0
test,244.0,245.0,2,far_right,2,2,2,2.1039,2,0.1039,0.0,0.0
test,244.0,245.0,3,near_left,5,5,5,5.2182,5,0.2182,0.0,0.0
test,244.0,245.0,4,near_center,3,3,3,3.2091,3,0.2091,0.0,0.0
test,244.0,245.0,5,near_right,4,4,4,3.7207,4,0.2793,0.0,0.0
test,245.0,246.0,0,far_left,4,4,4,4.2479,4,0.2479,0.0,0.0
test,245.0,246.0,1,far_center,6,6,6,5.7418,6,0.2582,0.0,0.0
test,245.0,246.0,2,far_right,2,2,2,2.109,2,0.109,0.0,0.0
test,245.0,246.0,3,near_left,5,5,6,5.1774,5,0.8226,1.0,1.0
test,245.0,246.0,4,near_center,3,3,3,3.1782,3,0.1782,0.0,0.0
test,245.0,246.0,5,near_right,4,4,4,4.0604,4,0.0604,0.0,0.0
test,246.0,247.0,0,far_left,4,4,4,4.2535,4,0.2535,0.0,0.0
test,246.0,247.0,1,far_center,6,6,6,5.8431,6,0.1569,0.0,0.0
test,246.0,247.0,2,far_right,2,2,1,1.7971,2,0.7971,1.0,1.0
test,246.0,247.0,3,near_left,6,6,5,6.0615,6,1.0615,1.0,1.0
test,246.0,247.0,4,near_center,3,4,3,4.155,4,1.155,0.0,1.0
test,246.0,247.0,5,near_right,4,3,4,3.0778,3,0.9222,0.0,1.0
test,247.0,248.0,0,far_left,4,3,2,3.2379,3,1.2379,2.0,1.0
test,247.0,248.0,1,far_center,6,5,4,5.0642,5,1.0642,2.0,1.0
test,247.0,248.0,2,far_right,1,1,1,1.2581,1,0.2581,0.0,0.0
test,247.0,248.0,3,near_left,5,5,5,5.205,5,0.205,0.0,0.0
test,247.0,248.0,4,near_center,3,6,5,6.114,6,1.114,2.0,1.0
test,247.0,248.0,5,near_right,4,3,3,3.1786,3,0.1786,1.0,0.0
test,248.0,249.0,0,far_left,2,2,3,2.322,2,0.678,1.0,1.0
test,248.0,249.0,1,far_center,4,4,4,4.0401,4,0.0401,0.0,0.0
test,248.0,249.0,2,far_right,1,1,2,1.1285,1,0.8715,1.0,1.0
test,248.0,249.0,3,near_left,5,5,6,5.106,5,0.894,1.0,1.0
test,248.0,249.0,4,near_center,5,4,5,4.1822,4,0.8178,0.0,1.0
test,248.0,249.0,5,near_right,3,4,1,3.8813,4,2.8813,2.0,3.0
test,249.0,250.0,0,far_left,3,4,4,4.227,4,0.227,1.0,0.0
test,249.0,250.0,1,far_center,4,5,5,4.9289,5,0.0711,1.0,0.0
test,249.0,250.0,2,far_right,2,2,2,2.084,2,0.084,0.0,0.0
test,249.0,250.0,3,near_left,6,5,4,5.1546,5,1.1546,2.0,1.0
test,249.0,250.0,4,near_center,5,4,4,4.1881,4,0.1881,1.0,0.0
test,249.0,250.0,5,near_right,1,1,2,1.2195,1,0.7805,1.0,1.0
test,250.0,251.0,0,far_left,4,4,3,4.2502,4,1.2502,1.0,1.0
test,250.0,251.0,1,far_center,5,5,5,4.8972,5,0.1028,0.0,0.0
test,250.0,251.0,2,far_right,2,2,2,2.0549,2,0.0549,0.0,0.0
test,250.0,251.0,3,near_left,4,4,5,4.2174,4,0.7826,1.0,1.0
test,250.0,251.0,4,near_center,4,4,3,4.155,4,1.155,1.0,1.0
test,250.0,251.0,5,near_right,2,2,0,1.9917,2,1.9917,2.0,2.0
test,251.0,252.0,0,far_left,3,3,3,3.3059,3,0.3059,0.0,0.0
test,251.0,252.0,1,far_center,5,7,7,6.8098,7,0.1902,2.0,0.0
test,251.0,252.0,2,far_right,2,1,1,1.1927,1,0.1927,1.0,0.0
test,251.0,252.0,3,near_left,5,5,4,5.146,5,1.146,1.0,1.0
test,251.0,252.0,4,near_center,3,2,2,2.2412,2,0.2412,1.0,0.0
test,251.0,252.0,5,near_right,0,0,0,0.1885,0,0.1885,0.0,0.0
test,252.0,253.0,0,far_left,3,3,4,3.2737,3,0.7263,1.0,1.0
test,252.0,253.0,1,far_center,7,5,4,5.0463,5,1.0463,3.0,1.0
test,252.0,253.0,2,far_right,1,1,1,1.0363,1,0.0363,0.0,0.0
test,252.0,253.0,3,near_left,4,4,4,4.2199,4,0.2199,0.0,0.0
test,252.0,253.0,4,near_center,2,4,4,4.1227,4,0.1227,2.0,0.0
test,252.0,253.0,5,near_right,0,0,0,0.096,0,0.096,0.0,0.0
test,253.0,254.0,0,far_left,4,4,3,4.2123,4,1.2123,1.0,1.0
test,253.0,254.0,1,far_center,4,4,5,4.0839,4,0.9161,1.0,1.0
test,253.0,254.0,2,far_right,1,0,1,0.2032,0,0.7968,0.0,1.0
test,253.0,254.0,3,near_left,4,4,5,4.1427,4,0.8573,1.0,1.0
test,253.0,254.0,4,near_center,4,4,4,4.1537,4,0.1537,0.0,0.0
test,253.0,254.0,5,near_right,0,1,2,1.0651,1,0.9349,2.0,1.0
test,254.0,255.0,0,far_left,3,3,4,3.2855,3,0.7145,1.0,1.0
test,254.0,255.0,1,far_center,5,5,5,4.8876,5,0.1124,0.0,0.0
test,254.0,255.0,2,far_right,1,0,0,0.1427,0,0.1427,1.0,0.0
test,254.0,255.0,3,near_left,5,5,4,5.1384,5,1.1384,1.0,1.0
test,254.0,255.0,4,near_center,4,4,4,4.153,4,0.153,0.0,0.0
test,254.0,255.0,5,near_right,2,3,3,2.9567,3,0.0433,1.0,0.0
test,255.0,256.0,0,far_left,4,5,6,5.1878,5,0.8122,2.0,1.0
test,255.0,256.0,1,far_center,5,5,5,4.9352,5,0.0648,0.0,0.0
test,255.0,256.0,2,far_right,0,0,0,0.0927,0,0.0927,0.0,0.0
test,255.0,256.0,3,near_left,4,3,4,3.2241,3,0.7759,0.0,1.0
test,255.0,256.0,4,near_center,4,4,4,4.1653,4,0.1653,0.0,0.0
test,255.0,256.0,5,near_right,3,3,3,3.0461,3,0.0461,0.0,0.0
test,256.0,257.0,0,far_left,6,7,7,6.9495,7,0.0505,1.0,0.0
test,256.0,257.0,1,far_center,5,5,6,4.9112,5,1.0888,1.0,1.0
test,256.0,257.0,2,far_right,0,0,0,0.0691,0,0.0691,0.0,0.0
test,256.0,257.0,3,near_left,4,3,3,3.1882,3,0.1882,1.0,0.0
test,256.0,257.0,4,near_center,4,4,4,4.1473,4,0.1473,0.0,0.0
test,256.0,257.0,5,near_right,3,3,4,2.5887,3,1.4113,1.0,1.0
test,257.0,258.0,0,far_left,7,7,6,7.1973,7,1.1973,1.0,1.0
test,257.0,258.0,1,far_center,6,6,6,5.7416,6,0.2584,0.0,0.0
test,257.0,258.0,2,far_right,0,0,0,0.1172,0,0.1172,0.0,0.0
test,257.0,258.0,3,near_left,3,3,4,3.2147,3,0.7853,1.0,1.0
test,257.0,258.0,4,near_center,4,4,1,4.101,4,3.101,3.0,3.0
test,257.0,258.0,5,near_right,4,4,4,3.9503,4,0.0497,0.0,0.0
test,258.0,259.0,0,far_left,6,7,10,7.2074,7,2.7926,4.0,3.0
test,258.0,259.0,1,far_center,6,5,5,5.0506,5,0.0506,1.0,0.0
test,258.0,259.0,2,far_right,0,1,0,1.0451,1,1.0451,0.0,1.0
test,258.0,259.0,3,near_left,4,3,3,3.2342,3,0.2342,1.0,0.0
test,258.0,259.0,4,near_center,1,1,1,1.2326,1,0.2326,0.0,0.0
test,258.0,259.0,5,near_right,4,4,4,3.9257,4,0.0743,0.0,0.0
test,259.0,260.0,0,far_left,10,10,10,9.5237,10,0.4763,0.0,0.0
test,259.0,260.0,1,far_center,5,4,3,4.0644,4,1.0644,2.0,1.0
test,259.0,260.0,2,far_right,0,1,2,1.1448,1,0.8552,2.0,1.0
test,259.0,260.0,3,near_left,3,3,3,3.1868,3,0.1868,0.0,0.0
test,259.0,260.0,4,near_center,1,1,1,1.2068,1,0.2068,0.0,0.0
test,259.0,260.0,5,near_right,4,4,5,4.0987,4,0.9013,1.0,1.0
test,260.0,261.0,0,far_left,10,9,9,9.222,9,0.222,1.0,0.0
test,260.0,261.0,1,far_center,3,3,3,3.0705,3,0.0705,0.0,0.0
test,260.0,261.0,2,far_right,2,3,3,2.987,3,0.013,1.0,0.0
test,260.0,261.0,3,near_left,3,4,3,4.1853,4,1.1853,0.0,1.0
test,260.0,261.0,4,near_center,1,1,1,1.2048,1,0.2048,0.0,0.0
test,260.0,261.0,5,near_right,5,4,6,3.9668,4,2.0332,1.0,2.0
test,261.0,262.0,0,far_left,9,9,6,9.0988,9,3.0988,3.0,3.0
test,261.0,262.0,1,far_center,3,3,3,3.0349,3,0.0349,0.0,0.0
test,261.0,262.0,2,far_right,3,3,2,3.0972,3,1.0972,1.0,1.0
test,261.0,262.0,3,near_left,3,3,3,3.2039,3,0.2039,0.0,0.0
test,261.0,262.0,4,near_center,1,1,0,1.201,1,1.201,1.0,1.0
test,261.0,262.0,5,near_right,6,6,5,5.6408,6,0.6408,1.0,1.0
test,262.0,263.0,0,far_left,6,6,8,6.2664,6,1.7336,2.0,2.0
test,262.0,263.0,1,far_center,3,3,3,3.0893,3,0.0893,0.0,0.0
test,262.0,263.0,2,far_right,2,2,2,2.1805,2,0.1805,0.0,0.0
test,262.0,263.0,3,near_left,3,3,3,3.2385,3,0.2385,0.0,0.0
test,262.0,263.0,4,near_center,0,1,1,1.1929,1,0.1929,1.0,0.0
test,262.0,263.0,5,near_right,5,4,3,4.1521,4,1.1521,2.0,1.0
test,263.0,264.0,0,far_left,8,8,7,7.7234,8,0.7234,1.0,1.0
test,263.0,264.0,1,far_center,3,3,3,2.9599,3,0.0401,0.0,0.0
test,263.0,264.0,2,far_right,2,2,2,2.1112,2,0.1112,0.0,0.0
test,263.0,264.0,3,near_left,3,3,3,3.1711,3,0.1711,0.0,0.0
test,263.0,264.0,4,near_center,1,1,2,1.2191,1,0.7809,1.0,1.0
test,263.0,264.0,5,near_right,3,3,4,3.1683,3,0.8317,1.0,1.0
test,264.0,265.0,0,far_left,7,7,8,7.2566,7,0.7434,1.0,1.0
test,264.0,265.0,1,far_center,3,3,3,3.0792,3,0.0792,0.0,0.0
test,264.0,265.0,2,far_right,2,3,3,3.0699,3,0.0699,1.0,0.0
test,264.0,265.0,3,near_left,3,4,4,4.2006,4,0.2006,1.0,0.0
test,264.0,265.0,4,near_center,2,1,0,1.2042,1,1.2042,2.0,1.0
test,264.0,265.0,5,near_right,4,3,3,3.0761,3,0.0761,1.0,0.0
test,265.0,266.0,0,far_left,8,8,7,7.9354,8,0.9354,1.0,1.0
test,265.0,266.0,1,far_center,3,3,3,2.9501,3,0.0499,0.0,0.0
test,265.0,266.0,2,far_right,3,3,2,3.0676,3,1.0676,1.0,1.0
test,265.0,266.0,3,near_left,4,4,3,4.1081,4,1.1081,1.0,1.0
test,265.0,266.0,4,near_center,0,0,0,0.1978,0,0.1978,0.0,0.0
test,265.0,266.0,5,near_right,3,3,3,3.1544,3,0.1544,0.0,0.0
test,266.0,267.0,0,far_left,7,6,7,6.2715,6,0.7285,0.0,1.0
test,266.0,267.0,1,far_center,3,4,3,3.996,4,0.996,0.0,1.0
test,266.0,267.0,2,far_right,2,2,2,2.1408,2,0.1408,0.0,0.0
test,266.0,267.0,3,near_left,3,3,3,3.2423,3,0.2423,0.0,0.0
test,266.0,267.0,4,near_center,0,0,0,0.2133,0,0.2133,0.0,0.0
test,266.0,267.0,5,near_right,3,3,3,3.0714,3,0.0714,0.0,0.0
test,267.0,268.0,0,far_left,7,6,7,6.2271,6,0.7729,0.0,1.0
test,267.0,268.0,1,far_center,3,3,4,2.9952,3,1.0048,1.0,1.0
test,267.0,268.0,2,far_right,2,2,1,2.0974,2,1.0974,1.0,1.0
test,267.0,268.0,3,near_left,3,4,4,4.1675,4,0.1675,1.0,0.0
test,267.0,268.0,4,near_center,0,0,0,0.2155,0,0.2155,0.0,0.0
test,267.0,268.0,5,near_right,3,3,3,3.0952,3,0.0952,0.0,0.0
test,268.0,269.0,0,far_left,7,6,9,6.1552,6,2.8448,2.0,3.0
test,268.0,269.0,1,far_center,4,5,6,4.7261,5,1.2739,2.0,1.0
test,268.0,269.0,2,far_right,1,1,1,1.1745,1,0.1745,0.0,0.0
test,268.0,269.0,3,near_left,4,4,3,4.1323,4,1.1323,1.0,1.0
test,268.0,269.0,4,near_center,0,0,0,0.2101,0,0.2101,0.0,0.0
test,268.0,269.0,5,near_right,3,3,4,3.1063,3,0.8937,1.0,1.0
test,269.0,270.0,0,far_left,9,9,8,8.777,9,0.777,1.0,1.0
test,269.0,270.0,1,far_center,6,6,6,5.5874,6,0.4126,0.0,0.0
test,269.0,270.0,2,far_right,1,1,1,1.082,1,0.082,0.0,0.0
test,269.0,270.0,3,near_left,3,3,3,3.2194,3,0.2194,0.0,0.0
test,269.0,270.0,4,near_center,0,0,0,0.2137,0,0.2137,0.0,0.0
test,269.0,270.0,5,near_right,4,4,5,3.5006,4,1.4994,1.0,1.0
test,270.0,271.0,0,far_left,8,8,7,8.2395,8,1.2395,1.0,1.0
test,270.0,271.0,1,far_center,6,6,6,5.8215,6,0.1785,0.0,0.0
test,270.0,271.0,2,far_right,1,1,2,1.1423,1,0.8577,1.0,1.0
test,270.0,271.0,3,near_left,3,3,4,3.2075,3,0.7925,1.0,1.0
test,270.0,271.0,4,near_center,0,0,0,0.2227,0,0.2227,0.0,0.0
test,270.0,271.0,5,near_right,5,5,5,4.9308,5,0.0692,0.0,0.0
test,271.0,272.0,0,far_left,7,7,5,7.2163,7,2.2163,2.0,2.0
test,271.0,272.0,1,far_center,6,5,5,4.9732,5,0.0268,1.0,0.0
test,271.0,272.0,2,far_right,2,2,2,2.0339,2,0.0339,0.0,0.0
test,271.0,272.0,3,near_left,4,5,4,4.9263,5,0.9263,0.0,1.0
test,271.0,272.0,4,near_center,0,0,0,0.2218,0,0.2218,0.0,0.0
test,271.0,272.0,5,near_right,5,5,6,4.9452,5,1.0548,1.0,1.0
test,272.0,273.0,0,far_left,5,4,5,4.287,4,0.713,0.0,1.0
test,272.0,273.0,1,far_center,5,4,4,4.0768,4,0.0768,1.0,0.0
test,272.0,273.0,2,far_right,2,4,5,4.0104,4,0.9896,3.0,1.0
test,272.0,273.0,3,near_left,4,5,4,5.2412,5,1.2412,0.0,1.0
test,272.0,273.0,4,near_center,0,1,1,1.2212,1,0.2212,1.0,0.0
test,272.0,273.0,5,near_right,6,4,3,4.1317,4,1.1317,3.0,1.0
test,273.0,274.0,0,far_left,5,5,5,5.1792,5,0.1792,0.0,0.0
test,273.0,274.0,1,far_center,4,5,4,4.836,5,0.836,0.0,1.0
test,273.0,274.0,2,far_right,5,5,6,4.9932,5,1.0068,1.0,1.0
test,273.0,274.0,3,near_left,4,4,5,4.1927,4,0.8073,1.0,1.0
test,273.0,274.0,4,near_center,1,1,1,1.2373,1,0.2373,0.0,0.0
test,273.0,274.0,5,near_right,3,2,1,2.2078,2,1.2078,2.0,1.0
test,274.0,275.0,0,far_left,5,4,3,4.2738,4,1.2738,2.0,1.0
test,274.0,275.0,1,far_center,4,4,4,4.0506,4,0.0506,0.0,0.0
test,274.0,275.0,2,far_right,6,5,5,5.0182,5,0.0182,1.0,0.0
test,274.0,275.0,3,near_left,5,6,7,6.0704,6,0.9296,2.0,1.0
test,274.0,275.0,4,near_center,1,1,1,1.2317,1,0.2317,0.0,0.0
test,274.0,275.0,5,near_right,1,2,3,2.1903,2,0.8097,2.0,1.0
test,275.0,276.0,0,far_left,3,3,3,3.2802,3,0.2802,0.0,0.0
test,275.0,276.0,1,far_center,4,5,5,4.9338,5,0.0662,1.0,0.0
test,275.0,276.0,2,far_right,5,4,4,4.0985,4,0.0985,1.0,0.0
test,275.0,276.0,3,near_left,7,7,5,6.8137,7,1.8137,2.0,2.0
test,275.0,276.0,4,near_center,1,1,1,1.2078,1,0.2078,0.0,0.0
test,275.0,276.0,5,near_right,3,3,4,2.9864,3,1.0136,1.0,1.0
test,276.0,277.0,0,far_left,3,2,3,2.2931,2,0.7069,0.0,1.0
test,276.0,277.0,1,far_center,5,5,5,4.878,5,0.122,0.0,0.0
test,276.0,277.0,2,far_right,4,5,5,4.9851,5,0.0149,1.0,0.0
test,276.0,277.0,3,near_left,5,6,7,6.2102,6,0.7898,2.0,1.0
test,276.0,277.0,4,near_center,1,1,1,1.2276,1,0.2276,0.0,0.0
test,276.0,277.0,5,near_right,4,3,3,3.1422,3,0.1422,1.0,0.0
test,277.0,278.0,0,far_left,3,2,1,2.2658,2,1.2658,2.0,1.0
test,277.0,278.0,1,far_center,5,6,4,5.7715,6,1.7715,1.0,2.0
test,277.0,278.0,2,far_right,5,3,5,3.1881,3,1.8119,0.0,2.0
test,277.0,278.0,3,near_left,7,8,7,7.6987,8,0.6987,0.0,1.0
test,277.0,278.0,4,near_center,1,1,1,1.223,1,0.223,0.0,0.0
test,277.0,278.0,5,near_right,3,4,5,4.0509,4,0.9491,2.0,1.0
test,278.0,279.0,0,far_left,1,1,1,1.3028,1,0.3028,0.0,0.0
test,278.0,279.0,1,far_center,4,4,5,4.1007,4,0.8993,1.0,1.0
test,278.0,279.0,2,far_right,5,5,5,4.9181,5,0.0819,0.0,0.0
test,278.0,279.0,3,near_left,7,7,7,7.1778,7,0.1778,0.0,0.0
test,278.0,279.0,4,near_center,1,1,1,1.2187,1,0.2187,0.0,0.0
test,278.0,279.0,5,near_right,5,5,5,4.7241,5,0.2759,0.0,0.0
test,279.0,280.0,0,far_left,1,0,0,0.2867,0,0.2867,1.0,0.0
test,279.0,280.0,1,far_center,5,5,5,4.7491,5,0.2509,0.0,0.0
test,279.0,280.0,2,far_right,5,4,6,4.1391,4,1.8609,1.0,2.0
test,279.0,280.0,3,near_left,7,8,9,8.0216,8,0.9784,2.0,1.0
test,279.0,280.0,4,near_center,1,1,1,1.2244,1,0.2244,0.0,0.0
test,279.0,280.0,5,near_right,5,6,5,5.9836,6,0.9836,0.0,1.0
test,280.0,281.0,0,far_left,0,0,2,0.2808,0,1.7192,2.0,2.0
test,280.0,281.0,1,far_center,5,5,5,4.8923,5,0.1077,0.0,0.0
test,280.0,281.0,2,far_right,6,5,5,4.9499,5,0.0501,1.0,0.0
test,280.0,281.0,3,near_left,9,9,8,8.5772,9,0.5772,1.0,1.0
test,280.0,281.0,4,near_center,1,1,1,1.2071,1,0.2071,0.0,0.0
test,280.0,281.0,5,near_right,5,6,6,5.8805,6,0.1195,1.0,0.0
test,281.0,282.0,0,far_left,2,2,3,2.2317,2,0.7683,1.0,1.0
test,281.0,282.0,1,far_center,5,3,3,3.086,3,0.086,2.0,0.0
test,281.0,282.0,2,far_right,5,4,2,4.0082,4,2.0082,3.0,2.0
test,281.0,282.0,3,near_left,8,8,7,8.1298,8,1.1298,1.0,1.0
test,281.0,282.0,4,near_center,1,3,3,3.1634,3,0.1634,2.0,0.0
test,281.0,282.0,5,near_right,6,7,8,6.7489,7,1.2511,2.0,1.0
test,282.0,283.0,0,far_left,3,3,3,3.2363,3,0.2363,0.0,0.0
test,282.0,283.0,1,far_center,3,2,2,2.1211,2,0.1211,1.0,0.0
test,282.0,283.0,2,far_right,2,2,2,2.2341,2,0.2341,0.0,0.0
test,282.0,283.0,3,near_left,7,8,9,8.1145,8,0.8855,2.0,1.0
test,282.0,283.0,4,near_center,3,3,3,3.1669,3,0.1669,0.0,0.0
test,282.0,283.0,5,near_right,8,8,8,7.5839,8,0.4161,0.0,0.0
test,283.0,284.0,0,far_left,3,3,3,3.2534,3,0.2534,0.0,0.0
test,283.0,284.0,1,far_center,2,3,2,3.0264,3,1.0264,0.0,1.0
test,283.0,284.0,2,far_right,2,2,3,2.1221,2,0.8779,1.0,1.0
test,283.0,284.0,3,near_left,9,8,7,8.0292,8,1.0292,2.0,1.0
test,283.0,284.0,4,near_center,3,4,3,4.1433,4,1.1433,0.0,1.0
test,283.0,284.0,5,near_right,8,7,9,6.9584,7,2.0416,1.0,2.0
test,284.0,285.0,0,far_left,3,4,4,4.2622,4,0.2622,1.0,0.0
test,284.0,285.0,1,far_center,2,3,2,3.0338,3,1.0338,0.0,1.0
test,284.0,285.0,2,far_right,3,4,3,3.9817,4,0.9817,0.0,1.0
test,284.0,285.0,3,near_left,7,6,5,6.199,6,1.199,2.0,1.0
test,284.0,285.0,4,near_center,3,3,3,3.2053,3,0.2053,0.0,0.0
test,284.0,285.0,5,near_right,9,7,7,6.8781,7,0.1219,2.0,0.0
test,285.0,286.0,0,far_left,4,4,3,4.2193,4,1.2193,1.0,1.0
test,285.0,286.0,1,far_center,2,1,3,1.1172,1,1.8828,1.0,2.0
test,285.0,286.0,2,far_right,3,3,3,3.1593,3,0.1593,0.0,0.0
test,285.0,286.0,3,near_left,5,5,5,5.2111,5,0.2111,0.0,0.0
test,285.0,286.0,4,near_center,3,4,4,4.1647,4,0.1647,1.0,0.0
test,285.0,286.0,5,near_right,7,7,7,7.0193,7,0.0193,0.0,0.0
test,286.0,287.0,0,far_left,3,3,3,3.2841,3,0.2841,0.0,0.0
test,286.0,287.0,1,far_center,3,3,3,2.8562,3,0.1438,0.0,0.0
test,286.0,287.0,2,far_right,3,3,3,2.9981,3,0.0019,0.0,0.0
test,286.0,287.0,3,near_left,5,5,6,5.1832,5,0.8168,1.0,1.0
test,286.0,287.0,4,near_center,4,4,4,4.1373,4,0.1373,0.0,0.0
test,286.0,287.0,5,near_right,7,7,6,6.6944,7,0.6944,1.0,1.0
test,287.0,288.0,0,far_left,3,3,5,3.266,3,1.734,2.0,2.0
test,287.0,288.0,1,far_center,3,3,4,3.013,3,0.987,1.0,1.0
test,287.0,288.0,2,far_right,3,3,3,3.1152,3,0.1152,0.0,0.0
test,287.0,288.0,3,near_left,6,7,7,6.9929,7,0.0071,1.0,0.0
test,287.0,288.0,4,near_center,4,3,3,3.2062,3,0.2062,1.0,0.0
test,287.0,288.0,5,near_right,6,6,6,6.0582,6,0.0582,0.0,0.0
test,288.0,289.0,0,far_left,5,5,5,5.0953,5,0.0953,0.0,0.0
test,288.0,289.0,1,far_center,4,4,5,3.8848,4,1.1152,1.0,1.0
test,288.0,289.0,2,far_right,3,4,4,3.9615,4,0.0385,1.0,0.0
test,288.0,289.0,3,near_left,7,7,7,7.0295,7,0.0295,0.0,0.0
test,288.0,289.0,4,near_center,3,3,3,3.1662,3,0.1662,0.0,0.0
test,288.0,289.0,5,near_right,6,5,5,5.0918,5,0.0918,1.0,0.0
test,289.0,290.0,0,far_left,5,8,6,8.051,8,2.051,1.0,2.0
test,289.0,290.0,1,far_center,5,4,5,3.9622,4,1.0378,0.0,1.0
test,289.0,290.0,2,far_right,4,4,4,4.0124,4,0.0124,0.0,0.0
test,289.0,290.0,3,near_left,7,5,8,5.214,5,2.786,1.0,3.0
test,289.0,290.0,4,near_center,3,3,3,3.1777,3,0.1777,0.0,0.0
test,289.0,290.0,5,near_right,5,5,3,4.9704,5,1.9704,2.0,2.0
test,290.0,291.0,0,far_left,6,7,5,7.182,7,2.182,1.0,2.0
test,290.0,291.0,1,far_center,5,4,5,4.0281,4,0.9719,0.0,1.0
test,290.0,291.0,2,far_right,4,5,6,5.0352,5,0.9648,2.0,1.0
test,290.0,291.0,3,near_left,8,7,7,7.0328,7,0.0328,1.0,0.0
test,290.0,291.0,4,near_center,3,4,2,4.1544,4,2.1544,1.0,2.0
test,290.0,291.0,5,near_right,3,2,2,2.2276,2,0.2276,1.0,0.0
test,291.0,292.0,0,far_left,5,3,5,3.302,3,1.698,0.0,2.0
test,291.0,292.0,1,far_center,5,6,5,5.7142,6,0.7142,0.0,1.0
test,291.0,292.0,2,far_right,6,6,4,5.8395,6,1.8395,2.0,2.0
test,291.0,292.0,3,near_left,7,8,8,8.1773,8,0.1773,1.0,0.0
test,291.0,292.0,4,near_center,2,2,2,2.2302,2,0.2302,0.0,0.0
test,291.0,292.0,5,near_right,2,2,2,2.0921,2,0.0921,0.0,0.0
test,292.0,293.0,0,far_left,5,5,8,5.1921,5,2.8079,3.0,3.0
test,292.0,293.0,1,far_center,5,5,5,5.0234,5,0.0234,0.0,0.0
test,292.0,293.0,2,far_right,4,4,3,4.2204,4,1.2204,1.0,1.0
test,292.0,293.0,3,near_left,8,8,6,7.9741,8,1.9741,2.0,2.0
test,292.0,293.0,4,near_center,2,2,3,2.1954,2,0.8046,1.0,1.0
test,292.0,293.0,5,near_right,2,2,2,2.1872,2,0.1872,0.0,0.0
test,293.0,294.0,0,far_left,8,8,8,7.848,8,0.152,0.0,0.0
test,293.0,294.0,1,far_center,5,5,5,4.773,5,0.227,0.0,0.0
test,293.0,294.0,2,far_right,3,3,2,3.1257,3,1.1257,1.0,1.0
test,293.0,294.0,3,near_left,6,7,7,7.0808,7,0.0808,1.0,0.0
test,293.0,294.0,4,near_center,3,1,2,1.2072,1,0.7928,1.0,1.0
test,293.0,294.0,5,near_right,2,3,1,3.0246,3,2.0246,1.0,2.0
test,294.0,295.0,0,far_left,8,8,5,8.1823,8,3.1823,3.0,3.0
test,294.0,295.0,1,far_center,5,4,4,4.0751,4,0.0751,1.0,0.0
test,294.0,295.0,2,far_right,2,3,3,3.1266,3,0.1266,1.0,0.0
test,294.0,295.0,3,near_left,7,7,7,7.0326,7,0.0326,0.0,0.0
test,294.0,295.0,4,near_center,2,2,2,2.2009,2,0.2009,0.0,0.0
test,294.0,295.0,5,near_right,1,1,1,1.2161,1,0.2161,0.0,0.0
test,295.0,296.0,0,far_left,5,5,4,5.2894,5,1.2894,1.0,1.0
test,295.0,296.0,1,far_center,4,4,5,4.0185,4,0.9815,1.0,1.0
test,295.0,296.0,2,far_right,3,3,2,3.0157,3,1.0157,1.0,1.0
test,295.0,296.0,3,near_left,7,7,7,7.193,7,0.193,0.0,0.0
test,295.0,296.0,4,near_center,2,3,3,3.1774,3,0.1774,1.0,0.0
test,295.0,296.0,5,near_right,1,0,0,0.1932,0,0.1932,1.0,0.0
test,296.0,297.0,0,far_left,4,4,4,4.2869,4,0.2869,0.0,0.0
test,296.0,297.0,1,far_center,5,5,4,4.8226,5,0.8226,1.0,1.0
test,296.0,297.0,2,far_right,2,2,4,2.1276,2,1.8724,2.0,2.0
test,296.0,297.0,3,near_left,7,8,7,8.0529,8,1.0529,0.0,1.0
test,296.0,297.0,4,near_center,3,2,2,2.209,2,0.209,1.0,0.0
test,296.0,297.0,5,near_right,0,0,1,0.0028,0,0.9972,1.0,1.0
test,297.0,298.0,0,far_left,4,5,7,5.2014,5,1.7986,3.0,2.0
test,297.0,298.0,1,far_center,4,5,5,5.0043,5,0.0043,1.0,0.0
test,297.0,298.0,2,far_right,4,3,1,3.0081,3,2.0081,3.0,2.0
test,297.0,298.0,3,near_left,7,5,5,5.2064,5,0.2064,2.0,0.0
test,297.0,298.0,4,near_center,2,3,3,3.1943,3,0.1943,1.0,0.0
test,297.0,298.0,5,near_right,1,1,2,1.0557,1,0.9443,1.0,1.0
test,298.0,299.0,0,far_left,7,7,9,6.9769,7,2.0231,2.0,2.0
test,298.0,299.0,1,far_center,5,5,5,4.6955,5,0.3045,0.0,0.0
test,298.0,299.0,2,far_right,1,0,2,0.2362,0,1.7638,1.0,2.0
test,298.0,299.0,3,near_left,5,5,5,5.1513,5,0.1513,0.0,0.0
test,298.0,299.0,4,near_center,3,3,2,3.1515,3,1.1515,1.0,1.0
test,298.0,299.0,5,near_right,2,3,3,2.9845,3,0.0155,1.0,0.0
