sample_second,zone_id,zone,current_count,projected_count,previous_count,count_delta,inflow,outflow,projected_inflow,projected_outflow,new_entries,disappeared,mean_confidence,mean_speed,mean_velocity_x,mean_velocity_y,predicted_ratio,mean_bbox_area,target_second,target_next_count,data_split
0.0,0,far_left,4.0,4.0,0.0,4.0,0.0,0.0,0.0,0.0,4.0,0.0,0.62895,0.0,0.0,0.0,0.0,5267.5,1.0,4,train
0.0,1,far_center,2.0,2.0,0.0,2.0,0.0,0.0,0.0,0.0,2.0,0.0,0.7977,0.0,0.0,0.0,0.0,9214.5,1.0,2,train
0.0,2,far_right,2.0,2.0,0.0,2.0,0.0,0.0,0.0,0.0,2.0,0.0,0.86295,0.0,0.0,0.0,0.0,12159.0,1.0,1,train
0.0,3,near_left,4.0,4.0,0.0,4.0,0.0,0.0,0.0,0.0,4.0,0.0,0.6595,0.0,0.0,0.0,0.0,11206.0,1.0,4,train
0.0,4,near_center,4.0,4.0,0.0,4.0,0.0,0.0,0.0,0.0,4.0,0.0,0.841125,0.0,0.0,0.0,0.0,20660.0,1.0,4,train
0.0,5,near_right,2.0,2.0,0.0,2.0,0.0,0.0,0.0,0.0,2.0,0.0,0.89005,0.0,0.0,0.0,0.0,25812.0,1.0,2,train
1.0,0,far_left,4.0,5.0,4.0,0.0,0.0,0.0,1.0,0.0,0.0,0.0,0.7472,27.57,16.375,-5.25,0.0,5097.0,2.0,5,train
1.0,1,far_center,2.0,3.0,2.0,0.0,0.0,0.0,1.0,0.0,0.0,0.0,0.57045,56.035,48.75,-33.5,0.0,8011.5,2.0,3,train
1.0,2,far_right,1.0,1.0,2.0,-1.0,0.0,0.0,0.0,0.0,0.0,1.0,0.8986,25.89,-4.5,-29.0,0.0,10176.0,2.0,1,train
1.0,3,near_left,4.0,3.0,4.0,0.0,0.0,0.0,0.0,1.0,1.0,1.0,0.759225,52.0625,-13.125,7.25,0.0,13262.0,2.0,4,train
1.0,4,near_center,4.0,2.0,4.0,0.0,0.0,0.0,0.0,2.0,0.0,0.0,0.85025,116.7425,-21.0,9.5,0.0,19519.75,2.0,1,train
1.0,5,near_right,2.0,3.0,2.0,0.0,0.0,0.0,1.0,0.0,1.0,1.0,0.84295,46.625,9.0,51.0,0.0,22995.0,2.0,4,train
2.0,0,far_left,5.0,6.0,4.0,1.0,1.0,0.0,1.0,0.0,0.0,0.0,0.7211,46.084,28.2,-14.4,0.0,6196.8,3.0,3,train
2.0,1,far_center,3.0,3.0,2.0,1.0,1.0,0.0,0.0,0.0,1.0,1.0,0.699,37.523333,31.5,-22.333333,0.0,7085.333333,3.0,3,train
2.0,2,far_right,1.0,1.0,1.0,0.0,0.0,0.0,0.0,0.0,0.0,0.0,0.9069,29.21,3.5,-33.0,0.0,9513.0,3.0,1,train
2.0,3,near_left,4.0,3.0,4.0,0.0,0.0,1.0,0.0,1.0,1.0,0.0,0.671725,65.9025,-16.25,6.5,0.0,12136.5,3.0,3,train
2.0,4,near_center,1.0,1.0,4.0,-3.0,0.0,2.0,0.0,0.0,0.0,1.0,0.8903,130.14,-106.0,81.0,0.0,30492.0,3.0,1,train
2.0,5,near_right,4.0,4.0,2.0,2.0,1.0,0.0,0.0,0.0,1.0,0.0,0.69005,76.0075,16.0,19.0,0.0,18737.25,3.0,4,train
3.0,0,far_left,3.0,4.0,5.0,-2.0,0.0,0.0,1.0,0.0,0.0,2.0,0.8223,53.736667,50.333333,-22.666667,0.0,7705.333333,4.0,4,train
3.0,1,far_center,3.0,3.0,3.0,0.0,0.0,0.0,0.0,0.0,0.0,0.0,0.676567,45.646667,22.666667,-17.333333,0.0,6065.666667,4.0,2,train
3.0,2,far_right,1.0,1.0,1.0,0.0,0.0,0.0,0.0,0.0,0.0,0.0,0.9288,24.91,4.5,-27.0,0.0,8468.0,4.0,1,train
3.0,3,near_left,3.0,2.0,4.0,-1.0,0.0,0.0,0.0,1.0,0.0,1.0,0.632867,28.53,25.833333,-11.666667,0.0,10257.333333,4.0,2,train
3.0,4,near_center,1.0,1.0,1.0,0.0,0.0,0.0,0.0,0.0,0.0,0.0,0.906,147.37,-113.5,105.0,0.0,36168.0,4.0,1,train
3.0,5,near_right,4.0,4.0,4.0,0.0,0.0,0.0,0.0,0.0,1.0,1.0,0.54675,78.7425,6.125,28.25,0.0,21759.25,4.0,4,train
4.0,0,far_left,4.0,3.0,3.0,1.0,1.0,0.0,0.0,1.0,1.0,1.0,0.701425,61.4025,43.5,-23.0,0.0,7695.0,5.0,4,train
4.0,1,far_center,2.0,3.0,3.0,-1.0,0.0,0.0,1.0,0.0,1.0,2.0,0.8291,61.825,33.75,-17.0,0.0,6968.5,5.0,4,train
4.0,2,far_right,1.0,1.0,1.0,0.0,0.0,0.0,0.0,0.0,0.0,0.0,0.8736,24.88,9.5,-26.0,0.0,7980.0,5.0,1,train
4.0,3,near_left,2.0,2.0,3.0,-1.0,0.0,1.0,0.0,0.0,0.0,0.0,0.58535,0.5,0.5,-0.5,0.0,10040.0,5.0,3,train
4.0,4,near_center,1.0,1.0,1.0,0.0,0.0,0.0,0.0,0.0,0.0,0.0,0.8794,168.01,-127.0,119.0,0.0,41464.0,5.0,2,train
4.0,5,near_right,4.0,4.0,4.0,0.0,0.0,0.0,0.0,0.0,0.0,0.0,0.707575,76.415,1.375,-4.5,0.0,18156.75,5.0,3,train
5.0,0,far_left,4.0,4.0,4.0,0.0,0.0,0.0,0.0,0.0,0.0,0.0,0.841275,56.3875,27.875,-10.0,0.0,7740.25,6.0,5,train
5.0,1,far_center,4.0,4.0,2.0,2.0,0.0,0.0,0.0,0.0,2.0,0.0,0.652825,39.845,26.0,-13.75,0.0,3464.0,6.0,4,train
5.0,2,far_right,1.0,1.0,1.0,0.0,0.0,0.0,0.0,0.0,0.0,0.0,0.8862,25.24,14.0,-23.0,0.0,7480.0,6.0,1,train
5.0,3,near_left,3.0,3.0,2.0,1.0,0.0,0.0,0.0,0.0,1.0,0.0,0.680967,0.54,0.166667,0.0,0.0,13157.333333,6.0,3,train
5.0,4,near_center,2.0,3.0,1.0,1.0,0.0,0.0,1.0,0.0,1.0,0.0,0.47505,93.61,-78.5,42.0,0.0,31925.5,6.0,1,train
5.0,5,near_right,3.0,2.0,4.0,-1.0,0.0,0.0,0.0,1.0,0.0,1.0,0.665567,66.503333,8.333333,-0.333333,0.0,20820.333333,6.0,3,train
6.0,0,far_left,5.0,5.0,4.0,1.0,0.0,0.0,0.0,0.0,1.0,0.0,0.71618,43.044,20.0,-9.8,0.0,6021.0,7.0,3,train
6.0,1,far_center,4.0,4.0,4.0,0.0,0.0,0.0,0.0,0.0,0.0,0.0,0.496375,30.61,5.375,-15.0,0.0,2949.75,7.0,5,train
6.0,2,far_right,1.0,1.0,1.0,0.0,0.0,0.0,0.0,0.0,0.0,0.0,0.7506,23.35,16.0,-21.0,0.0,6784.0,7.0,0,train
6.0,3,near_left,3.0,3.0,3.0,0.0,0.0,0.0,0.0,0.0,0.0,0.0,0.679033,44.99,37.833333,-24.0,0.0,16172.666667,7.0,3,train
6.0,4,near_center,1.0,2.0,2.0,-1.0,0.0,0.0,1.0,0.0,0.0,1.0,0.8719,221.49,-190.5,86.0,0.0,16568.0,7.0,1,train
6.0,5,near_right,3.0,2.0,3.0,0.0,0.0,0.0,0.0,1.0,0.0,0.0,0.600867,66.786667,14.166667,2.666667,0.0,20433.666667,7.0,3,train
7.0,0,far_left,3.0,2.0,5.0,-2.0,0.0,0.0,0.0,1.0,0.0,2.0,0.846133,59.2,14.666667,-8.333333,0.0,7423.666667,8.0,4,train
7.0,1,far_center,5.0,6.0,4.0,1.0,1.0,0.0,1.0,0.0,0.0,0.0,0.55026,32.724,4.4,-22.0,0.0,3103.2,8.0,2,train
7.0,2,far_right,0.0,0.0,1.0,-1.0,0.0,1.0,0.0,0.0,0.0,0.0,0.0,0.0,0.0,0.0,0.0,0.0,8.0,0,train
7.0,3,near_left,3.0,3.0,3.0,0.0,0.0,0.0,0.0,0.0,0.0,0.0,0.615667,47.93,42.666667,-24.666667,0.0,14547.333333,8.0,4,train
7.0,4,near_center,1.0,1.0,1.0,0.0,1.0,0.0,0.0,0.0,0.0,1.0,0.8876,81.37,51.5,-68.0,0.0,19500.0,8.0,1,train
7.0,5,near_right,3.0,3.0,3.0,0.0,0.0,1.0,0.0,0.0,1.0,0.0,0.611233,31.503333,-0.666667,27.333333,0.0,15005.666667,8.0,3,train
8.0,0,far_left,4.0,4.0,3.0,1.0,0.0,0.0,0.0,0.0,1.0,0.0,0.62955,49.4975,6.5,-12.75,0.0,5296.25,9.0,3,train
8.0,1,far_center,2.0,2.0,5.0,-3.0,0.0,0.0,0.0,0.0,0.0,3.0,0.86435,41.575,1.75,-5.0,0.0,5403.5,9.0,3,train
8.0,2,far_right,0.0,0.0,0.0,0.0,0.0,0.0,0.0,0.0,0.0,0.0,0.0,0.0,0.0,0.0,0.0,0.0,9.0,0,train
8.0,3,near_left,4.0,4.0,3.0,1.0,0.0,0.0,0.0,0.0,1.0,0.0,0.668325,27.215,23.25,-15.75,0.0,14061.75,9.0,4,train
8.0,4,near_center,1.0,1.0,1.0,0.0,0.0,0.0,0.0,0.0,0.0,0.0,0.925,75.71,51.5,-60.0,0.0,17298.0,9.0,1,train
8.0,5,near_right,3.0,3.0,3.0,0.0,0.0,0.0,0.0,0.0,0.0,0.0,0.6222,60.286667,-2.0,35.333333,0.0,18520.666667,9.0,3,train
9.0,0,far_left,3.0,3.0,4.0,-1.0,0.0,1.0,0.0,0.0,1.0,1.0,0.6871,47.64,-7.666667,7.666667,0.0,4980.333333,10.0,4,train
9.0,1,far_center,3.0,4.0,2.0,1.0,1.0,0.0,1.0,0.0,0.0,0.0,0.889833,36.263333,18.5,-8.666667,0.0,5962.0,10.0,4,train
9.0,2,far_right,0.0,0.0,0.0,0.0,0.0,0.0,0.0,0.0,0.0,0.0,0.0,0.0,0.0,0.0,0.0,0.0,10.0,0,train
9.0,3,near_left,4.0,4.0,4.0,0.0,0.0,0.0,0.0,0.0,0.0,0.0,0.63425,56.7225,45.5,-32.25,0.0,12904.25,10.0,5,train
9.0,4,near_center,1.0,0.0,1.0,0.0,0.0,0.0,0.0,1.0,0.0,0.0,0.9066,60.22,35.0,-52.0,0.0,16380.0,10.0,0,train
9.0,5,near_right,3.0,3.0,3.0,0.0,0.0,0.0,0.0,0.0,0.0,0.0,0.634067,57.743333,-8.5,1.666667,0.0,15751.0,10.0,3,train
10.0,0,far_left,4.0,3.0,3.0,1.0,0.0,0.0,0.0,1.0,1.0,0.0,0.519025,43.8025,-14.375,10.0,0.0,4297.75,11.0,4,train
10.0,1,far_center,4.0,4.0,3.0,1.0,1.0,0.0,0.0,0.0,0.0,0.0,0.847075,42.7575,24.875,-19.25,0.0,7907.25,11.0,4,train
10.0,2,far_right,0.0,0.0,0.0,0.0,0.0,0.0,0.0,0.0,0.0,0.0,0.0,0.0,0.0,0.0,0.0,0.0,11.0,2,train
10.0,3,near_left,5.0,6.0,4.0,1.0,0.0,0.0,1.0,0.0,1.0,0.0,0.77504,43.84,36.0,-13.6,0.0,14284.8,11.0,5,train
10.0,4,near_center,0.0,0.0,1.0,-1.0,0.0,1.0,0.0,0.0,0.0,0.0,0.0,0.0,0.0,0.0,0.0,0.0,11.0,1,train
10.0,5,near_right,3.0,3.0,3.0,0.0,0.0,0.0,0.0,0.0,1.0,1.0,0.7007,39.593333,20.5,-37.333333,0.0,17461.0,11.0,3,train
11.0,0,far_left,4.0,5.0,4.0,0.0,0.0,0.0,1.0,0.0,0.0,0.0,0.3779,38.17,-14.375,-10.0,0.0,3712.25,12.0,3,train
11.0,1,far_center,4.0,3.0,4.0,0.0,0.0,0.0,0.0,1.0,0.0,0.0,0.5557,46.3525,16.375,-23.75,0.0,6518.5,12.0,4,train
11.0,2,far_right,2.0,2.0,0.0,2.0,0.0,0.0,0.0,0.0,2.0,0.0,0.28,0.0,0.0,0.0,0.0,7206.0,12.0,3,train
11.0,3,near_left,5.0,5.0,5.0,0.0,0.0,1.0,0.0,0.0,1.0,0.0,0.7642,33.612,27.7,-19.2,0.0,14762.0,12.0,6,train
11.0,4,near_center,1.0,1.0,0.0,1.0,1.0,0.0,0.0,0.0,0.0,0.0,0.7709,77.71,45.5,64.0,0.0,23000.0,12.0,2,train
11.0,5,near_right,3.0,3.0,3.0,0.0,0.0,0.0,0.0,0.0,0.0,0.0,0.636933,112.34,93.5,-25.666667,0.0,23540.666667,12.0,4,train
12.0,0,far_left,3.0,3.0,4.0,-1.0,0.0,1.0,0.0,0.0,1.0,1.0,0.512367,17.14,5.333333,-1.333333,0.0,2754.333333,13.0,5,train
12.0,1,far_center,4.0,4.0,4.0,0.0,0.0,0.0,0.0,0.0,0.0,0.0,0.753625,44.475,19.75,-5.75,0.0,6500.0,13.0,4,train
12.0,2,far_right,3.0,3.0,2.0,1.0,0.0,0.0,0.0,0.0,1.0,0.0,0.420767,76.756667,-34.5,68.333333,0.0,7505.333333,13.0,3,train
12.0,3,near_left,6.0,6.0,5.0,1.0,1.0,0.0,0.0,0.0,0.0,0.0,0.720083,72.198333,23.333333,-12.5,0.0,11959.666667,13.0,5,train
12.0,4,near_center,2.0,2.0,1.0,1.0,0.0,0.0,0.0,0.0,1.0,0.0,0.8776,96.415,93.25,-24.5,0.0,20449.0,13.0,3,train
12.0,5,near_right,4.0,4.0,3.0,1.0,0.0,0.0,0.0,0.0,1.0,0.0,0.66085,73.7675,55.5,-46.0,0.0,22407.0,13.0,4,train
13.0,0,far_left,5.0,5.0,3.0,2.0,1.0,0.0,0.0,0.0,1.0,0.0,0.48032,52.67,0.9,-13.0,0.0,3802.2,14.0,6,train
13.0,1,far_center,4.0,4.0,4.0,0.0,0.0,0.0,0.0,0.0,0.0,0.0,0.730675,40.5375,16.125,-13.75,0.0,5935.25,14.0,4,train
13.0,2,far_right,3.0,3.0,3.0,0.0,0.0,0.0,0.0,0.0,0.0,0.0,0.3423,35.15,-24.0,30.0,0.0,8595.333333,14.0,3,train
13.0,3,near_left,5.0,5.0,6.0,-1.0,0.0,1.0,0.0,0.0,0.0,0.0,0.58312,60.21,14.5,-10.0,0.0,11735.8,14.0,4,train
13.0,4,near_center,3.0,3.0,2.0,1.0,0.0,0.0,0.0,0.0,1.0,0.0,0.889567,91.663333,68.166667,-37.0,0.0,34491.333333,14.0,3,train
13.0,5,near_right,4.0,4.0,4.0,0.0,0.0,0.0,0.0,0.0,0.0,0.0,0.753725,91.8375,63.75,-53.75,0.0,24003.0,14.0,5,train
14.0,0,far_left,6.0,6.0,5.0,1.0,1.0,0.0,0.0,0.0,1.0,1.0,0.571417,41.78,17.75,-12.833333,0.0,4297.333333,15.0,6,train
14.0,1,far_center,4.0,4.0,4.0,0.0,0.0,0.0,0.0,0.0,0.0,0.0,0.582825,40.61,14.25,-11.5,0.0,5567.0,15.0,4,train
14.0,2,far_right,3.0,3.0,3.0,0.0,0.0,0.0,0.0,0.0,0.0,0.0,0.236933,40.27,-24.166667,19.333333,0.0,8642.0,15.0,2,train
14.0,3,near_left,4.0,4.0,5.0,-1.0,0.0,1.0,0.0,0.0,0.0,0.0,0.586,50.565,-11.625,-2.75,0.0,11504.0,15.0,3,train
14.0,4,near_center,3.0,3.0,3.0,0.0,0.0,0.0,0.0,0.0,0.0,0.0,0.8999,172.723333,150.666667,-89.666667,0.0,28589.333333,15.0,3,train
14.0,5,near_right,5.0,5.0,4.0,1.0,0.0,0.0,0.0,0.0,1.0,0.0,0.7582,60.95,34.5,-49.8,0.0,20697.4,15.0,4,train
15.0,0,far_left,6.0,5.0,6.0,0.0,0.0,0.0,0.0,1.0,0.0,0.0,0.512083,41.598333,22.416667,-8.0,0.166667,4090.666667,16.0,4,train
15.0,1,far_center,4.0,5.0,4.0,0.0,0.0,0.0,1.0,0.0,0.0,0.0,0.497575,42.595,10.875,-9.0,0.0,5138.0,16.0,3,train
15.0,2,far_right,2.0,2.0,3.0,-1.0,0.0,0.0,1.0,1.0,0.0,1.0,0.56195,53.485,-35.5,33.0,0.0,8315.5,16.0,1,train
15.0,3,near_left,3.0,3.0,4.0,-1.0,0.0,0.0,0.0,0.0,0.0,1.0,0.684267,66.873333,-27.5,-0.333333,0.0,11758.0,16.0,5,train
15.0,4,near_center,3.0,3.0,3.0,0.0,0.0,0.0,0.0,0.0,0.0,0.0,0.916733,151.116667,130.0,-83.0,0.0,24442.666667,16.0,3,train
15.0,5,near_right,4.0,4.0,5.0,-1.0,0.0,0.0,1.0,1.0,0.0,1.0,0.7666,104.22,65.5,-74.0,0.0,24993.0,16.0,3,train
16.0,0,far_left,4.0,4.0,6.0,-2.0,0.0,1.0,0.0,0.0,0.0,1.0,0.59,50.49,15.375,6.25,0.0,5773.5,17.0,4,train
16.0,1,far_center,3.0,3.0,4.0,-1.0,1.0,0.0,0.0,0.0,0.0,2.0,0.786167,39.14,-1.5,4.0,0.0,7781.333333,17.0,3,train
16.0,2,far_right,1.0,2.0,2.0,-1.0,0.0,0.0,1.0,0.0,1.0,2.0,0.5897,61.49,0.0,0.0,0.0,9728.0,17.0,1,train
16.0,3,near_left,5.0,5.0,3.0,2.0,0.0,0.0,0.0,0.0,3.0,1.0,0.57138,15.996,12.9,-9.6,0.0,12584.8,17.0,6,train
16.0,4,near_center,3.0,3.0,3.0,0.0,0.0,0.0,0.0,0.0,0.0,0.0,0.881067,130.44,112.0,-73.0,0.0,21965.666667,17.0,3,train
16.0,5,near_right,3.0,2.0,4.0,-1.0,0.0,0.0,0.0,1.0,0.0,1.0,0.893067,114.943333,73.333333,-90.333333,0.0,27109.0,17.0,4,train
17.0,0,far_left,4.0,5.0,4.0,0.0,0.0,0.0,1.0,0.0,0.0,0.0,0.628825,59.185,10.75,11.0,0.0,6724.5,18.0,5,train
17.0,1,far_center,3.0,3.0,3.0,0.0,0.0,0.0,0.0,0.0,0.0,0.0,0.745867,35.666667,-1.833333,3.666667,0.0,7830.0,18.0,3,train
17.0,2,far_right,1.0,1.0,1.0,0.0,1.0,1.0,0.0,0.0,0.0,0.0,0.8286,112.09,78.0,-107.0,0.0,14418.0,18.0,1,train
17.0,3,near_left,6.0,5.0,5.0,1.0,0.0,0.0,0.0,1.0,1.0,0.0,0.639633,56.233333,28.666667,-55.0,0.0,14659.666667,18.0,6,train
17.0,4,near_center,3.0,3.0,3.0,0.0,0.0,0.0,0.0,0.0,0.0,0.0,0.903267,113.0,94.5,-70.0,0.0,19456.666667,18.0,3,train
17.0,5,near_right,4.0,4.0,3.0,1.0,1.0,1.0,0.0,0.0,1.0,0.0,0.65765,96.68,23.125,-36.0,0.25,18399.25,18.0,5,train
18.0,0,far_left,5.0,5.0,4.0,1.0,1.0,0.0,0.0,0.0,0.0,0.0,0.53726,70.092,29.2,-10.6,0.0,8201.0,19.0,4,train
18.0,1,far_center,3.0,3.0,3.0,0.0,0.0,0.0,0.0,0.0,0.0,0.0,0.668433,38.38,-4.833333,5.0,0.0,8195.333333,19.0,4,train
18.0,2,far_right,1.0,2.0,1.0,0.0,0.0,0.0,1.0,0.0,0.0,0.0,0.8663,81.17,76.0,-14.0,0.0,16767.0,19.0,1,train
18.0,3,near_left,6.0,6.0,6.0,0.0,0.0,1.0,0.0,0.0,1.0,0.0,0.743233,71.978333,35.333333,-15.0,0.0,14955.0,19.0,5,train
18.0,4,near_center,3.0,3.0,3.0,0.0,0.0,0.0,0.0,0.0,0.0,0.0,0.873233,109.58,96.0,-58.333333,0.0,17089.666667,19.0,3,train
18.0,5,near_right,5.0,4.0,4.0,1.0,0.0,0.0,0.0,1.0,1.0,0.0,0.59256,78.068,1.0,-12.6,0.0,16319.2,19.0,3,train
19.0,0,far_left,4.0,4.0,5.0,-1.0,0.0,1.0,0.0,0.0,1.0,1.0,0.548775,56.22,17.625,-13.75,0.0,5809.25,20.0,5,train
19.0,1,far_center,4.0,5.0,3.0,1.0,1.0,0.0,1.0,0.0,0.0,0.0,0.7071,58.675,27.75,3.75,0.0,8703.0,20.0,6,train
19.0,2,far_right,1.0,1.0,1.0,0.0,0.0,0.0,0.0,0.0,0.0,0.0,0.77,75.21,59.5,-51.0,0.0,15760.0,20.0,1,train
19.0,3,near_left,5.0,5.0,6.0,-1.0,0.0,0.0,0.0,0.0,0.0,1.0,0.82948,94.594,84.1,-42.6,0.0,16131.4,20.0,6,train
19.0,4,near_center,3.0,2.0,3.0,0.0,0.0,0.0,0.0,1.0,0.0,0.0,0.8632,100.963333,91.166667,-47.666667,0.0,16019.666667,20.0,2,train
19.0,5,near_right,3.0,3.0,5.0,-2.0,0.0,0.0,0.0,0.0,0.0,2.0,0.7274,93.153333,-25.166667,23.666667,0.333333,18410.0,20.0,4,train
20.0,0,far_left,5.0,5.0,4.0,1.0,0.0,0.0,0.0,0.0,1.0,0.0,0.5833,55.368,1.3,6.8,0.0,5916.2,21.0,4,train
20.0,1,far_center,6.0,5.0,4.0,2.0,1.0,0.0,0.0,1.0,1.0,0.0,0.682617,52.411667,33.75,-2.0,0.0,7884.333333,21.0,5,train
20.0,2,far_right,1.0,2.0,1.0,0.0,0.0,0.0,1.0,0.0,0.0,0.0,0.4364,61.92,42.0,-53.0,0.0,12740.0,21.0,2,train
20.0,3,near_left,6.0,6.0,5.0,1.0,0.0,0.0,0.0,0.0,1.0,0.0,0.729583,86.426667,69.75,-42.5,0.0,14328.833333,21.0,7,train
20.0,4,near_center,2.0,3.0,3.0,-1.0,0.0,1.0,1.0,0.0,0.0,0.0,0.82165,96.4,83.25,-53.5,0.0,15509.0,21.0,3,train
20.0,5,near_right,4.0,3.0,3.0,1.0,0.0,0.0,0.0,1.0,2.0,1.0,0.5977,62.4575,-6.375,0.0,0.0,14356.25,21.0,2,train
21.0,0,far_left,4.0,4.0,5.0,-1.0,0.0,0.0,0.0,0.0,0.0,1.0,0.517525,58.7,-0.375,-3.0,0.0,6490.75,22.0,5,train
21.0,1,far_center,5.0,5.0,6.0,-1.0,0.0,2.0,0.0,0.0,1.0,0.0,0.71356,47.888,43.5,-6.0,0.0,6848.4,22.0,4,train
21.0,2,far_right,2.0,2.0,1.0,1.0,2.0,0.0,0.0,0.0,0.0,1.0,0.66075,61.56,-14.25,8.5,0.0,12552.0,22.0,2,train
21.0,3,near_left,7.0,7.0,6.0,1.0,0.0,0.0,0.0,0.0,1.0,0.0,0.706371,64.875714,56.285714,-32.285714,0.0,12555.285714,22.0,7,train
21.0,4,near_center,3.0,3.0,2.0,1.0,1.0,0.0,0.0,0.0,0.0,0.0,0.889667,72.963333,29.833333,-23.0,0.0,13190.0,22.0,3,train
21.0,5,near_right,2.0,2.0,4.0,-2.0,0.0,1.0,0.0,0.0,0.0,1.0,0.48815,45.65,-13.0,48.5,0.0,12805.0,22.0,1,train
22.0,0,far_left,5.0,6.0,4.0,1.0,0.0,0.0,1.0,0.0,1.0,0.0,0.5627,56.52,2.0,0.6,0.0,5919.6,23.0,6,train
22.0,1,far_center,4.0,6.0,5.0,-1.0,0.0,0.0,2.0,0.0,0.0,1.0,0.76255,56.9,52.75,-5.5,0.0,8153.75,23.0,5,train
22.0,2,far_right,2.0,2.0,2.0,0.0,0.0,0.0,0.0,0.0,0.0,0.0,0.7663,45.255,-6.0,-12.0,0.0,11230.5,23.0,2,train
22.0,3,near_left,7.0,6.0,7.0,0.0,0.0,0.0,0.0,1.0,0.0,0.0,0.6601,56.8,51.142857,-25.857143,0.0,12056.142857,23.0,6,train
22.0,4,near_center,3.0,1.0,3.0,0.0,0.0,0.0,0.0,2.0,0.0,0.0,0.853067,73.08,15.166667,-12.333333,0.0,13978.0,23.0,1,train
22.0,5,near_right,1.0,1.0,2.0,-1.0,0.0,0.0,0.0,0.0,0.0,1.0,0.8551,120.7,7.0,149.0,0.0,25636.0,23.0,2,train
23.0,0,far_left,6.0,5.0,5.0,1.0,1.0,0.0,0.0,1.0,0.0,0.0,0.6279,63.455,1.333333,-4.5,0.0,7106.0,24.0,5,train
23.0,1,far_center,5.0,4.0,4.0,1.0,2.0,0.0,0.0,1.0,0.0,1.0,0.8343,63.808,56.9,-15.8,0.0,10381.6,24.0,6,train
23.0,2,far_right,2.0,3.0,2.0,0.0,0.0,0.0,1.0,0.0,0.0,0.0,0.74605,45.365,-9.25,-20.0,0.0,11029.5,24.0,2,train
23.0,3,near_left,6.0,8.0,7.0,-1.0,0.0,1.0,2.0,0.0,0.0,0.0,0.653783,48.53,44.5,-20.5,0.0,10900.0,24.0,7,train
23.0,4,near_center,1.0,0.0,3.0,-2.0,0.0,2.0,0.0,1.0,0.0,0.0,0.8576,85.89,-79.5,34.0,0.0,14553.0,24.0,0,train
23.0,5,near_right,2.0,2.0,1.0,1.0,0.0,0.0,0.0,0.0,1.0,0.0,0.5938,56.74,27.0,41.5,0.5,15094.0,24.0,0,train
24.0,0,far_left,5.0,7.0,6.0,-1.0,0.0,0.0,2.0,0.0,0.0,1.0,0.70502,69.962,-10.6,-1.8,0.0,7218.2,25.0,6,train
24.0,1,far_center,6.0,5.0,5.0,1.0,1.0,1.0,0.0,1.0,1.0,0.0,0.663633,51.851667,20.833333,-20.166667,0.0,7743.833333,25.0,4,train
24.0,2,far_right,2.0,3.0,2.0,0.0,1.0,1.0,1.0,0.0,0.0,0.0,0.75845,76.445,57.75,-43.0,0.0,9445.5,25.0,3,train
24.0,3,near_left,7.0,5.0,6.0,1.0,1.0,0.0,0.0,2.0,0.0,0.0,0.623686,60.228571,23.5,-15.714286,0.0,10687.142857,25.0,5,train
24.0,4,near_center,0.0,0.0,1.0,-1.0,0.0,1.0,0.0,0.0,0.0,0.0,0.0,0.0,0.0,0.0,0.0,0.0,25.0,0,train
24.0,5,near_right,0.0,0.0,2.0,-2.0,0.0,0.0,0.0,0.0,0.0,2.0,0.0,0.0,0.0,0.0,0.0,0.0,25.0,0,train
25.0,0,far_left,6.0,6.0,5.0,1.0,2.0,1.0,1.0,1.0,0.0,0.0,0.707067,72.28,7.0,-10.333333,0.0,7380.0,26.0,7,train
25.0,1,far_center,4.0,4.0,6.0,-2.0,0.0,1.0,0.0,0.0,0.0,1.0,0.81595,58.5525,22.75,-7.5,0.0,9310.75,26.0,4,train
25.0,2,far_right,3.0,3.0,2.0,1.0,1.0,0.0,0.0,0.0,0.0,0.0,0.8167,64.663333,36.666667,16.666667,0.0,9646.666667,26.0,3,train
25.0,3,near_left,5.0,5.0,7.0,-2.0,1.0,2.0,1.0,1.0,0.0,1.0,0.68302,56.224,-20.5,15.8,0.0,10881.0,26.0,5,train
25.0,4,near_center,0.0,0.0,0.0,0.0,0.0,0.0,0.0,0.0,0.0,0.0,0.0,0.0,0.0,0.0,0.0,0.0,26.0,1,train
25.0,5,near_right,0.0,0.0,0.0,0.0,0.0,0.0,0.0,0.0,0.0,0.0,0.0,0.0,0.0,0.0,0.0,0.0,26.0,1,train
26.0,0,far_left,7.0,7.0,6.0,1.0,1.0,1.0,0.0,0.0,1.0,0.0,0.696171,70.501429,31.714286,-18.857143,0.0,7050.428571,27.0,6,train
26.0,1,far_center,4.0,4.0,4.0,0.0,0.0,0.0,0.0,0.0,0.0,0.0,0.840875,50.98,25.375,-11.0,0.0,9326.0,27.0,4,train
26.0,2,far_right,3.0,3.0,3.0,0.0,0.0,0.0,0.0,0.0,0.0,0.0,0.718367,60.993333,21.833333,4.666667,0.0,10160.333333,27.0,3,train
26.0,3,near_left,5.0,5.0,5.0,0.0,1.0,1.0,0.0,0.0,0.0,0.0,0.70426,52.26,-47.9,20.8,0.0,11427.0,27.0,5,train
26.0,4,near_center,1.0,1.0,0.0,1.0,0.0,0.0,0.0,0.0,1.0,0.0,0.8752,0.0,0.0,0.0,0.0,16912.0,27.0,0,train
26.0,5,near_right,1.0,1.0,0.0,1.0,0.0,0.0,0.0,0.0,1.0,0.0,0.165,3.18,0.0,0.0,1.0,7140.0,27.0,1,train
27.0,0,far_left,6.0,5.0,7.0,-1.0,0.0,0.0,0.0,1.0,0.0,1.0,0.681333,62.24,56.916667,-25.333333,0.0,6630.0,28.0,6,train
27.0,1,far_center,4.0,5.0,4.0,0.0,0.0,0.0,1.0,0.0,0.0,0.0,0.6983,51.8625,25.875,-21.0,0.0,8660.25,28.0,5,train
27.0,2,far_right,3.0,3.0,3.0,0.0,0.0,0.0,0.0,0.0,1.0,1.0,0.693933,38.646667,36.833333,7.333333,0.0,8686.666667,28.0,2,train
27.0,3,near_left,5.0,5.0,5.0,0.0,0.0,0.0,0.0,0.0,0.0,0.0,0.713,52.594,-48.0,22.6,0.0,12241.0,28.0,5,train
27.0,4,near_center,0.0,0.0,1.0,-1.0,0.0,1.0,0.0,0.0,0.0,0.0,0.0,0.0,0.0,0.0,0.0,0.0,28.0,0,train
27.0,5,near_right,1.0,1.0,1.0,0.0,1.0,0.0,0.0,0.0,0.0,1.0,0.9152,219.41,204.5,-3.0,0.0,34960.0,28.0,1,train
28.0,0,far_left,6.0,6.0,6.0,0.0,0.0,1.0,0.0,0.0,1.0,0.0,0.626983,65.276667,47.916667,-10.833333,0.0,7258.0,29.0,5,train
28.0,1,far_center,5.0,5.0,4.0,1.0,1.0,0.0,0.0,0.0,0.0,0.0,0.69624,50.552,31.0,-2.4,0.0,8047.2,29.0,6,train
28.0,2,far_right,2.0,2.0,3.0,-1.0,0.0,0.0,0.0,0.0,0.0,1.0,0.7286,20.845,3.25,23.5,0.0,9349.5,29.0,4,train
28.0,3,near_left,5.0,5.0,5.0,0.0,0.0,0.0,0.0,0.0,0.0,0.0,0.66978,58.742,-52.3,26.8,0.0,12797.2,29.0,6,train
28.0,4,near_center,0.0,0.0,0.0,0.0,0.0,0.0,0.0,0.0,0.0,0.0,0.0,0.0,0.0,0.0,0.0,0.0,29.0,0,train
28.0,5,near_right,1.0,1.0,1.0,0.0,0.0,0.0,0.0,0.0,0.0,0.0,0.926,186.71,145.5,-111.0,0.0,34128.0,29.0,1,train
29.0,0,far_left,5.0,5.0,6.0,-1.0,0.0,1.0,0.0,0.0,0.0,0.0,0.52318,61.684,59.3,-7.0,0.0,7303.8,30.0,5,train
29.0,1,far_center,6.0,6.0,5.0,1.0,1.0,0.0,0.0,0.0,0.0,0.0,0.681383,47.286667,25.416667,-10.5,0.0,8008.833333,30.0,6,train
29.0,2,far_right,4.0,4.0,2.0,2.0,0.0,1.0,0.0,0.0,3.0,0.0,0.3814,15.6225,0.375,7.75,0.0,7320.25,30.0,3,train
29.0,3,near_left,6.0,6.0,5.0,1.0,1.0,0.0,0.0,0.0,0.0,0.0,0.66505,63.045,-55.25,27.666667,0.0,10842.166667,30.0,5,train
29.0,4,near_center,0.0,0.0,0.0,0.0,0.0,0.0,0.0,0.0,0.0,0.0,0.0,0.0,0.0,0.0,0.0,0.0,30.0,0,train
29.0,5,near_right,1.0,1.0,1.0,0.0,0.0,0.0,0.0,0.0,0.0,0.0,0.908,163.0,116.5,-132.0,0.0,29960.0,30.0,1,train
30.0,0,far_left,5.0,5.0,5.0,0.0,0.0,0.0,0.0,0.0,1.0,1.0,0.69042,45.46,43.3,-10.6,0.0,7255.2,31.0,6,train
30.0,1,far_center,6.0,4.0,6.0,0.0,0.0,0.0,0.0,2.0,0.0,0.0,0.6277,49.296667,19.75,-8.166667,0.0,7494.5,31.0,5,train
30.0,2,far_right,3.0,4.0,4.0,-1.0,0.0,0.0,1.0,0.0,0.0,1.0,0.680633,46.226667,-19.166667,50.666667,0.0,10027.333333,31.0,4,train
30.0,3,near_left,5.0,5.0,6.0,-1.0,0.0,0.0,0.0,0.0,0.0,1.0,0.63896,56.99,-50.7,27.6,0.2,11406.2,31.0,5,train
30.0,4,near_center,0.0,1.0,0.0,0.0,0.0,0.0,1.0,0.0,0.0,0.0,0.0,0.0,0.0,0.0,0.0,0.0,31.0,0,train
30.0,5,near_right,1.0,1.0,1.0,0.0,0.0,0.0,0.0,0.0,0.0,0.0,0.9059,134.87,100.0,-102.0,0.0,25443.0,31.0,1,train
31.0,0,far_left,6.0,6.0,5.0,1.0,0.0,0.0,0.0,0.0,1.0,0.0,0.643567,66.645,16.75,-7.833333,0.166667,6739.666667,32.0,6,train
31.0,1,far_center,5.0,4.0,6.0,-1.0,0.0,1.0,0.0,1.0,0.0,0.0,0.712,53.436,5.1,-16.8,0.2,7350.4,32.0,4,train
31.0,2,far_right,4.0,3.0,3.0,1.0,1.0,0.0,0.0,1.0,0.0,0.0,0.551525,49.885,6.0,25.5,0.0,8077.75,32.0,4,train
31.0,3,near_left,5.0,5.0,5.0,0.0,0.0,0.0,0.0,0.0,0.0,0.0,0.61896,60.462,-52.1,31.4,0.0,11690.8,32.0,4,train
31.0,4,near_center,0.0,1.0,0.0,0.0,0.0,0.0,1.0,0.0,0.0,0.0,0.0,0.0,0.0,0.0,0.0,0.0,32.0,1,train
31.0,5,near_right,1.0,2.0,1.0,0.0,0.0,0.0,1.0,0.0,0.0,0.0,0.9039,123.11,90.0,-99.0,0.0,19295.0,32.0,1,train
32.0,0,far_left,6.0,5.0,6.0,0.0,0.0,0.0,0.0,1.0,1.0,1.0,0.47425,58.071667,19.916667,-22.0,0.0,6624.333333,33.0,6,train
32.0,1,far_center,4.0,4.0,5.0,-1.0,0.0,1.0,0.0,0.0,0.0,0.0,0.6016,37.465,15.0,-20.0,0.25,4961.25,33.0,4,train
32.0,2,far_right,4.0,2.0,4.0,0.0,0.0,0.0,0.0,2.0,1.0,1.0,0.47155,70.1675,-17.5,54.25,0.0,9782.25,33.0,3,train
32.0,3,near_left,4.0,5.0,5.0,-1.0,0.0,0.0,1.0,0.0,0.0,1.0,0.677625,57.7125,-50.0,30.75,0.0,12648.25,33.0,5,train
32.0,4,near_center,1.0,0.0,0.0,1.0,1.0,0.0,0.0,1.0,0.0,0.0,0.9084,83.91,-45.5,90.0,0.0,17935.0,33.0,0,train
32.0,5,near_right,1.0,4.0,1.0,0.0,0.0,0.0,3.0,0.0,0.0,0.0,0.9012,118.84,104.0,-57.0,0.0,17100.0,33.0,6,train
33.0,0,far_left,6.0,6.0,6.0,0.0,0.0,1.0,0.0,0.0,1.0,0.0,0.49655,29.011667,26.666667,-13.0,0.0,5485.166667,34.0,7,train
33.0,1,far_center,4.0,4.0,4.0,0.0,0.0,0.0,0.0,0.0,0.0,0.0,0.507825,31.135,21.0,-18.25,0.25,3616.5,34.0,2,train
33.0,2,far_right,3.0,3.0,4.0,-1.0,0.0,2.0,1.0,1.0,1.0,0.0,0.425333,43.23,-8.0,7.0,0.0,8156.666667,34.0,2,train
33.0,3,near_left,5.0,5.0,4.0,1.0,1.0,0.0,0.0,0.0,0.0,0.0,0.59022,68.686,-58.9,31.6,0.0,10523.2,34.0,4,train
33.0,4,near_center,0.0,0.0,1.0,-1.0,0.0,1.0,0.0,0.0,0.0,0.0,0.0,0.0,0.0,0.0,0.0,0.0,34.0,0,train
33.0,5,near_right,6.0,6.0,1.0,5.0,3.0,0.0,1.0,1.0,2.0,0.0,0.54225,51.585,-2.083333,16.5,0.0,12086.333333,34.0,5,train
34.0,0,far_left,7.0,7.0,6.0,1.0,0.0,0.0,0.0,0.0,2.0,1.0,0.509457,27.532857,9.214286,-5.142857,0.0,5028.142857,35.0,8,train
34.0,1,far_center,2.0,2.0,4.0,-2.0,0.0,0.0,0.0,0.0,0.0,2.0,0.7631,24.42,-0.75,-5.0,0.0,3713.5,35.0,2,train
34.0,2,far_right,2.0,1.0,3.0,-1.0,1.0,1.0,0.0,1.0,0.0,1.0,0.80175,87.365,45.0,33.0,0.0,15709.5,35.0,1,train
34.0,3,near_left,4.0,4.0,5.0,-1.0,0.0,0.0,0.0,0.0,0.0,1.0,0.588525,59.855,-53.125,29.0,0.0,11457.0,35.0,3,train
34.0,4,near_center,0.0,0.0,0.0,0.0,0.0,0.0,0.0,0.0,0.0,0.0,0.0,0.0,0.0,0.0,0.0,0.0,35.0,0,train
34.0,5,near_right,5.0,6.0,6.0,-1.0,1.0,1.0,1.0,0.0,1.0,2.0,0.61632,63.988,-47.1,45.4,0.0,15249.6,35.0,6,train
35.0,0,far_left,8.0,8.0,7.0,1.0,0.0,0.0,0.0,0.0,2.0,1.0,0.605463,40.74875,-8.125,2.625,0.0,5155.5,36.0,7,train
35.0,1,far_center,2.0,2.0,2.0,0.0,0.0,0.0,0.0,0.0,0.0,0.0,0.7931,15.92,14.75,-3.0,0.0,3689.0,36.0,2,train
35.0,2,far_right,1.0,1.0,2.0,-1.0,0.0,1.0,0.0,0.0,0.0,0.0,0.8976,78.98,67.5,-48.0,0.0,12740.0,36.0,1,train
35.0,3,near_left,3.0,3.0,4.0,-1.0,0.0,0.0,0.0,0.0,0.0,1.0,0.530467,37.16,-33.666667,15.333333,0.0,9717.666667,36.0,3,train
35.0,4,near_center,0.0,0.0,0.0,0.0,0.0,0.0,0.0,0.0,0.0,0.0,0.0,0.0,0.0,0.0,0.0,0.0,36.0,1,train
35.0,5,near_right,6.0,6.0,5.0,1.0,1.0,0.0,0.0,0.0,1.0,1.0,0.710183,93.711667,-58.25,36.333333,0.166667,15619.333333,36.0,5,train
36.0,0,far_left,7.0,7.0,8.0,-1.0,0.0,0.0,0.0,0.0,0.0,1.0,0.642986,42.191429,1.928571,-3.857143,0.0,5284.714286,37.0,7,train
36.0,1,far_center,2.0,2.0,2.0,0.0,0.0,0.0,0.0,0.0,0.0,0.0,0.7514,21.36,19.0,-19.0,0.0,2414.0,37.0,2,train
36.0,2,far_right,1.0,1.0,1.0,0.0,0.0,0.0,0.0,0.0,0.0,0.0,0.8977,56.78,43.5,-42.0,0.0,13320.0,37.0,1,train
36.0,3,near_left,3.0,3.0,3.0,0.0,0.0,0.0,0.0,0.0,0.0,0.0,0.587667,30.68,-27.666667,16.0,0.0,10484.333333,37.0,3,train
36.0,4,near_center,1.0,2.0,0.0,1.0,0.0,0.0,1.0,0.0,1.0,0.0,0.9237,0.0,0.0,0.0,0.0,28116.0,37.0,2,train
36.0,5,near_right,5.0,4.0,6.0,-1.0,0.0,0.0,0.0,1.0,0.0,1.0,0.61198,83.552,-55.6,29.8,0.0,17913.2,37.0,5,train
37.0,0,far_left,7.0,7.0,7.0,0.0,0.0,0.0,0.0,0.0,1.0,1.0,0.592886,48.788571,-6.571429,2.571429,0.0,5924.428571,38.0,5,train
37.0,1,far_center,2.0,2.0,2.0,0.0,0.0,0.0,0.0,0.0,0.0,0.0,0.6942,20.285,18.25,-16.0,0.0,1503.0,38.0,2,train
37.0,2,far_right,1.0,1.0,1.0,0.0,0.0,0.0,0.0,0.0,0.0,0.0,0.8613,49.99,43.0,-29.0,0.0,11392.0,38.0,1,train
37.0,3,near_left,3.0,4.0,3.0,0.0,0.0,0.0,1.0,0.0,0.0,0.0,0.535767,66.403333,-41.166667,38.666667,0.0,11055.666667,38.0,6,train
37.0,4,near_center,2.0,2.0,1.0,1.0,0.0,0.0,1.0,1.0,1.0,0.0,0.7839,48.95,29.25,-45.0,0.0,18477.0,38.0,3,train
37.0,5,near_right,5.0,4.0,5.0,0.0,0.0,0.0,0.0,1.0,1.0,1.0,0.69806,75.276,-42.4,48.4,0.0,22511.6,38.0,4,train
38.0,0,far_left,5.0,5.0,7.0,-2.0,0.0,2.0,0.0,0.0,1.0,1.0,0.64996,23.948,7.2,-12.4,0.0,3846.8,39.0,4,train
38.0,1,far_center,2.0,2.0,2.0,0.0,0.0,0.0,0.0,0.0,0.0,0.0,0.57505,16.575,15.0,-14.0,0.0,765.5,39.0,2,train
38.0,2,far_right,1.0,1.0,1.0,0.0,0.0,0.0,0.0,0.0,0.0,0.0,0.8256,35.4,28.5,-24.0,0.0,11180.0,39.0,1,train
38.0,3,near_left,6.0,6.0,3.0,3.0,3.0,0.0,0.0,0.0,0.0,0.0,0.67815,64.503333,-37.25,-0.0,0.0,13151.166667,39.0,6,train
38.0,4,near_center,3.0,3.0,2.0,1.0,1.0,1.0,0.0,0.0,1.0,0.0,0.445767,222.253333,-148.166667,9.666667,0.0,17041.333333,39.0,3,train
38.0,5,near_right,4.0,4.0,5.0,-1.0,0.0,1.0,0.0,0.0,0.0,0.0,0.716475,48.645,-13.875,22.25,0.0,23930.5,39.0,4,train
39.0,0,far_left,4.0,4.0,5.0,-1.0,0.0,0.0,0.0,0.0,0.0,1.0,0.671875,33.09,15.75,-5.0,0.0,4222.0,40.0,4,train
39.0,1,far_center,2.0,2.0,2.0,0.0,0.0,0.0,0.0,0.0,0.0,0.0,0.35655,20.255,19.0,-14.0,0.0,453.0,40.0,2,train
39.0,2,far_right,1.0,1.0,1.0,0.0,0.0,0.0,0.0,0.0,0.0,0.0,0.8457,3.35,-3.0,-3.0,0.0,9633.0,40.0,1,train
39.0,3,near_left,6.0,6.0,6.0,0.0,0.0,0.0,0.0,0.0,0.0,0.0,0.732417,52.886667,-14.5,14.5,0.0,13431.333333,40.0,6,train
39.0,4,near_center,3.0,3.0,3.0,0.0,0.0,0.0,0.0,0.0,0.0,0.0,0.434167,233.826667,-232.833333,20.666667,0.0,16669.0,40.0,3,train
39.0,5,near_right,4.0,4.0,4.0,0.0,0.0,0.0,0.0,0.0,0.0,0.0,0.683625,63.66,-25.875,-3.75,0.25,18684.5,40.0,2,train
40.0,0,far_left,4.0,4.0,4.0,0.0,0.0,0.0,0.0,0.0,0.0,0.0,0.52105,29.455,12.875,-6.25,0.0,3873.25,41.0,5,train
40.0,1,far_center,2.0,2.0,2.0,0.0,0.0,0.0,0.0,0.0,0.0,0.0,0.281,25.84,25.0,-11.5,1.0,286.5,41.0,0,train
40.0,2,far_right,1.0,1.0,1.0,0.0,0.0,0.0,0.0,0.0,0.0,0.0,0.8383,3.61,-3.0,1.0,0.0,9185.0,41.0,1,train
40.0,3,near_left,6.0,9.0,6.0,0.0,0.0,0.0,3.0,0.0,0.0,0.0,0.744117,81.723333,5.916667,-9.0,0.0,13360.333333,41.0,8,train
40.0,4,near_center,3.0,0.0,3.0,0.0,0.0,0.0,0.0,3.0,0.0,0.0,0.5082,241.62,-241.5,0.666667,0.333333,14482.0,41.0,0,train
40.0,5,near_right,2.0,2.0,4.0,-2.0,0.0,0.0,0.0,0.0,1.0,3.0,0.71635,30.775,1.25,-33.5,0.0,24186.0,41.0,1,train
41.0,0,far_left,5.0,5.0,4.0,1.0,0.0,0.0,0.0,0.0,1.0,0.0,0.55876,17.272,4.5,-3.6,0.2,3355.8,42.0,6,train
41.0,1,far_center,0.0,0.0,2.0,-2.0,0.0,0.0,0.0,0.0,0.0,2.0,0.0,0.0,0.0,0.0,0.0,0.0,42.0,0,train
41.0,2,far_right,1.0,1.0,1.0,0.0,0.0,0.0,0.0,0.0,0.0,0.0,0.8426,1.8,1.0,0.0,0.0,9690.0,42.0,1,train
41.0,3,near_left,8.0,8.0,6.0,2.0,2.0,0.0,0.0,0.0,0.0,0.0,0.700037,120.0175,-65.4375,-2.125,0.0,14918.625,42.0,6,train
41.0,4,near_center,0.0,0.0,3.0,-3.0,0.0,2.0,0.0,0.0,0.0,1.0,0.0,0.0,0.0,0.0,0.0,0.0,42.0,0,train
41.0,5,near_right,1.0,1.0,2.0,-1.0,0.0,0.0,0.0,0.0,0.0,1.0,0.9359,62.39,27.5,-64.0,0.0,32307.0,42.0,1,train
42.0,0,far_left,6.0,6.0,5.0,1.0,0.0,0.0,0.0,0.0,2.0,1.0,0.623717,21.341667,-9.333333,0.833333,0.0,3435.5,43.0,5,train
42.0,1,far_center,0.0,0.0,0.0,0.0,0.0,0.0,0.0,0.0,0.0,0.0,0.0,0.0,0.0,0.0,0.0,0.0,43.0,0,train
42.0,2,far_right,1.0,1.0,1.0,0.0,0.0,0.0,0.0,0.0,0.0,0.0,0.8399,1.41,-1.0,0.0,0.0,9804.0,43.0,1,train
42.0,3,near_left,6.0,6.0,8.0,-2.0,0.0,0.0,0.0,0.0,0.0,2.0,0.67195,110.92,-44.833333,-2.666667,0.0,12301.666667,43.0,7,train
42.0,4,near_center,0.0,0.0,0.0,0.0,0.0,0.0,0.0,0.0,0.0,0.0,0.0,0.0,0.0,0.0,0.0,0.0,43.0,0,train
42.0,5,near_right,1.0,1.0,1.0,0.0,0.0,0.0,0.0,0.0,0.0,0.0,0.9416,55.15,21.0,-58.0,0.0,29095.0,43.0,4,train
43.0,0,far_left,5.0,6.0,6.0,-1.0,0.0,0.0,1.0,0.0,1.0,2.0,0.5121,25.768,-3.8,2.4,0.0,3637.0,44.0,6,train
43.0,1,far_center,0.0,0.0,0.0,0.0,0.0,0.0,0.0,0.0,0.0,0.0,0.0,0.0,0.0,0.0,0.0,0.0,44.0,1,train
43.0,2,far_right,1.0,2.0,1.0,0.0,0.0,0.0,1.0,0.0,0.0,0.0,0.8094,1.8,-1.0,1.0,0.0,10089.0,44.0,3,train
43.0,3,near_left,7.0,6.0,6.0,1.0,0.0,0.0,0.0,1.0,2.0,1.0,0.6384,69.618571,-14.928571,6.714286,0.142857,13128.857143,44.0,4,train
43.0,4,near_center,0.0,0.0,0.0,0.0,0.0,0.0,0.0,0.0,0.0,0.0,0.0,0.0,0.0,0.0,0.0,0.0,44.0,0,train
43.0,5,near_right,4.0,3.0,1.0,3.0,0.0,0.0,0.0,1.0,3.0,0.0,0.792425,12.295,4.0,-13.0,0.0,20666.25,44.0,6,train
44.0,0,far_left,6.0,6.0,5.0,1.0,1.0,0.0,0.0,0.0,0.0,0.0,0.638217,42.578333,1.166667,-7.0,0.0,4509.5,45.0,6,train
44.0,1,far_center,1.0,1.0,0.0,1.0,0.0,0.0,0.0,0.0,1.0,0.0,0.3346,0.0,0.0,0.0,0.0,1748.0,45.0,1,train
44.0,2,far_right,3.0,3.0,1.0,2.0,1.0,0.0,0.0,0.0,1.0,0.0,0.7589,14.84,4.666667,-13.666667,0.0,13686.0,45.0,3,train
44.0,3,near_left,4.0,4.0,7.0,-3.0,0.0,1.0,0.0,0.0,0.0,2.0,0.682525,48.4425,30.25,-30.0,0.0,12664.0,45.0,5,train
44.0,4,near_center,0.0,0.0,0.0,0.0,0.0,0.0,0.0,0.0,0.0,0.0,0.0,0.0,0.0,0.0,0.0,0.0,45.0,0,train
44.0,5,near_right,6.0,6.0,4.0,2.0,0.0,1.0,0.0,0.0,3.0,0.0,0.7806,37.915,12.083333,-4.333333,0.166667,17061.166667,45.0,6,train
45.0,0,far_left,6.0,6.0,6.0,0.0,0.0,0.0,0.0,0.0,0.0,0.0,0.62665,42.381667,-6.583333,4.833333,0.0,4969.666667,46.0,4,train
45.0,1,far_center,1.0,1.0,1.0,0.0,0.0,0.0,0.0,0.0,0.0,0.0,0.2781,17.9,-14.5,11.0,0.0,1599.0,46.0,0,train
45.0,2,far_right,3.0,3.0,3.0,0.0,0.0,0.0,0.0,0.0,1.0,1.0,0.771933,21.113333,10.166667,-12.333333,0.0,12553.666667,46.0,5,train
45.0,3,near_left,5.0,5.0,4.0,1.0,0.0,0.0,0.0,0.0,1.0,0.0,0.73746,22.508,20.0,-11.0,0.0,13359.8,46.0,6,train
45.0,4,near_center,0.0,0.0,0.0,0.0,0.0,0.0,0.0,0.0,0.0,0.0,0.0,0.0,0.0,0.0,0.0,0.0,46.0,0,train
45.0,5,near_right,6.0,6.0,6.0,0.0,0.0,0.0,0.0,0.0,0.0,0.0,0.59965,71.463333,23.916667,-25.0,0.0,21103.0,46.0,6,train
46.0,0,far_left,4.0,4.0,6.0,-2.0,0.0,0.0,0.0,0.0,0.0,2.0,0.847775,56.4175,-16.625,11.25,0.0,7356.75,47.0,3,train
46.0,1,far_center,0.0,0.0,1.0,-1.0,0.0,1.0,0.0,0.0,0.0,0.0,0.0,0.0,0.0,0.0,0.0,0.0,47.0,0,train
46.0,2,far_right,5.0,5.0,3.0,2.0,1.0,0.0,0.0,0.0,1.0,0.0,0.59064,46.874,-13.3,9.8,0.0,8624.0,47.0,4,train
46.0,3,near_left,6.0,6.0,5.0,1.0,0.0,0.0,0.0,0.0,1.0,0.0,0.766933,31.803333,23.75,-20.0,0.0,16235.166667,47.0,7,train
46.0,4,near_center,0.0,0.0,0.0,0.0,0.0,0.0,0.0,0.0,0.0,0.0,0.0,0.0,0.0,0.0,0.0,0.0,47.0,0,train
46.0,5,near_right,6.0,6.0,6.0,0.0,0.0,0.0,0.0,0.0,1.0,1.0,0.752133,56.575,21.416667,-44.333333,0.0,19761.833333,47.0,4,train
47.0,0,far_left,3.0,4.0,4.0,-1.0,0.0,0.0,1.0,0.0,0.0,1.0,0.777367,63.706667,-10.833333,4.333333,0.0,7703.666667,48.0,4,train
47.0,1,far_center,0.0,0.0,0.0,0.0,0.0,0.0,0.0,0.0,0.0,0.0,0.0,0.0,0.0,0.0,0.0,0.0,48.0,0,train
47.0,2,far_right,4.0,4.0,5.0,-1.0,0.0,0.0,0.0,0.0,1.0,2.0,0.8225,23.05,-17.0,20.5,0.0,11934.75,48.0,4,train
47.0,3,near_left,7.0,6.0,6.0,1.0,0.0,0.0,0.0,1.0,1.0,0.0,0.715871,52.075714,40.857143,-36.428571,0.0,15098.285714,48.0,8,train
47.0,4,near_center,0.0,0.0,0.0,0.0,0.0,0.0,0.0,0.0,0.0,0.0,0.0,0.0,0.0,0.0,0.0,0.0,48.0,0,train
47.0,5,near_right,4.0,4.0,6.0,-2.0,0.0,0.0,0.0,0.0,0.0,2.0,0.86325,74.1975,33.75,-45.5,0.0,25955.25,48.0,5,train
48.0,0,far_left,4.0,3.0,3.0,1.0,0.0,0.0,0.0,1.0,1.0,0.0,0.704825,59.655,-13.125,7.25,0.0,7381.25,49.0,3,train
48.0,1,far_center,0.0,0.0,0.0,0.0,0.0,0.0,0.0,0.0,0.0,0.0,0.0,0.0,0.0,0.0,0.0,0.0,49.0,0,train
48.0,2,far_right,4.0,3.0,4.0,0.0,0.0,0.0,0.0,1.0,0.0,0.0,0.81935,31.6075,-19.875,25.5,0.0,12674.75,49.0,4,train
48.0,3,near_left,8.0,9.0,7.0,1.0,0.0,0.0,1.0,0.0,1.0,0.0,0.735662,49.83375,33.5625,-23.625,0.0,14803.5,49.0,10,train
48.0,4,near_center,0.0,0.0,0.0,0.0,0.0,0.0,0.0,0.0,0.0,0.0,0.0,0.0,0.0,0.0,0.0,0.0,49.0,0,train
48.0,5,near_right,5.0,6.0,4.0,1.0,0.0,0.0,1.0,0.0,1.0,0.0,0.80258,89.464,38.1,-67.8,0.0,26332.2,49.0,6,train
49.0,0,far_left,3.0,3.0,4.0,-1.0,0.0,1.0,0.0,0.0,0.0,0.0,0.760233,59.68,-22.833333,6.0,0.0,6892.0,50.0,4,train
49.0,1,far_center,0.0,0.0,0.0,0.0,0.0,0.0,0.0,0.0,0.0,0.0,0.0,0.0,0.0,0.0,0.0,0.0,50.0,0,train
49.0,2,far_right,4.0,4.0,4.0,0.0,0.0,1.0,0.0,0.0,1.0,0.0,0.639675,19.575,-12.375,13.0,0.0,10658.25,50.0,4,train
49.0,3,near_left,10.0,10.0,8.0,2.0,1.0,0.0,0.0,0.0,1.0,0.0,0.61486,58.846,35.8,-26.5,0.0,13461.9,50.0,7,train
49.0,4,near_center,0.0,0.0,0.0,0.0,0.0,0.0,0.0,0.0,0.0,0.0,0.0,0.0,0.0,0.0,0.0,0.0,50.0,0,train
49.0,5,near_right,6.0,6.0,5.0,1.0,1.0,0.0,0.0,0.0,0.0,0.0,0.852717,95.77,-17.666667,-28.5,0.0,23823.833333,50.0,6,train
50.0,0,far_left,4.0,4.0,3.0,1.0,1.0,0.0,0.0,0.0,0.0,0.0,0.76065,65.9825,-6.125,-6.5,0.0,7413.5,51.0,5,train
50.0,1,far_center,0.0,0.0,0.0,0.0,0.0,0.0,0.0,0.0,0.0,0.0,0.0,0.0,0.0,0.0,0.0,0.0,51.0,0,train
50.0,2,far_right,4.0,4.0,4.0,0.0,0.0,0.0,0.0,0.0,0.0,0.0,0.61145,37.4625,-22.75,10.25,0.0,10697.75,51.0,3,train
50.0,3,near_left,7.0,7.0,10.0,-3.0,0.0,1.0,0.0,0.0,0.0,2.0,0.665357,67.688571,39.857143,-23.571429,0.0,13307.285714,51.0,9,train
50.0,4,near_center,0.0,0.0,0.0,0.0,0.0,0.0,0.0,0.0,0.0,0.0,0.0,0.0,0.0,0.0,0.0,0.0,51.0,1,train
50.0,5,near_right,6.0,6.0,6.0,0.0,0.0,0.0,0.0,0.0,0.0,0.0,0.828133,87.201667,-13.75,-20.5,0.0,21677.166667,51.0,7,train
51.0,0,far_left,5.0,5.0,4.0,1.0,0.0,0.0,0.0,0.0,1.0,0.0,0.57998,52.506,-6.5,-3.8,0.0,5678.8,52.0,3,train
51.0,1,far_center,0.0,0.0,0.0,0.0,0.0,0.0,0.0,0.0,0.0,0.0,0.0,0.0,0.0,0.0,0.0,0.0,52.0,0,train
51.0,2,far_right,3.0,5.0,4.0,-1.0,0.0,1.0,2.0,0.0,0.0,0.0,0.6693,40.066667,4.0,36.0,0.0,10649.0,52.0,6,train
51.0,3,near_left,9.0,9.0,7.0,2.0,0.0,0.0,0.0,0.0,2.0,0.0,0.572267,52.931111,28.888889,-15.333333,0.0,13131.111111,52.0,11,train
51.0,4,near_center,1.0,2.0,0.0,1.0,0.0,0.0,1.0,0.0,1.0,0.0,0.1507,0.0,0.0,0.0,0.0,33969.0,52.0,2,train
51.0,5,near_right,7.0,4.0,6.0,1.0,1.0,0.0,0.0,3.0,0.0,0.0,0.734143,92.795714,-19.928571,-13.571429,0.0,18324.428571,52.0,4,train
52.0,0,far_left,3.0,3.0,5.0,-2.0,0.0,1.0,0.0,0.0,0.0,1.0,0.537233,63.706667,7.5,-6.333333,0.0,6291.666667,53.0,4,train
52.0,1,far_center,0.0,0.0,0.0,0.0,0.0,0.0,0.0,0.0,0.0,0.0,0.0,0.0,0.0,0.0,0.0,0.0,53.0,0,train
52.0,2,far_right,6.0,7.0,3.0,3.0,2.0,0.0,1.0,0.0,1.0,0.0,0.520367,62.068333,-7.833333,-22.833333,0.0,11358.833333,53.0,6,train
52.0,3,near_left,11.0,11.0,9.0,2.0,1.0,0.0,0.0,0.0,1.0,0.0,0.575127,70.665455,32.681818,-19.545455,0.0,11914.727273,53.0,9,train
52.0,4,near_center,2.0,2.0,1.0,1.0,1.0,0.0,0.0,0.0,1.0,1.0,0.75145,122.33,-122.0,0.0,0.0,31846.5,53.0,2,train
52.0,5,near_right,4.0,3.0,7.0,-3.0,0.0,3.0,0.0,1.0,0.0,0.0,0.7679,56.57,11.5,8.75,0.0,17349.25,53.0,4,train
53.0,0,far_left,4.0,4.0,3.0,1.0,0.0,0.0,1.0,1.0,1.0,0.0,0.558,46.25,5.25,9.25,0.0,6309.75,54.0,3,train
53.0,1,far_center,0.0,0.0,0.0,0.0,0.0,0.0,0.0,0.0,0.0,0.0,0.0,0.0,0.0,0.0,0.0,0.0,54.0,0,train
53.0,2,far_right,6.0,7.0,6.0,0.0,1.0,0.0,1.0,0.0,0.0,1.0,0.576533,31.841667,-16.416667,-2.833333,0.0,10701.833333,54.0,7,train
53.0,3,near_left,9.0,9.0,11.0,-2.0,0.0,0.0,1.0,1.0,0.0,2.0,0.632256,77.44,37.777778,-12.222222,0.0,12999.0,54.0,11,train
53.0,4,near_center,2.0,2.0,2.0,0.0,0.0,0.0,0.0,0.0,0.0,0.0,0.8164,222.925,-34.25,-60.5,0.0,25905.0,54.0,2,train
53.0,5,near_right,4.0,3.0,4.0,0.0,0.0,1.0,0.0,1.0,1.0,0.0,0.517725,46.5875,-5.75,12.25,0.0,19652.0,54.0,3,train
54.0,0,far_left,3.0,7.0,4.0,-1.0,0.0,1.0,4.0,0.0,0.0,0.0,0.6708,42.516667,-5.5,8.333333,0.0,6344.333333,55.0,6,train
54.0,1,far_center,0.0,0.0,0.0,0.0,0.0,0.0,0.0,0.0,0.0,0.0,0.0,0.0,0.0,0.0,0.0,0.0,55.0,1,train
54.0,2,far_right,7.0,5.0,6.0,1.0,1.0,0.0,0.0,2.0,0.0,0.0,0.564814,54.232857,-14.714286,24.714286,0.0,12074.285714,55.0,5,train
54.0,3,near_left,11.0,7.0,9.0,2.0,1.0,0.0,0.0,4.0,2.0,1.0,0.561373,81.92,17.409091,-23.0,0.090909,11368.454545,55.0,8,train
54.0,4,near_center,2.0,2.0,2.0,0.0,0.0,0.0,0.0,0.0,0.0,0.0,0.84765,213.64,-57.5,-54.5,0.0,21630.0,55.0,2,train
54.0,5,near_right,3.0,5.0,4.0,-1.0,0.0,1.0,2.0,0.0,1.0,1.0,0.6082,48.94,-13.666667,51.0,0.0,18588.0,55.0,7,train
55.0,0,far_left,6.0,7.0,3.0,3.0,3.0,0.0,1.0,0.0,0.0,0.0,0.601983,67.886667,29.5,-26.666667,0.0,7613.5,56.0,8,train
55.0,1,far_center,1.0,1.0,0.0,1.0,0.0,0.0,0.0,0.0,1.0,0.0,0.3082,0.0,0.0,0.0,0.0,4512.0,56.0,1,train
55.0,2,far_right,5.0,5.0,7.0,-2.0,0.0,2.0,0.0,0.0,1.0,1.0,0.40666,30.684,-8.7,26.2,0.0,11970.2,56.0,5,train
55.0,3,near_left,8.0,7.0,11.0,-3.0,0.0,3.0,0.0,1.0,0.0,0.0,0.478425,75.28625,2.4375,-4.125,0.0,10347.375,56.0,6,train
55.0,4,near_center,2.0,2.0,2.0,0.0,0.0,0.0,0.0,0.0,0.0,0.0,0.7941,197.88,-65.0,-44.5,0.5,18609.0,56.0,1,train
55.0,5,near_right,7.0,7.0,3.0,4.0,2.0,0.0,0.0,0.0,2.0,0.0,0.7413,78.798571,-16.071429,68.571429,0.0,20981.428571,56.0,8,train
56.0,0,far_left,8.0,8.0,6.0,2.0,1.0,0.0,1.0,1.0,1.0,0.0,0.61925,49.89125,22.6875,-8.875,0.0,7053.75,57.0,8,train
56.0,1,far_center,1.0,2.0,1.0,0.0,0.0,0.0,1.0,0.0,0.0,0.0,0.5188,33.35,-32.5,15.0,0.0,4687.0,57.0,1,train
56.0,2,far_right,5.0,5.0,5.0,0.0,0.0,1.0,0.0,0.0,2.0,1.0,0.37682,42.884,-0.5,-26.0,0.0,8272.8,57.0,5,train
56.0,3,near_left,6.0,5.0,8.0,-2.0,0.0,1.0,0.0,1.0,1.0,2.0,0.6016,66.928333,-7.166667,4.166667,0.0,11611.833333,57.0,4,train
56.0,4,near_center,1.0,1.0,2.0,-1.0,0.0,0.0,0.0,0.0,0.0,1.0,0.8613,127.22,100.5,-87.0,0.0,21507.0,57.0,1,train
56.0,5,near_right,8.0,8.0,7.0,1.0,1.0,0.0,0.0,0.0,0.0,0.0,0.787388,94.49125,-10.5625,51.5,0.0,21123.75,57.0,9,train
57.0,0,far_left,8.0,8.0,8.0,0.0,1.0,0.0,0.0,0.0,0.0,1.0,0.52085,57.6125,27.4375,-10.25,0.0,8234.75,58.0,10,train
57.0,1,far_center,1.0,2.0,1.0,0.0,0.0,0.0,1.0,0.0,0.0,0.0,0.7502,28.04,-26.0,21.0,0.0,6110.0,58.0,2,train
57.0,2,far_right,5.0,4.0,5.0,0.0,0.0,0.0,0.0,1.0,1.0,1.0,0.35984,36.508,6.9,20.8,0.0,11548.2,58.0,3,train
57.0,3,near_left,4.0,4.0,6.0,-2.0,0.0,1.0,0.0,0.0,0.0,1.0,0.553475,88.825,-25.625,11.25,0.0,12717.0,58.0,4,train
57.0,4,near_center,1.0,0.0,1.0,0.0,0.0,0.0,0.0,1.0,0.0,0.0,0.769,102.5,82.0,-67.0,0.0,19570.0,58.0,0,train
57.0,5,near_right,9.0,10.0,8.0,1.0,0.0,0.0,1.0,0.0,1.0,0.0,0.782089,68.675556,2.166667,9.888889,0.0,20155.0,58.0,9,train
58.0,0,far_left,10.0,9.0,8.0,2.0,1.0,0.0,0.0,1.0,1.0,0.0,0.60083,54.875,26.6,-21.1,0.2,7169.1,59.0,9,train
58.0,1,far_center,2.0,3.0,1.0,1.0,1.0,0.0,1.0,0.0,0.0,0.0,0.7543,59.905,24.5,-19.5,0.0,11769.0,59.0,3,train
58.0,2,far_right,3.0,3.0,5.0,-2.0,0.0,1.0,0.0,0.0,0.0,1.0,0.490033,21.476667,-15.666667,-7.0,0.0,10380.333333,59.0,4,train
58.0,3,near_left,4.0,4.0,4.0,0.0,0.0,1.0,0.0,0.0,2.0,1.0,0.5131,47.0925,-11.375,2.5,0.25,11369.25,59.0,4,train
58.0,4,near_center,0.0,0.0,1.0,-1.0,0.0,1.0,0.0,0.0,0.0,0.0,0.0,0.0,0.0,0.0,0.0,0.0,59.0,1,train
58.0,5,near_right,9.0,9.0,9.0,0.0,1.0,0.0,0.0,0.0,1.0,2.0,0.786756,81.178889,-12.333333,20.111111,0.0,23700.333333,59.0,8,train
59.0,0,far_left,9.0,9.0,10.0,-1.0,0.0,1.0,1.0,1.0,0.0,0.0,0.544278,54.904444,25.222222,-4.666667,0.0,7298.555556,60.0,9,train
59.0,1,far_center,3.0,4.0,2.0,1.0,1.0,0.0,1.0,0.0,0.0,0.0,0.769933,50.536667,13.0,-1.666667,0.0,10107.0,60.0,4,train
59.0,2,far_right,4.0,4.0,3.0,1.0,0.0,0.0,1.0,1.0,1.0,0.0,0.524625,44.7275,-21.75,9.0,0.0,10866.5,60.0,6,train
59.0,3,near_left,4.0,3.0,4.0,0.0,0.0,0.0,0.0,1.0,0.0,0.0,0.37855,44.05,-11.875,4.25,0.0,9268.25,60.0,2,train
59.0,4,near_center,1.0,1.0,0.0,1.0,1.0,0.0,0.0,0.0,0.0,0.0,0.9155,107.15,-41.0,-87.0,0.0,32890.0,60.0,1,train
59.0,5,near_right,8.0,8.0,9.0,-1.0,0.0,1.0,1.0,1.0,1.0,1.0,0.79575,80.655,-6.0625,30.125,0.0,22345.125,60.0,7,train
60.0,0,far_left,9.0,10.0,9.0,0.0,1.0,0.0,1.0,0.0,0.0,1.0,0.5219,59.203333,34.555556,-31.222222,0.0,6953.222222,61.0,10,train
60.0,1,far_center,4.0,3.0,3.0,1.0,0.0,0.0,0.0,1.0,1.0,0.0,0.73955,40.285,0.375,-3.25,0.0,9082.0,61.0,3,train
60.0,2,far_right,6.0,5.0,4.0,2.0,1.0,0.0,0.0,1.0,1.0,0.0,0.5684,45.966667,-13.75,-11.5,0.166667,10861.333333,61.0,4,train
60.0,3,near_left,2.0,2.0,4.0,-2.0,0.0,1.0,0.0,0.0,0.0,1.0,0.25215,0.5,0.25,0.0,0.0,10600.0,61.0,2,train
60.0,4,near_center,1.0,1.0,1.0,0.0,0.0,0.0,0.0,0.0,0.0,0.0,0.9208,112.36,-31.0,-121.0,0.0,27820.0,61.0,3,train
60.0,5,near_right,7.0,8.0,8.0,-1.0,0.0,1.0,1.0,0.0,0.0,0.0,0.801871,86.884286,-5.285714,51.285714,0.0,22463.428571,61.0,7,train
61.0,0,far_left,10.0,8.0,9.0,1.0,0.0,0.0,0.0,2.0,1.0,0.0,0.54178,53.375,30.55,2.7,0.1,6585.2,62.0,9,train
61.0,1,far_center,3.0,4.0,4.0,-1.0,0.0,0.0,1.0,0.0,0.0,1.0,0.755333,50.053333,-4.0,11.0,0.0,9811.333333,62.0,3,train
61.0,2,far_right,4.0,5.0,6.0,-2.0,0.0,1.0,1.0,0.0,0.0,1.0,0.5666,44.01,-38.125,-20.0,0.0,9413.25,62.0,6,train
61.0,3,near_left,2.0,3.0,2.0,0.0,0.0,0.0,1.0,0.0,0.0,0.0,0.24845,0.5,-0.25,0.0,0.0,10650.0,62.0,3,train
61.0,4,near_center,3.0,3.0,1.0,2.0,0.0,0.0,0.0,0.0,2.0,0.0,0.456,29.8,-2.833333,-33.0,0.0,23643.666667,62.0,2,train
61.0,5,near_right,7.0,6.0,7.0,0.0,1.0,0.0,0.0,1.0,0.0,1.0,0.669214,80.862857,-20.642857,44.0,0.0,22112.0,62.0,6,train
62.0,0,far_left,9.0,7.0,10.0,-1.0,0.0,0.0,0.0,2.0,0.0,1.0,0.528422,57.58,31.666667,-15.333333,0.0,7155.666667,63.0,10,train
62.0,1,far_center,3.0,5.0,3.0,0.0,0.0,0.0,2.0,0.0,0.0,0.0,0.839333,55.603333,-15.666667,8.666667,0.0,10184.0,63.0,4,train
62.0,2,far_right,6.0,5.0,4.0,2.0,1.0,0.0,0.0,1.0,1.0,0.0,0.53915,58.75,-25.666667,-33.166667,0.0,9220.333333,63.0,5,train
62.0,3,near_left,3.0,4.0,2.0,1.0,1.0,0.0,1.0,0.0,1.0,1.0,0.632533,110.046667,3.166667,-115.333333,0.0,16649.0,63.0,4,train
62.0,4,near_center,2.0,2.0,3.0,-1.0,0.0,1.0,0.0,0.0,0.0,0.0,0.7946,129.185,68.0,-92.0,0.0,31508.0,63.0,2,train
62.0,5,near_right,6.0,6.0,7.0,-1.0,0.0,1.0,0.0,0.0,0.0,0.0,0.792967,89.356667,-38.0,38.5,0.0,17638.5,63.0,4,train
63.0,0,far_left,10.0,10.0,9.0,1.0,0.0,1.0,0.0,0.0,3.0,1.0,0.42391,42.668,26.65,-10.5,0.0,6092.0,64.0,8,train
63.0,1,far_center,4.0,5.0,3.0,1.0,1.0,0.0,1.0,0.0,0.0,0.0,0.762675,52.9375,-21.125,6.5,0.0,10220.5,64.0,5,train
63.0,2,far_right,5.0,4.0,6.0,-1.0,0.0,1.0,0.0,1.0,0.0,0.0,0.51152,48.676,-29.3,-16.2,0.2,8391.6,64.0,4,train
63.0,3,near_left,4.0,4.0,3.0,1.0,1.0,0.0,0.0,0.0,1.0,1.0,0.6578,100.36,47.0,-17.75,0.0,16652.25,64.0,5,train
63.0,4,near_center,2.0,2.0,2.0,0.0,0.0,0.0,0.0,0.0,0.0,0.0,0.8908,126.98,75.25,-86.5,0.0,25783.5,64.0,2,train
63.0,5,near_right,4.0,4.0,6.0,-2.0,0.0,0.0,0.0,0.0,0.0,2.0,0.611125,62.115,-11.75,29.5,0.5,16191.5,64.0,2,train
64.0,0,far_left,8.0,8.0,10.0,-2.0,0.0,0.0,0.0,0.0,0.0,2.0,0.582812,48.75875,13.875,-9.75,0.0,6264.375,65.0,10,train
64.0,1,far_center,5.0,5.0,4.0,1.0,1.0,0.0,1.0,1.0,0.0,0.0,0.6877,54.204,-27.8,-3.4,0.0,9643.0,65.0,5,train
64.0,2,far_right,4.0,3.0,5.0,-1.0,0.0,1.0,0.0,1.0,0.0,0.0,0.757825,63.4925,-39.375,-36.75,0.0,8396.75,65.0,3,train
64.0,3,near_left,5.0,5.0,4.0,1.0,0.0,0.0,0.0,0.0,1.0,0.0,0.64314,78.228,30.0,-17.6,0.0,14245.2,65.0,5,train
64.0,4,near_center,2.0,3.0,2.0,0.0,0.0,0.0,1.0,0.0,0.0,0.0,0.8717,112.83,82.75,-77.5,0.0,21755.0,65.0,2,train
64.0,5,near_right,2.0,2.0,4.0,-2.0,0.0,0.0,0.0,0.0,0.0,2.0,0.57125,53.28,0.25,62.5,0.0,18251.0,65.0,2,train
65.0,0,far_left,10.0,8.0,8.0,2.0,1.0,0.0,0.0,2.0,2.0,1.0,0.47221,51.999,-2.95,0.1,0.0,6671.1,66.0,8,train
65.0,1,far_center,5.0,6.0,5.0,0.0,1.0,1.0,1.0,0.0,0.0,0.0,0.66404,51.368,-27.0,-19.6,0.0,7716.6,66.0,5,train
65.0,2,far_right,3.0,2.0,4.0,-1.0,0.0,1.0,0.0,1.0,0.0,0.0,0.589633,47.696667,-26.333333,8.333333,0.333333,7840.333333,66.0,2,train
65.0,3,near_left,5.0,7.0,5.0,0.0,0.0,0.0,2.0,0.0,0.0,0.0,0.65216,73.674,24.6,-7.2,0.0,14073.8,66.0,6,train
65.0,4,near_center,2.0,2.0,2.0,0.0,0.0,0.0,0.0,0.0,0.0,0.0,0.80165,105.94,88.0,-65.5,0.0,18751.5,66.0,3,train
65.0,5,near_right,2.0,2.0,2.0,0.0,0.0,0.0,0.0,0.0,0.0,0.0,0.58355,58.115,15.75,60.0,0.0,20673.5,66.0,2,train
66.0,0,far_left,8.0,8.0,10.0,-2.0,0.0,2.0,0.0,0.0,1.0,1.0,0.431937,40.92625,1.5,-4.625,0.0,5331.125,67.0,7,train
66.0,1,far_center,5.0,5.0,5.0,0.0,1.0,0.0,0.0,0.0,0.0,1.0,0.69664,50.572,-44.6,-10.0,0.0,7341.4,67.0,5,train
66.0,2,far_right,2.0,1.0,3.0,-1.0,0.0,1.0,0.0,1.0,0.0,0.0,0.7072,60.25,-26.0,8.0,0.0,13024.0,67.0,1,train
66.0,3,near_left,6.0,6.0,5.0,1.0,1.0,0.0,0.0,0.0,1.0,1.0,0.611283,56.651667,-15.0,8.333333,0.166667,12379.5,67.0,6,train
66.0,4,near_center,3.0,3.0,2.0,1.0,1.0,0.0,0.0,0.0,0.0,0.0,0.861167,95.903333,29.166667,-13.666667,0.0,15750.666667,67.0,3,train
66.0,5,near_right,2.0,3.0,2.0,0.0,0.0,0.0,1.0,0.0,0.0,0.0,0.5206,51.415,15.75,26.5,1.0,16518.0,67.0,1,train
67.0,0,far_left,7.0,8.0,8.0,-1.0,0.0,0.0,1.0,0.0,0.0,1.0,0.408771,45.03,12.5,-6.428571,0.285714,5319.285714,68.0,10,train
67.0,1,far_center,5.0,5.0,5.0,0.0,0.0,0.0,1.0,1.0,1.0,1.0,0.67744,33.224,-25.5,-4.6,0.0,7634.2,68.0,6,train
67.0,2,far_right,1.0,1.0,2.0,-1.0,0.0,1.0,0.0,0.0,0.0,0.0,0.6607,35.19,-13.5,35.0,0.0,11928.0,68.0,1,train
67.0,3,near_left,6.0,6.0,6.0,0.0,0.0,0.0,1.0,1.0,2.0,2.0,0.630567,93.14,-21.0,11.5,0.0,12081.0,68.0,5,train
67.0,4,near_center,3.0,2.0,3.0,0.0,0.0,0.0,1.0,2.0,0.0,0.0,0.841533,89.816667,18.666667,-21.0,0.0,13903.333333,68.0,3,train
67.0,5,near_right,1.0,1.0,2.0,-1.0,1.0,0.0,0.0,0.0,0.0,2.0,0.9026,65.4,-39.0,59.0,0.0,20273.0,68.0,1,train
68.0,0,far_left,10.0,9.0,7.0,3.0,2.0,0.0,0.0,1.0,1.0,0.0,0.42773,50.878,11.65,-8.4,0.3,5630.8,69.0,9,train
68.0,1,far_center,6.0,7.0,5.0,1.0,1.0,1.0,1.0,0.0,1.0,0.0,0.646817,34.253333,-7.75,-15.666667,0.0,6004.833333,69.0,6,train
68.0,2,far_right,1.0,1.0,1.0,0.0,0.0,0.0,0.0,0.0,0.0,0.0,0.4725,19.51,0.5,3.0,0.0,9180.0,69.0,1,train
68.0,3,near_left,5.0,6.0,6.0,-1.0,0.0,2.0,1.0,0.0,2.0,1.0,0.37018,63.878,-43.9,22.0,0.0,10432.4,69.0,7,train
68.0,4,near_center,3.0,2.0,3.0,0.0,1.0,1.0,0.0,1.0,0.0,0.0,0.851567,86.413333,-26.0,13.666667,0.0,16589.333333,69.0,2,train
68.0,5,near_right,1.0,1.0,1.0,0.0,0.0,0.0,0.0,0.0,0.0,0.0,0.9206,66.15,-36.0,59.0,0.0,20520.0,69.0,1,train
69.0,0,far_left,9.0,9.0,10.0,-1.0,0.0,1.0,0.0,0.0,2.0,2.0,0.298322,33.67,20.166667,-16.888889,0.222222,4851.0,70.0,6,train
69.0,1,far_center,6.0,6.0,6.0,0.0,1.0,0.0,0.0,0.0,0.0,1.0,0.734167,37.7,1.75,-20.333333,0.0,7772.833333,70.0,6,train
69.0,2,far_right,1.0,1.0,1.0,0.0,0.0,0.0,0.0,0.0,0.0,0.0,0.4157,43.07,-7.0,47.0,0.0,10944.0,70.0,1,train
69.0,3,near_left,7.0,7.0,5.0,2.0,1.0,0.0,0.0,0.0,2.0,1.0,0.468657,45.702857,-41.857143,18.571429,0.0,11041.571429,70.0,8,train
69.0,4,near_center,2.0,2.0,3.0,-1.0,0.0,1.0,0.0,0.0,0.0,0.0,0.9107,97.39,-84.0,54.5,0.0,17559.0,70.0,2,train
69.0,5,near_right,1.0,1.0,1.0,0.0,0.0,0.0,0.0,0.0,0.0,0.0,0.9108,69.64,-37.0,63.0,0.0,23072.0,70.0,1,train
70.0,0,far_left,6.0,6.0,9.0,-3.0,0.0,0.0,0.0,0.0,0.0,3.0,0.410183,49.368333,29.916667,-12.5,0.0,5534.333333,71.0,5,train
70.0,1,far_center,6.0,6.0,6.0,0.0,0.0,0.0,0.0,0.0,0.0,0.0,0.700067,32.758333,1.5,-19.5,0.0,7665.166667,71.0,5,train
70.0,2,far_right,1.0,1.0,1.0,0.0,0.0,0.0,0.0,0.0,0.0,0.0,0.4472,57.96,-10.5,72.0,0.0,14442.0,71.0,1,train
70.0,3,near_left,8.0,8.0,7.0,1.0,0.0,0.0,0.0,0.0,2.0,1.0,0.438613,105.94625,-26.0625,13.25,0.125,14614.375,71.0,7,train
70.0,4,near_center,2.0,2.0,2.0,0.0,0.0,0.0,0.0,0.0,0.0,0.0,0.9063,110.685,-95.25,61.5,0.0,19636.5,71.0,4,train
70.0,5,near_right,1.0,1.0,1.0,0.0,0.0,0.0,0.0,0.0,0.0,0.0,0.9285,73.79,-33.0,72.0,0.0,24308.0,71.0,2,train
71.0,0,far_left,5.0,6.0,6.0,-1.0,0.0,0.0,1.0,0.0,1.0,2.0,0.56368,50.754,16.8,-6.6,0.0,6825.6,72.0,6,train
71.0,1,far_center,5.0,4.0,6.0,-1.0,0.0,0.0,0.0,1.0,0.0,1.0,0.74426,32.906,0.1,-16.8,0.0,7541.2,72.0,6,train
71.0,2,far_right,1.0,0.0,1.0,0.0,0.0,0.0,0.0,1.0,0.0,0.0,0.757,67.04,-25.5,78.0,0.0,15244.0,72.0,0,train
71.0,3,near_left,7.0,7.0,8.0,-1.0,0.0,0.0,0.0,0.0,0.0,1.0,0.462829,93.054286,7.928571,-30.285714,0.0,11894.0,72.0,7,train
71.0,4,near_center,4.0,4.0,2.0,2.0,0.0,0.0,0.0,0.0,2.0,0.0,0.909775,58.955,-49.75,34.0,0.0,20260.0,72.0,4,train
71.0,5,near_right,2.0,3.0,1.0,1.0,0.0,0.0,1.0,0.0,1.0,0.0,0.5643,41.145,-18.5,40.5,0.0,17061.5,72.0,3,train
72.0,0,far_left,6.0,7.0,5.0,1.0,1.0,0.0,1.0,0.0,0.0,0.0,0.3626,45.493333,-1.916667,-7.166667,0.166667,7476.333333,73.0,7,train
72.0,1,far_center,6.0,5.0,5.0,1.0,0.0,1.0,0.0,1.0,2.0,0.0,0.551017,17.483333,-8.083333,-4.166667,0.0,5468.0,73.0,5,train
72.0,2,far_right,0.0,0.0,1.0,-1.0,0.0,1.0,0.0,0.0,0.0,0.0,0.0,0.0,0.0,0.0,0.0,0.0,73.0,0,train
72.0,3,near_left,7.0,6.0,7.0,0.0,0.0,0.0,0.0,1.0,0.0,0.0,0.654986,98.032857,41.857143,17.142857,0.0,14220.0,73.0,8,train
72.0,4,near_center,4.0,4.0,4.0,0.0,0.0,0.0,1.0,1.0,0.0,0.0,0.898475,154.0225,25.0,34.25,0.0,29536.0,73.0,4,train
72.0,5,near_right,3.0,4.0,2.0,1.0,1.0,0.0,1.0,0.0,0.0,0.0,0.6704,55.616667,-24.0,58.0,0.0,18824.0,73.0,3,train
73.0,0,far_left,7.0,6.0,6.0,1.0,1.0,0.0,1.0,2.0,1.0,1.0,0.588814,37.34,-15.428571,-2.571429,0.142857,6594.714286,74.0,6,train
73.0,1,far_center,5.0,4.0,6.0,-1.0,0.0,1.0,0.0,1.0,0.0,0.0,0.56618,18.066,-14.9,2.6,0.0,5086.8,74.0,4,train
73.0,2,far_right,0.0,0.0,0.0,0.0,0.0,0.0,0.0,0.0,0.0,0.0,0.0,0.0,0.0,0.0,0.0,0.0,74.0,0,train
73.0,3,near_left,8.0,10.0,7.0,1.0,0.0,0.0,2.0,0.0,1.0,0.0,0.625038,81.42125,35.8125,-30.0,0.0,14987.5,74.0,9,train
73.0,4,near_center,4.0,3.0,4.0,0.0,0.0,0.0,0.0,1.0,0.0,0.0,0.879025,155.7625,-5.875,4.5,0.0,29888.75,74.0,3,train
73.0,5,near_right,3.0,4.0,3.0,0.0,0.0,0.0,1.0,0.0,0.0,0.0,0.621933,61.22,-26.5,57.666667,0.0,19983.333333,74.0,2,train
74.0,0,far_left,6.0,5.0,7.0,-1.0,0.0,1.0,0.0,1.0,2.0,2.0,0.5557,36.268333,-1.0,-11.666667,0.0,7137.166667,75.0,3,train
74.0,1,far_center,4.0,4.0,5.0,-1.0,0.0,0.0,0.0,0.0,0.0,1.0,0.551575,22.125,-18.375,6.25,0.25,6345.25,75.0,4,train
74.0,2,far_right,0.0,0.0,0.0,0.0,0.0,0.0,0.0,0.0,0.0,0.0,0.0,0.0,0.0,0.0,0.0,0.0,75.0,0,train
74.0,3,near_left,9.0,10.0,8.0,1.0,1.0,0.0,1.0,0.0,0.0,0.0,0.593289,90.434444,38.333333,-15.111111,0.0,13064.444444,75.0,9,train
74.0,4,near_center,3.0,3.0,4.0,-1.0,0.0,0.0,0.0,0.0,0.0,1.0,0.9134,152.783333,22.833333,-41.0,0.0,29568.666667,75.0,3,train
74.0,5,near_right,2.0,2.0,3.0,-1.0,0.0,0.0,0.0,0.0,0.0,1.0,0.9201,81.29,-38.0,52.0,0.0,25684.0,75.0,3,train
75.0,0,far_left,3.0,4.0,6.0,-3.0,0.0,1.0,1.0,0.0,0.0,2.0,0.772033,46.51,37.5,-26.666667,0.0,7498.666667,76.0,6,train
75.0,1,far_center,4.0,4.0,4.0,0.0,0.0,0.0,0.0,0.0,1.0,1.0,0.574225,23.375,-19.875,9.0,0.25,5829.5,76.0,3,train
75.0,2,far_right,0.0,0.0,0.0,0.0,0.0,0.0,0.0,0.0,0.0,0.0,0.0,0.0,0.0,0.0,0.0,0.0,76.0,0,train
75.0,3,near_left,9.0,8.0,9.0,0.0,1.0,0.0,0.0,1.0,0.0,1.0,0.629422,79.837778,31.611111,-18.444444,0.0,12105.666667,76.0,7,train
75.0,4,near_center,3.0,3.0,3.0,0.0,0.0,0.0,0.0,0.0,0.0,0.0,0.926633,146.066667,-4.166667,-29.666667,0.0,27984.0,76.0,3,train
75.0,5,near_right,3.0,3.0,2.0,1.0,0.0,0.0,0.0,0.0,1.0,0.0,0.622833,57.436667,-18.833333,32.0,0.0,15015.333333,76.0,2,train
76.0,0,far_left,6.0,7.0,3.0,3.0,2.0,0.0,1.0,0.0,1.0,0.0,0.63395,51.805,37.5,-31.666667,0.166667,7116.5,77.0,7,train
76.0,1,far_center,3.0,3.0,4.0,-1.0,0.0,0.0,0.0,0.0,0.0,1.0,0.7205,38.71,-15.166667,13.666667,0.0,7347.333333,77.0,2,train
76.0,2,far_right,0.0,0.0,0.0,0.0,0.0,0.0,0.0,0.0,0.0,0.0,0.0,0.0,0.0,0.0,0.0,0.0,77.0,0,train
76.0,3,near_left,7.0,6.0,9.0,-2.0,0.0,2.0,0.0,1.0,1.0,1.0,0.7149,62.327143,26.785714,-14.142857,0.0,12350.571429,77.0,6,train
76.0,4,near_center,3.0,3.0,3.0,0.0,0.0,0.0,0.0,0.0,0.0,0.0,0.897967,139.55,-19.0,-26.0,0.0,25923.333333,77.0,2,train
76.0,5,near_right,2.0,2.0,3.0,-1.0,0.0,0.0,0.0,0.0,0.0,1.0,0.41785,37.715,3.75,27.5,0.5,14866.0,77.0,0,train
77.0,0,far_left,7.0,7.0,6.0,1.0,2.0,0.0,0.0,0.0,1.0,2.0,0.666429,38.07,27.928571,-25.142857,0.0,6407.571429,78.0,6,train
77.0,1,far_center,2.0,2.0,3.0,-1.0,0.0,1.0,0.0,0.0,0.0,0.0,0.87095,38.77,-27.25,28.5,0.0,11263.5,78.0,2,train
77.0,2,far_right,0.0,0.0,0.0,0.0,0.0,0.0,0.0,0.0,0.0,0.0,0.0,0.0,0.0,0.0,0.0,0.0,78.0,1,train
77.0,3,near_left,6.0,6.0,7.0,-1.0,0.0,1.0,0.0,0.0,0.0,0.0,0.713817,63.553333,2.0,2.166667,0.0,12682.0,78.0,6,train
77.0,4,near_center,2.0,2.0,3.0,-1.0,0.0,0.0,0.0,0.0,0.0,1.0,0.91065,91.93,64.25,-72.0,0.0,18905.0,78.0,2,train
77.0,5,near_right,0.0,0.0,2.0,-2.0,0.0,0.0,0.0,0.0,0.0,2.0,0.0,0.0,0.0,0.0,0.0,0.0,78.0,0,train
78.0,0,far_left,6.0,7.0,7.0,-1.0,0.0,0.0,1.0,0.0,0.0,1.0,0.569083,45.626667,39.5,-28.666667,0.0,6239.0,79.0,6,train
78.0,1,far_center,2.0,2.0,2.0,0.0,0.0,0.0,0.0,0.0,0.0,0.0,0.82745,41.62,-27.5,32.0,0.0,11973.0,79.0,2,train
78.0,2,far_right,1.0,1.0,0.0,1.0,0.0,0.0,0.0,0.0,1.0,0.0,0.3724,0.0,0.0,0.0,0.0,11703.0,79.0,1,train
78.0,3,near_left,6.0,5.0,6.0,0.0,0.0,0.0,0.0,1.0,1.0,1.0,0.67025,76.091667,-5.0,0.5,0.0,12863.833333,79.0,5,train
78.0,4,near_center,2.0,2.0,2.0,0.0,0.0,0.0,0.0,0.0,0.0,0.0,0.9129,77.96,47.75,-67.5,0.0,17607.5,79.0,3,train
78.0,5,near_right,0.0,0.0,0.0,0.0,0.0,0.0,0.0,0.0,0.0,0.0,0.0,0.0,0.0,0.0,0.0,0.0,79.0,0,train
79.0,0,far_left,6.0,7.0,6.0,0.0,1.0,0.0,1.0,0.0,0.0,1.0,0.543783,49.883333,43.5,-30.666667,0.0,6478.333333,80.0,9,train
79.0,1,far_center,2.0,2.0,2.0,0.0,0.0,0.0,0.0,0.0,0.0,0.0,0.86585,43.9,-27.25,36.5,0.0,13303.0,80.0,2,train
79.0,2,far_right,1.0,1.0,1.0,0.0,0.0,0.0,0.0,0.0,0.0,0.0,0.7189,25.71,-11.5,-13.0,0.0,11592.0,80.0,1,train
79.0,3,near_left,5.0,4.0,6.0,-1.0,0.0,1.0,0.0,1.0,0.0,0.0,0.58282,107.086,-46.9,51.6,0.0,13843.4,80.0,3,train
79.0,4,near_center,3.0,3.0,2.0,1.0,0.0,0.0,0.0,0.0,1.0,0.0,0.884533,42.826667,21.666667,-41.0,0.0,18206.333333,80.0,3,train
79.0,5,near_right,0.0,0.0,0.0,0.0,0.0,0.0,0.0,0.0,0.0,0.0,0.0,0.0,0.0,0.0,0.0,0.0,80.0,0,train
80.0,0,far_left,9.0,9.0,6.0,3.0,1.0,0.0,0.0,0.0,2.0,0.0,0.495411,45.64,36.611111,-17.444444,0.111111,5795.333333,81.0,8,train
80.0,1,far_center,2.0,3.0,2.0,0.0,0.0,0.0,2.0,1.0,0.0,0.0,0.91985,43.75,-18.25,40.0,0.0,14387.0,81.0,4,train
80.0,2,far_right,1.0,1.0,1.0,0.0,0.0,0.0,0.0,0.0,0.0,0.0,0.8266,43.93,-33.0,-27.0,0.0,10890.0,81.0,1,train
80.0,3,near_left,3.0,3.0,5.0,-2.0,0.0,1.0,0.0,0.0,1.0,2.0,0.773567,85.553333,-9.833333,49.666667,0.0,14910.0,81.0,3,train
80.0,4,near_center,3.0,1.0,3.0,0.0,0.0,0.0,0.0,2.0,0.0,0.0,0.8821,102.403333,75.833333,-63.333333,0.0,18528.333333,81.0,1,train
80.0,5,near_right,0.0,1.0,0.0,0.0,0.0,0.0,1.0,0.0,0.0,0.0,0.0,0.0,0.0,0.0,0.0,0.0,81.0,1,train
81.0,0,far_left,8.0,8.0,9.0,-1.0,0.0,0.0,0.0,0.0,0.0,1.0,0.608675,45.2575,33.5,-16.0,0.125,5933.0,82.0,7,train
81.0,1,far_center,4.0,4.0,2.0,2.0,2.0,1.0,0.0,0.0,1.0,0.0,0.738225,37.525,8.125,-13.5,0.0,10371.5,82.0,4,train
81.0,2,far_right,1.0,1.0,1.0,0.0,0.0,0.0,0.0,0.0,0.0,0.0,0.8729,51.59,-43.0,-33.0,0.0,9360.0,82.0,2,train
81.0,3,near_left,3.0,3.0,3.0,0.0,0.0,0.0,0.0,0.0,1.0,1.0,0.683733,112.103333,25.666667,-0.666667,0.0,13639.666667,82.0,3,train
81.0,4,near_center,1.0,1.0,3.0,-2.0,0.0,2.0,0.0,0.0,0.0,0.0,0.9122,192.66,181.0,-73.0,0.0,24378.0,82.0,1,train
81.0,5,near_right,1.0,1.0,0.0,1.0,1.0,0.0,0.0,0.0,0.0,0.0,0.8842,47.8,-13.0,52.0,0.0,16000.0,82.0,1,train
82.0,0,far_left,7.0,7.0,8.0,-1.0,0.0,0.0,0.0,0.0,0.0,1.0,0.578743,46.072857,31.357143,-23.142857,0.0,5995.142857,83.0,5,train
82.0,1,far_center,4.0,4.0,4.0,0.0,0.0,1.0,0.0,0.0,1.0,0.0,0.890525,39.4525,10.375,-11.0,0.0,12077.75,83.0,5,train
82.0,2,far_right,2.0,2.0,1.0,1.0,1.0,0.0,0.0,0.0,0.0,0.0,0.57405,53.015,1.75,-13.5,0.0,5643.0,83.0,2,train
82.0,3,near_left,3.0,3.0,3.0,0.0,0.0,0.0,0.0,0.0,1.0,1.0,0.545967,70.82,51.0,-18.0,0.0,11975.0,83.0,3,train
82.0,4,near_center,1.0,1.0,1.0,0.0,0.0,0.0,0.0,0.0,0.0,0.0,0.8958,174.63,164.0,-66.0,0.0,21792.0,83.0,1,train
82.0,5,near_right,1.0,1.0,1.0,0.0,0.0,0.0,0.0,0.0,0.0,0.0,0.8844,53.44,-23.5,56.0,0.0,18360.0,83.0,1,train
83.0,0,far_left,5.0,5.0,7.0,-2.0,0.0,1.0,0.0,0.0,0.0,1.0,0.57696,40.874,19.9,-25.6,0.0,5422.8,84.0,7,train
83.0,1,far_center,5.0,5.0,4.0,1.0,1.0,0.0,0.0,0.0,0.0,0.0,0.67926,68.674,1.0,-4.0,0.0,11423.6,84.0,5,train
83.0,2,far_right,2.0,2.0,2.0,0.0,0.0,0.0,0.0,0.0,1.0,1.0,0.8395,23.705,-18.75,-18.0,0.0,10105.0,84.0,2,train
83.0,3,near_left,3.0,2.0,3.0,0.0,0.0,0.0,0.0,1.0,0.0,0.0,0.557167,50.58,47.5,-14.0,0.0,11802.0,84.0,2,train
83.0,4,near_center,1.0,2.0,1.0,0.0,0.0,0.0,1.0,0.0,0.0,0.0,0.8593,149.59,139.5,-56.0,0.0,19401.0,84.0,2,train
83.0,5,near_right,1.0,1.0,1.0,0.0,0.0,0.0,0.0,0.0,0.0,0.0,0.8767,68.38,-37.0,61.0,0.0,20739.0,84.0,1,train
84.0,0,far_left,7.0,7.0,5.0,2.0,0.0,0.0,0.0,0.0,2.0,0.0,0.468057,27.984286,5.857143,-1.857143,0.0,5312.142857,85.0,4,train
84.0,1,far_center,5.0,4.0,5.0,0.0,0.0,0.0,0.0,1.0,0.0,0.0,0.85796,72.566,-2.7,-17.2,0.0,10880.4,85.0,5,train
84.0,2,far_right,2.0,2.0,2.0,0.0,0.0,0.0,0.0,0.0,0.0,0.0,0.83655,45.55,-38.0,-25.0,0.0,9628.5,85.0,4,train
84.0,3,near_left,2.0,2.0,3.0,-1.0,0.0,1.0,0.0,0.0,0.0,0.0,0.46895,1.12,-0.75,2.0,0.0,10426.0,85.0,2,train
84.0,4,near_center,2.0,3.0,1.0,1.0,1.0,0.0,1.0,0.0,0.0,0.0,0.85475,133.625,126.0,-46.5,0.0,15655.5,85.0,2,train
84.0,5,near_right,1.0,1.0,1.0,0.0,0.0,0.0,0.0,0.0,0.0,0.0,0.8289,84.39,-55.0,70.0,0.0,21855.0,85.0,1,train
85.0,0,far_left,4.0,5.0,7.0,-3.0,0.0,0.0,1.0,0.0,0.0,3.0,0.3588,34.105,1.875,-5.0,0.0,5443.25,86.0,3,train
85.0,1,far_center,5.0,5.0,5.0,0.0,1.0,1.0,1.0,1.0,0.0,0.0,0.71614,74.176,30.7,-27.2,0.0,8677.4,86.0,4,train
85.0,2,far_right,4.0,3.0,2.0,2.0,0.0,0.0,0.0,1.0,2.0,0.0,0.5788,15.995,-12.125,-11.5,0.0,6681.75,86.0,4,train
85.0,3,near_left,2.0,2.0,2.0,0.0,0.0,0.0,0.0,0.0,0.0,0.0,0.4616,0.71,-0.5,0.0,1.0,10450.5,86.0,3,train
85.0,4,near_center,2.0,2.0,2.0,0.0,1.0,1.0,0.0,0.0,0.0,0.0,0.86175,88.335,32.25,2.0,0.0,17893.5,86.0,2,train
85.0,5,near_right,1.0,1.0,1.0,0.0,0.0,0.0,0.0,0.0,0.0,0.0,0.8964,107.01,-70.5,89.0,0.0,25200.0,86.0,1,train
86.0,0,far_left,3.0,3.0,4.0,-1.0,1.0,0.0,0.0,0.0,0.0,2.0,0.731867,43.65,-1.0,-7.666667,0.0,6462.0,87.0,5,train
86.0,1,far_center,4.0,5.0,5.0,-1.0,0.0,1.0,1.0,0.0,0.0,0.0,0.853725,72.205,15.5,-11.0,0.0,9619.0,87.0,6,train
86.0,2,far_right,4.0,3.0,4.0,0.0,0.0,0.0,0.0,1.0,0.0,0.0,0.624225,28.74,-21.625,-2.75,0.0,7288.75,87.0,3,train
86.0,3,near_left,3.0,3.0,2.0,1.0,0.0,0.0,0.0,0.0,1.0,0.0,0.5402,0.833333,0.5,0.0,0.0,15834.666667,87.0,3,train
86.0,4,near_center,2.0,2.0,2.0,0.0,0.0,0.0,0.0,0.0,0.0,0.0,0.901,91.17,24.25,9.5,0.0,18753.5,87.0,2,train
86.0,5,near_right,1.0,1.0,1.0,0.0,0.0,0.0,0.0,0.0,0.0,0.0,0.8082,121.42,-90.0,86.0,0.0,25578.0,87.0,1,train
87.0,0,far_left,5.0,6.0,3.0,2.0,0.0,0.0,1.0,0.0,2.0,0.0,0.55114,32.174,-2.1,-2.6,0.0,4826.4,88.0,5,train
87.0,1,far_center,6.0,7.0,4.0,2.0,1.0,0.0,2.0,1.0,1.0,0.0,0.708833,49.298333,3.666667,-14.166667,0.0,7630.666667,88.0,6,train
87.0,2,far_right,3.0,2.0,4.0,-1.0,0.0,1.0,0.0,1.0,0.0,0.0,0.8614,40.323333,-22.166667,20.666667,0.0,8302.0,88.0,3,train
87.0,3,near_left,3.0,2.0,3.0,0.0,0.0,0.0,0.0,1.0,0.0,0.0,0.493433,63.196667,53.0,-32.666667,0.0,14633.333333,88.0,3,train
87.0,4,near_center,2.0,2.0,2.0,0.0,0.0,0.0,1.0,1.0,0.0,0.0,0.85915,103.48,15.5,-5.5,0.0,17369.0,88.0,1,train
87.0,5,near_right,1.0,1.0,1.0,0.0,0.0,0.0,0.0,0.0,0.0,0.0,0.8645,135.76,-96.0,108.0,0.0,30210.0,88.0,3,train
88.0,0,far_left,5.0,5.0,5.0,0.0,1.0,0.0,0.0,0.0,0.0,1.0,0.68952,58.17,-33.2,4.6,0.0,6033.0,89.0,5,train
88.0,1,far_center,6.0,7.0,6.0,0.0,1.0,1.0,1.0,0.0,0.0,0.0,0.729267,46.18,31.583333,-14.666667,0.0,7677.166667,89.0,7,train
88.0,2,far_right,3.0,2.0,3.0,0.0,0.0,0.0,0.0,1.0,0.0,0.0,0.776433,35.783333,-19.166667,25.0,0.0,9659.333333,89.0,2,train
88.0,3,near_left,3.0,3.0,3.0,0.0,0.0,0.0,0.0,0.0,0.0,0.0,0.527767,52.55,45.666667,-29.666667,0.0,13203.666667,89.0,2,train
88.0,4,near_center,1.0,2.0,2.0,-1.0,0.0,1.0,1.0,0.0,0.0,0.0,0.9215,106.47,-77.5,83.0,0.0,29412.0,89.0,3,train
88.0,5,near_right,3.0,2.0,1.0,2.0,0.0,0.0,0.0,1.0,2.0,0.0,0.637233,49.39,-35.666667,33.0,0.0,15927.666667,89.0,2,train
89.0,0,far_left,5.0,5.0,5.0,0.0,0.0,0.0,0.0,0.0,0.0,0.0,0.62454,52.642,-33.1,-0.4,0.0,5191.4,90.0,5,train
89.0,1,far_center,7.0,7.0,6.0,1.0,1.0,0.0,0.0,0.0,0.0,0.0,0.753214,42.607143,28.142857,-19.428571,0.0,7301.142857,90.0,6,train
89.0,2,far_right,2.0,2.0,3.0,-1.0,0.0,1.0,0.0,0.0,0.0,0.0,0.86115,43.58,-16.5,37.0,0.0,11728.0,90.0,4,train
89.0,3,near_left,2.0,2.0,3.0,-1.0,0.0,1.0,0.0,0.0,0.0,0.0,0.38305,0.25,0.0,1.0,0.0,10611.5,90.0,3,train
89.0,4,near_center,3.0,3.0,1.0,2.0,2.0,0.0,0.0,0.0,0.0,0.0,0.8941,137.236667,-32.333333,7.333333,0.0,23502.0,90.0,2,train
89.0,5,near_right,2.0,2.0,3.0,-1.0,0.0,1.0,0.0,0.0,0.0,0.0,0.5889,35.6,18.75,0.0,0.0,18189.0,90.0,2,train
90.0,0,far_left,5.0,5.0,5.0,0.0,0.0,0.0,0.0,0.0,0.0,0.0,0.49372,52.432,-31.9,9.2,0.2,5164.2,91.0,3,train
90.0,1,far_center,6.0,6.0,7.0,-1.0,0.0,1.0,0.0,0.0,0.0,0.0,0.752133,44.795,30.75,-18.333333,0.0,7252.5,91.0,6,train
90.0,2,far_right,4.0,3.0,2.0,2.0,1.0,0.0,0.0,1.0,1.0,0.0,0.731225,32.8175,7.5,17.75,0.0,10343.25,91.0,2,train
90.0,3,near_left,3.0,3.0,2.0,1.0,0.0,0.0,0.0,0.0,1.0,0.0,0.5618,0.913333,0.666667,0.0,0.0,13113.666667,91.0,4,train
90.0,4,near_center,2.0,2.0,3.0,-1.0,0.0,0.0,0.0,0.0,0.0,1.0,0.8859,129.185,14.0,19.5,0.0,28551.0,91.0,3,train
90.0,5,near_right,2.0,3.0,2.0,0.0,0.0,0.0,1.0,0.0,0.0,0.0,0.565,41.39,29.75,-1.5,0.0,23256.0,91.0,4,train
91.0,0,far_left,3.0,3.0,5.0,-2.0,0.0,1.0,0.0,0.0,0.0,1.0,0.507,48.953333,-32.5,-9.666667,0.0,4011.666667,92.0,2,train
91.0,1,far_center,6.0,6.0,6.0,0.0,0.0,0.0,0.0,0.0,0.0,0.0,0.720367,42.633333,28.666667,-15.333333,0.0,6704.333333,92.0,6,train
91.0,2,far_right,2.0,2.0,4.0,-2.0,0.0,2.0,0.0,0.0,0.0,0.0,0.6937,33.445,19.25,12.5,0.0,8437.0,92.0,2,train
91.0,3,near_left,4.0,4.0,3.0,1.0,1.0,0.0,0.0,0.0,0.0,0.0,0.578725,58.835,9.5,-6.25,0.0,12867.0,92.0,4,train
91.0,4,near_center,3.0,3.0,2.0,1.0,0.0,0.0,0.0,0.0,1.0,0.0,0.865733,86.373333,-5.0,22.666667,0.0,31323.666667,92.0,3,train
91.0,5,near_right,4.0,4.0,2.0,2.0,2.0,0.0,0.0,0.0,0.0,0.0,0.71985,53.71,1.25,4.0,0.0,18240.25,92.0,4,train
92.0,0,far_left,2.0,1.0,3.0,-1.0,0.0,0.0,0.0,1.0,0.0,1.0,0.7906,66.215,-62.25,30.5,0.0,6505.5,93.0,1,train
92.0,1,far_center,6.0,6.0,6.0,0.0,0.0,1.0,1.0,1.0,1.0,0.0,0.6489,31.68,18.166667,-11.666667,0.0,5770.5,93.0,7,train
92.0,2,far_right,2.0,3.0,2.0,0.0,1.0,0.0,1.0,0.0,0.0,1.0,0.55945,39.535,19.75,13.0,0.0,8437.0,93.0,3,train
92.0,3,near_left,4.0,5.0,4.0,0.0,0.0,0.0,1.0,0.0,0.0,0.0,0.60365,61.19,8.0,-7.75,0.0,11623.0,93.0,5,train
92.0,4,near_center,3.0,2.0,3.0,0.0,0.0,0.0,0.0,1.0,0.0,0.0,0.895567,137.63,16.0,-21.333333,0.0,32376.666667,93.0,2,train
92.0,5,near_right,4.0,4.0,4.0,0.0,0.0,0.0,0.0,0.0,0.0,0.0,0.7273,57.3875,-0.375,11.5,0.0,18653.0,93.0,4,train
93.0,0,far_left,1.0,1.0,2.0,-1.0,0.0,1.0,0.0,0.0,0.0,0.0,0.7658,33.98,-28.5,20.0,0.0,5124.0,94.0,1,train
93.0,1,far_center,7.0,7.0,6.0,1.0,2.0,1.0,0.0,0.0,0.0,0.0,0.661243,36.441429,8.0,-14.285714,0.0,5673.285714,94.0,7,train
93.0,2,far_right,3.0,3.0,2.0,1.0,1.0,1.0,0.0,0.0,1.0,0.0,0.721867,41.88,15.833333,1.333333,0.0,8693.333333,94.0,2,train
93.0,3,near_left,5.0,5.0,4.0,1.0,1.0,0.0,0.0,0.0,0.0,0.0,0.59924,64.506,-16.5,9.2,0.0,11779.8,94.0,5,train
93.0,4,near_center,2.0,2.0,3.0,-1.0,0.0,1.0,0.0,0.0,0.0,0.0,0.8815,162.455,-15.75,-54.5,0.0,26582.5,94.0,1,train
93.0,5,near_right,4.0,4.0,4.0,0.0,0.0,0.0,0.0,0.0,0.0,0.0,0.718775,59.8575,-5.125,6.25,0.0,17346.75,94.0,3,train
94.0,0,far_left,1.0,1.0,1.0,0.0,0.0,0.0,0.0,0.0,0.0,0.0,0.7749,29.83,-23.0,22.0,0.0,6144.0,95.0,1,train
94.0,1,far_center,7.0,7.0,7.0,0.0,1.0,0.0,0.0,0.0,1.0,2.0,0.6543,36.788571,2.785714,-8.714286,0.0,5826.857143,95.0,6,train
94.0,2,far_right,2.0,2.0,3.0,-1.0,0.0,1.0,1.0,1.0,0.0,0.0,0.85795,53.955,18.0,7.0,0.0,10742.5,95.0,1,train
94.0,3,near_left,5.0,5.0,5.0,0.0,0.0,0.0,0.0,0.0,0.0,0.0,0.62448,60.59,-20.6,11.2,0.0,11297.2,95.0,5,train
94.0,4,near_center,1.0,1.0,2.0,-1.0,0.0,0.0,0.0,0.0,0.0,1.0,0.8887,139.73,113.5,-92.0,0.0,30024.0,95.0,1,train
94.0,5,near_right,3.0,3.0,4.0,-1.0,0.0,0.0,1.0,1.0,0.0,1.0,0.8768,90.696667,-14.166667,4.666667,0.0,18740.0,95.0,7,train
95.0,0,far_left,1.0,1.0,1.0,0.0,0.0,0.0,0.0,0.0,0.0,0.0,0.8247,34.92,-30.5,17.0,0.0,5760.0,96.0,2,train
95.0,1,far_center,6.0,6.0,7.0,-1.0,0.0,0.0,0.0,0.0,0.0,1.0,0.71245,40.625,3.166667,5.666667,0.0,6519.333333,96.0,7,train
95.0,2,far_right,1.0,2.0,2.0,-1.0,0.0,1.0,1.0,0.0,0.0,0.0,0.8645,51.39,49.0,-12.0,0.0,7810.0,96.0,1,train
95.0,3,near_left,5.0,5.0,5.0,0.0,0.0,0.0,0.0,0.0,0.0,0.0,0.7075,56.97,-23.3,14.0,0.0,11934.6,96.0,4,train
95.0,4,near_center,1.0,1.0,1.0,0.0,0.0,0.0,0.0,0.0,0.0,0.0,0.8976,121.04,95.0,-86.0,0.0,24064.0,96.0,1,train
95.0,5,near_right,7.0,6.0,3.0,4.0,1.0,0.0,0.0,1.0,3.0,0.0,0.685086,40.912857,-9.428571,22.714286,0.142857,14925.0,96.0,6,train
96.0,0,far_left,2.0,3.0,1.0,1.0,1.0,0.0,1.0,0.0,0.0,0.0,0.4954,37.24,-34.5,-4.0,0.0,4833.0,97.0,3,train
96.0,1,far_center,7.0,7.0,6.0,1.0,0.0,1.0,0.0,0.0,2.0,0.0,0.621986,31.044286,8.357143,-0.142857,0.0,4871.285714,97.0,6,train
96.0,2,far_right,1.0,1.0,1.0,0.0,0.0,0.0,0.0,0.0,0.0,0.0,0.5385,44.29,39.0,-23.0,0.0,6210.0,97.0,0,train
96.0,3,near_left,4.0,3.0,5.0,-1.0,0.0,0.0,0.0,1.0,0.0,1.0,0.73485,75.33,-29.5,7.5,0.0,13412.25,97.0,3,train
96.0,4,near_center,1.0,1.0,1.0,0.0,0.0,0.0,0.0,0.0,0.0,0.0,0.9264,99.72,78.5,-66.0,0.0,20501.0,97.0,1,train
96.0,5,near_right,6.0,6.0,7.0,-1.0,0.0,0.0,0.0,0.0,0.0,1.0,0.780217,68.381667,4.833333,35.5,0.0,20849.666667,97.0,6,train
97.0,0,far_left,3.0,3.0,2.0,1.0,1.0,1.0,0.0,0.0,1.0,0.0,0.7242,46.756667,11.333333,-11.666667,0.0,6303.0,98.0,3,train
97.0,1,far_center,6.0,6.0,7.0,-1.0,1.0,0.0,0.0,0.0,0.0,2.0,0.754933,40.535,-15.75,22.833333,0.0,6298.833333,98.0,7,train
97.0,2,far_right,0.0,0.0,1.0,-1.0,0.0,0.0,0.0,0.0,0.0,1.0,0.0,0.0,0.0,0.0,0.0,0.0,98.0,0,train
97.0,3,near_left,3.0,3.0,4.0,-1.0,0.0,1.0,0.0,0.0,0.0,0.0,0.754167,80.076667,-72.166667,36.666667,0.0,16566.666667,98.0,3,train
97.0,4,near_center,1.0,1.0,1.0,0.0,0.0,0.0,0.0,0.0,0.0,0.0,0.9105,90.03,68.0,-67.0,0.0,17787.0,98.0,1,train
97.0,5,near_right,6.0,6.0,6.0,0.0,0.0,0.0,0.0,0.0,0.0,0.0,0.7446,83.13,4.166667,28.833333,0.0,22360.833333,98.0,6,train
98.0,0,far_left,3.0,3.0,3.0,0.0,0.0,0.0,0.0,0.0,0.0,0.0,0.745,54.163333,16.5,1.0,0.0,7095.0,99.0,4,train
98.0,1,far_center,7.0,7.0,6.0,1.0,0.0,0.0,0.0,0.0,1.0,0.0,0.819643,44.851429,-16.714286,14.428571,0.0,6767.142857,99.0,6,train
98.0,2,far_right,0.0,0.0,0.0,0.0,0.0,0.0,0.0,0.0,0.0,0.0,0.0,0.0,0.0,0.0,0.0,0.0,99.0,1,train
98.0,3,near_left,3.0,3.0,3.0,0.0,0.0,0.0,0.0,0.0,1.0,1.0,0.5464,48.12,-46.0,12.333333,0.0,11420.0,99.0,2,train
98.0,4,near_center,1.0,1.0,1.0,0.0,0.0,0.0,0.0,0.0,0.0,0.0,0.8981,76.45,59.5,-53.0,0.0,15912.0,99.0,1,train
98.0,5,near_right,6.0,6.0,6.0,0.0,0.0,0.0,0.0,0.0,0.0,0.0,0.777783,66.091667,-6.416667,-3.166667,0.0,20028.333333,99.0,6,train
99.0,0,far_left,4.0,4.0,3.0,1.0,1.0,0.0,0.0,0.0,0.0,0.0,0.73015,49.07,-6.25,20.75,0.0,7508.5,100.0,4,train
99.0,1,far_center,6.0,6.0,7.0,-1.0,0.0,1.0,0.0,0.0,1.0,1.0,0.709283,29.165,-7.0,4.166667,0.0,8698.333333,100.0,5,train
99.0,2,far_right,1.0,1.0,0.0,1.0,0.0,0.0,0.0,0.0,1.0,0.0,0.6042,0.0,0.0,0.0,0.0,6732.0,100.0,1,train
99.0,3,near_left,2.0,2.0,3.0,-1.0,0.0,0.0,0.0,0.0,0.0,1.0,0.44175,1.06,0.75,0.5,0.0,10004.5,100.0,2,train
99.0,4,near_center,1.0,1.0,1.0,0.0,0.0,0.0,0.0,0.0,0.0,0.0,0.85,87.08,76.0,-48.0,0.0,13860.0,100.0,1,train
99.0,5,near_right,6.0,6.0,6.0,0.0,0.0,0.0,0.0,0.0,1.0,1.0,0.7359,62.883333,-21.916667,-1.666667,0.0,16693.833333,100.0,3,train
100.0,0,far_left,4.0,4.0,4.0,0.0,0.0,0.0,0.0,0.0,0.0,0.0,0.7529,58.8875,-19.375,11.75,0.0,7986.5,101.0,5,train
100.0,1,far_center,5.0,4.0,6.0,-1.0,0.0,0.0,0.0,1.0,0.0,1.0,0.8366,50.824,-20.9,33.0,0.0,8891.2,101.0,5,train
100.0,2,far_right,1.0,3.0,1.0,0.0,0.0,0.0,2.0,0.0,0.0,0.0,0.7233,29.82,-17.0,32.0,0.0,11088.0,101.0,1,train
100.0,3,near_left,2.0,2.0,2.0,0.0,0.0,0.0,0.0,0.0,0.0,0.0,0.44385,1.12,-1.0,0.5,0.0,10319.5,101.0,2,train
100.0,4,near_center,1.0,1.0,1.0,0.0,0.0,0.0,0.0,0.0,0.0,0.0,0.8756,95.2,87.5,-41.0,0.0,13195.0,101.0,1,train
100.0,5,near_right,3.0,2.0,6.0,-3.0,0.0,0.0,0.0,1.0,0.0,3.0,0.820267,95.783333,-7.333333,-13.333333,0.0,24695.333333,101.0,4,train
101.0,0,far_left,5.0,5.0,4.0,1.0,1.0,0.0,0.0,0.0,0.0,0.0,0.69814,58.47,-30.5,8.6,0.0,7807.4,102.0,2,train
101.0,1,far_center,5.0,6.0,5.0,0.0,0.0,1.0,1.0,0.0,1.0,0.0,0.7472,33.48,-17.3,15.2,0.0,8302.4,102.0,6,train
101.0,2,far_right,1.0,1.0,1.0,0.0,0.0,0.0,0.0,0.0,0.0,0.0,0.7956,32.07,-16.5,23.0,0.0,12879.0,102.0,1,train
101.0,3,near_left,2.0,2.0,2.0,0.0,0.0,0.0,0.0,0.0,0.0,0.0,0.51985,0.5,0.5,0.0,0.0,10158.5,102.0,4,train
101.0,4,near_center,1.0,0.0,1.0,0.0,0.0,0.0,0.0,1.0,0.0,0.0,0.8585,93.5,86.5,-38.0,0.0,13068.0,102.0,0,train
101.0,5,near_right,4.0,4.0,3.0,1.0,0.0,0.0,0.0,0.0,2.0,1.0,0.651425,52.9725,-27.0,14.25,0.0,17292.5,102.0,4,train
102.0,0,far_left,2.0,1.0,5.0,-3.0,0.0,3.0,0.0,1.0,0.0,0.0,0.7952,54.8,4.5,-0.0,0.0,7443.5,103.0,2,train
102.0,1,far_center,6.0,6.0,5.0,1.0,2.0,0.0,1.0,1.0,0.0,1.0,0.837183,55.46,-16.416667,22.333333,0.0,9004.833333,103.0,5,train
102.0,2,far_right,1.0,1.0,1.0,0.0,0.0,0.0,0.0,0.0,0.0,0.0,0.8384,46.87,-26.0,48.0,0.0,14691.0,103.0,2,train
102.0,3,near_left,4.0,4.0,2.0,2.0,2.0,0.0,0.0,0.0,0.0,0.0,0.695425,37.995,-33.0,20.5,0.0,10245.0,103.0,4,train
102.0,4,near_center,0.0,1.0,1.0,-1.0,0.0,1.0,1.0,0.0,0.0,0.0,0.0,0.0,0.0,0.0,0.0,0.0,103.0,1,train
102.0,5,near_right,4.0,4.0,4.0,0.0,0.0,0.0,0.0,0.0,1.0,1.0,0.699375,74.215,-51.875,12.0,0.0,21350.0,103.0,4,train
103.0,0,far_left,2.0,3.0,2.0,0.0,0.0,0.0,1.0,0.0,0.0,0.0,0.7477,51.22,-0.75,0.0,0.0,7455.5,104.0,2,train
103.0,1,far_center,5.0,2.0,6.0,-1.0,0.0,1.0,0.0,3.0,0.0,0.0,0.71746,56.75,-19.1,13.6,0.0,8907.6,104.0,3,train
103.0,2,far_right,2.0,2.0,1.0,1.0,0.0,0.0,0.0,0.0,1.0,0.0,0.8226,24.25,-16.25,20.0,0.0,11685.0,104.0,3,train
103.0,3,near_left,4.0,4.0,4.0,0.0,0.0,0.0,0.0,0.0,0.0,0.0,0.6483,42.3375,-38.625,18.0,0.0,10640.75,104.0,4,train
103.0,4,near_center,1.0,4.0,0.0,1.0,1.0,0.0,3.0,0.0,0.0,0.0,0.892,61.99,-51.5,37.0,0.0,11277.0,104.0,4,train
103.0,5,near_right,4.0,3.0,4.0,0.0,0.0,0.0,0.0,1.0,0.0,0.0,0.566125,81.3,-59.375,-8.25,0.0,23735.5,104.0,3,train
104.0,0,far_left,2.0,2.0,2.0,0.0,0.0,0.0,0.0,0.0,0.0,0.0,0.6932,46.735,-1.25,-13.5,0.0,7389.5,105.0,2,train
104.0,1,far_center,3.0,3.0,5.0,-2.0,0.0,2.0,0.0,0.0,0.0,0.0,0.5879,54.42,10.833333,-6.0,0.333333,6331.0,105.0,3,train
104.0,2,far_right,3.0,3.0,2.0,1.0,0.0,0.0,0.0,0.0,1.0,0.0,0.3715,38.17,-19.666667,37.333333,0.0,11942.666667,105.0,5,train
104.0,3,near_left,4.0,4.0,4.0,0.0,0.0,0.0,0.0,0.0,0.0,0.0,0.64,47.855,-43.0,21.0,0.0,11033.5,105.0,5,train
104.0,4,near_center,4.0,4.0,1.0,3.0,3.0,0.0,0.0,0.0,0.0,0.0,0.75285,117.9725,-105.75,36.5,0.0,11010.5,105.0,3,train
104.0,5,near_right,3.0,3.0,4.0,-1.0,0.0,1.0,0.0,0.0,0.0,0.0,0.658433,62.993333,18.0,-49.333333,0.0,21304.333333,105.0,2,train
105.0,0,far_left,2.0,1.0,2.0,0.0,0.0,0.0,0.0,1.0,0.0,0.0,0.65575,51.895,-11.0,19.0,0.0,7464.5,106.0,2,train
105.0,1,far_center,3.0,4.0,3.0,0.0,0.0,0.0,1.0,0.0,0.0,0.0,0.624533,53.866667,10.333333,-0.333333,0.333333,6469.0,106.0,2,train
105.0,2,far_right,5.0,4.0,3.0,2.0,0.0,0.0,0.0,1.0,2.0,0.0,0.46386,27.272,-10.0,9.4,0.0,11127.4,106.0,4,train
105.0,3,near_left,5.0,5.0,4.0,1.0,0.0,0.0,0.0,0.0,1.0,0.0,0.64536,38.506,-34.3,18.2,0.0,13390.6,106.0,5,train
105.0,4,near_center,3.0,3.0,4.0,-1.0,0.0,0.0,0.0,0.0,0.0,1.0,0.8814,83.906667,-68.166667,52.333333,0.0,16012.0,106.0,3,train
105.0,5,near_right,2.0,3.0,3.0,-1.0,0.0,0.0,1.0,0.0,0.0,1.0,0.8678,83.815,8.75,-83.0,0.0,25824.0,106.0,3,train
106.0,0,far_left,2.0,2.0,2.0,0.0,0.0,0.0,0.0,0.0,0.0,0.0,0.56645,49.055,-14.75,7.5,0.0,7205.0,107.0,2,train
106.0,1,far_center,2.0,1.0,3.0,-1.0,0.0,0.0,0.0,1.0,0.0,1.0,0.8473,57.32,-13.0,11.0,0.0,9322.0,107.0,1,train
106.0,2,far_right,4.0,3.0,5.0,-1.0,0.0,1.0,0.0,1.0,1.0,1.0,0.681875,60.3925,-15.5,67.75,0.0,10920.5,107.0,3,train
106.0,3,near_left,5.0,5.0,5.0,0.0,0.0,0.0,0.0,0.0,0.0,0.0,0.50994,71.656,-10.4,2.4,0.2,14685.6,107.0,4,train
106.0,4,near_center,3.0,5.0,3.0,0.0,0.0,0.0,2.0,0.0,0.0,0.0,0.637333,84.553333,-63.833333,58.666667,0.0,17022.333333,107.0,4,train
106.0,5,near_right,3.0,3.0,2.0,1.0,1.0,0.0,1.0,1.0,0.0,0.0,0.863567,75.733333,6.833333,-53.333333,0.0,18679.666667,107.0,5,train
107.0,0,far_left,2.0,2.0,2.0,0.0,0.0,0.0,0.0,0.0,0.0,0.0,0.5496,52.15,-22.0,7.0,0.0,6756.5,108.0,2,train
107.0,1,far_center,1.0,1.0,2.0,-1.0,0.0,1.0,0.0,0.0,0.0,0.0,0.7729,44.25,37.5,-27.0,0.0,8060.0,108.0,1,train
107.0,2,far_right,3.0,2.0,4.0,-1.0,0.0,2.0,0.0,1.0,1.0,0.0,0.620567,41.94,-20.833333,44.0,0.0,11796.666667,108.0,1,train
107.0,3,near_left,4.0,4.0,5.0,-1.0,0.0,0.0,0.0,0.0,0.0,1.0,0.690775,84.4475,-26.25,13.75,0.0,14529.25,108.0,5,train
107.0,4,near_center,4.0,4.0,3.0,1.0,1.0,0.0,0.0,0.0,0.0,0.0,0.87745,94.255,-72.125,66.0,0.0,16642.25,108.0,4,train
107.0,5,near_right,5.0,6.0,3.0,2.0,2.0,0.0,1.0,0.0,0.0,0.0,0.76646,73.88,-13.5,35.0,0.0,18203.8,108.0,6,train
108.0,0,far_left,2.0,1.0,2.0,0.0,0.0,0.0,0.0,1.0,0.0,0.0,0.42635,53.97,-21.75,11.0,0.0,7257.0,109.0,1,train
108.0,1,far_center,1.0,1.0,1.0,0.0,0.0,0.0,0.0,0.0,0.0,0.0,0.8174,52.6,48.0,-23.0,0.0,8512.0,109.0,1,train
108.0,2,far_right,1.0,2.0,3.0,-2.0,0.0,1.0,1.0,0.0,0.0,1.0,0.7808,31.85,-23.5,5.0,0.0,10658.0,109.0,1,train
108.0,3,near_left,5.0,6.0,4.0,1.0,0.0,0.0,1.0,0.0,1.0,0.0,0.51254,68.036,-20.3,8.6,0.2,11425.8,109.0,5,train
108.0,4,near_center,4.0,3.0,4.0,0.0,0.0,0.0,0.0,1.0,0.0,0.0,0.87835,103.7725,-78.875,74.25,0.0,19612.75,109.0,3,train
108.0,5,near_right,6.0,6.0,5.0,1.0,1.0,0.0,1.0,1.0,0.0,0.0,0.882883,72.545,-19.0,35.666667,0.0,18626.833333,109.0,8,train
109.0,0,far_left,1.0,1.0,2.0,-1.0,0.0,1.0,0.0,0.0,0.0,0.0,0.2326,25.63,24.0,-18.0,0.0,540.0,110.0,0,train
109.0,1,far_center,1.0,1.0,1.0,0.0,0.0,0.0,0.0,0.0,0.0,0.0,0.8076,42.49,38.0,-20.0,0.0,7500.0,110.0,1,train
109.0,2,far_right,1.0,1.0,1.0,0.0,0.0,0.0,1.0,1.0,0.0,0.0,0.6995,55.49,-23.0,61.0,0.0,12859.0,110.0,1,train
109.0,3,near_left,5.0,5.0,5.0,0.0,1.0,0.0,0.0,0.0,0.0,1.0,0.49406,57.09,-20.6,15.0,0.0,13737.2,110.0,5,train
109.0,4,near_center,3.0,3.0,4.0,-1.0,0.0,1.0,0.0,0.0,0.0,0.0,0.8932,112.1,-87.333333,77.666667,0.0,21500.333333,110.0,3,train
109.0,5,near_right,8.0,8.0,6.0,2.0,1.0,0.0,1.0,1.0,1.0,0.0,0.77245,65.41125,-23.1875,43.25,0.0,21533.125,110.0,7,train
110.0,0,far_left,0.0,0.0,1.0,-1.0,0.0,0.0,0.0,0.0,0.0,1.0,0.0,0.0,0.0,0.0,0.0,0.0,111.0,1,train
110.0,1,far_center,1.0,1.0,1.0,0.0,0.0,0.0,0.0,0.0,0.0,0.0,0.7571,28.66,19.5,-24.0,0.0,7344.0,111.0,1,train
110.0,2,far_right,1.0,1.0,1.0,0.0,1.0,1.0,0.0,0.0,0.0,0.0,0.7638,62.33,46.5,-43.0,0.0,15836.0,111.0,1,train
110.0,3,near_left,5.0,5.0,5.0,0.0,0.0,0.0,0.0,0.0,0.0,0.0,0.5229,64.934,-27.1,15.6,0.0,14444.4,111.0,5,train
110.0,4,near_center,3.0,3.0,3.0,0.0,0.0,0.0,0.0,0.0,0.0,0.0,0.875667,126.493333,-93.833333,94.666667,0.0,26869.666667,111.0,3,train
110.0,5,near_right,7.0,7.0,8.0,-1.0,1.0,1.0,0.0,0.0,0.0,1.0,0.880957,84.587143,-34.714286,71.0,0.0,23686.714286,111.0,8,train
111.0,0,far_left,1.0,1.0,0.0,1.0,0.0,0.0,0.0,0.0,1.0,0.0,0.1988,0.0,0.0,0.0,0.0,1800.0,112.0,1,train
111.0,1,far_center,1.0,1.0,1.0,0.0,0.0,0.0,0.0,0.0,0.0,0.0,0.8618,21.71,10.5,-22.0,0.0,6624.0,112.0,1,train
111.0,2,far_right,1.0,1.0,1.0,0.0,0.0,0.0,0.0,0.0,0.0,0.0,0.9041,67.57,49.5,-54.0,0.0,14058.0,112.0,1,train
111.0,3,near_left,5.0,5.0,5.0,0.0,0.0,0.0,0.0,0.0,0.0,0.0,0.66418,62.642,-25.7,14.8,0.0,12327.4,112.0,4,train
111.0,4,near_center,3.0,4.0,3.0,0.0,0.0,0.0,1.0,0.0,0.0,0.0,0.892333,141.703333,-108.833333,93.0,0.0,29910.333333,112.0,3,train
111.0,5,near_right,8.0,7.0,7.0,1.0,0.0,0.0,0.0,1.0,1.0,0.0,0.7445,78.6875,-22.6875,63.125,0.0,23892.75,112.0,8,train
112.0,0,far_left,1.0,2.0,1.0,0.0,0.0,0.0,1.0,0.0,0.0,0.0,0.4836,19.04,-17.5,15.0,0.0,3225.0,113.0,3,train
112.0,1,far_center,1.0,1.0,1.0,0.0,0.0,0.0,0.0,0.0,0.0,0.0,0.8879,21.52,18.5,-20.0,0.0,5640.0,113.0,1,train
112.0,2,far_right,1.0,1.0,1.0,0.0,0.0,0.0,0.0,0.0,0.0,0.0,0.8296,57.81,44.0,-39.0,0.0,13455.0,113.0,1,train
112.0,3,near_left,4.0,3.0,5.0,-1.0,0.0,0.0,0.0,1.0,0.0,1.0,0.710825,50.7675,-8.125,2.75,0.0,12327.0,113.0,3,train
112.0,4,near_center,3.0,3.0,3.0,0.0,1.0,0.0,0.0,0.0,0.0,1.0,0.899767,138.18,-114.666667,35.333333,0.0,20272.0,113.0,1,train
112.0,5,near_right,8.0,8.0,8.0,0.0,0.0,1.0,0.0,0.0,1.0,0.0,0.694625,76.2875,-17.625,43.625,0.0,21625.375,113.0,6,train
113.0,0,far_left,3.0,3.0,1.0,2.0,1.0,0.0,0.0,0.0,1.0,0.0,0.641367,34.46,25.0,-10.666667,0.0,6230.0,114.0,3,train
113.0,1,far_center,1.0,1.0,1.0,0.0,0.0,0.0,0.0,0.0,0.0,0.0,0.8263,26.74,25.0,-19.0,0.0,4545.0,114.0,1,train
113.0,2,far_right,1.0,1.0,1.0,0.0,0.0,0.0,0.0,0.0,0.0,0.0,0.8982,39.39,21.5,-37.0,0.0,12342.0,114.0,1,train
113.0,3,near_left,3.0,3.0,4.0,-1.0,0.0,1.0,0.0,0.0,0.0,0.0,0.682033,45.12,-39.833333,24.333333,0.0,15373.333333,114.0,3,train
113.0,4,near_center,1.0,2.0,3.0,-2.0,0.0,0.0,1.0,0.0,0.0,2.0,0.919,165.94,-128.5,113.0,0.0,29680.0,114.0,1,train
113.0,5,near_right,6.0,5.0,8.0,-2.0,0.0,0.0,0.0,1.0,0.0,2.0,0.751233,91.833333,-49.416667,40.333333,0.0,19664.166667,114.0,6,train
114.0,0,far_left,3.0,3.0,3.0,0.0,0.0,0.0,0.0,0.0,1.0,1.0,0.553233,26.9,15.5,-10.0,0.0,3981.666667,115.0,4,train
114.0,1,far_center,1.0,1.0,1.0,0.0,0.0,0.0,0.0,0.0,0.0,0.0,0.5705,27.83,26.5,-17.0,0.0,4032.0,115.0,2,train
114.0,2,far_right,1.0,1.0,1.0,0.0,0.0,0.0,0.0,0.0,0.0,0.0,0.8972,36.84,-11.5,-40.0,0.0,11505.0,115.0,1,train
114.0,3,near_left,3.0,3.0,3.0,0.0,0.0,0.0,0.0,0.0,0.0,0.0,0.675667,57.363333,-53.333333,23.0,0.0,16715.0,115.0,3,train
114.0,4,near_center,1.0,2.0,1.0,0.0,0.0,0.0,1.0,0.0,0.0,0.0,0.919,175.84,-147.0,85.0,0.0,28784.0,115.0,2,train
114.0,5,near_right,6.0,5.0,6.0,0.0,0.0,0.0,0.0,1.0,0.0,0.0,0.77585,80.248333,-58.583333,11.833333,0.0,12954.833333,115.0,1,train
115.0,0,far_left,4.0,4.0,3.0,1.0,0.0,1.0,0.0,0.0,2.0,0.0,0.44625,30.2975,0.375,3.75,0.0,2620.5,116.0,5,train
115.0,1,far_center,2.0,2.0,1.0,1.0,1.0,0.0,0.0,0.0,1.0,1.0,0.6649,9.3,-5.5,11.0,0.0,4141.5,116.0,2,train
115.0,2,far_right,1.0,2.0,1.0,0.0,0.0,0.0,1.0,0.0,0.0,0.0,0.899,42.25,-27.0,-37.0,0.0,10584.0,116.0,2,train
115.0,3,near_left,3.0,3.0,3.0,0.0,0.0,0.0,0.0,0.0,0.0,0.0,0.491333,60.45,-55.833333,24.333333,0.0,15855.333333,116.0,3,train
115.0,4,near_center,2.0,2.0,1.0,1.0,1.0,0.0,0.0,0.0,0.0,0.0,0.86185,175.93,-168.25,17.0,0.0,19041.0,116.0,1,train
115.0,5,near_right,1.0,0.0,6.0,-5.0,0.0,1.0,0.0,1.0,0.0,4.0,0.8912,27.17,6.0,-32.0,0.0,14014.0,116.0,0,train
116.0,0,far_left,5.0,5.0,4.0,1.0,0.0,0.0,0.0,0.0,1.0,0.0,0.5019,37.61,-12.7,1.0,0.0,2274.2,117.0,5,train
116.0,1,far_center,2.0,2.0,2.0,0.0,0.0,0.0,0.0,0.0,0.0,0.0,0.82835,21.93,5.25,1.5,0.0,4076.0,117.0,2,train
116.0,2,far_right,2.0,2.0,1.0,1.0,1.0,0.0,0.0,0.0,0.0,0.0,0.89225,32.42,-23.75,-21.5,0.0,12137.0,117.0,2,train
116.0,3,near_left,3.0,3.0,3.0,0.0,0.0,0.0,0.0,0.0,0.0,0.0,0.616833,59.87,15.833333,-65.666667,0.0,13248.333333,117.0,3,train
116.0,4,near_center,1.0,1.0,2.0,-1.0,0.0,0.0,0.0,0.0,0.0,1.0,0.678,170.24,-166.5,38.0,0.0,28314.0,117.0,1,train
116.0,5,near_right,0.0,0.0,1.0,-1.0,0.0,1.0,0.0,0.0,0.0,0.0,0.0,0.0,0.0,0.0,0.0,0.0,117.0,0,train
117.0,0,far_left,5.0,5.0,5.0,0.0,0.0,0.0,0.0,0.0,2.0,2.0,0.54508,16.766,-16.2,8.6,0.0,3218.0,118.0,4,train
117.0,1,far_center,2.0,2.0,2.0,0.0,0.0,0.0,0.0,0.0,0.0,0.0,0.76905,21.05,0.5,2.5,0.0,3753.0,118.0,2,train
117.0,2,far_right,2.0,2.0,2.0,0.0,0.0,0.0,0.0,0.0,0.0,0.0,0.9091,27.36,-7.5,-24.0,0.0,11758.5,118.0,2,train
117.0,3,near_left,3.0,3.0,3.0,0.0,0.0,0.0,0.0,0.0,0.0,0.0,0.684667,39.526667,34.333333,-19.0,0.0,12651.0,118.0,3,train
117.0,4,near_center,1.0,1.0,1.0,0.0,0.0,0.0,0.0,0.0,0.0,0.0,0.8562,183.9,-179.5,45.0,0.0,31752.0,118.0,1,train
117.0,5,near_right,0.0,0.0,0.0,0.0,0.0,0.0,0.0,0.0,0.0,0.0,0.0,0.0,0.0,0.0,0.0,0.0,118.0,2,train
118.0,0,far_left,4.0,4.0,5.0,-1.0,0.0,0.0,0.0,0.0,1.0,2.0,0.6674,40.8375,-25.75,12.5,0.0,3253.0,119.0,4,train
118.0,1,far_center,2.0,2.0,2.0,0.0,0.0,0.0,0.0,0.0,0.0,0.0,0.5954,19.655,-8.25,4.0,0.0,3600.5,119.0,1,train
118.0,2,far_right,2.0,2.0,2.0,0.0,0.0,0.0,0.0,0.0,0.0,0.0,0.87955,22.205,3.5,-24.0,0.0,10543.0,119.0,2,train
118.0,3,near_left,3.0,3.0,3.0,0.0,0.0,0.0,0.0,0.0,0.0,0.0,0.687467,31.81,29.0,-14.333333,0.0,12368.333333,119.0,3,train
118.0,4,near_center,1.0,1.0,1.0,0.0,0.0,0.0,0.0,0.0,0.0,0.0,0.9042,208.59,-204.0,48.0,0.0,33930.0,119.0,1,train
118.0,5,near_right,2.0,2.0,0.0,2.0,0.0,0.0,0.0,0.0,2.0,0.0,0.37735,0.0,0.0,0.0,0.0,10458.0,119.0,4,train
119.0,0,far_left,4.0,4.0,4.0,0.0,0.0,0.0,0.0,0.0,1.0,1.0,0.70085,31.2775,-5.0,2.25,0.0,4312.75,120.0,6,train
119.0,1,far_center,1.0,1.0,2.0,-1.0,0.0,0.0,0.0,0.0,0.0,1.0,0.8766,39.94,-33.0,25.0,0.0,7314.0,120.0,1,train
119.0,2,far_right,2.0,2.0,2.0,0.0,0.0,0.0,0.0,0.0,0.0,0.0,0.87415,21.51,8.5,-18.5,0.0,9704.5,120.0,2,train
119.0,3,near_left,3.0,3.0,3.0,0.0,0.0,0.0,0.0,0.0,0.0,0.0,0.635267,30.633333,28.333333,-11.333333,0.0,12433.666667,120.0,3,train
119.0,4,near_center,1.0,1.0,1.0,0.0,0.0,0.0,0.0,0.0,0.0,0.0,0.1756,233.69,-227.0,61.0,0.0,32640.0,120.0,2,train
119.0,5,near_right,4.0,4.0,2.0,2.0,0.0,0.0,0.0,0.0,2.0,0.0,0.5259,24.8525,19.5,-1.25,0.0,22467.5,120.0,3,train
120.0,0,far_left,6.0,6.0,4.0,2.0,0.0,0.0,0.0,0.0,2.0,0.0,0.6591,29.88,-15.25,5.833333,0.0,3668.666667,121.0,6,train
120.0,1,far_center,1.0,2.0,1.0,0.0,0.0,0.0,1.0,0.0,0.0,0.0,0.8077,44.27,-39.5,21.0,0.0,8400.0,121.0,1,train
120.0,2,far_right,2.0,1.0,2.0,0.0,0.0,0.0,0.0,1.0,0.0,0.0,0.8381,25.57,14.75,-23.0,0.0,9163.0,121.0,2,train
120.0,3,near_left,3.0,3.0,3.0,0.0,0.0,0.0,0.0,0.0,0.0,0.0,0.6967,30.116667,27.333333,-13.0,0.0,12024.0,121.0,3,train
120.0,4,near_center,2.0,2.0,1.0,1.0,0.0,0.0,0.0,0.0,1.0,0.0,0.4661,96.72,-92.5,28.0,0.0,21384.0,121.0,0,train
120.0,5,near_right,3.0,3.0,4.0,-1.0,0.0,0.0,0.0,0.0,0.0,1.0,0.705833,61.923333,19.666667,-36.666667,0.0,22178.666667,121.0,3,train
121.0,0,far_left,6.0,6.0,6.0,0.0,0.0,0.0,0.0,0.0,0.0,0.0,0.65115,27.848333,-10.916667,13.166667,0.0,4130.833333,122.0,6,train
121.0,1,far_center,1.0,1.0,1.0,0.0,0.0,0.0,0.0,0.0,0.0,0.0,0.871,35.42,-26.5,26.0,0.0,7975.0,122.0,2,train
121.0,2,far_right,2.0,2.0,2.0,0.0,0.0,0.0,0.0,0.0,0.0,0.0,0.77195,28.52,22.5,-19.5,0.0,8808.5,122.0,1,train
121.0,3,near_left,3.0,3.0,3.0,0.0,0.0,0.0,0.0,0.0,0.0,0.0,0.695367,25.673333,23.333333,-12.0,0.0,11500.0,122.0,3,train
121.0,4,near_center,0.0,0.0,2.0,-2.0,0.0,0.0,0.0,0.0,0.0,2.0,0.0,0.0,0.0,0.0,0.0,0.0,122.0,0,train
121.0,5,near_right,3.0,3.0,3.0,0.0,0.0,0.0,0.0,0.0,0.0,0.0,0.656033,61.573333,20.0,-63.0,0.0,19373.0,122.0,2,train
122.0,0,far_left,6.0,6.0,6.0,0.0,0.0,0.0,0.0,0.0,1.0,1.0,0.634483,22.545,-10.5,13.0,0.0,4428.5,123.0,7,train
122.0,1,far_center,2.0,2.0,1.0,1.0,1.0,0.0,0.0,0.0,0.0,0.0,0.57675,57.26,3.75,-37.5,0.5,5383.5,123.0,1,train
122.0,2,far_right,1.0,1.0,2.0,-1.0,0.0,1.0,0.0,0.0,0.0,0.0,0.8297,18.77,12.5,-15.0,0.0,11200.0,123.0,2,train
122.0,3,near_left,3.0,3.0,3.0,0.0,0.0,0.0,0.0,0.0,0.0,0.0,0.707867,24.133333,20.833333,-9.333333,0.0,10701.666667,123.0,2,train
122.0,4,near_center,0.0,0.0,0.0,0.0,0.0,0.0,0.0,0.0,0.0,0.0,0.0,0.0,0.0,0.0,0.0,0.0,123.0,0,train
122.0,5,near_right,2.0,2.0,3.0,-1.0,0.0,0.0,0.0,0.0,0.0,1.0,0.9154,83.79,31.0,-87.0,0.0,22416.0,123.0,2,train
123.0,0,far_left,7.0,7.0,6.0,1.0,1.0,0.0,0.0,0.0,1.0,1.0,0.697857,46.132857,-21.071429,7.714286,0.0,6027.571429,124.0,7,train
123.0,1,far_center,1.0,1.0,2.0,-1.0,0.0,0.0,0.0,0.0,0.0,1.0,0.8957,44.9,-32.0,35.0,0.0,9882.0,124.0,1,train
123.0,2,far_right,2.0,3.0,1.0,1.0,0.0,0.0,1.0,0.0,1.0,0.0,0.7266,9.22,7.0,-5.5,0.0,9606.0,124.0,2,train
123.0,3,near_left,2.0,2.0,3.0,-1.0,0.0,1.0,0.0,0.0,0.0,0.0,0.6571,0.81,-0.5,0.0,0.0,9855.0,124.0,2,train
123.0,4,near_center,0.0,0.0,0.0,0.0,0.0,0.0,0.0,0.0,0.0,0.0,0.0,0.0,0.0,0.0,0.0,0.0,124.0,0,train
123.0,5,near_right,2.0,1.0,2.0,0.0,0.0,0.0,0.0,1.0,0.0,0.0,0.6282,68.495,25.0,-77.0,0.0,16796.0,124.0,1,train
124.0,0,far_left,7.0,7.0,7.0,0.0,0.0,0.0,0.0,0.0,0.0,0.0,0.781414,48.674286,-27.285714,10.142857,0.0,6268.285714,125.0,6,train
124.0,1,far_center,1.0,0.0,1.0,0.0,0.0,0.0,0.0,1.0,0.0,0.0,0.7973,49.15,-34.5,38.0,0.0,10080.0,125.0,1,train
124.0,2,far_right,2.0,2.0,2.0,0.0,0.0,0.0,0.0,0.0,1.0,1.0,0.84745,11.675,8.5,-10.0,0.0,10107.0,125.0,3,train
124.0,3,near_left,2.0,2.0,2.0,0.0,0.0,0.0,0.0,0.0,0.0,0.0,0.60295,0.355,0.25,0.0,0.0,9813.0,125.0,2,train
124.0,4,near_center,0.0,1.0,0.0,0.0,0.0,0.0,1.0,0.0,0.0,0.0,0.0,0.0,0.0,0.0,0.0,0.0,125.0,1,train
124.0,5,near_right,1.0,1.0,2.0,-1.0,0.0,0.0,0.0,0.0,0.0,1.0,0.9146,68.48,23.0,-72.0,0.0,18091.0,125.0,1,train
125.0,0,far_left,6.0,6.0,7.0,-1.0,0.0,0.0,0.0,0.0,0.0,1.0,0.724433,52.845,-27.25,12.5,0.0,7049.333333,126.0,7,train
125.0,1,far_center,1.0,1.0,1.0,0.0,0.0,1.0,0.0,0.0,1.0,0.0,0.1894,0.0,0.0,0.0,0.0,480.0,126.0,2,train
125.0,2,far_right,3.0,3.0,2.0,1.0,0.0,0.0,0.0,0.0,1.0,0.0,0.716033,25.61,0.333333,7.0,0.0,9293.666667,126.0,2,train
125.0,3,near_left,2.0,2.0,2.0,0.0,0.0,0.0,0.0,0.0,0.0,0.0,0.588,0.81,-0.25,0.0,0.0,10158.5,126.0,2,train
125.0,4,near_center,1.0,1.0,0.0,1.0,1.0,0.0,0.0,0.0,0.0,0.0,0.8157,60.58,-45.5,45.0,0.0,11926.0,126.0,1,train
125.0,5,near_right,1.0,1.0,1.0,0.0,0.0,0.0,0.0,0.0,0.0,0.0,0.8943,60.88,15.0,-65.0,0.0,16709.0,126.0,1,train
126.0,0,far_left,7.0,6.0,6.0,1.0,0.0,0.0,0.0,1.0,1.0,0.0,0.606357,56.128571,-28.571429,18.0,0.0,7249.0,127.0,8,train
126.0,1,far_center,2.0,2.0,1.0,1.0,1.0,0.0,0.0,0.0,0.0,0.0,0.5141,27.575,6.75,-12.0,0.0,4323.0,127.0,1,train
126.0,2,far_right,2.0,3.0,3.0,-1.0,0.0,1.0,1.0,0.0,0.0,0.0,0.7529,25.395,-10.75,25.0,0.0,10411.0,127.0,4,train
126.0,3,near_left,2.0,3.0,2.0,0.0,0.0,0.0,1.0,0.0,0.0,0.0,0.54945,1.5,-1.25,0.5,0.0,10776.0,127.0,2,train
126.0,4,near_center,1.0,1.0,1.0,0.0,0.0,0.0,0.0,0.0,0.0,0.0,0.8467,69.7,-56.0,45.0,0.0,12765.0,127.0,2,train
126.0,5,near_right,1.0,0.0,1.0,0.0,0.0,0.0,0.0,1.0,0.0,0.0,0.8907,55.24,9.0,-60.0,0.0,15038.0,127.0,1,train
127.0,0,far_left,8.0,7.0,7.0,1.0,0.0,0.0,0.0,1.0,1.0,0.0,0.559725,54.3775,-34.0,10.625,0.0,6501.375,128.0,8,train
127.0,1,far_center,1.0,1.0,2.0,-1.0,0.0,1.0,0.0,0.0,0.0,0.0,0.2773,8.5,-4.0,16.0,0.0,1680.0,128.0,1,train
127.0,2,far_right,4.0,4.0,2.0,2.0,2.0,0.0,0.0,0.0,0.0,0.0,0.76315,32.7675,6.75,-6.25,0.0,10394.75,128.0,4,train
127.0,3,near_left,2.0,3.0,2.0,0.0,0.0,0.0,1.0,0.0,0.0,0.0,0.5025,1.525,1.25,-0.5,0.0,10280.0,128.0,4,train
127.0,4,near_center,2.0,2.0,1.0,1.0,0.0,0.0,0.0,0.0,1.0,0.0,0.7936,39.555,-32.0,25.5,0.0,17279.0,128.0,1,train
127.0,5,near_right,1.0,1.0,1.0,0.0,0.0,1.0,0.0,0.0,1.0,0.0,0.1651,0.0,0.0,0.0,0.0,6688.0,128.0,1,train
128.0,0,far_left,8.0,8.0,8.0,0.0,0.0,1.0,0.0,0.0,2.0,1.0,0.511112,43.97875,-30.375,7.5,0.0,6162.625,129.0,9,train
128.0,1,far_center,1.0,1.0,1.0,0.0,0.0,0.0,0.0,0.0,0.0,0.0,0.6041,22.85,-21.0,18.0,0.0,3404.0,129.0,1,train
128.0,2,far_right,4.0,4.0,4.0,0.0,0.0,0.0,0.0,0.0,0.0,0.0,0.7342,31.33,6.0,-1.5,0.0,9881.75,129.0,4,train
128.0,3,near_left,4.0,4.0,2.0,2.0,1.0,0.0,0.0,0.0,1.0,0.0,0.542,18.6625,-15.375,11.25,0.0,13218.25,129.0,4,train
128.0,4,near_center,1.0,1.0,2.0,-1.0,0.0,1.0,0.0,0.0,0.0,0.0,0.843,85.82,-67.5,58.0,0.0,14280.0,129.0,2,train
128.0,5,near_right,1.0,1.0,1.0,0.0,1.0,0.0,0.0,0.0,0.0,1.0,0.9161,358.45,340.5,-19.0,0.0,43180.0,129.0,1,train
129.0,0,far_left,9.0,9.0,8.0,1.0,0.0,0.0,0.0,0.0,2.0,1.0,0.512378,68.947778,-47.333333,10.333333,0.0,6537.666667,130.0,9,train
129.0,1,far_center,1.0,1.0,1.0,0.0,0.0,0.0,0.0,0.0,0.0,0.0,0.786,29.41,-28.0,18.0,0.0,4600.0,130.0,1,train
129.0,2,far_right,4.0,3.0,4.0,0.0,0.0,0.0,0.0,1.0,1.0,1.0,0.647275,27.2925,5.0,0.5,0.0,11550.0,130.0,2,train
129.0,3,near_left,4.0,4.0,4.0,0.0,0.0,0.0,0.0,0.0,0.0,0.0,0.609625,54.13,18.875,0.5,0.0,13540.25,130.0,4,train
129.0,4,near_center,2.0,2.0,1.0,1.0,0.0,0.0,0.0,0.0,1.0,0.0,0.83925,46.425,-36.25,32.0,0.0,17913.0,130.0,1,train
129.0,5,near_right,1.0,2.0,1.0,0.0,0.0,0.0,1.0,0.0,0.0,0.0,0.9281,254.92,182.0,-191.0,0.0,30555.0,130.0,4,train
130.0,0,far_left,9.0,8.0,9.0,0.0,0.0,0.0,0.0,1.0,1.0,1.0,0.709322,56.363333,-37.611111,11.222222,0.0,6924.111111,131.0,10,train
130.0,1,far_center,1.0,1.0,1.0,0.0,0.0,0.0,0.0,0.0,0.0,0.0,0.8127,31.95,-30.5,19.0,0.0,5661.0,131.0,1,train
130.0,2,far_right,2.0,2.0,4.0,-2.0,0.0,2.0,0.0,0.0,0.0,0.0,0.8278,27.785,18.75,-21.0,0.0,9478.5,131.0,2,train
130.0,3,near_left,4.0,5.0,4.0,0.0,0.0,0.0,1.0,0.0,0.0,0.0,0.638875,47.38,9.25,0.75,0.0,12762.5,131.0,5,train
130.0,4,near_center,1.0,1.0,2.0,-1.0,0.0,1.0,0.0,0.0,0.0,0.0,0.8188,101.15,-77.5,72.0,0.0,19320.0,131.0,3,train
130.0,5,near_right,4.0,4.0,1.0,3.0,3.0,0.0,0.0,0.0,0.0,0.0,0.878775,102.6925,49.625,-26.75,0.0,21491.75,131.0,4,train
131.0,0,far_left,10.0,9.0,9.0,1.0,0.0,1.0,0.0,1.0,2.0,0.0,0.60976,47.499,-32.65,14.0,0.0,6055.3,132.0,7,train
131.0,1,far_center,1.0,2.0,1.0,0.0,0.0,0.0,1.0,0.0,0.0,0.0,0.827,28.3,-24.0,23.0,0.0,6731.0,132.0,2,train
131.0,2,far_right,2.0,2.0,2.0,0.0,0.0,0.0,1.0,1.0,0.0,0.0,0.80715,24.505,11.5,-22.0,0.0,9369.5,132.0,2,train
131.0,3,near_left,5.0,6.0,4.0,1.0,1.0,0.0,1.0,0.0,0.0,0.0,0.57786,55.76,-20.9,12.6,0.0,12047.6,132.0,6,train
131.0,4,near_center,3.0,3.0,1.0,2.0,0.0,0.0,0.0,0.0,2.0,0.0,0.8633,38.966667,-30.166667,27.0,0.0,18167.0,132.0,3,train
131.0,5,near_right,4.0,3.0,4.0,0.0,0.0,0.0,0.0,1.0,1.0,1.0,0.90195,82.3925,36.5,-35.25,0.0,21958.75,132.0,4,train
132.0,0,far_left,7.0,5.0,10.0,-3.0,0.0,1.0,0.0,2.0,0.0,2.0,0.630643,55.177143,-39.071429,25.857143,0.0,7903.428571,133.0,6,train
132.0,1,far_center,2.0,2.0,1.0,1.0,1.0,0.0,0.0,0.0,0.0,0.0,0.8337,81.915,25.5,-48.5,0.0,11159.0,133.0,2,train
132.0,2,far_right,2.0,2.0,2.0,0.0,0.0,0.0,0.0,0.0,0.0,0.0,0.7298,23.87,13.5,-21.0,0.0,9387.5,133.0,2,train
132.0,3,near_left,6.0,8.0,5.0,1.0,1.0,0.0,2.0,0.0,0.0,0.0,0.694733,60.888333,-37.833333,25.166667,0.0,12515.333333,133.0,9,train
132.0,4,near_center,3.0,3.0,3.0,0.0,0.0,0.0,0.0,0.0,0.0,0.0,0.894033,102.85,2.666667,31.333333,0.0,30845.0,133.0,3,train
132.0,5,near_right,4.0,4.0,4.0,0.0,0.0,1.0,0.0,0.0,1.0,0.0,0.844575,63.635,6.5,0.0,0.0,19781.0,133.0,4,train
133.0,0,far_left,6.0,6.0,7.0,-1.0,0.0,2.0,1.0,1.0,1.0,0.0,0.57275,44.663333,-24.583333,9.333333,0.0,6591.5,134.0,6,train
133.0,1,far_center,2.0,2.0,2.0,0.0,0.0,0.0,0.0,0.0,0.0,0.0,0.78555,75.485,30.75,-32.0,0.0,9733.5,134.0,1,train
133.0,2,far_right,2.0,2.0,2.0,0.0,0.0,0.0,0.0,0.0,0.0,0.0,0.59345,28.345,-4.5,-20.5,0.0,9179.0,134.0,3,train
133.0,3,near_left,9.0,9.0,6.0,3.0,2.0,0.0,1.0,1.0,1.0,0.0,0.677156,64.042222,-40.888889,18.777778,0.0,11319.444444,134.0,9,train
133.0,4,near_center,3.0,3.0,3.0,0.0,0.0,0.0,0.0,0.0,0.0,0.0,0.803167,116.643333,-22.666667,-19.0,0.0,33575.333333,134.0,4,train
133.0,5,near_right,4.0,4.0,4.0,0.0,0.0,0.0,0.0,0.0,0.0,0.0,0.9003,78.2525,-5.125,24.0,0.0,21202.75,134.0,5,train
134.0,0,far_left,6.0,6.0,6.0,0.0,1.0,1.0,0.0,0.0,1.0,1.0,0.50155,45.748333,-1.916667,-4.666667,0.166667,6191.0,135.0,6,train
134.0,1,far_center,1.0,1.0,2.0,-1.0,0.0,1.0,0.0,0.0,0.0,0.0,0.7877,33.6,-27.0,20.0,0.0,7581.0,135.0,2,train
134.0,2,far_right,3.0,3.0,2.0,1.0,1.0,0.0,0.0,0.0,0.0,0.0,0.560033,54.733333,10.833333,-32.666667,0.0,9253.666667,135.0,1,train
134.0,3,near_left,9.0,9.0,9.0,0.0,1.0,1.0,0.0,0.0,0.0,0.0,0.651711,63.665556,-45.277778,11.555556,0.0,12874.111111,135.0,8,train
134.0,4,near_center,4.0,4.0,3.0,1.0,0.0,0.0,0.0,0.0,1.0,0.0,0.8553,92.9,-25.25,-42.0,0.0,26073.0,135.0,4,train
134.0,5,near_right,5.0,5.0,4.0,1.0,0.0,0.0,0.0,0.0,1.0,0.0,0.75826,65.088,-7.7,27.2,0.0,19888.6,135.0,4,train
135.0,0,far_left,6.0,6.0,6.0,0.0,0.0,0.0,0.0,0.0,0.0,0.0,0.572533,47.176667,-16.333333,14.0,0.0,6210.0,136.0,5,train
135.0,1,far_center,2.0,2.0,1.0,1.0,1.0,0.0,0.0,0.0,0.0,0.0,0.82785,55.0,-3.25,-16.0,0.0,8922.5,136.0,3,train
135.0,2,far_right,1.0,1.0,3.0,-2.0,0.0,1.0,0.0,0.0,0.0,1.0,0.5839,34.53,-19.5,-24.0,0.0,10270.0,136.0,2,train
135.0,3,near_left,8.0,8.0,9.0,-1.0,0.0,0.0,0.0,0.0,0.0,1.0,0.746563,75.73,-36.0,36.375,0.0,14996.375,136.0,8,train
135.0,4,near_center,4.0,3.0,4.0,0.0,0.0,0.0,0.0,1.0,0.0,0.0,0.86825,121.54,-2.25,-52.5,0.0,24635.75,136.0,2,train
135.0,5,near_right,4.0,5.0,5.0,-1.0,0.0,0.0,1.0,0.0,0.0,1.0,0.905325,79.2175,0.125,32.25,0.0,22799.75,136.0,4,train
136.0,0,far_left,5.0,2.0,6.0,-1.0,0.0,0.0,0.0,3.0,0.0,1.0,0.63402,55.368,-39.4,20.2,0.0,6896.8,137.0,3,train
136.0,1,far_center,3.0,3.0,2.0,1.0,0.0,0.0,0.0,0.0,1.0,0.0,0.636267,33.47,-10.833333,-7.666667,0.0,7643.333333,137.0,4,train
136.0,2,far_right,2.0,2.0,1.0,1.0,0.0,0.0,0.0,0.0,1.0,0.0,0.48875,24.205,15.75,-12.0,0.0,6644.0,137.0,1,train
136.0,3,near_left,8.0,11.0,8.0,0.0,0.0,0.0,3.0,0.0,0.0,0.0,0.571863,84.4525,-41.5,28.375,0.0,15651.75,137.0,9,train
136.0,4,near_center,2.0,2.0,4.0,-2.0,0.0,1.0,0.0,0.0,0.0,1.0,0.9213,80.035,21.75,-84.5,0.0,22572.5,137.0,2,train
136.0,5,near_right,4.0,4.0,4.0,0.0,1.0,0.0,0.0,0.0,0.0,1.0,0.890125,108.68,28.75,12.75,0.0,29009.75,137.0,4,train
137.0,0,far_left,3.0,3.0,5.0,-2.0,0.0,3.0,0.0,0.0,1.0,0.0,0.4731,45.516667,-5.166667,3.333333,0.0,5809.666667,138.0,3,train
137.0,1,far_center,4.0,5.0,3.0,1.0,1.0,0.0,1.0,0.0,0.0,0.0,0.428825,37.81,-11.25,-20.75,0.0,7140.0,138.0,4,train
137.0,2,far_right,1.0,1.0,2.0,-1.0,0.0,1.0,1.0,1.0,0.0,0.0,0.7042,36.55,2.0,-37.0,0.0,7228.0,138.0,2,train
137.0,3,near_left,9.0,9.0,8.0,1.0,3.0,0.0,0.0,0.0,0.0,2.0,0.7071,88.448889,-75.5,42.444444,0.0,15508.555556,138.0,10,train
137.0,4,near_center,2.0,2.0,2.0,0.0,0.0,0.0,0.0,0.0,0.0,0.0,0.8752,72.87,30.25,-75.0,0.0,19256.5,138.0,2,train
137.0,5,near_right,4.0,3.0,4.0,0.0,0.0,0.0,0.0,1.0,0.0,0.0,0.907825,98.3975,16.0,-11.75,0.0,26998.0,138.0,4,train
138.0,0,far_left,3.0,3.0,3.0,0.0,0.0,0.0,0.0,0.0,0.0,0.0,0.587133,50.26,14.666667,-6.666667,0.0,5501.0,139.0,2,train
138.0,1,far_center,4.0,4.0,4.0,0.0,0.0,0.0,0.0,0.0,0.0,0.0,0.68955,40.1825,-20.5,5.5,0.0,7129.75,139.0,2,train
138.0,2,far_right,2.0,2.0,1.0,1.0,1.0,0.0,0.0,0.0,0.0,0.0,0.76775,33.485,21.0,-30.5,0.0,10268.5,139.0,2,train
138.0,3,near_left,10.0,10.0,9.0,1.0,0.0,0.0,0.0,0.0,2.0,1.0,0.73967,70.098,-38.55,8.7,0.0,13845.7,139.0,10,train
138.0,4,near_center,2.0,2.0,2.0,0.0,0.0,0.0,0.0,0.0,0.0,0.0,0.9101,64.555,31.0,-62.0,0.0,17675.5,139.0,2,train
138.0,5,near_right,4.0,4.0,4.0,0.0,0.0,1.0,0.0,0.0,1.0,0.0,0.721325,69.4925,-5.25,-27.5,0.0,18029.75,139.0,3,train
139.0,0,far_left,2.0,3.0,3.0,-1.0,0.0,0.0,1.0,0.0,0.0,1.0,0.5794,43.9,-18.5,8.0,0.0,4596.0,140.0,3,train
139.0,1,far_center,2.0,2.0,4.0,-2.0,0.0,0.0,0.0,0.0,0.0,2.0,0.89075,42.7,-27.5,37.0,0.0,10179.0,140.0,2,train
139.0,2,far_right,2.0,2.0,2.0,0.0,0.0,0.0,0.0,0.0,0.0,0.0,0.5869,34.585,23.0,-27.0,0.5,9373.5,140.0,1,train
139.0,3,near_left,10.0,9.0,10.0,0.0,0.0,0.0,0.0,1.0,2.0,2.0,0.69072,48.254,-3.75,-15.1,0.0,10840.6,140.0,9,train
139.0,4,near_center,2.0,3.0,2.0,0.0,0.0,0.0,1.0,0.0,0.0,0.0,0.8591,63.43,36.0,-57.0,0.0,15828.0,140.0,2,train
139.0,5,near_right,3.0,2.0,4.0,-1.0,0.0,0.0,0.0,1.0,0.0,1.0,0.536133,104.89,-31.333333,-31.333333,0.333333,9931.333333,140.0,3,train
140.0,0,far_left,3.0,4.0,2.0,1.0,0.0,0.0,1.0,0.0,1.0,0.0,0.413233,52.186667,-11.333333,-3.666667,0.333333,4243.333333,141.0,2,train
140.0,1,far_center,2.0,3.0,2.0,0.0,0.0,0.0,1.0,0.0,0.0,0.0,0.8557,60.55,-49.5,29.0,0.0,10589.0,141.0,1,train
140.0,2,far_right,1.0,0.0,2.0,-1.0,0.0,0.0,0.0,1.0,0.0,1.0,0.887,47.01,29.0,-41.0,0.0,11859.0,141.0,2,train
140.0,3,near_left,9.0,8.0,10.0,-1.0,0.0,0.0,0.0,1.0,1.0,2.0,0.605667,72.39,-13.833333,10.666667,0.0,10747.888889,141.0,10,train
140.0,4,near_center,2.0,3.0,2.0,0.0,0.0,0.0,1.0,0.0,0.0,0.0,0.89485,61.9,43.5,-50.0,0.0,14128.0,141.0,3,train
140.0,5,near_right,3.0,2.0,3.0,0.0,0.0,0.0,0.0,1.0,1.0,1.0,0.6598,84.136667,-27.5,-25.0,0.0,13532.0,141.0,3,train
141.0,0,far_left,2.0,4.0,3.0,-1.0,0.0,0.0,2.0,0.0,0.0,1.0,0.7287,60.16,-1.25,4.5,0.0,6334.0,142.0,3,train
141.0,1,far_center,1.0,3.0,2.0,-1.0,0.0,1.0,2.0,0.0,0.0,0.0,0.8,67.68,-66.0,16.0,0.0,8256.0,142.0,2,train
141.0,2,far_right,2.0,2.0,1.0,1.0,0.0,0.0,1.0,1.0,1.0,0.0,0.60435,23.005,15.5,-18.5,0.0,9135.5,142.0,4,train
141.0,3,near_left,10.0,9.0,9.0,1.0,0.0,0.0,0.0,1.0,1.0,0.0,0.56238,64.787,-12.85,16.2,0.0,12350.6,142.0,8,train
141.0,4,near_center,3.0,1.0,2.0,1.0,1.0,0.0,0.0,2.0,0.0,0.0,0.887933,59.756667,12.833333,-14.0,0.0,13027.0,142.0,1,train
141.0,5,near_right,3.0,2.0,3.0,0.0,0.0,0.0,0.0,1.0,1.0,1.0,0.819167,88.116667,77.833333,-22.333333,0.0,17607.333333,142.0,3,train
142.0,0,far_left,3.0,4.0,2.0,1.0,1.0,0.0,1.0,0.0,0.0,0.0,0.7358,53.773333,6.666667,-9.666667,0.0,7684.0,143.0,3,train
142.0,1,far_center,2.0,2.0,1.0,1.0,1.0,0.0,0.0,0.0,0.0,0.0,0.85255,59.29,-16.0,-13.0,0.0,10231.5,143.0,2,train
142.0,2,far_right,4.0,4.0,2.0,2.0,1.0,0.0,0.0,0.0,1.0,0.0,0.685225,50.835,15.875,-11.5,0.0,10138.0,143.0,4,train
142.0,3,near_left,8.0,7.0,10.0,-2.0,0.0,0.0,0.0,1.0,1.0,3.0,0.594988,66.10125,-18.5625,12.5,0.0,11264.25,143.0,8,train
142.0,4,near_center,1.0,1.0,3.0,-2.0,0.0,2.0,0.0,0.0,0.0,0.0,0.9091,64.42,-40.0,56.0,0.0,16490.0,143.0,1,train
142.0,5,near_right,3.0,3.0,3.0,0.0,0.0,1.0,0.0,0.0,1.0,0.0,0.666433,65.04,33.166667,3.333333,0.0,20376.666667,143.0,2,train
143.0,0,far_left,3.0,4.0,3.0,0.0,0.0,0.0,2.0,1.0,0.0,0.0,0.721233,53.593333,1.333333,-7.666667,0.0,7473.666667,144.0,6,train
143.0,1,far_center,2.0,2.0,2.0,0.0,0.0,0.0,1.0,1.0,0.0,0.0,0.8469,58.515,-18.0,-9.0,0.0,9844.5,144.0,1,train
143.0,2,far_right,4.0,3.0,4.0,0.0,0.0,0.0,0.0,1.0,0.0,0.0,0.627975,49.2525,14.5,-3.5,0.0,9920.25,144.0,4,train
143.0,3,near_left,8.0,8.0,8.0,0.0,0.0,0.0,1.0,1.0,2.0,2.0,0.617788,81.79375,-20.4375,6.375,0.0,13896.125,144.0,7,train
143.0,4,near_center,1.0,1.0,1.0,0.0,0.0,0.0,0.0,0.0,0.0,0.0,0.9171,74.25,-53.0,56.0,0.0,17978.0,144.0,1,train
143.0,5,near_right,2.0,2.0,3.0,-1.0,0.0,0.0,0.0,0.0,0.0,1.0,0.9078,101.685,21.5,-21.5,0.0,27274.5,144.0,2,train
144.0,0,far_left,6.0,6.0,3.0,3.0,2.0,1.0,0.0,0.0,2.0,0.0,0.626417,40.806667,23.75,-21.5,0.0,6876.333333,145.0,6,train
144.0,1,far_center,1.0,1.0,2.0,-1.0,0.0,1.0,0.0,0.0,0.0,0.0,0.8213,81.02,-79.0,20.0,0.0,8418.0,145.0,1,train
144.0,2,far_right,4.0,4.0,4.0,0.0,0.0,0.0,0.0,0.0,0.0,0.0,0.776025,40.3675,7.375,-7.0,0.0,9871.75,145.0,5,train
144.0,3,near_left,7.0,7.0,8.0,-1.0,1.0,1.0,0.0,0.0,0.0,1.0,0.672243,91.512857,-25.428571,12.285714,0.142857,13890.142857,145.0,7,train
144.0,4,near_center,1.0,1.0,1.0,0.0,0.0,0.0,0.0,0.0,0.0,0.0,0.923,86.63,-60.5,68.0,0.0,19688.0,145.0,1,train
144.0,5,near_right,2.0,2.0,2.0,0.0,0.0,0.0,0.0,0.0,0.0,0.0,0.9085,86.25,26.5,-12.0,0.0,26104.0,145.0,2,train
145.0,0,far_left,6.0,7.0,6.0,0.0,0.0,0.0,1.0,0.0,0.0,0.0,0.733933,43.19,28.333333,-17.166667,0.0,6211.833333,146.0,8,train
145.0,1,far_center,1.0,2.0,1.0,0.0,0.0,0.0,1.0,0.0,0.0,0.0,0.847,80.51,-77.0,26.0,0.0,9581.0,146.0,1,train
145.0,2,far_right,5.0,4.0,4.0,1.0,0.0,0.0,0.0,1.0,1.0,0.0,0.58276,37.196,3.9,-5.4,0.0,10885.0,146.0,4,train
145.0,3,near_left,7.0,6.0,7.0,0.0,0.0,0.0,0.0,1.0,0.0,0.0,0.699214,74.872857,2.0,5.571429,0.0,15001.0,146.0,5,train
145.0,4,near_center,1.0,1.0,1.0,0.0,0.0,0.0,0.0,0.0,0.0,0.0,0.9221,100.99,-76.0,71.0,0.0,23192.0,146.0,1,train
145.0,5,near_right,2.0,2.0,2.0,0.0,0.0,0.0,0.0,0.0,0.0,0.0,0.8544,71.26,17.75,-19.0,0.0,21943.0,146.0,6,train
146.0,0,far_left,8.0,8.0,6.0,2.0,1.0,0.0,0.0,0.0,1.0,0.0,0.602625,46.7075,34.625,-16.125,0.0,6681.875,147.0,8,train
146.0,1,far_center,1.0,2.0,1.0,0.0,0.0,0.0,1.0,0.0,0.0,0.0,0.8006,71.22,-66.5,27.0,0.0,10804.0,147.0,1,train
146.0,2,far_right,4.0,1.0,5.0,-1.0,0.0,0.0,0.0,3.0,0.0,1.0,0.76935,59.9325,1.875,25.25,0.0,10693.75,147.0,2,train
146.0,3,near_left,5.0,5.0,7.0,-2.0,0.0,1.0,0.0,0.0,1.0,2.0,0.61854,72.314,2.7,0.0,0.0,12700.6,147.0,4,train
146.0,4,near_center,1.0,1.0,1.0,0.0,0.0,0.0,0.0,0.0,0.0,0.0,0.9414,111.46,-75.5,90.0,0.0,26051.0,147.0,1,train
146.0,5,near_right,6.0,8.0,2.0,4.0,0.0,0.0,2.0,0.0,4.0,0.0,0.572983,20.958333,-3.833333,-8.833333,0.0,11415.833333,147.0,7,train
147.0,0,far_left,8.0,9.0,8.0,0.0,0.0,0.0,1.0,0.0,0.0,0.0,0.508625,47.40125,35.125,-26.0,0.0,5459.875,148.0,6,train
147.0,1,far_center,1.0,1.0,1.0,0.0,0.0,0.0,0.0,0.0,0.0,0.0,0.8873,82.85,-78.5,29.0,0.0,11627.0,148.0,1,train
147.0,2,far_right,2.0,2.0,4.0,-2.0,0.0,2.0,0.0,0.0,0.0,0.0,0.6768,38.215,30.25,-22.0,0.0,7153.0,148.0,2,train
147.0,3,near_left,4.0,3.0,5.0,-1.0,0.0,0.0,0.0,1.0,0.0,1.0,0.6113,63.8375,0.125,4.75,0.0,12383.5,148.0,3,train
147.0,4,near_center,1.0,1.0,1.0,0.0,0.0,0.0,0.0,0.0,0.0,0.0,0.9294,122.29,-77.0,102.0,0.0,29601.0,148.0,1,train
147.0,5,near_right,7.0,7.0,6.0,1.0,2.0,0.0,0.0,0.0,0.0,1.0,0.8037,57.808571,-1.5,26.142857,0.0,16411.857143,148.0,7,train
148.0,0,far_left,6.0,7.0,8.0,-2.0,1.0,0.0,1.0,0.0,0.0,3.0,0.75655,64.853333,49.0,-17.0,0.0,7341.5,149.0,9,train
148.0,1,far_center,1.0,1.0,1.0,0.0,0.0,0.0,1.0,1.0,0.0,0.0,0.8248,91.57,-87.5,28.0,0.0,12240.0,149.0,1,train
148.0,2,far_right,2.0,2.0,2.0,0.0,0.0,0.0,1.0,1.0,0.0,0.0,0.71725,31.665,22.0,-23.0,0.0,7124.0,149.0,3,train
148.0,3,near_left,3.0,3.0,4.0,-1.0,0.0,1.0,0.0,0.0,0.0,0.0,0.483367,46.736667,-41.833333,20.0,0.0,13345.0,149.0,3,train
148.0,4,near_center,1.0,1.0,1.0,0.0,0.0,0.0,0.0,0.0,0.0,0.0,0.9225,138.14,-85.5,118.0,0.0,35904.0,149.0,1,train
148.0,5,near_right,7.0,6.0,7.0,0.0,0.0,0.0,0.0,1.0,0.0,0.0,0.631414,58.458571,-5.571429,15.142857,0.0,20073.714286,149.0,6,train
149.0,0,far_left,9.0,8.0,6.0,3.0,1.0,0.0,0.0,1.0,2.0,0.0,0.640756,53.637778,18.166667,-5.777778,0.111111,7135.555556,150.0,7,train
149.0,1,far_center,1.0,2.0,1.0,0.0,1.0,1.0,1.0,0.0,0.0,0.0,0.6516,20.0,12.0,-19.0,0.0,6400.0,150.0,1,train
149.0,2,far_right,3.0,2.0,2.0,1.0,1.0,1.0,0.0,1.0,1.0,0.0,0.707733,34.53,22.666667,-27.666667,0.0,10983.666667,150.0,3,train
149.0,3,near_left,3.0,4.0,3.0,0.0,0.0,0.0,1.0,0.0,0.0,0.0,0.278633,40.606667,-26.0,19.0,0.0,7578.666667,150.0,3,train
149.0,4,near_center,1.0,1.0,1.0,0.0,0.0,0.0,0.0,0.0,0.0,0.0,0.9178,144.3,-115.5,57.0,0.0,27903.0,150.0,1,train
149.0,5,near_right,6.0,6.0,7.0,-1.0,0.0,1.0,0.0,0.0,1.0,1.0,0.663783,51.388333,-4.333333,16.5,0.166667,22621.166667,150.0,6,train
150.0,0,far_left,7.0,7.0,9.0,-2.0,0.0,1.0,0.0,0.0,0.0,1.0,0.7346,34.411429,31.071429,-11.714286,0.0,6919.714286,151.0,8,train
150.0,1,far_center,1.0,2.0,1.0,0.0,0.0,0.0,1.0,0.0,0.0,0.0,0.6607,13.2,10.5,-16.0,0.0,5264.0,151.0,0,train
150.0,2,far_right,3.0,2.0,3.0,0.0,0.0,0.0,0.0,1.0,0.0,0.0,0.752367,36.67,11.166667,-21.666667,0.0,10356.0,151.0,3,train
150.0,3,near_left,3.0,3.0,3.0,0.0,1.0,0.0,0.0,0.0,0.0,1.0,0.3351,30.993333,-29.0,10.333333,0.0,11385.333333,151.0,3,train
150.0,4,near_center,1.0,1.0,1.0,0.0,0.0,0.0,0.0,0.0,0.0,0.0,0.8083,144.82,-126.5,0.0,0.0,7488.0,151.0,0,train
150.0,5,near_right,6.0,6.0,6.0,0.0,0.0,0.0,0.0,0.0,0.0,0.0,0.744283,63.056667,-7.416667,-2.333333,0.0,22790.666667,151.0,7,train
151.0,0,far_left,8.0,8.0,7.0,1.0,0.0,0.0,0.0,0.0,1.0,0.0,0.691987,33.5825,17.4375,-8.375,0.0,6320.75,152.0,9,train
151.0,1,far_center,0.0,0.0,1.0,-1.0,0.0,0.0,0.0,0.0,0.0,1.0,0.0,0.0,0.0,0.0,0.0,0.0,152.0,0,train
151.0,2,far_right,3.0,4.0,3.0,0.0,0.0,0.0,1.0,0.0,0.0,0.0,0.813133,43.273333,7.5,-2.0,0.0,10589.0,152.0,3,train
151.0,3,near_left,3.0,3.0,3.0,0.0,0.0,0.0,0.0,0.0,0.0,0.0,0.5371,36.1,-32.666667,12.666667,0.0,11104.333333,152.0,3,train
151.0,4,near_center,0.0,0.0,1.0,-1.0,0.0,0.0,0.0,0.0,0.0,1.0,0.0,0.0,0.0,0.0,0.0,0.0,152.0,0,train
151.0,5,near_right,7.0,6.0,6.0,1.0,0.0,0.0,0.0,1.0,1.0,0.0,0.647671,71.021429,8.142857,-42.714286,0.0,19338.428571,152.0,7,train
152.0,0,far_left,9.0,9.0,8.0,1.0,0.0,0.0,0.0,0.0,1.0,0.0,0.559944,29.882222,7.111111,-9.111111,0.0,5295.111111,153.0,9,train
152.0,1,far_center,0.0,0.0,0.0,0.0,0.0,0.0,0.0,0.0,0.0,0.0,0.0,0.0,0.0,0.0,0.0,0.0,153.0,0,train
152.0,2,far_right,3.0,3.0,3.0,0.0,0.0,0.0,0.0,0.0,1.0,1.0,0.814533,35.973333,-0.666667,-6.0,0.0,10626.333333,153.0,5,train
152.0,3,near_left,3.0,3.0,3.0,0.0,0.0,0.0,0.0,0.0,0.0,0.0,0.435433,39.84,-37.833333,12.0,0.0,11612.666667,153.0,3,train
152.0,4,near_center,0.0,0.0,0.0,0.0,0.0,0.0,0.0,0.0,0.0,0.0,0.0,0.0,0.0,0.0,0.0,0.0,153.0,0,train
152.0,5,near_right,7.0,7.0,7.0,0.0,0.0,0.0,0.0,0.0,1.0,1.0,0.588471,64.097143,3.428571,17.571429,0.0,25523.428571,153.0,6,train
153.0,0,far_left,9.0,8.0,9.0,0.0,0.0,0.0,0.0,1.0,0.0,0.0,0.570911,36.5,4.166667,2.777778,0.0,5109.333333,154.0,9,train
153.0,1,far_center,0.0,0.0,0.0,0.0,0.0,0.0,0.0,0.0,0.0,0.0,0.0,0.0,0.0,0.0,0.0,0.0,154.0,0,train
153.0,2,far_right,5.0,5.0,3.0,2.0,0.0,0.0,0.0,0.0,2.0,0.0,0.56166,28.952,-0.1,-0.8,0.0,10306.8,154.0,5,train
153.0,3,near_left,3.0,4.0,3.0,0.0,0.0,0.0,1.0,0.0,0.0,0.0,0.300467,48.493333,-45.666667,13.0,0.0,11469.0,154.0,3,train
153.0,4,near_center,0.0,0.0,0.0,0.0,0.0,0.0,0.0,0.0,0.0,0.0,0.0,0.0,0.0,0.0,0.0,0.0,154.0,0,train
153.0,5,near_right,6.0,6.0,7.0,-1.0,0.0,0.0,0.0,0.0,0.0,1.0,0.717067,74.248333,3.333333,3.666667,0.0,22603.833333,154.0,5,train
154.0,0,far_left,9.0,8.0,9.0,0.0,0.0,0.0,0.0,1.0,0.0,0.0,0.512744,34.972222,-2.888889,-2.444444,0.0,4968.888889,155.0,8,train
154.0,1,far_center,0.0,0.0,0.0,0.0,0.0,0.0,0.0,0.0,0.0,0.0,0.0,0.0,0.0,0.0,0.0,0.0,155.0,1,train
154.0,2,far_right,5.0,5.0,5.0,0.0,0.0,0.0,0.0,0.0,0.0,0.0,0.65122,48.91,-16.6,11.2,0.0,11334.8,155.0,3,train
154.0,3,near_left,3.0,4.0,3.0,0.0,0.0,0.0,1.0,0.0,0.0,0.0,0.534067,46.76,-43.0,14.0,0.0,11866.333333,155.0,4,train
154.0,4,near_center,0.0,0.0,0.0,0.0,0.0,0.0,0.0,0.0,0.0,0.0,0.0,0.0,0.0,0.0,0.0,0.0,155.0,1,train
154.0,5,near_right,5.0,5.0,6.0,-1.0,0.0,0.0,0.0,0.0,0.0,1.0,0.73744,72.74,4.8,-20.0,0.0,20424.8,155.0,2,train
155.0,0,far_left,8.0,8.0,9.0,-1.0,0.0,1.0,0.0,0.0,2.0,2.0,0.500675,22.835,-0.125,-2.5,0.0,4121.25,156.0,7,train
155.0,1,far_center,1.0,1.0,0.0,1.0,0.0,0.0,0.0,0.0,1.0,0.0,0.1722,0.0,0.0,0.0,0.0,440.0,156.0,1,train
155.0,2,far_right,3.0,1.0,5.0,-2.0,0.0,0.0,0.0,2.0,0.0,2.0,0.882333,67.996667,-58.5,32.666667,0.0,14801.333333,156.0,1,train
155.0,3,near_left,4.0,4.0,3.0,1.0,1.0,0.0,0.0,0.0,0.0,0.0,0.589875,56.47,-52.625,23.0,0.0,12353.75,156.0,4,train
155.0,4,near_center,1.0,1.0,0.0,1.0,0.0,0.0,0.0,0.0,1.0,0.0,0.9312,0.0,0.0,0.0,0.0,43512.0,156.0,1,train
155.0,5,near_right,2.0,4.0,5.0,-3.0,0.0,0.0,2.0,0.0,0.0,3.0,0.9162,61.685,22.25,-60.5,0.0,20830.5,156.0,4,train
156.0,0,far_left,7.0,7.0,8.0,-1.0,0.0,0.0,0.0,0.0,1.0,2.0,0.622886,15.031429,6.857143,-0.857143,0.0,4080.857143,157.0,6,train
156.0,1,far_center,1.0,1.0,1.0,0.0,0.0,0.0,0.0,0.0,0.0,0.0,0.6431,29.6,-28.5,16.0,0.0,1026.0,157.0,1,train
156.0,2,far_right,1.0,2.0,3.0,-2.0,0.0,2.0,1.0,0.0,1.0,1.0,0.8839,53.56,0.0,0.0,0.0,11169.0,157.0,2,train
156.0,3,near_left,4.0,4.0,4.0,0.0,0.0,0.0,0.0,0.0,0.0,0.0,0.529725,60.0475,-54.375,20.5,0.0,12101.25,157.0,3,train
156.0,4,near_center,1.0,1.0,1.0,0.0,0.0,0.0,0.0,0.0,0.0,0.0,0.9247,260.74,248.0,-82.0,0.0,40727.0,157.0,1,train
156.0,5,near_right,4.0,3.0,2.0,2.0,2.0,0.0,0.0,1.0,0.0,0.0,0.868125,62.1175,-21.25,-15.25,0.0,16405.75,157.0,4,train
157.0,0,far_left,6.0,6.0,7.0,-1.0,0.0,0.0,0.0,0.0,2.0,3.0,0.640717,30.798333,-0.583333,4.0,0.166667,4676.666667,158.0,5,train
157.0,1,far_center,1.0,1.0,1.0,0.0,0.0,0.0,0.0,0.0,0.0,0.0,0.6184,22.85,-21.0,18.0,0.0,1960.0,158.0,2,train
157.0,2,far_right,2.0,4.0,1.0,1.0,0.0,0.0,2.0,0.0,1.0,0.0,0.7313,37.585,2.25,5.5,0.0,10788.0,158.0,1,train
157.0,3,near_left,3.0,3.0,4.0,-1.0,0.0,0.0,0.0,0.0,0.0,1.0,0.533733,35.81,-33.166667,14.0,0.0,12139.333333,158.0,4,train
157.0,4,near_center,1.0,1.0,1.0,0.0,0.0,0.0,0.0,0.0,0.0,0.0,0.9219,218.86,206.5,-80.0,0.0,34472.0,158.0,1,train
157.0,5,near_right,4.0,2.0,4.0,0.0,0.0,0.0,0.0,2.0,0.0,0.0,0.649675,52.945,-6.375,-18.25,0.25,13552.0,158.0,4,train
158.0,0,far_left,5.0,5.0,6.0,-1.0,0.0,1.0,0.0,0.0,1.0,1.0,0.57674,24.262,-12.3,6.0,0.2,4506.0,159.0,5,train
158.0,1,far_center,2.0,2.0,1.0,1.0,0.0,0.0,0.0,0.0,1.0,0.0,0.41545,14.39,-13.75,8.5,0.0,3772.0,159.0,1,train
158.0,2,far_right,1.0,1.0,2.0,-1.0,1.0,2.0,0.0,0.0,0.0,0.0,0.3128,63.45,48.0,-53.0,0.0,12870.0,159.0,1,train
158.0,3,near_left,4.0,4.0,3.0,1.0,1.0,0.0,0.0,0.0,0.0,0.0,0.58555,47.0025,-42.5,22.25,0.0,12009.25,159.0,5,train
158.0,4,near_center,1.0,1.0,1.0,0.0,0.0,0.0,0.0,0.0,0.0,0.0,0.9262,191.32,181.5,-67.0,0.0,29415.0,159.0,2,train
158.0,5,near_right,4.0,4.0,4.0,0.0,2.0,1.0,0.0,0.0,0.0,1.0,0.8285,54.075,-41.5,44.5,0.0,15106.0,159.0,4,train
159.0,0,far_left,5.0,5.0,5.0,0.0,0.0,0.0,0.0,0.0,2.0,2.0,0.54254,28.294,-13.2,-14.6,0.0,4363.2,160.0,5,train
159.0,1,far_center,1.0,1.0,2.0,-1.0,0.0,0.0,0.0,0.0,0.0,1.0,0.7521,44.15,-43.0,20.0,0.0,5394.0,160.0,1,train
159.0,2,far_right,1.0,1.0,1.0,0.0,0.0,0.0,0.0,0.0,0.0,0.0,0.5572,16.87,-3.5,-3.0,0.0,10944.0,160.0,1,train
159.0,3,near_left,5.0,5.0,4.0,1.0,0.0,0.0,0.0,0.0,1.0,0.0,0.5138,43.054,-38.5,19.0,0.0,13890.6,160.0,5,train
159.0,4,near_center,2.0,2.0,1.0,1.0,0.0,0.0,0.0,0.0,1.0,0.0,0.9106,76.37,72.5,-25.5,0.0,32645.5,160.0,2,train
159.0,5,near_right,4.0,4.0,4.0,0.0,0.0,0.0,0.0,0.0,0.0,0.0,0.87875,39.5925,-20.625,35.75,0.0,16665.0,160.0,4,train
160.0,0,far_left,5.0,5.0,5.0,0.0,0.0,0.0,0.0,0.0,0.0,0.0,0.58638,36.852,-20.5,4.0,0.0,4158.0,161.0,5,train
160.0,1,far_center,1.0,1.0,1.0,0.0,0.0,0.0,0.0,0.0,0.0,0.0,0.8326,43.78,-42.5,21.0,0.0,6270.0,161.0,1,train
160.0,2,far_right,1.0,1.0,1.0,0.0,0.0,0.0,0.0,0.0,0.0,0.0,0.675,39.2,-4.0,-34.0,0.0,15554.0,161.0,1,train
160.0,3,near_left,5.0,5.0,5.0,0.0,0.0,0.0,0.0,0.0,0.0,0.0,0.59278,74.576,-8.1,3.2,0.0,11682.8,161.0,3,train
160.0,4,near_center,2.0,2.0,2.0,0.0,0.0,0.0,0.0,0.0,0.0,0.0,0.90265,152.66,135.0,-78.5,0.0,26414.0,161.0,2,train
160.0,5,near_right,4.0,4.0,4.0,0.0,0.0,0.0,0.0,0.0,0.0,0.0,0.881475,44.2025,-19.375,39.0,0.0,17524.5,161.0,5,train
161.0,0,far_left,5.0,6.0,5.0,0.0,0.0,0.0,1.0,0.0,0.0,0.0,0.54712,44.068,-17.8,4.2,0.0,4285.6,162.0,6,train
161.0,1,far_center,1.0,0.0,1.0,0.0,0.0,0.0,0.0,1.0,0.0,0.0,0.7647,47.88,-47.5,11.0,0.0,6448.0,162.0,0,train
161.0,2,far_right,1.0,1.0,1.0,0.0,0.0,0.0,0.0,0.0,0.0,0.0,0.8066,48.39,-11.5,-56.0,0.0,12512.0,162.0,1,train
161.0,3,near_left,3.0,3.0,5.0,-2.0,0.0,0.0,0.0,0.0,0.0,2.0,0.5539,42.963333,37.5,-21.333333,0.0,11740.333333,162.0,4,train
161.0,4,near_center,2.0,1.0,2.0,0.0,0.0,0.0,0.0,1.0,0.0,0.0,0.912,132.095,120.75,-57.0,0.0,29368.0,162.0,2,train
161.0,5,near_right,5.0,6.0,4.0,1.0,0.0,0.0,1.0,0.0,1.0,0.0,0.67698,43.226,-18.5,39.6,0.0,20456.4,162.0,4,train
162.0,0,far_left,6.0,6.0,5.0,1.0,1.0,0.0,0.0,0.0,2.0,2.0,0.466517,34.575,-9.0,8.333333,0.0,4652.5,163.0,6,train
162.0,1,far_center,0.0,0.0,1.0,-1.0,0.0,1.0,0.0,0.0,0.0,0.0,0.0,0.0,0.0,0.0,0.0,0.0,163.0,0,train
162.0,2,far_right,1.0,1.0,1.0,0.0,0.0,0.0,0.0,0.0,0.0,0.0,0.8232,37.98,-6.0,-39.0,0.0,11584.0,163.0,1,train
162.0,3,near_left,4.0,4.0,3.0,1.0,0.0,0.0,0.0,0.0,1.0,0.0,0.63435,54.45,24.0,-13.5,0.0,11373.25,163.0,4,train
162.0,4,near_center,2.0,1.0,2.0,0.0,0.0,0.0,0.0,1.0,0.0,0.0,0.90825,91.705,78.25,-53.0,0.0,22725.5,163.0,3,train
162.0,5,near_right,4.0,5.0,5.0,-1.0,0.0,0.0,1.0,0.0,0.0,1.0,0.885625,65.265,-38.625,49.0,0.0,19990.5,163.0,5,train
163.0,0,far_left,6.0,6.0,6.0,0.0,0.0,0.0,0.0,0.0,1.0,1.0,0.5714,31.325,-29.333333,4.666667,0.0,4720.333333,164.0,6,train
163.0,1,far_center,0.0,0.0,0.0,0.0,0.0,0.0,0.0,0.0,0.0,0.0,0.0,0.0,0.0,0.0,0.0,0.0,164.0,0,train
163.0,2,far_right,1.0,1.0,1.0,0.0,0.0,0.0,0.0,0.0,0.0,0.0,0.8581,37.12,-17.0,-36.0,0.0,10850.0,164.0,2,train
163.0,3,near_left,4.0,4.0,4.0,0.0,0.0,0.0,0.0,0.0,0.0,0.0,0.546125,70.6125,-6.125,23.25,0.0,12738.25,164.0,4,train
163.0,4,near_center,3.0,3.0,2.0,1.0,0.0,0.0,0.0,0.0,1.0,0.0,0.874733,39.216667,28.333333,-28.0,0.0,15757.0,164.0,3,train
163.0,5,near_right,5.0,5.0,4.0,1.0,0.0,0.0,0.0,0.0,1.0,0.0,0.7564,65.416,-44.6,35.4,0.0,17899.6,164.0,7,train
164.0,0,far_left,6.0,6.0,6.0,0.0,0.0,0.0,1.0,1.0,0.0,0.0,0.543883,57.848333,-49.25,22.166667,0.0,5458.333333,165.0,6,train
164.0,1,far_center,0.0,0.0,0.0,0.0,0.0,0.0,0.0,0.0,0.0,0.0,0.0,0.0,0.0,0.0,0.0,0.0,165.0,0,train
164.0,2,far_right,2.0,2.0,1.0,1.0,0.0,0.0,0.0,0.0,1.0,0.0,0.8301,23.53,-17.25,-18.0,0.0,11897.5,165.0,3,train
164.0,3,near_left,4.0,4.0,4.0,0.0,0.0,0.0,1.0,1.0,0.0,0.0,0.5424,74.19,-13.75,-25.75,0.0,10377.25,165.0,4,train
164.0,4,near_center,3.0,4.0,3.0,0.0,0.0,0.0,1.0,0.0,0.0,0.0,0.7909,89.95,79.833333,-19.0,0.0,19923.0,165.0,4,train
164.0,5,near_right,7.0,6.0,5.0,2.0,0.0,0.0,0.0,1.0,2.0,0.0,0.767743,61.61,-44.928571,39.142857,0.0,16374.857143,165.0,6,train
165.0,0,far_left,6.0,4.0,6.0,0.0,1.0,1.0,0.0,2.0,0.0,0.0,0.759233,62.363333,-25.583333,19.333333,0.0,6369.833333,166.0,5,train
165.0,1,far_center,0.0,0.0,0.0,0.0,0.0,0.0,0.0,0.0,0.0,0.0,0.0,0.0,0.0,0.0,0.0,0.0,166.0,0,train
165.0,2,far_right,3.0,3.0,2.0,1.0,0.0,0.0,0.0,0.0,1.0,0.0,0.660533,35.756667,-29.0,-22.0,0.0,11299.333333,166.0,3,train
165.0,3,near_left,4.0,6.0,4.0,0.0,1.0,1.0,2.0,0.0,0.0,0.0,0.5943,43.7,-22.625,38.5,0.0,11728.5,166.0,6,train
165.0,4,near_center,4.0,4.0,3.0,1.0,1.0,0.0,0.0,0.0,0.0,0.0,0.8933,92.77,21.5,-20.25,0.0,21819.75,166.0,4,train
165.0,5,near_right,6.0,6.0,7.0,-1.0,0.0,1.0,0.0,0.0,0.0,0.0,0.797067,81.083333,-16.25,33.666667,0.0,21504.5,166.0,6,train
166.0,0,far_left,5.0,5.0,6.0,-1.0,0.0,2.0,0.0,0.0,1.0,0.0,0.49696,47.22,1.4,-5.8,0.0,6153.4,167.0,3,train
166.0,1,far_center,0.0,0.0,0.0,0.0,0.0,0.0,0.0,0.0,0.0,0.0,0.0,0.0,0.0,0.0,0.0,0.0,167.0,0,train
166.0,2,far_right,3.0,3.0,3.0,0.0,0.0,0.0,0.0,0.0,0.0,0.0,0.778767,38.293333,-13.5,-18.333333,0.0,10601.333333,167.0,4,train
166.0,3,near_left,6.0,6.0,4.0,2.0,2.0,0.0,0.0,0.0,0.0,0.0,0.5931,75.606667,-23.5,12.666667,0.166667,10571.5,167.0,5,train
166.0,4,near_center,4.0,5.0,4.0,0.0,0.0,0.0,1.0,0.0,0.0,0.0,0.900975,88.96,14.25,-33.5,0.0,19887.0,167.0,5,train
166.0,5,near_right,6.0,5.0,6.0,0.0,0.0,0.0,0.0,1.0,0.0,0.0,0.78185,70.938333,-25.0,15.166667,0.0,22251.833333,167.0,5,train
167.0,0,far_left,3.0,3.0,5.0,-2.0,0.0,0.0,0.0,0.0,0.0,2.0,0.787133,50.443333,0.0,28.0,0.0,7990.333333,168.0,4,train
167.0,1,far_center,0.0,1.0,0.0,0.0,0.0,0.0,1.0,0.0,0.0,0.0,0.0,0.0,0.0,0.0,0.0,0.0,168.0,2,train
167.0,2,far_right,4.0,4.0,3.0,1.0,0.0,0.0,0.0,0.0,1.0,0.0,0.655575,34.9725,5.125,-19.75,0.0,8518.25,168.0,3,train
167.0,3,near_left,5.0,5.0,6.0,-1.0,0.0,0.0,0.0,0.0,0.0,1.0,0.64802,71.222,-17.2,-1.4,0.0,10507.8,168.0,6,train
167.0,4,near_center,5.0,4.0,4.0,1.0,1.0,0.0,0.0,1.0,0.0,0.0,0.91744,98.54,-19.5,-19.4,0.0,20675.4,168.0,4,train
167.0,5,near_right,5.0,5.0,6.0,-1.0,0.0,1.0,0.0,0.0,0.0,0.0,0.60928,54.994,-13.0,-13.2,0.4,17571.0,168.0,3,train
168.0,0,far_left,4.0,4.0,3.0,1.0,0.0,0.0,0.0,0.0,1.0,0.0,0.7327,45.7125,0.5,-6.5,0.0,7256.5,169.0,4,train
168.0,1,far_center,2.0,2.0,0.0,2.0,1.0,0.0,0.0,0.0,1.0,0.0,0.71075,38.47,34.0,-16.5,0.0,7945.0,169.0,2,train
168.0,2,far_right,3.0,3.0,4.0,-1.0,0.0,0.0,0.0,0.0,0.0,1.0,0.776233,34.64,-14.666667,14.0,0.0,9956.666667,169.0,3,train
168.0,3,near_left,6.0,6.0,5.0,1.0,0.0,0.0,0.0,0.0,1.0,0.0,0.563283,59.041667,-18.75,11.333333,0.166667,11006.166667,169.0,6,train
168.0,4,near_center,4.0,4.0,5.0,-1.0,0.0,1.0,0.0,0.0,0.0,0.0,0.859325,107.66,-56.0,-23.25,0.0,20483.0,169.0,4,train
168.0,5,near_right,3.0,3.0,5.0,-2.0,0.0,0.0,0.0,0.0,0.0,2.0,0.701867,39.456667,15.333333,-36.333333,0.0,24131.0,169.0,3,train
169.0,0,far_left,4.0,3.0,4.0,0.0,0.0,0.0,0.0,1.0,0.0,0.0,0.6102,55.4025,-26.0,12.0,0.0,7380.75,170.0,3,train
169.0,1,far_center,2.0,2.0,2.0,0.0,0.0,0.0,0.0,0.0,0.0,0.0,0.6242,43.88,10.25,-2.5,0.0,7281.0,170.0,2,train
169.0,2,far_right,3.0,3.0,3.0,0.0,0.0,0.0,0.0,0.0,0.0,0.0,0.686533,40.636667,-10.833333,20.0,0.0,11150.333333,170.0,3,train
169.0,3,near_left,6.0,6.0,6.0,0.0,0.0,0.0,0.0,0.0,1.0,1.0,0.731733,81.833333,-11.0,-9.166667,0.0,13816.333333,170.0,8,train
169.0,4,near_center,4.0,5.0,4.0,0.0,0.0,0.0,1.0,0.0,0.0,0.0,0.880575,99.5975,-58.25,3.25,0.0,22505.25,170.0,4,train
169.0,5,near_right,3.0,3.0,3.0,0.0,0.0,0.0,0.0,0.0,0.0,0.0,0.654233,43.07,21.0,-36.333333,0.0,23791.666667,170.0,2,train
170.0,0,far_left,3.0,2.0,4.0,-1.0,0.0,1.0,0.0,1.0,0.0,0.0,0.682167,46.576667,-13.666667,5.666667,0.0,7798.666667,171.0,4,train
170.0,1,far_center,2.0,2.0,2.0,0.0,0.0,0.0,0.0,0.0,0.0,0.0,0.6533,45.14,11.75,-9.0,0.0,8386.0,171.0,2,train
170.0,2,far_right,3.0,2.0,3.0,0.0,0.0,0.0,0.0,1.0,0.0,0.0,0.679033,50.99,-17.666667,21.666667,0.333333,11553.0,171.0,1,train
170.0,3,near_left,8.0,9.0,6.0,2.0,1.0,0.0,1.0,0.0,2.0,1.0,0.632713,67.185,12.75,-13.25,0.125,11229.0,171.0,7,train
170.0,4,near_center,4.0,3.0,4.0,0.0,0.0,0.0,0.0,1.0,0.0,0.0,0.9018,107.61,-53.5,-6.25,0.0,21087.5,171.0,4,train
170.0,5,near_right,2.0,4.0,3.0,-1.0,0.0,0.0,2.0,0.0,0.0,1.0,0.91295,69.395,27.75,-74.5,0.0,28872.5,171.0,4,train
171.0,0,far_left,4.0,3.0,3.0,1.0,1.0,0.0,0.0,1.0,0.0,0.0,0.684475,59.6675,15.0,-11.5,0.0,7025.25,172.0,3,train
171.0,1,far_center,2.0,2.0,2.0,0.0,0.0,0.0,0.0,0.0,0.0,0.0,0.76285,43.525,6.0,-4.0,0.0,9061.0,172.0,2,train
171.0,2,far_right,1.0,1.0,3.0,-2.0,0.0,1.0,0.0,0.0,0.0,1.0,0.8739,48.44,-34.5,38.0,0.0,11868.0,172.0,1,train
171.0,3,near_left,7.0,9.0,8.0,-1.0,0.0,1.0,2.0,0.0,1.0,1.0,0.556729,79.897143,8.285714,-15.285714,0.0,13288.285714,172.0,9,train
171.0,4,near_center,4.0,3.0,4.0,0.0,0.0,0.0,0.0,1.0,0.0,0.0,0.887,101.885,-62.75,-4.5,0.0,20460.25,172.0,3,train
171.0,5,near_right,4.0,4.0,2.0,2.0,1.0,0.0,0.0,0.0,1.0,0.0,0.703675,54.1875,4.875,-19.0,0.0,18539.5,172.0,4,train
172.0,0,far_left,3.0,3.0,4.0,-1.0,0.0,1.0,0.0,0.0,0.0,0.0,0.6758,63.296667,58.5,-11.333333,0.0,6974.333333,173.0,5,train
172.0,1,far_center,2.0,2.0,2.0,0.0,0.0,0.0,0.0,0.0,0.0,0.0,0.7328,50.42,-0.5,-4.0,0.0,9289.0,173.0,2,train
172.0,2,far_right,1.0,1.0,1.0,0.0,0.0,0.0,0.0,0.0,0.0,0.0,0.8908,43.85,-21.0,43.0,0.0,13575.0,173.0,1,train
172.0,3,near_left,9.0,9.0,7.0,2.0,2.0,0.0,0.0,0.0,1.0,1.0,0.619778,90.076667,-29.333333,19.555556,0.0,12856.111111,173.0,7,train
172.0,4,near_center,3.0,3.0,4.0,-1.0,0.0,1.0,0.0,0.0,0.0,0.0,0.8551,81.173333,-34.5,-7.666667,0.0,23126.333333,173.0,3,train
172.0,5,near_right,4.0,4.0,4.0,0.0,0.0,0.0,0.0,0.0,0.0,0.0,0.637025,65.9775,7.75,-11.75,0.0,16333.75,173.0,3,train
173.0,0,far_left,5.0,5.0,3.0,2.0,1.0,0.0,0.0,0.0,1.0,0.0,0.51434,67.974,23.2,-27.0,0.2,5206.4,174.0,4,train
173.0,1,far_center,2.0,3.0,2.0,0.0,0.0,1.0,1.0,0.0,1.0,0.0,0.46995,19.495,14.75,-16.0,0.0,7762.5,174.0,3,train
173.0,2,far_right,1.0,1.0,1.0,0.0,0.0,0.0,0.0,0.0,0.0,0.0,0.9068,42.44,-24.0,39.0,0.0,14931.0,174.0,1,train
173.0,3,near_left,7.0,7.0,9.0,-2.0,0.0,0.0,0.0,0.0,0.0,2.0,0.766943,98.774286,4.428571,-43.142857,0.0,13557.571429,174.0,8,train
173.0,4,near_center,3.0,2.0,3.0,0.0,0.0,0.0,0.0,1.0,0.0,0.0,0.669933,62.326667,-15.833333,-19.0,0.333333,11715.333333,174.0,1,train
173.0,5,near_right,3.0,3.0,4.0,-1.0,0.0,0.0,0.0,0.0,0.0,1.0,0.659,57.876667,1.666667,8.0,0.0,18527.666667,174.0,2,train
174.0,0,far_left,4.0,4.0,5.0,-1.0,0.0,1.0,0.0,0.0,0.0,0.0,0.613875,60.8225,58.125,-14.5,0.25,5823.25,175.0,5,train
174.0,1,far_center,3.0,3.0,2.0,1.0,2.0,0.0,0.0,0.0,0.0,1.0,0.8189,61.453333,8.666667,16.666667,0.0,9242.666667,175.0,3,train
174.0,2,far_right,1.0,1.0,1.0,0.0,0.0,0.0,0.0,0.0,0.0,0.0,0.5088,20.65,-20.5,1.0,0.0,13020.0,175.0,1,train
174.0,3,near_left,8.0,8.0,7.0,1.0,0.0,0.0,0.0,0.0,1.0,0.0,0.714287,75.16875,6.0,-7.375,0.0,13935.875,175.0,5,train
174.0,4,near_center,1.0,1.0,3.0,-2.0,0.0,1.0,0.0,0.0,0.0,1.0,0.9136,13.04,-13.0,0.0,0.0,18565.0,175.0,1,train
174.0,5,near_right,2.0,2.0,3.0,-1.0,0.0,0.0,0.0,0.0,0.0,1.0,0.787,67.085,-10.5,22.5,0.0,21685.0,175.0,2,train
175.0,0,far_left,5.0,6.0,4.0,1.0,1.0,0.0,1.0,0.0,0.0,0.0,0.59826,63.868,56.9,-34.6,0.2,5683.0,176.0,5,train
175.0,1,far_center,3.0,2.0,3.0,0.0,0.0,0.0,0.0,1.0,0.0,0.0,0.806633,45.473333,7.333333,-12.0,0.0,8780.333333,176.0,3,train
175.0,2,far_right,1.0,2.0,1.0,0.0,0.0,0.0,1.0,0.0,0.0,0.0,0.877,33.32,29.5,-16.0,0.0,13505.0,176.0,1,train
175.0,3,near_left,5.0,5.0,8.0,-3.0,0.0,1.0,0.0,0.0,0.0,2.0,0.81596,95.27,-7.3,11.0,0.0,15320.0,176.0,8,train
175.0,4,near_center,1.0,1.0,1.0,0.0,0.0,0.0,0.0,0.0,0.0,0.0,0.9201,1.41,1.0,1.0,0.0,18565.0,176.0,1,train
175.0,5,near_right,2.0,1.0,2.0,0.0,0.0,0.0,0.0,1.0,0.0,0.0,0.7294,56.97,-8.25,19.5,0.0,19143.5,176.0,4,train
176.0,0,far_left,5.0,6.0,5.0,0.0,0.0,0.0,1.0,0.0,0.0,0.0,0.52516,63.136,56.6,-36.6,0.0,4552.4,177.0,5,train
176.0,1,far_center,3.0,2.0,3.0,0.0,0.0,0.0,0.0,1.0,0.0,0.0,0.772,47.526667,9.333333,-11.333333,0.0,7622.666667,177.0,4,train
176.0,2,far_right,1.0,2.0,1.0,0.0,0.0,0.0,1.0,0.0,0.0,0.0,0.8333,57.99,50.5,-31.0,0.0,13320.0,177.0,2,train
176.0,3,near_left,8.0,8.0,5.0,3.0,0.0,0.0,0.0,0.0,3.0,0.0,0.714175,76.03875,-15.25,4.5,0.0,15626.0,177.0,6,train
176.0,4,near_center,1.0,0.0,1.0,0.0,0.0,0.0,0.0,1.0,0.0,0.0,0.916,17.12,17.0,-1.0,0.0,19197.0,177.0,3,train
176.0,5,near_right,4.0,4.0,2.0,2.0,0.0,0.0,1.0,1.0,2.0,0.0,0.47465,36.515,-19.125,20.75,0.0,12913.0,177.0,3,train
177.0,0,far_left,5.0,6.0,5.0,0.0,0.0,0.0,1.0,0.0,0.0,0.0,0.59598,57.276,52.7,-14.0,0.0,4530.0,178.0,6,train
177.0,1,far_center,4.0,4.0,3.0,1.0,0.0,0.0,0.0,0.0,1.0,0.0,0.610175,38.7825,2.625,-4.25,0.0,5895.75,178.0,4,train
177.0,2,far_right,2.0,2.0,1.0,1.0,1.0,0.0,0.0,0.0,0.0,0.0,0.5585,68.125,12.25,-56.0,0.0,14289.5,178.0,2,train
177.0,3,near_left,6.0,5.0,8.0,-2.0,0.0,1.0,0.0,1.0,0.0,1.0,0.762017,73.948333,63.333333,-40.666667,0.0,13040.0,178.0,6,train
177.0,4,near_center,3.0,3.0,1.0,2.0,1.0,0.0,0.0,0.0,1.0,0.0,0.883,58.816667,-45.5,38.333333,0.0,23204.0,178.0,1,train
177.0,5,near_right,3.0,3.0,4.0,-1.0,0.0,1.0,0.0,0.0,0.0,0.0,0.715933,97.173333,6.0,18.0,0.0,21936.666667,178.0,4,train
178.0,0,far_left,6.0,6.0,5.0,1.0,1.0,0.0,0.0,0.0,1.0,1.0,0.68275,41.29,34.583333,-16.166667,0.0,5311.0,179.0,8,train
178.0,1,far_center,4.0,4.0,4.0,0.0,0.0,0.0,0.0,0.0,0.0,0.0,0.6553,53.465,-7.625,7.5,0.0,5949.75,179.0,4,train
178.0,2,far_right,2.0,2.0,2.0,0.0,0.0,0.0,0.0,0.0,0.0,0.0,0.5747,33.695,6.75,-37.0,0.0,8818.5,179.0,2,train
178.0,3,near_left,6.0,6.0,6.0,0.0,0.0,1.0,0.0,0.0,1.0,0.0,0.70945,55.051667,47.5,-29.333333,0.0,14631.5,179.0,5,train
178.0,4,near_center,1.0,1.0,3.0,-2.0,0.0,1.0,0.0,0.0,0.0,1.0,0.92,0.5,-0.5,0.0,0.0,19588.0,179.0,1,train
178.0,5,near_right,4.0,4.0,3.0,1.0,1.0,0.0,0.0,0.0,0.0,0.0,0.74595,114.5825,44.75,-5.0,0.0,28397.25,179.0,4,train
179.0,0,far_left,8.0,9.0,6.0,2.0,1.0,0.0,1.0,0.0,1.0,0.0,0.620825,38.32875,29.8125,-18.375,0.0,4929.875,180.0,9,validation
179.0,1,far_center,4.0,3.0,4.0,0.0,0.0,0.0,0.0,1.0,0.0,0.0,0.746375,65.03,-23.375,20.0,0.0,6908.0,180.0,3,validation
179.0,2,far_right,2.0,2.0,2.0,0.0,0.0,0.0,0.0,0.0,0.0,0.0,0.3929,43.715,14.0,-46.5,0.0,8157.0,180.0,1,validation
179.0,3,near_left,5.0,4.0,6.0,-1.0,0.0,1.0,0.0,1.0,0.0,0.0,0.70186,116.398,99.7,-65.6,0.0,13326.8,180.0,4,validation
179.0,4,near_center,1.0,2.0,1.0,0.0,0.0,0.0,1.0,0.0,0.0,0.0,0.9108,1.12,-1.0,0.0,0.0,19035.0,180.0,2,validation
179.0,5,near_right,4.0,4.0,4.0,0.0,0.0,0.0,0.0,0.0,0.0,0.0,0.6195,118.5775,18.5,-68.5,0.0,20458.25,180.0,2,validation
180.0,0,far_left,9.0,10.0,8.0,1.0,1.0,0.0,1.0,0.0,1.0,1.0,0.488178,41.472222,33.944444,-17.333333,0.0,5791.333333,181.0,10,validation
180.0,1,far_center,3.0,3.0,4.0,-1.0,0.0,1.0,0.0,0.0,0.0,0.0,0.616433,77.306667,-25.5,20.666667,0.0,5845.0,181.0,3,validation
180.0,2,far_right,1.0,1.0,2.0,-1.0,0.0,0.0,0.0,0.0,0.0,1.0,0.3732,65.36,15.5,-107.0,0.0,3074.0,181.0,2,validation
180.0,3,near_left,4.0,3.0,5.0,-1.0,0.0,1.0,0.0,1.0,0.0,0.0,0.5543,97.47,85.875,-47.5,0.0,12102.25,181.0,3,validation
180.0,4,near_center,2.0,2.0,1.0,1.0,1.0,0.0,0.0,0.0,0.0,0.0,0.8694,49.935,-29.75,-4.0,0.0,12649.5,181.0,2,validation
180.0,5,near_right,2.0,2.0,4.0,-2.0,0.0,0.0,0.0,0.0,0.0,2.0,0.92025,141.23,88.5,-123.5,0.0,30252.0,181.0,2,validation
181.0,0,far_left,10.0,9.0,9.0,1.0,1.0,0.0,1.0,2.0,2.0,2.0,0.54751,58.19,44.25,-10.0,0.0,6612.2,182.0,9,validation
181.0,1,far_center,3.0,4.0,3.0,0.0,0.0,0.0,2.0,1.0,0.0,0.0,0.6195,95.023333,-34.333333,31.333333,0.0,6466.0,182.0,1,validation
181.0,2,far_right,2.0,2.0,1.0,1.0,0.0,0.0,0.0,0.0,1.0,0.0,0.4595,6.04,2.5,0.0,0.0,5396.0,182.0,1,validation
181.0,3,near_left,3.0,2.0,4.0,-1.0,0.0,1.0,0.0,1.0,0.0,0.0,0.5507,33.926667,28.666667,-18.0,0.0,10520.0,182.0,3,validation
181.0,4,near_center,2.0,2.0,2.0,0.0,0.0,0.0,1.0,1.0,0.0,0.0,0.8845,56.535,-39.75,50.5,0.0,16125.5,182.0,3,validation
181.0,5,near_right,2.0,3.0,2.0,0.0,0.0,0.0,1.0,0.0,0.0,0.0,0.9255,124.27,78.25,-116.5,0.0,23947.0,182.0,4,validation
182.0,0,far_left,9.0,7.0,10.0,-1.0,1.0,0.0,0.0,2.0,0.0,2.0,0.5794,70.848889,50.111111,-25.555556,0.0,6740.888889,183.0,10,validation
182.0,1,far_center,1.0,3.0,3.0,-2.0,0.0,1.0,2.0,0.0,0.0,1.0,0.7914,28.2,22.5,-21.0,0.0,4953.0,183.0,2,validation
182.0,2,far_right,1.0,1.0,2.0,-1.0,0.0,0.0,0.0,0.0,0.0,1.0,0.2993,9.86,5.0,1.0,0.0,4455.0,183.0,1,validation
182.0,3,near_left,3.0,3.0,3.0,0.0,0.0,1.0,0.0,0.0,1.0,0.0,0.573267,0.403333,0.333333,-0.333333,0.0,9338.333333,183.0,3,validation
182.0,4,near_center,3.0,3.0,2.0,1.0,1.0,0.0,0.0,0.0,0.0,0.0,0.830767,134.33,-105.333333,88.333333,0.0,18242.333333,183.0,3,validation
182.0,5,near_right,4.0,4.0,2.0,2.0,0.0,0.0,0.0,0.0,2.0,0.0,0.76315,44.615,30.875,-33.0,0.0,15780.25,183.0,5,validation
183.0,0,far_left,10.0,9.0,9.0,1.0,0.0,1.0,0.0,1.0,2.0,0.0,0.5032,63.215,41.8,-18.1,0.1,5871.5,184.0,7,validation
183.0,1,far_center,2.0,3.0,1.0,1.0,1.0,0.0,1.0,0.0,0.0,0.0,0.6107,21.92,0.5,-0.5,0.0,6142.0,184.0,3,validation
183.0,2,far_right,1.0,3.0,1.0,0.0,0.0,0.0,2.0,0.0,0.0,0.0,0.3185,7.43,5.0,2.0,0.0,4218.0,184.0,2,validation
183.0,3,near_left,3.0,3.0,3.0,0.0,0.0,0.0,0.0,0.0,0.0,0.0,0.628133,41.963333,34.5,-14.666667,0.0,13374.666667,184.0,3,validation
183.0,4,near_center,3.0,3.0,3.0,0.0,0.0,0.0,0.0,0.0,0.0,0.0,0.794867,184.86,-143.5,118.666667,0.0,21850.666667,184.0,2,validation
183.0,5,near_right,5.0,3.0,4.0,1.0,0.0,0.0,0.0,2.0,1.0,0.0,0.81704,46.338,29.1,-27.4,0.0,18600.6,184.0,3,validation
184.0,0,far_left,7.0,6.0,10.0,-3.0,0.0,1.0,0.0,1.0,0.0,2.0,0.604129,56.275714,39.5,-8.857143,0.0,6474.428571,185.0,8,validation
184.0,1,far_center,3.0,4.0,2.0,1.0,1.0,0.0,1.0,0.0,0.0,0.0,0.7702,51.313333,37.0,12.333333,0.0,6674.666667,185.0,3,validation
184.0,2,far_right,2.0,2.0,1.0,1.0,2.0,0.0,0.0,0.0,0.0,1.0,0.88065,71.005,44.5,-60.5,0.0,17931.0,185.0,3,validation
184.0,3,near_left,3.0,3.0,3.0,0.0,0.0,0.0,0.0,0.0,0.0,0.0,0.569533,47.476667,42.5,-22.666667,0.0,12250.0,185.0,5,validation
184.0,4,near_center,2.0,2.0,3.0,-1.0,0.0,0.0,0.0,0.0,0.0,1.0,0.9125,72.14,-64.0,35.5,0.0,19556.5,185.0,1,validation
184.0,5,near_right,3.0,3.0,5.0,-2.0,0.0,2.0,0.0,0.0,0.0,0.0,0.708667,69.133333,45.5,-16.333333,0.0,27281.333333,185.0,3,validation
185.0,0,far_left,8.0,7.0,7.0,1.0,0.0,0.0,0.0,1.0,2.0,1.0,0.54575,38.02125,23.75,-6.375,0.0,6295.875,186.0,7,validation
185.0,1,far_center,3.0,4.0,3.0,0.0,0.0,0.0,1.0,0.0,0.0,0.0,0.716933,49.026667,41.833333,7.333333,0.0,6819.0,186.0,4,validation
185.0,2,far_right,3.0,3.0,2.0,1.0,0.0,0.0,0.0,0.0,1.0,0.0,0.479567,43.33,24.166667,-37.333333,0.0,12328.666667,186.0,2,validation
185.0,3,near_left,5.0,5.0,3.0,2.0,1.0,0.0,0.0,0.0,1.0,0.0,0.63234,57.158,-12.1,4.0,0.0,15262.2,186.0,5,validation
185.0,4,near_center,1.0,1.0,2.0,-1.0,0.0,1.0,0.0,0.0,0.0,0.0,0.9252,0.5,0.5,0.0,0.0,20296.0,186.0,1,validation
185.0,5,near_right,3.0,3.0,3.0,0.0,0.0,0.0,0.0,0.0,0.0,0.0,0.6993,72.98,41.833333,-48.0,0.0,28136.333333,186.0,3,validation
186.0,0,far_left,7.0,7.0,8.0,-1.0,0.0,1.0,0.0,0.0,0.0,0.0,0.499029,45.967143,23.071429,-7.285714,0.142857,6372.0,187.0,6,validation
186.0,1,far_center,4.0,3.0,3.0,1.0,1.0,0.0,0.0,1.0,0.0,0.0,0.612725,43.68,32.25,5.0,0.0,6035.25,187.0,3,validation
186.0,2,far_right,2.0,3.0,3.0,-1.0,0.0,0.0,1.0,0.0,0.0,1.0,0.69955,38.265,20.0,-26.0,0.0,10908.0,187.0,3,validation
186.0,3,near_left,5.0,5.0,5.0,0.0,0.0,0.0,0.0,0.0,0.0,0.0,0.70896,93.7,7.3,-3.4,0.0,15648.2,187.0,4,validation
186.0,4,near_center,1.0,1.0,1.0,0.0,0.0,0.0,0.0,0.0,0.0,0.0,0.9281,0.71,-0.5,-1.0,0.0,19975.0,187.0,1,validation
186.0,5,near_right,3.0,3.0,3.0,0.0,0.0,0.0,0.0,0.0,0.0,0.0,0.680733,81.553333,40.333333,-64.333333,0.0,24645.0,187.0,3,validation
187.0,0,far_left,6.0,6.0,7.0,-1.0,0.0,0.0,0.0,0.0,1.0,2.0,0.689017,38.31,0.166667,-8.166667,0.0,6065.833333,188.0,8,validation
187.0,1,far_center,3.0,4.0,4.0,-1.0,0.0,1.0,1.0,0.0,0.0,0.0,0.743767,19.683333,4.666667,10.666667,0.0,6581.333333,188.0,4,validation
187.0,2,far_right,3.0,2.0,2.0,1.0,1.0,0.0,0.0,1.0,0.0,0.0,0.767233,71.48,59.0,-5.0,0.0,9570.666667,188.0,3,validation
187.0,3,near_left,4.0,4.0,5.0,-1.0,0.0,0.0,0.0,0.0,0.0,1.0,0.68145,56.3475,48.75,-29.25,0.0,12577.25,188.0,4,validation
187.0,4,near_center,1.0,1.0,1.0,0.0,0.0,0.0,0.0,0.0,0.0,0.0,0.9281,0.5,-0.5,1.0,0.0,20382.0,188.0,1,validation
187.0,5,near_right,3.0,3.0,3.0,0.0,0.0,0.0,0.0,0.0,0.0,0.0,0.6703,69.706667,39.833333,-64.666667,0.0,21563.333333,188.0,2,validation
188.0,0,far_left,8.0,9.0,6.0,2.0,0.0,0.0,1.0,0.0,3.0,1.0,0.4333,34.6525,1.125,-12.375,0.0,4371.875,189.0,6,validation
188.0,1,far_center,4.0,4.0,3.0,1.0,0.0,0.0,0.0,0.0,1.0,0.0,0.664975,16.0525,3.375,9.0,0.0,5179.0,189.0,4,validation
188.0,2,far_right,3.0,3.0,3.0,0.0,0.0,0.0,0.0,0.0,0.0,0.0,0.822567,63.326667,51.5,-9.666667,0.0,10198.0,189.0,2,validation
188.0,3,near_left,4.0,3.0,4.0,0.0,0.0,0.0,0.0,1.0,0.0,0.0,0.64645,48.5325,42.5,-26.25,0.0,11456.5,189.0,3,validation
188.0,4,near_center,1.0,1.0,1.0,0.0,0.0,0.0,0.0,0.0,0.0,0.0,0.9263,1.0,0.0,0.0,0.0,20210.0,189.0,2,validation
188.0,5,near_right,2.0,2.0,3.0,-1.0,0.0,0.0,0.0,0.0,0.0,1.0,0.9212,92.235,56.75,-81.0,0.0,25865.5,189.0,3,validation
189.0,0,far_left,6.0,6.0,8.0,-2.0,0.0,0.0,1.0,1.0,1.0,3.0,0.5415,67.22,-3.25,11.666667,0.0,5400.333333,190.0,6,validation
189.0,1,far_center,4.0,4.0,4.0,0.0,0.0,0.0,0.0,0.0,0.0,0.0,0.68605,25.09,-7.0,13.5,0.0,5645.5,190.0,4,validation
189.0,2,far_right,2.0,3.0,3.0,-1.0,0.0,0.0,1.0,0.0,0.0,1.0,0.648,31.535,16.0,-28.0,0.0,10626.0,190.0,1,validation
189.0,3,near_left,3.0,3.0,4.0,-1.0,0.0,0.0,1.0,1.0,0.0,1.0,0.5941,31.566667,27.666667,-17.333333,0.0,10642.0,190.0,4,validation
189.0,4,near_center,2.0,2.0,1.0,1.0,0.0,0.0,0.0,0.0,1.0,0.0,0.91475,0.25,-0.25,0.0,0.0,24931.0,190.0,2,validation
189.0,5,near_right,3.0,2.0,2.0,1.0,0.0,0.0,0.0,1.0,1.0,0.0,0.6919,55.12,27.333333,-48.666667,0.0,15679.333333,190.0,3,validation
190.0,0,far_left,6.0,5.0,6.0,0.0,0.0,0.0,0.0,1.0,1.0,1.0,0.606167,49.076667,-1.5,6.333333,0.0,5388.0,191.0,8,validation
190.0,1,far_center,4.0,4.0,4.0,0.0,0.0,0.0,0.0,0.0,0.0,0.0,0.71395,29.3775,-9.375,16.25,0.25,6442.0,191.0,3,validation
190.0,2,far_right,1.0,3.0,2.0,-1.0,0.0,0.0,2.0,0.0,0.0,1.0,0.8833,43.19,32.0,-31.0,0.0,10336.0,191.0,3,validation
190.0,3,near_left,4.0,5.0,3.0,1.0,0.0,0.0,1.0,0.0,1.0,0.0,0.611,16.9775,8.375,14.5,0.0,10591.75,191.0,5,validation
190.0,4,near_center,2.0,2.0,2.0,0.0,0.0,0.0,0.0,0.0,0.0,0.0,0.916,104.835,101.75,-20.0,0.0,25263.5,191.0,2,validation
190.0,5,near_right,3.0,1.0,3.0,0.0,0.0,0.0,0.0,2.0,0.0,0.0,0.647967,42.736667,16.833333,-41.666667,0.0,13998.666667,191.0,0,validation
191.0,0,far_left,8.0,8.0,6.0,2.0,0.0,1.0,0.0,0.0,3.0,0.0,0.458738,33.2075,13.0625,-6.5,0.125,3846.75,192.0,7,validation
191.0,1,far_center,3.0,3.0,4.0,-1.0,0.0,0.0,0.0,0.0,0.0,1.0,0.868233,32.626667,-19.333333,28.666667,0.0,9387.333333,192.0,3,validation
191.0,2,far_right,3.0,3.0,1.0,2.0,2.0,0.0,0.0,0.0,0.0,0.0,0.828133,46.963333,27.666667,-45.0,0.0,13225.333333,192.0,3,validation
191.0,3,near_left,5.0,5.0,4.0,1.0,1.0,0.0,0.0,0.0,0.0,0.0,0.73684,69.316,-17.3,6.6,0.0,12974.4,192.0,5,validation
191.0,4,near_center,2.0,2.0,2.0,0.0,0.0,0.0,0.0,0.0,0.0,0.0,0.9131,95.86,91.0,-31.0,0.0,23746.5,192.0,2,validation
191.0,5,near_right,0.0,0.0,3.0,-3.0,0.0,2.0,0.0,0.0,0.0,1.0,0.0,0.0,0.0,0.0,0.0,0.0,192.0,0,validation
192.0,0,far_left,7.0,7.0,8.0,-1.0,0.0,0.0,0.0,0.0,0.0,1.0,0.5678,46.688571,18.0,-7.285714,0.0,4161.285714,193.0,4,validation
192.0,1,far_center,3.0,2.0,3.0,0.0,0.0,0.0,0.0,1.0,0.0,0.0,0.890967,38.456667,-20.333333,33.0,0.0,10310.0,193.0,2,validation
192.0,2,far_right,3.0,3.0,3.0,0.0,0.0,0.0,0.0,0.0,0.0,0.0,0.6202,47.393333,27.5,-40.333333,0.0,11681.666667,193.0,2,validation
192.0,3,near_left,5.0,5.0,5.0,0.0,0.0,0.0,0.0,0.0,0.0,0.0,0.71848,73.222,-19.6,4.4,0.0,12831.2,193.0,5,validation
192.0,4,near_center,2.0,3.0,2.0,0.0,0.0,0.0,1.0,0.0,0.0,0.0,0.9161,86.21,81.75,-30.0,0.0,22064.0,193.0,3,validation
192.0,5,near_right,0.0,0.0,0.0,0.0,0.0,0.0,0.0,0.0,0.0,0.0,0.0,0.0,0.0,0.0,0.0,0.0,193.0,0,validation
193.0,0,far_left,4.0,4.0,7.0,-3.0,0.0,0.0,0.0,0.0,0.0,3.0,0.739975,48.565,-5.75,-0.25,0.0,5075.0,194.0,5,validation
193.0,1,far_center,2.0,2.0,3.0,-1.0,0.0,1.0,1.0,1.0,0.0,0.0,0.7553,43.35,-26.25,31.0,0.0,10334.0,194.0,3,validation
193.0,2,far_right,2.0,1.0,3.0,-1.0,0.0,0.0,0.0,1.0,0.0,1.0,0.78135,47.2,33.5,-40.5,0.0,11639.0,194.0,1,validation
193.0,3,near_left,5.0,5.0,5.0,0.0,0.0,0.0,0.0,0.0,0.0,0.0,0.71758,74.562,-27.5,14.6,0.0,13687.0,194.0,5,validation
193.0,4,near_center,3.0,4.0,2.0,1.0,1.0,0.0,1.0,0.0,0.0,0.0,0.911967,65.996667,43.0,-5.666667,0.0,18319.666667,194.0,4,validation
193.0,5,near_right,0.0,0.0,0.0,0.0,0.0,0.0,0.0,0.0,0.0,0.0,0.0,0.0,0.0,0.0,0.0,0.0,194.0,0,validation
194.0,0,far_left,5.0,5.0,4.0,1.0,0.0,0.0,0.0,0.0,1.0,0.0,0.58682,55.244,-7.1,-9.6,0.0,4491.8,195.0,5,validation
194.0,1,far_center,3.0,3.0,2.0,1.0,1.0,1.0,0.0,0.0,1.0,0.0,0.6303,38.173333,-30.833333,22.333333,0.0,5560.0,195.0,2,validation
194.0,2,far_right,1.0,1.0,2.0,-1.0,0.0,1.0,0.0,0.0,1.0,1.0,0.6682,77.94,0.0,0.0,0.0,9400.0,195.0,1,validation
194.0,3,near_left,5.0,5.0,5.0,0.0,0.0,0.0,0.0,0.0,0.0,0.0,0.64334,78.634,-16.9,10.6,0.0,11670.8,195.0,4,validation
194.0,4,near_center,4.0,3.0,3.0,1.0,1.0,0.0,0.0,1.0,0.0,0.0,0.904725,59.91,25.25,9.0,0.0,17492.5,195.0,4,validation
194.0,5,near_right,0.0,1.0,0.0,0.0,0.0,0.0,1.0,0.0,0.0,0.0,0.0,0.0,0.0,0.0,0.0,0.0,195.0,1,validation
195.0,0,far_left,5.0,4.0,5.0,0.0,0.0,0.0,0.0,1.0,0.0,0.0,0.5625,60.732,10.1,-2.8,0.2,4706.0,196.0,2,validation
195.0,1,far_center,2.0,2.0,3.0,-1.0,0.0,0.0,0.0,0.0,0.0,1.0,0.79735,77.17,-72.5,24.5,0.0,6916.0,196.0,2,validation
195.0,2,far_right,1.0,1.0,1.0,0.0,0.0,0.0,0.0,0.0,0.0,0.0,0.1636,22.95,4.5,-64.0,0.0,3675.0,196.0,0,validation
195.0,3,near_left,4.0,4.0,5.0,-1.0,0.0,0.0,1.0,1.0,0.0,1.0,0.6157,65.01,20.25,10.25,0.0,11517.5,196.0,4,validation
195.0,4,near_center,4.0,5.0,4.0,0.0,0.0,1.0,1.0,0.0,1.0,0.0,0.764025,29.1375,-16.875,17.0,0.0,15112.0,196.0,6,validation
195.0,5,near_right,1.0,1.0,0.0,1.0,1.0,0.0,0.0,0.0,0.0,0.0,0.8948,141.04,134.0,-49.0,0.0,19448.0,196.0,2,validation
196.0,0,far_left,2.0,2.0,5.0,-3.0,0.0,1.0,0.0,0.0,0.0,2.0,0.5914,24.765,-4.5,14.0,0.0,4814.5,197.0,3,validation
196.0,1,far_center,2.0,2.0,2.0,0.0,0.0,0.0,0.0,0.0,0.0,0.0,0.87,72.235,-66.25,28.0,0.0,7674.0,197.0,2,validation
196.0,2,far_right,0.0,0.0,1.0,-1.0,0.0,0.0,0.0,0.0,0.0,1.0,0.0,0.0,0.0,0.0,0.0,0.0,197.0,0,validation
196.0,3,near_left,4.0,4.0,4.0,0.0,1.0,1.0,0.0,0.0,0.0,0.0,0.65715,51.045,-45.0,28.5,0.0,12540.25,197.0,5,validation
196.0,4,near_center,6.0,6.0,4.0,2.0,1.0,0.0,0.0,0.0,1.0,0.0,0.642617,71.671667,40.0,19.666667,0.0,18665.666667,197.0,5,validation
196.0,5,near_right,2.0,2.0,1.0,1.0,0.0,0.0,0.0,0.0,1.0,0.0,0.5317,65.765,58.0,-41.0,0.0,12128.0,197.0,1,validation
197.0,0,far_left,3.0,3.0,2.0,1.0,0.0,0.0,0.0,0.0,1.0,0.0,0.602433,20.796667,-3.666667,3.333333,0.0,4333.333333,198.0,3,validation
197.0,1,far_center,2.0,2.0,2.0,0.0,0.0,0.0,0.0,0.0,0.0,0.0,0.8656,64.64,-57.25,31.5,0.0,8323.0,198.0,2,validation
197.0,2,far_right,0.0,0.0,0.0,0.0,0.0,0.0,0.0,0.0,0.0,0.0,0.0,0.0,0.0,0.0,0.0,0.0,198.0,0,validation
197.0,3,near_left,5.0,5.0,4.0,1.0,0.0,0.0,0.0,0.0,1.0,0.0,0.5484,52.052,-42.8,24.6,0.0,10911.4,198.0,3,validation
197.0,4,near_center,5.0,5.0,6.0,-1.0,0.0,0.0,0.0,0.0,1.0,2.0,0.7825,61.438,20.5,-0.4,0.0,17151.8,198.0,7,validation
197.0,5,near_right,1.0,1.0,2.0,-1.0,0.0,0.0,0.0,0.0,0.0,1.0,0.9113,104.0,97.0,-35.0,0.0,17112.0,198.0,1,validation
198.0,0,far_left,3.0,3.0,3.0,0.0,0.0,0.0,0.0,0.0,0.0,0.0,0.6436,34.173333,5.5,-7.0,0.0,4123.333333,199.0,3,validation
198.0,1,far_center,2.0,3.0,2.0,0.0,0.0,0.0,1.0,0.0,0.0,0.0,0.8517,67.855,-61.0,33.0,0.0,9086.0,199.0,2,validation
198.0,2,far_right,0.0,0.0,0.0,0.0,0.0,0.0,0.0,0.0,0.0,0.0,0.0,0.0,0.0,0.0,0.0,0.0,199.0,2,validation
198.0,3,near_left,3.0,3.0,5.0,-2.0,0.0,0.0,0.0,0.0,0.0,2.0,0.703333,64.966667,2.333333,38.333333,0.0,15193.666667,199.0,4,validation
198.0,4,near_center,7.0,6.0,5.0,2.0,0.0,0.0,0.0,1.0,2.0,0.0,0.622557,109.45,34.714286,-3.0,0.0,16076.142857,199.0,5,validation
198.0,5,near_right,1.0,1.0,1.0,0.0,0.0,0.0,0.0,0.0,0.0,0.0,0.9138,88.96,83.0,-24.0,0.0,18180.0,199.0,1,validation
199.0,0,far_left,3.0,3.0,3.0,0.0,0.0,0.0,0.0,0.0,0.0,0.0,0.602633,24.933333,-2.666667,-2.666667,0.0,4129.333333,200.0,3,validation
199.0,1,far_center,2.0,1.0,2.0,0.0,0.0,0.0,0.0,1.0,0.0,0.0,0.8589,77.825,-68.5,39.0,0.0,9888.0,200.0,1,validation
199.0,2,far_right,2.0,3.0,0.0,2.0,0.0,0.0,1.0,0.0,2.0,0.0,0.7458,0.0,0.0,0.0,0.0,7604.5,200.0,3,validation
199.0,3,near_left,4.0,4.0,3.0,1.0,0.0,0.0,0.0,0.0,1.0,0.0,0.7005,47.06,21.5,-2.0,0.0,13378.75,200.0,4,validation
199.0,4,near_center,5.0,3.0,7.0,-2.0,0.0,0.0,1.0,3.0,0.0,2.0,0.78076,89.552,47.9,5.4,0.0,17944.2,200.0,5,validation
199.0,5,near_right,1.0,3.0,1.0,0.0,0.0,0.0,2.0,0.0,0.0,0.0,0.9155,77.18,66.0,-43.0,0.0,17248.0,200.0,2,validation
200.0,0,far_left,3.0,3.0,3.0,0.0,0.0,0.0,0.0,0.0,0.0,0.0,0.582933,26.616667,1.833333,-4.0,0.0,3816.333333,201.0,2,validation
200.0,1,far_center,1.0,1.0,2.0,-1.0,0.0,1.0,0.0,0.0,0.0,0.0,0.8398,84.62,-81.0,27.0,0.0,8344.0,201.0,2,validation
200.0,2,far_right,3.0,4.0,2.0,1.0,1.0,0.0,1.0,0.0,0.0,0.0,0.8314,71.84,27.666667,20.333333,0.0,9767.333333,201.0,5,validation
200.0,3,near_left,4.0,4.0,4.0,0.0,0.0,0.0,0.0,0.0,0.0,0.0,0.66065,50.455,10.875,-1.5,0.0,12984.0,201.0,4,validation
200.0,4,near_center,5.0,5.0,5.0,0.0,1.0,2.0,0.0,0.0,1.0,0.0,0.7169,80.82,2.7,13.2,0.0,16749.6,201.0,4,validation
200.0,5,near_right,2.0,1.0,1.0,1.0,1.0,0.0,0.0,1.0,0.0,0.0,0.9124,76.65,24.25,18.0,0.0,22333.5,201.0,1,validation
201.0,0,far_left,2.0,2.0,3.0,-1.0,0.0,0.0,0.0,0.0,0.0,1.0,0.46995,37.895,-7.0,4.5,0.0,5193.5,202.0,2,validation
201.0,1,far_center,2.0,2.0,1.0,1.0,0.0,0.0,0.0,0.0,1.0,0.0,0.69775,42.615,-40.25,15.5,0.0,6865.0,202.0,2,validation
201.0,2,far_right,5.0,5.0,3.0,2.0,1.0,0.0,0.0,0.0,1.0,0.0,0.78252,49.716,38.8,3.0,0.0,10373.6,202.0,5,validation
201.0,3,near_left,4.0,4.0,4.0,0.0,0.0,0.0,0.0,0.0,0.0,0.0,0.624375,55.11,-2.75,2.75,0.0,13078.5,202.0,4,validation
201.0,4,near_center,4.0,3.0,5.0,-1.0,0.0,0.0,0.0,1.0,0.0,1.0,0.83225,77.31,-6.5,23.5,0.0,17991.0,202.0,3,validation
201.0,5,near_right,1.0,2.0,2.0,-1.0,0.0,1.0,1.0,0.0,0.0,0.0,0.9128,91.24,-27.5,94.0,0.0,31920.0,202.0,2,validation
202.0,0,far_left,2.0,3.0,2.0,0.0,0.0,0.0,1.0,0.0,0.0,0.0,0.6026,41.355,-12.0,-0.5,0.0,4804.5,203.0,3,validation
202.0,1,far_center,2.0,2.0,2.0,0.0,0.0,0.0,0.0,0.0,0.0,0.0,0.8062,58.93,-55.25,27.0,0.0,7940.0,203.0,2,validation
202.0,2,far_right,5.0,5.0,5.0,0.0,0.0,0.0,0.0,0.0,0.0,0.0,0.83132,55.86,38.3,15.6,0.0,12040.2,203.0,5,validation
202.0,3,near_left,4.0,3.0,4.0,0.0,0.0,0.0,0.0,1.0,0.0,0.0,0.646825,70.8525,-4.25,26.0,0.0,13731.25,203.0,3,validation
202.0,4,near_center,3.0,3.0,4.0,-1.0,0.0,1.0,0.0,0.0,0.0,0.0,0.819833,73.393333,-9.5,7.0,0.0,15612.333333,203.0,5,validation
202.0,5,near_right,2.0,2.0,1.0,1.0,1.0,0.0,0.0,0.0,0.0,0.0,0.91755,94.16,-36.0,93.5,0.0,33778.0,203.0,2,validation
203.0,0,far_left,3.0,3.0,2.0,1.0,1.0,0.0,0.0,0.0,0.0,0.0,0.567833,46.926667,13.333333,-10.0,0.0,6037.333333,204.0,4,validation
203.0,1,far_center,2.0,3.0,2.0,0.0,0.0,1.0,1.0,0.0,1.0,0.0,0.51435,12.915,-9.5,12.0,0.0,3786.0,204.0,2,validation
203.0,2,far_right,5.0,5.0,5.0,0.0,0.0,0.0,0.0,0.0,0.0,0.0,0.78508,52.406,34.8,14.6,0.0,12458.6,204.0,5,validation
203.0,3,near_left,3.0,3.0,4.0,-1.0,0.0,1.0,0.0,0.0,1.0,1.0,0.723667,64.793333,10.166667,17.333333,0.0,14429.333333,204.0,3,validation
203.0,4,near_center,5.0,4.0,3.0,2.0,1.0,0.0,1.0,2.0,1.0,0.0,0.72204,69.028,-25.2,9.6,0.0,13999.4,204.0,6,validation
203.0,5,near_right,2.0,2.0,2.0,0.0,0.0,0.0,1.0,1.0,0.0,0.0,0.914,88.3,-57.5,42.0,0.0,29877.0,204.0,1,validation
204.0,0,far_left,4.0,4.0,3.0,1.0,0.0,0.0,0.0,0.0,1.0,0.0,0.55995,31.48,5.0,-3.5,0.0,4925.0,205.0,4,validation
204.0,1,far_center,2.0,3.0,2.0,0.0,0.0,0.0,1.0,0.0,0.0,0.0,0.68405,26.645,-18.25,23.0,0.0,4613.5,205.0,3,validation
204.0,2,far_right,5.0,5.0,5.0,0.0,0.0,0.0,0.0,0.0,0.0,0.0,0.7708,51.154,30.7,1.4,0.0,10598.4,205.0,5,validation
204.0,3,near_left,3.0,3.0,3.0,0.0,0.0,0.0,0.0,0.0,1.0,1.0,0.6186,34.213333,31.166667,-15.333333,0.0,12451.666667,205.0,3,validation
204.0,4,near_center,6.0,5.0,5.0,1.0,1.0,0.0,0.0,1.0,0.0,0.0,0.756767,85.535,-33.833333,7.833333,0.0,15199.833333,205.0,4,validation
204.0,5,near_right,1.0,1.0,2.0,-1.0,0.0,1.0,0.0,0.0,0.0,0.0,0.8924,78.64,-59.0,0.0,0.0,15276.0,205.0,0,validation
205.0,0,far_left,4.0,4.0,4.0,0.0,0.0,0.0,0.0,0.0,0.0,0.0,0.54055,49.0575,-9.5,2.25,0.0,5334.0,206.0,3,validation
205.0,1,far_center,3.0,3.0,2.0,1.0,1.0,0.0,0.0,0.0,0.0,0.0,0.752033,35.113333,5.666667,11.333333,0.0,7001.0,206.0,4,validation
205.0,2,far_right,5.0,5.0,5.0,0.0,0.0,0.0,0.0,0.0,0.0,0.0,0.45986,47.536,20.7,-9.8,0.0,9461.2,206.0,6,validation
205.0,3,near_left,3.0,3.0,3.0,0.0,0.0,0.0,0.0,0.0,0.0,0.0,0.5723,31.013333,27.166667,-13.0,0.0,11132.0,206.0,4,validation
205.0,4,near_center,4.0,4.0,6.0,-2.0,0.0,1.0,0.0,0.0,0.0,1.0,0.828875,101.2,-86.625,38.5,0.25,15182.25,206.0,6,validation
205.0,5,near_right,0.0,0.0,1.0,-1.0,0.0,0.0,0.0,0.0,0.0,1.0,0.0,0.0,0.0,0.0,0.0,0.0,206.0,1,validation
206.0,0,far_left,3.0,3.0,4.0,-1.0,0.0,1.0,0.0,0.0,0.0,0.0,0.449967,61.336667,-9.666667,-3.0,0.0,4827.333333,207.0,2,validation
206.0,1,far_center,4.0,3.0,3.0,1.0,0.0,0.0,0.0,1.0,1.0,0.0,0.448675,48.4575,1.125,-2.75,0.0,7832.5,207.0,3,validation
206.0,2,far_right,6.0,5.0,5.0,1.0,0.0,0.0,1.0,2.0,1.0,0.0,0.519917,53.98,5.75,22.0,0.0,11634.333333,207.0,4,validation
206.0,3,near_left,4.0,4.0,3.0,1.0,1.0,0.0,0.0,0.0,0.0,0.0,0.529375,36.52,3.875,2.5,0.0,10470.5,207.0,6,validation
206.0,4,near_center,6.0,6.0,4.0,2.0,0.0,0.0,0.0,0.0,3.0,1.0,0.68305,55.77,-48.333333,28.833333,0.0,19947.0,207.0,4,validation
206.0,5,near_right,1.0,3.0,0.0,1.0,0.0,0.0,2.0,0.0,1.0,0.0,0.2074,0.0,0.0,0.0,0.0,7310.0,207.0,2,validation
207.0,0,far_left,2.0,2.0,3.0,-1.0,0.0,0.0,0.0,0.0,0.0,1.0,0.40125,56.535,15.25,-2.0,0.0,6195.0,208.0,2,validation
207.0,1,far_center,3.0,3.0,4.0,-1.0,0.0,0.0,0.0,0.0,0.0,1.0,0.634433,44.083333,-5.166667,4.333333,0.0,6941.333333,208.0,3,validation
207.0,2,far_right,4.0,1.0,6.0,-2.0,0.0,1.0,0.0,3.0,0.0,1.0,0.68565,58.82,-23.5,46.5,0.0,13992.0,208.0,1,validation
207.0,3,near_left,6.0,6.0,4.0,2.0,1.0,0.0,0.0,0.0,1.0,0.0,0.640517,47.831667,-21.25,11.333333,0.0,11265.666667,208.0,6,validation
207.0,4,near_center,4.0,4.0,6.0,-2.0,0.0,1.0,0.0,0.0,0.0,1.0,0.79555,149.925,36.75,-3.0,0.0,23634.5,208.0,4,validation
207.0,5,near_right,2.0,5.0,1.0,1.0,1.0,0.0,3.0,0.0,0.0,0.0,0.54935,78.345,-19.0,109.5,0.0,13356.0,208.0,5,validation
208.0,0,far_left,2.0,3.0,2.0,0.0,0.0,0.0,1.0,0.0,0.0,0.0,0.5239,47.445,11.25,-0.5,0.0,6277.0,209.0,3,validation
208.0,1,far_center,3.0,3.0,3.0,0.0,0.0,0.0,0.0,0.0,1.0,1.0,0.706967,48.15,-25.833333,20.666667,0.0,8792.666667,209.0,3,validation
208.0,2,far_right,1.0,1.0,4.0,-3.0,0.0,3.0,0.0,0.0,0.0,0.0,0.8343,44.7,-36.0,30.0,0.0,13446.0,209.0,2,validation
208.0,3,near_left,6.0,5.0,6.0,0.0,0.0,0.0,0.0,1.0,0.0,0.0,0.505533,69.131667,-11.333333,-7.333333,0.166667,11052.833333,209.0,7,validation
208.0,4,near_center,4.0,4.0,4.0,0.0,0.0,0.0,0.0,0.0,1.0,1.0,0.83545,89.57,75.875,-47.25,0.0,25596.0,209.0,5,validation
208.0,5,near_right,5.0,5.0,2.0,3.0,3.0,0.0,0.0,0.0,0.0,0.0,0.71248,45.842,-28.3,38.2,0.2,15566.4,209.0,4,validation
209.0,0,far_left,3.0,3.0,2.0,1.0,1.0,0.0,0.0,0.0,0.0,0.0,0.485967,54.083333,23.333333,-7.0,0.0,7456.0,210.0,3,validation
209.0,1,far_center,3.0,3.0,3.0,0.0,0.0,0.0,0.0,0.0,0.0,0.0,0.665,52.266667,-19.0,6.666667,0.0,8999.0,210.0,4,validation
209.0,2,far_right,2.0,2.0,1.0,1.0,0.0,0.0,0.0,0.0,1.0,0.0,0.52575,19.56,-12.25,15.5,0.0,9603.0,210.0,2,validation
209.0,3,near_left,7.0,8.0,6.0,1.0,0.0,1.0,1.0,0.0,2.0,0.0,0.453543,52.325714,-24.714286,10.857143,0.0,12273.714286,210.0,6,validation
209.0,4,near_center,5.0,4.0,4.0,1.0,0.0,0.0,0.0,1.0,1.0,0.0,0.843,85.03,59.0,-61.8,0.0,26350.8,210.0,5,validation
209.0,5,near_right,4.0,4.0,5.0,-1.0,0.0,0.0,0.0,0.0,0.0,1.0,0.826175,58.0275,-33.875,47.75,0.0,18220.0,210.0,4,validation
210.0,0,far_left,3.0,3.0,3.0,0.0,0.0,0.0,0.0,0.0,0.0,0.0,0.286467,57.956667,20.833333,-8.666667,0.0,7078.0,211.0,3,validation
210.0,1,far_center,4.0,3.0,3.0,1.0,0.0,0.0,0.0,1.0,1.0,0.0,0.6364,36.045,-9.625,12.75,0.0,8589.25,211.0,3,validation
210.0,2,far_right,2.0,3.0,2.0,0.0,0.0,0.0,1.0,0.0,0.0,0.0,0.4746,45.005,-25.25,42.0,0.0,11913.0,211.0,3,validation
210.0,3,near_left,6.0,6.0,7.0,-1.0,0.0,0.0,0.0,0.0,0.0,1.0,0.416117,93.743333,-12.166667,24.5,0.166667,14572.833333,211.0,4,validation
210.0,4,near_center,5.0,5.0,5.0,0.0,0.0,0.0,0.0,0.0,0.0,0.0,0.86236,129.184,112.6,-66.0,0.0,24705.8,211.0,5,validation
210.0,5,near_right,4.0,4.0,4.0,0.0,0.0,0.0,0.0,0.0,0.0,0.0,0.72545,83.9575,-57.0,38.5,0.0,18280.0,211.0,3,validation
211.0,0,far_left,3.0,3.0,3.0,0.0,0.0,0.0,0.0,0.0,0.0,0.0,0.5045,59.92,20.0,-7.0,0.0,6968.0,212.0,3,validation
211.0,1,far_center,3.0,3.0,4.0,-1.0,0.0,1.0,0.0,0.0,1.0,1.0,0.682,73.65,-52.0,28.333333,0.0,6486.333333,212.0,3,validation
211.0,2,far_right,3.0,1.0,2.0,1.0,1.0,0.0,0.0,2.0,0.0,0.0,0.862733,64.853333,-25.666667,78.333333,0.0,15618.0,212.0,1,validation
211.0,3,near_left,4.0,4.0,6.0,-2.0,0.0,0.0,0.0,0.0,0.0,2.0,0.551025,66.7175,0.0,-28.75,0.0,11578.25,212.0,5,validation
211.0,4,near_center,5.0,4.0,5.0,0.0,0.0,0.0,0.0,1.0,0.0,0.0,0.87654,117.204,102.7,-55.8,0.0,21339.2,212.0,5,validation
211.0,5,near_right,3.0,6.0,4.0,-1.0,0.0,0.0,3.0,0.0,0.0,1.0,0.8708,99.916667,-49.5,79.333333,0.0,25192.333333,212.0,6,validation
212.0,0,far_left,3.0,3.0,3.0,0.0,0.0,0.0,0.0,0.0,0.0,0.0,0.4887,53.62,16.666667,-4.0,0.0,6959.666667,213.0,3,validation
212.0,1,far_center,3.0,3.0,3.0,0.0,0.0,0.0,0.0,0.0,1.0,1.0,0.335733,80.983333,-60.0,38.666667,0.0,8780.0,213.0,3,validation
212.0,2,far_right,1.0,1.0,3.0,-2.0,0.0,2.0,0.0,0.0,0.0,0.0,0.8905,42.03,-24.0,37.0,0.0,15252.0,213.0,1,validation
212.0,3,near_left,5.0,5.0,4.0,1.0,0.0,0.0,0.0,0.0,1.0,0.0,0.5817,67.452,-5.6,1.6,0.0,12887.4,213.0,5,validation
212.0,4,near_center,5.0,5.0,5.0,0.0,0.0,0.0,0.0,0.0,0.0,0.0,0.8599,98.918,84.7,-52.6,0.0,18057.2,213.0,5,validation
212.0,5,near_right,6.0,6.0,3.0,3.0,2.0,0.0,0.0,0.0,1.0,0.0,0.859483,94.41,-33.0,64.333333,0.0,22833.833333,213.0,6,validation
213.0,0,far_left,3.0,4.0,3.0,0.0,0.0,0.0,1.0,0.0,0.0,0.0,0.357567,51.93,11.166667,-4.0,0.333333,6941.666667,214.0,4,validation
213.0,1,far_center,3.0,2.0,3.0,0.0,0.0,0.0,0.0,1.0,0.0,0.0,0.610567,98.256667,-66.166667,32.0,0.0,8741.333333,214.0,3,validation
213.0,2,far_right,1.0,0.0,1.0,0.0,0.0,0.0,0.0,1.0,0.0,0.0,0.8081,46.86,-30.0,41.0,0.0,17640.0,214.0,0,validation
213.0,3,near_left,5.0,4.0,5.0,0.0,0.0,0.0,0.0,1.0,0.0,0.0,0.47684,61.248,11.7,-4.6,0.0,11288.0,214.0,4,validation
213.0,4,near_center,5.0,6.0,5.0,0.0,0.0,0.0,1.0,0.0,0.0,0.0,0.81958,92.43,81.7,-46.4,0.0,16713.2,214.0,5,validation
213.0,5,near_right,6.0,7.0,6.0,0.0,0.0,0.0,1.0,0.0,0.0,0.0,0.86895,82.661667,-44.166667,53.833333,0.0,23257.166667,214.0,9,validation
214.0,0,far_left,4.0,5.0,3.0,1.0,1.0,0.0,1.0,0.0,0.0,0.0,0.232675,57.875,19.75,-18.0,0.0,6201.0,215.0,6,validation
214.0,1,far_center,3.0,4.0,3.0,0.0,0.0,1.0,1.0,0.0,1.0,0.0,0.504567,48.696667,-9.166667,-9.333333,0.0,6160.666667,215.0,5,validation
214.0,2,far_right,0.0,0.0,1.0,-1.0,0.0,1.0,0.0,0.0,0.0,0.0,0.0,0.0,0.0,0.0,0.0,0.0,215.0,0,validation
214.0,3,near_left,4.0,3.0,5.0,-1.0,1.0,1.0,0.0,1.0,0.0,1.0,0.3857,41.9975,33.25,-27.5,0.0,11124.0,215.0,4,validation
214.0,4,near_center,5.0,4.0,5.0,0.0,1.0,1.0,0.0,1.0,0.0,0.0,0.81314,113.93,19.3,-9.0,0.0,15731.2,215.0,4,validation
214.0,5,near_right,9.0,9.0,6.0,3.0,1.0,0.0,0.0,0.0,2.0,0.0,0.754622,49.702222,-14.944444,18.0,0.0,17927.0,215.0,8,validation
215.0,0,far_left,6.0,6.0,4.0,2.0,1.0,0.0,1.0,1.0,1.0,0.0,0.406783,46.473333,19.333333,-14.0,0.0,5974.0,216.0,7,validation
215.0,1,far_center,5.0,6.0,3.0,2.0,1.0,0.0,1.0,0.0,1.0,0.0,0.53072,37.386,-1.6,5.2,0.0,7223.0,216.0,6,validation
215.0,2,far_right,0.0,0.0,0.0,0.0,0.0,0.0,0.0,0.0,0.0,0.0,0.0,0.0,0.0,0.0,0.0,0.0,216.0,0,validation
215.0,3,near_left,4.0,3.0,4.0,0.0,0.0,1.0,0.0,1.0,1.0,0.0,0.4917,51.2275,33.75,26.25,0.0,13428.5,216.0,3,validation
215.0,4,near_center,4.0,4.0,5.0,-1.0,0.0,1.0,0.0,0.0,0.0,0.0,0.640925,137.3025,-13.875,10.0,0.0,16653.5,216.0,4,validation
215.0,5,near_right,8.0,8.0,9.0,-1.0,0.0,0.0,0.0,0.0,0.0,1.0,0.744513,65.38,-11.125,16.75,0.125,17724.375,216.0,7,validation
216.0,0,far_left,7.0,6.0,6.0,1.0,0.0,0.0,0.0,1.0,1.0,0.0,0.418057,47.395714,12.785714,-2.142857,0.142857,6107.285714,217.0,5,validation
216.0,1,far_center,6.0,5.0,5.0,1.0,0.0,0.0,0.0,1.0,1.0,0.0,0.53165,40.67,-9.75,-6.0,0.0,7106.666667,217.0,6,validation
216.0,2,far_right,0.0,0.0,0.0,0.0,0.0,0.0,0.0,0.0,0.0,0.0,0.0,0.0,0.0,0.0,0.0,0.0,217.0,0,validation
216.0,3,near_left,3.0,4.0,4.0,-1.0,0.0,0.0,1.0,0.0,0.0,1.0,0.520433,80.753333,62.333333,12.666667,0.0,14948.666667,217.0,5,validation
216.0,4,near_center,4.0,4.0,4.0,0.0,0.0,0.0,1.0,1.0,0.0,0.0,0.865525,161.175,-37.25,51.75,0.0,19900.75,217.0,4,validation
216.0,5,near_right,7.0,8.0,8.0,-1.0,0.0,0.0,1.0,0.0,0.0,1.0,0.800457,63.395714,-15.071429,12.571429,0.0,21106.285714,217.0,7,validation
217.0,0,far_left,5.0,5.0,7.0,-2.0,0.0,1.0,0.0,0.0,1.0,2.0,0.45092,54.25,38.1,-13.2,0.2,6743.8,218.0,6,validation
217.0,1,far_center,6.0,6.0,6.0,0.0,0.0,1.0,0.0,0.0,1.0,0.0,0.361633,28.845,-0.5,-5.666667,0.0,5559.333333,218.0,5,validation
217.0,2,far_right,0.0,1.0,0.0,0.0,0.0,0.0,1.0,0.0,0.0,0.0,0.0,0.0,0.0,0.0,0.0,0.0,218.0,1,validation
217.0,3,near_left,5.0,5.0,3.0,2.0,1.0,0.0,0.0,0.0,1.0,0.0,0.52764,85.872,44.0,-3.4,0.0,13620.2,218.0,5,validation
217.0,4,near_center,4.0,3.0,4.0,0.0,1.0,0.0,0.0,1.0,0.0,1.0,0.854275,62.16,20.5,-6.25,0.0,14505.5,218.0,4,validation
217.0,5,near_right,7.0,7.0,7.0,0.0,0.0,0.0,1.0,1.0,0.0,0.0,0.795886,72.181429,-12.928571,20.285714,0.0,22906.714286,218.0,7,validation
218.0,0,far_left,6.0,6.0,5.0,1.0,0.0,0.0,1.0,1.0,1.0,0.0,0.486083,51.735,28.916667,-13.166667,0.0,6300.666667,219.0,7,validation
218.0,1,far_center,5.0,8.0,6.0,-1.0,0.0,0.0,3.0,0.0,0.0,1.0,0.5691,36.97,-6.7,-2.4,0.0,6308.0,219.0,6,validation
218.0,2,far_right,1.0,2.0,0.0,1.0,1.0,0.0,1.0,0.0,0.0,0.0,0.8727,44.16,12.0,-49.0,0.0,14430.0,219.0,4,validation
218.0,3,near_left,5.0,4.0,5.0,0.0,0.0,0.0,0.0,1.0,0.0,0.0,0.39182,77.21,32.0,-13.0,0.0,12506.2,219.0,5,validation
218.0,4,near_center,4.0,2.0,4.0,0.0,0.0,0.0,0.0,2.0,0.0,0.0,0.879125,61.1325,18.125,-15.5,0.0,14418.5,219.0,2,validation
218.0,5,near_right,7.0,6.0,7.0,0.0,0.0,1.0,0.0,1.0,1.0,0.0,0.6647,60.377143,-8.5,11.428571,0.142857,20693.142857,219.0,4,validation
219.0,0,far_left,7.0,8.0,6.0,1.0,0.0,0.0,1.0,0.0,1.0,0.0,0.337414,43.678571,16.214286,-6.0,0.0,6071.428571,220.0,8,validation
219.0,1,far_center,6.0,7.0,5.0,1.0,2.0,0.0,1.0,0.0,0.0,1.0,0.691933,46.34,11.0,-6.666667,0.0,9276.0,220.0,7,validation
219.0,2,far_right,4.0,4.0,1.0,3.0,1.0,0.0,1.0,1.0,2.0,0.0,0.69655,18.7175,5.375,-19.25,0.0,9771.0,220.0,4,validation
219.0,3,near_left,5.0,4.0,5.0,0.0,0.0,0.0,0.0,1.0,0.0,0.0,0.47112,74.256,29.3,-9.2,0.0,11963.6,220.0,6,validation
219.0,4,near_center,2.0,3.0,4.0,-2.0,0.0,2.0,1.0,0.0,0.0,0.0,0.8946,41.75,-33.0,27.5,0.0,16616.0,220.0,2,validation
219.0,5,near_right,4.0,2.0,7.0,-3.0,0.0,1.0,0.0,2.0,0.0,2.0,0.8042,86.0325,-39.625,-4.75,0.0,21689.0,220.0,2,validation
220.0,0,far_left,8.0,7.0,7.0,1.0,1.0,0.0,0.0,1.0,0.0,0.0,0.3742,49.6775,25.75,-14.0,0.0,5628.375,221.0,3,validation
220.0,1,far_center,7.0,8.0,6.0,1.0,1.0,0.0,1.0,0.0,0.0,0.0,0.766043,45.542857,8.214286,-6.428571,0.0,9844.857143,221.0,7,validation
220.0,2,far_right,4.0,4.0,4.0,0.0,1.0,1.0,0.0,0.0,0.0,0.0,0.62495,35.76,-0.125,-29.0,0.25,10306.25,221.0,3,validation
220.0,3,near_left,6.0,6.0,5.0,1.0,0.0,1.0,0.0,0.0,2.0,0.0,0.5292,41.15,4.916667,3.0,0.0,14251.333333,221.0,4,validation
220.0,4,near_center,2.0,2.0,2.0,0.0,0.0,0.0,0.0,0.0,0.0,0.0,0.90325,43.4,-32.5,30.5,0.0,17470.0,221.0,3,validation
220.0,5,near_right,2.0,2.0,4.0,-2.0,0.0,1.0,0.0,0.0,0.0,1.0,0.7549,90.295,-37.25,-1.5,0.0,25327.0,221.0,2,validation
221.0,0,far_left,3.0,4.0,8.0,-5.0,0.0,0.0,1.0,0.0,0.0,5.0,0.327033,65.253333,62.5,-21.333333,0.0,5906.666667,222.0,6,validation
221.0,1,far_center,7.0,7.0,7.0,0.0,0.0,0.0,0.0,0.0,0.0,0.0,0.715271,43.268571,7.285714,-7.142857,0.0,9404.0,222.0,8,validation
221.0,2,far_right,3.0,3.0,4.0,-1.0,0.0,0.0,0.0,0.0,0.0,1.0,0.710733,36.466667,-0.666667,-23.666667,0.0,10485.333333,222.0,3,validation
221.0,3,near_left,4.0,3.0,6.0,-2.0,0.0,1.0,0.0,1.0,0.0,1.0,0.7637,117.2125,25.5,10.0,0.0,18126.0,222.0,5,validation
221.0,4,near_center,3.0,3.0,2.0,1.0,1.0,0.0,0.0,0.0,0.0,0.0,0.905833,97.153333,38.5,48.0,0.0,24591.0,222.0,3,validation
221.0,5,near_right,2.0,2.0,2.0,0.0,0.0,0.0,0.0,0.0,0.0,0.0,0.65025,91.28,-55.5,4.0,0.0,25021.5,222.0,1,validation
222.0,0,far_left,6.0,5.0,3.0,3.0,1.0,0.0,0.0,1.0,3.0,1.0,0.467333,54.128333,33.833333,-13.666667,0.0,6986.166667,223.0,5,validation
222.0,1,far_center,8.0,10.0,7.0,1.0,0.0,0.0,2.0,0.0,1.0,0.0,0.669188,41.4275,-0.125,-3.5,0.0,9261.375,223.0,10,validation
222.0,2,far_right,3.0,2.0,3.0,0.0,0.0,0.0,0.0,1.0,0.0,0.0,0.692767,36.9,-0.166667,-21.0,0.0,9617.333333,223.0,2,validation
222.0,3,near_left,5.0,5.0,4.0,1.0,0.0,1.0,0.0,0.0,2.0,0.0,0.60828,74.284,16.5,-12.0,0.0,19520.0,223.0,5,validation
222.0,4,near_center,3.0,3.0,3.0,0.0,0.0,0.0,0.0,0.0,0.0,0.0,0.9111,105.48,24.0,-7.0,0.0,22918.666667,223.0,3,validation
222.0,5,near_right,1.0,1.0,2.0,-1.0,0.0,0.0,0.0,0.0,0.0,1.0,0.8616,124.29,-105.0,68.0,0.0,32844.0,223.0,2,validation
223.0,0,far_left,5.0,4.0,6.0,-1.0,0.0,1.0,0.0,1.0,1.0,1.0,0.31864,51.108,-0.3,-2.4,0.4,6005.2,224.0,4,validation
223.0,1,far_center,10.0,9.0,8.0,2.0,2.0,0.0,0.0,1.0,0.0,0.0,0.66108,52.878,5.05,-15.3,0.0,8997.6,224.0,9,validation
223.0,2,far_right,2.0,2.0,3.0,-1.0,0.0,1.0,0.0,0.0,0.0,0.0,0.76205,37.505,-19.25,-9.0,0.0,9450.0,224.0,2,validation
223.0,3,near_left,5.0,6.0,5.0,0.0,0.0,0.0,1.0,0.0,1.0,1.0,0.59412,64.364,58.9,-28.0,0.0,16540.2,224.0,6,validation
223.0,4,near_center,3.0,4.0,3.0,0.0,0.0,0.0,1.0,0.0,0.0,0.0,0.9053,101.76,10.5,0.0,0.0,21817.666667,224.0,4,validation
223.0,5,near_right,2.0,2.0,1.0,1.0,0.0,0.0,0.0,0.0,1.0,0.0,0.88345,65.52,-58.25,20.0,0.0,24685.0,224.0,3,validation
224.0,0,far_left,4.0,4.0,5.0,-1.0,0.0,1.0,0.0,0.0,0.0,0.0,0.259425,39.43,23.25,1.25,0.0,5644.25,225.0,3,validation
224.0,1,far_center,9.0,9.0,10.0,-1.0,0.0,1.0,0.0,0.0,0.0,0.0,0.591878,45.578889,5.944444,-12.0,0.111111,7940.777778,225.0,10,validation
224.0,2,far_right,2.0,2.0,2.0,0.0,0.0,0.0,0.0,0.0,0.0,0.0,0.70315,34.65,-17.75,-6.0,0.0,9224.0,225.0,2,validation
224.0,3,near_left,6.0,6.0,5.0,1.0,1.0,0.0,0.0,0.0,0.0,0.0,0.614533,65.818333,34.75,-14.666667,0.0,14984.166667,225.0,6,validation
224.0,4,near_center,4.0,4.0,3.0,1.0,1.0,0.0,0.0,0.0,0.0,0.0,0.894275,90.27,-15.625,22.25,0.0,21489.5,225.0,5,validation
224.0,5,near_right,3.0,3.0,2.0,1.0,0.0,0.0,0.0,0.0,1.0,0.0,0.6619,72.356667,1.666667,-0.333333,0.0,22423.333333,225.0,2,validation
225.0,0,far_left,3.0,3.0,4.0,-1.0,0.0,1.0,0.0,0.0,0.0,0.0,0.265,40.676667,21.0,-0.666667,0.0,5169.333333,226.0,3,validation
225.0,1,far_center,10.0,10.0,9.0,1.0,1.0,0.0,0.0,0.0,1.0,1.0,0.50673,36.203,-0.3,4.9,0.1,7079.3,226.0,9,validation
225.0,2,far_right,2.0,2.0,2.0,0.0,0.0,0.0,0.0,0.0,0.0,0.0,0.6882,35.415,-25.0,-12.0,0.0,8153.5,226.0,2,validation
225.0,3,near_left,6.0,6.0,6.0,0.0,0.0,0.0,0.0,0.0,1.0,1.0,0.66295,63.188333,26.666667,-17.0,0.166667,13954.166667,226.0,6,validation
225.0,4,near_center,5.0,6.0,4.0,1.0,0.0,0.0,1.0,0.0,1.0,0.0,0.84164,76.018,-22.5,23.0,0.0,21606.0,226.0,6,validation
225.0,5,near_right,2.0,1.0,3.0,-1.0,0.0,0.0,0.0,1.0,0.0,1.0,0.65365,96.715,-3.5,-21.0,0.0,25713.5,226.0,1,validation
226.0,0,far_left,3.0,4.0,3.0,0.0,0.0,0.0,1.0,0.0,1.0,1.0,0.381133,53.193333,35.166667,-10.666667,0.333333,5780.0,227.0,8,validation
226.0,1,far_center,9.0,11.0,10.0,-1.0,0.0,0.0,2.0,0.0,1.0,2.0,0.575778,42.057778,-4.333333,-10.222222,0.111111,7156.222222,227.0,7,validation
226.0,2,far_right,2.0,1.0,2.0,0.0,0.0,0.0,0.0,1.0,0.0,0.0,0.7003,43.2,-34.5,-8.0,0.0,7456.5,227.0,2,validation
226.0,3,near_left,6.0,4.0,6.0,0.0,0.0,0.0,0.0,2.0,0.0,0.0,0.670917,76.931667,40.083333,-17.0,0.0,14884.0,227.0,5,validation
226.0,4,near_center,6.0,6.0,5.0,1.0,0.0,0.0,1.0,1.0,1.0,0.0,0.5935,71.093333,17.583333,-27.666667,0.0,21286.666667,227.0,6,validation
226.0,5,near_right,1.0,1.0,2.0,-1.0,0.0,0.0,0.0,0.0,0.0,1.0,0.9107,126.13,58.0,-127.0,0.0,40741.0,227.0,2,validation
227.0,0,far_left,8.0,7.0,3.0,5.0,2.0,0.0,0.0,1.0,3.0,0.0,0.255837,37.19125,13.4375,-5.125,0.0,5103.625,228.0,5,validation
227.0,1,far_center,7.0,10.0,9.0,-2.0,0.0,1.0,3.0,0.0,0.0,1.0,0.726586,47.948571,6.357143,-5.142857,0.0,8117.714286,228.0,8,validation
227.0,2,far_right,2.0,1.0,2.0,0.0,0.0,0.0,0.0,1.0,0.0,0.0,0.62895,51.44,-41.75,5.0,0.0,7538.0,228.0,1,validation
227.0,3,near_left,5.0,5.0,6.0,-1.0,0.0,2.0,0.0,0.0,1.0,0.0,0.56046,53.238,23.9,-7.4,0.0,12579.2,228.0,5,validation
227.0,4,near_center,6.0,5.0,6.0,0.0,1.0,0.0,0.0,1.0,0.0,1.0,0.840033,128.513333,82.25,-19.0,0.0,21324.833333,228.0,6,validation
227.0,5,near_right,2.0,2.0,1.0,1.0,0.0,0.0,0.0,0.0,1.0,0.0,0.88185,52.7,21.75,-54.5,0.0,24049.0,228.0,4,validation
228.0,0,far_left,5.0,5.0,8.0,-3.0,0.0,0.0,0.0,0.0,0.0,3.0,0.36818,40.818,-13.9,6.2,0.0,6522.8,229.0,5,validation
228.0,1,far_center,8.0,6.0,7.0,1.0,2.0,0.0,0.0,2.0,0.0,1.0,0.607875,53.0425,1.625,-11.875,0.0,8783.125,229.0,7,validation
228.0,2,far_right,1.0,2.0,2.0,-1.0,0.0,1.0,1.0,0.0,0.0,0.0,0.3739,61.58,-45.5,54.0,0.0,9699.0,229.0,2,validation
228.0,3,near_left,5.0,5.0,5.0,0.0,0.0,0.0,0.0,0.0,0.0,0.0,0.56002,74.182,17.0,18.6,0.0,12533.6,229.0,3,validation
228.0,4,near_center,6.0,7.0,6.0,0.0,0.0,1.0,1.0,0.0,1.0,0.0,0.786933,112.145,59.166667,-18.166667,0.0,20660.666667,229.0,8,validation
228.0,5,near_right,4.0,4.0,2.0,2.0,0.0,0.0,0.0,0.0,2.0,0.0,0.6709,52.66,34.625,-24.0,0.0,19379.5,229.0,4,validation
229.0,0,far_left,5.0,5.0,5.0,0.0,0.0,0.0,0.0,0.0,0.0,0.0,0.29576,35.072,-16.5,8.4,0.2,6987.2,230.0,5,validation
229.0,1,far_center,7.0,7.0,8.0,-1.0,0.0,2.0,0.0,0.0,1.0,0.0,0.607214,47.755714,1.071429,-14.285714,0.0,7902.142857,230.0,7,validation
229.0,2,far_right,2.0,2.0,1.0,1.0,1.0,0.0,0.0,0.0,0.0,0.0,0.3647,55.87,13.25,15.5,0.0,9343.5,230.0,2,validation
229.0,3,near_left,3.0,3.0,5.0,-2.0,0.0,1.0,0.0,0.0,0.0,1.0,0.527133,90.323333,4.666667,-9.333333,0.0,14012.666667,230.0,5,validation
229.0,4,near_center,8.0,7.0,6.0,2.0,2.0,0.0,0.0,1.0,0.0,0.0,0.84665,121.64875,61.6875,4.75,0.0,23061.875,230.0,8,validation
229.0,5,near_right,4.0,5.0,4.0,0.0,0.0,0.0,1.0,0.0,0.0,0.0,0.658225,74.3425,43.75,-49.0,0.0,20508.75,230.0,3,validation
230.0,0,far_left,5.0,6.0,5.0,0.0,0.0,0.0,1.0,0.0,0.0,0.0,0.45498,32.362,-21.3,10.2,0.0,7008.6,231.0,6,validation
230.0,1,far_center,7.0,5.0,7.0,0.0,0.0,1.0,0.0,2.0,1.0,0.0,0.637829,36.828571,-0.357143,-11.285714,0.0,7664.714286,231.0,5,validation
230.0,2,far_right,2.0,2.0,2.0,0.0,1.0,0.0,1.0,1.0,0.0,1.0,0.56235,54.055,11.25,10.0,0.0,9345.5,231.0,1,validation
230.0,3,near_left,5.0,5.0,3.0,2.0,0.0,0.0,0.0,0.0,2.0,0.0,0.40328,63.248,-17.5,-5.6,0.0,12107.6,231.0,5,validation
230.0,4,near_center,8.0,8.0,8.0,0.0,0.0,0.0,1.0,1.0,0.0,0.0,0.82925,118.0875,46.8125,-14.875,0.0,22731.25,231.0,8,validation
230.0,5,near_right,3.0,4.0,4.0,-1.0,0.0,0.0,2.0,1.0,0.0,1.0,0.652633,62.26,28.833333,-62.0,0.333333,20809.333333,231.0,3,validation
231.0,0,far_left,6.0,8.0,5.0,1.0,1.0,0.0,2.0,0.0,0.0,0.0,0.436567,35.281667,-13.916667,3.333333,0.166667,6507.666667,232.0,6,validation
231.0,1,far_center,5.0,4.0,7.0,-2.0,0.0,2.0,0.0,1.0,0.0,0.0,0.59562,33.064,2.6,-15.6,0.0,6753.2,232.0,3,validation
231.0,2,far_right,1.0,1.0,2.0,-1.0,1.0,1.0,0.0,0.0,0.0,1.0,0.8169,61.57,22.0,-64.0,0.0,19006.0,232.0,1,validation
231.0,3,near_left,5.0,4.0,5.0,0.0,0.0,0.0,0.0,1.0,0.0,0.0,0.47792,55.434,41.8,-23.8,0.0,13832.4,232.0,4,validation
231.0,4,near_center,8.0,7.0,8.0,0.0,1.0,1.0,0.0,1.0,0.0,0.0,0.811775,95.1175,15.6875,-1.75,0.0,21430.5,232.0,7,validation
231.0,5,near_right,3.0,4.0,3.0,0.0,2.0,1.0,1.0,0.0,0.0,1.0,0.8622,108.076667,60.333333,-33.333333,0.0,21896.0,232.0,4,validation
232.0,0,far_left,6.0,7.0,6.0,0.0,1.0,0.0,1.0,0.0,0.0,1.0,0.455667,39.47,-12.416667,7.166667,0.0,7612.166667,233.0,8,validation
232.0,1,far_center,3.0,3.0,5.0,-2.0,0.0,0.0,1.0,1.0,0.0,2.0,0.613733,41.746667,-15.0,-13.0,0.0,7587.333333,233.0,3,validation
232.0,2,far_right,1.0,1.0,1.0,0.0,0.0,0.0,0.0,0.0,0.0,0.0,0.7779,59.98,29.0,-61.0,0.0,17952.0,233.0,1,validation
232.0,3,near_left,4.0,4.0,5.0,-1.0,0.0,1.0,0.0,0.0,0.0,0.0,0.494175,57.5525,51.125,-23.75,0.0,14917.75,233.0,4,validation
232.0,4,near_center,7.0,5.0,8.0,-1.0,0.0,1.0,0.0,2.0,0.0,0.0,0.707514,103.997143,-6.857143,-8.571429,0.142857,15413.0,233.0,5,validation
232.0,5,near_right,4.0,5.0,3.0,1.0,1.0,0.0,1.0,0.0,0.0,0.0,0.8389,109.73,74.0,-53.0,0.0,19414.25,233.0,4,validation
233.0,0,far_left,8.0,8.0,6.0,2.0,1.0,0.0,0.0,0.0,1.0,0.0,0.441613,37.4325,-7.25,-4.875,0.0,6722.25,234.0,7,validation
233.0,1,far_center,3.0,3.0,3.0,0.0,1.0,1.0,0.0,0.0,0.0,0.0,0.579467,51.133333,-13.666667,-3.0,0.0,8552.666667,234.0,4,validation
233.0,2,far_right,1.0,1.0,1.0,0.0,0.0,0.0,0.0,0.0,0.0,0.0,0.7059,72.94,20.5,-102.0,0.0,10500.0,234.0,1,validation
233.0,3,near_left,4.0,4.0,4.0,0.0,0.0,0.0,0.0,0.0,0.0,0.0,0.434675,47.215,42.0,-23.0,0.0,14054.0,234.0,4,validation
233.0,4,near_center,5.0,5.0,7.0,-2.0,0.0,1.0,0.0,0.0,0.0,1.0,0.8025,78.694,2.0,-1.6,0.0,16113.8,234.0,5,validation
233.0,5,near_right,4.0,4.0,4.0,0.0,0.0,0.0,0.0,0.0,0.0,0.0,0.872375,101.9,53.75,-10.5,0.0,19848.75,234.0,4,validation
234.0,0,far_left,7.0,7.0,8.0,-1.0,0.0,0.0,0.0,0.0,0.0,1.0,0.453914,41.035714,-3.142857,0.142857,0.142857,6386.571429,235.0,8,validation
234.0,1,far_center,4.0,6.0,3.0,1.0,0.0,0.0,2.0,0.0,1.0,0.0,0.5233,47.985,-14.625,-6.5,0.25,6087.0,235.0,6,validation
234.0,2,far_right,1.0,1.0,1.0,0.0,0.0,0.0,0.0,0.0,0.0,0.0,0.3673,24.84,16.0,-4.0,0.0,10030.0,235.0,1,validation
234.0,3,near_left,4.0,4.0,4.0,0.0,0.0,0.0,0.0,0.0,0.0,0.0,0.4807,41.73,37.0,-20.25,0.0,12585.25,235.0,4,validation
234.0,4,near_center,5.0,3.0,5.0,0.0,0.0,0.0,0.0,2.0,0.0,0.0,0.85946,88.698,-9.6,-5.0,0.0,15992.8,235.0,3,validation
234.0,5,near_right,4.0,4.0,4.0,0.0,0.0,0.0,0.0,0.0,0.0,0.0,0.711175,80.5825,48.375,-13.0,0.0,17949.75,235.0,5,validation
235.0,0,far_left,8.0,10.0,7.0,1.0,0.0,0.0,2.0,0.0,2.0,1.0,0.43945,25.59875,3.5,-0.5,0.125,6298.5,236.0,8,validation
235.0,1,far_center,6.0,5.0,4.0,2.0,2.0,0.0,0.0,1.0,1.0,1.0,0.592417,53.051667,15.25,-6.166667,0.166667,8391.5,236.0,5,validation
235.0,2,far_right,1.0,3.0,1.0,0.0,0.0,0.0,2.0,0.0,0.0,0.0,0.2488,34.64,12.0,-35.0,0.0,7755.0,236.0,2,validation
235.0,3,near_left,4.0,3.0,4.0,0.0,0.0,0.0,0.0,1.0,0.0,0.0,0.630125,43.4425,24.5,-6.75,0.25,12131.25,236.0,3,validation
235.0,4,near_center,3.0,3.0,5.0,-2.0,0.0,2.0,0.0,0.0,0.0,0.0,0.793267,77.23,-57.666667,29.666667,0.0,19954.333333,236.0,3,validation
235.0,5,near_right,5.0,3.0,4.0,1.0,0.0,0.0,0.0,2.0,1.0,0.0,0.69164,97.786,10.0,37.6,0.0,17446.8,236.0,5,validation
236.0,0,far_left,8.0,7.0,8.0,0.0,2.0,0.0,0.0,1.0,1.0,3.0,0.513138,43.21,-1.625,1.875,0.125,6941.75,237.0,6,validation
236.0,1,far_center,5.0,5.0,6.0,-1.0,0.0,1.0,0.0,0.0,0.0,0.0,0.58384,44.33,28.6,-13.4,0.0,7872.4,237.0,6,validation
236.0,2,far_right,2.0,2.0,1.0,1.0,2.0,0.0,0.0,0.0,0.0,1.0,0.8757,89.0,81.5,-41.0,0.0,17808.0,237.0,2,validation
236.0,3,near_left,3.0,4.0,4.0,-1.0,0.0,1.0,1.0,0.0,0.0,0.0,0.672567,40.313333,9.0,-9.0,0.0,13336.333333,237.0,5,validation
236.0,4,near_center,3.0,2.0,3.0,0.0,0.0,0.0,0.0,1.0,0.0,0.0,0.916733,84.063333,-60.333333,63.0,0.0,23123.666667,237.0,3,validation
236.0,5,near_right,5.0,6.0,5.0,0.0,0.0,2.0,1.0,0.0,2.0,0.0,0.64512,53.568,-41.4,36.8,0.0,18544.6,237.0,6,validation
237.0,0,far_left,6.0,7.0,8.0,-2.0,0.0,2.0,1.0,0.0,1.0,1.0,0.354683,45.808333,19.916667,-15.5,0.0,5817.0,238.0,4,validation
237.0,1,far_center,6.0,6.0,5.0,1.0,1.0,0.0,0.0,0.0,0.0,0.0,0.661333,50.036667,2.916667,-1.166667,0.0,8269.333333,238.0,5,validation
237.0,2,far_right,2.0,2.0,2.0,0.0,0.0,0.0,0.0,0.0,0.0,0.0,0.8358,63.715,52.75,-38.5,0.0,15111.5,238.0,2,validation
237.0,3,near_left,5.0,4.0,3.0,2.0,1.0,0.0,0.0,1.0,1.0,0.0,0.65434,35.302,-5.7,-12.6,0.0,11800.2,238.0,6,validation
237.0,4,near_center,3.0,3.0,3.0,0.0,0.0,0.0,0.0,0.0,0.0,0.0,0.923167,92.283333,-71.5,60.333333,0.0,26235.0,238.0,3,validation
237.0,5,near_right,6.0,6.0,5.0,1.0,0.0,0.0,0.0,0.0,1.0,0.0,0.671233,73.02,-22.916667,4.333333,0.0,24785.833333,238.0,4,validation
238.0,0,far_left,4.0,5.0,6.0,-2.0,0.0,1.0,1.0,0.0,0.0,1.0,0.45945,40.4175,26.0,-7.5,0.0,5829.25,239.0,5,validation
238.0,1,far_center,5.0,4.0,6.0,-1.0,0.0,0.0,0.0,1.0,0.0,1.0,0.80434,43.114,-10.4,10.0,0.0,9728.6,239.0,4,validation
238.0,2,far_right,2.0,2.0,2.0,0.0,0.0,0.0,0.0,0.0,0.0,0.0,0.5235,66.115,34.25,-81.0,0.0,10022.5,239.0,2,validation
238.0,3,near_left,6.0,5.0,5.0,1.0,1.0,0.0,0.0,1.0,0.0,0.0,0.598017,57.393333,-4.0,8.5,0.0,10537.333333,239.0,6,validation
238.0,4,near_center,3.0,4.0,3.0,0.0,0.0,0.0,1.0,0.0,0.0,0.0,0.883533,95.86,-73.333333,57.0,0.0,21898.0,239.0,3,validation
238.0,5,near_right,4.0,4.0,6.0,-2.0,0.0,0.0,0.0,0.0,0.0,2.0,0.702225,99.84,-26.25,15.25,0.25,25010.25,239.0,6,validation
239.0,0,far_left,5.0,5.0,4.0,1.0,1.0,1.0,0.0,0.0,1.0,0.0,0.51916,45.452,41.1,-24.4,0.0,6499.8,240.0,4,test
239.0,1,far_center,4.0,4.0,5.0,-1.0,0.0,1.0,0.0,0.0,0.0,0.0,0.635875,41.2075,3.875,-5.5,0.0,8621.25,240.0,7,test
239.0,2,far_right,2.0,2.0,2.0,0.0,0.0,0.0,0.0,0.0,0.0,0.0,0.57325,37.275,31.75,-19.0,0.5,8748.0,240.0,1,test
239.0,3,near_left,6.0,6.0,6.0,0.0,1.0,1.0,0.0,0.0,0.0,0.0,0.620867,49.001667,-19.083333,6.0,0.0,10362.833333,240.0,6,test
239.0,4,near_center,3.0,4.0,3.0,0.0,1.0,0.0,1.0,0.0,0.0,1.0,0.861767,73.286667,-54.333333,51.0,0.0,21004.666667,240.0,5,test
239.0,5,near_right,6.0,5.0,4.0,2.0,0.0,0.0,0.0,1.0,3.0,1.0,0.568383,67.6,-30.166667,-6.5,0.0,23270.166667,240.0,3,test
240.0,0,far_left,4.0,6.0,5.0,-1.0,1.0,0.0,2.0,0.0,0.0,2.0,0.6664,60.67,38.0,-25.0,0.0,7044.25,241.0,4,test
240.0,1,far_center,7.0,5.0,4.0,3.0,0.0,0.0,0.0,2.0,3.0,0.0,0.532129,24.141429,2.357143,-6.571429,0.0,5939.714286,241.0,6,test
240.0,2,far_right,1.0,2.0,2.0,-1.0,0.0,0.0,1.0,0.0,0.0,1.0,0.3961,63.99,45.0,-56.0,0.0,8748.0,241.0,1,test
240.0,3,near_left,6.0,6.0,6.0,0.0,0.0,1.0,0.0,0.0,1.0,0.0,0.640333,45.868333,-14.416667,12.166667,0.0,11326.833333,241.0,6,test
240.0,4,near_center,5.0,5.0,3.0,2.0,1.0,0.0,0.0,0.0,1.0,0.0,0.89228,64.892,-55.0,12.8,0.0,17572.0,241.0,5,test
240.0,5,near_right,3.0,2.0,6.0,-3.0,0.0,1.0,0.0,1.0,0.0,2.0,0.638833,50.62,-5.833333,-48.333333,0.0,19274.0,241.0,2,test
241.0,0,far_left,4.0,5.0,4.0,0.0,1.0,1.0,1.0,0.0,0.0,0.0,0.526375,52.825,31.25,-10.5,0.0,5565.75,242.0,5,test
241.0,1,far_center,6.0,6.0,7.0,-1.0,0.0,1.0,0.0,0.0,0.0,0.0,0.738467,41.513333,3.083333,5.166667,0.0,7244.666667,242.0,6,test
241.0,2,far_right,1.0,1.0,1.0,0.0,1.0,0.0,0.0,0.0,0.0,1.0,0.8122,69.01,-1.0,-76.0,0.0,11376.0,242.0,1,test
241.0,3,near_left,6.0,5.0,6.0,0.0,1.0,0.0,0.0,1.0,0.0,1.0,0.552283,55.461667,-18.666667,21.333333,0.0,12130.0,242.0,6,test
241.0,4,near_center,5.0,5.0,5.0,0.0,0.0,0.0,0.0,0.0,0.0,0.0,0.66158,115.304,-40.4,9.6,0.2,14159.2,242.0,3,test
241.0,5,near_right,2.0,2.0,3.0,-1.0,0.0,1.0,0.0,0.0,0.0,0.0,0.55315,46.015,-10.0,-53.5,0.0,18100.5,242.0,2,test
242.0,0,far_left,5.0,5.0,4.0,1.0,1.0,0.0,0.0,0.0,0.0,0.0,0.43878,50.97,34.8,-11.0,0.0,6585.8,243.0,4,test
242.0,1,far_center,6.0,6.0,6.0,0.0,0.0,0.0,0.0,0.0,0.0,0.0,0.810667,38.593333,2.75,0.333333,0.0,7187.166667,243.0,6,test
242.0,2,far_right,1.0,1.0,1.0,0.0,0.0,0.0,0.0,0.0,0.0,0.0,0.8515,34.99,18.0,-7.0,0.0,15010.0,243.0,1,test
242.0,3,near_left,6.0,6.0,6.0,0.0,0.0,1.0,0.0,0.0,1.0,0.0,0.5834,52.708333,-35.666667,28.166667,0.166667,13652.333333,243.0,7,test
242.0,4,near_center,3.0,3.0,5.0,-2.0,0.0,0.0,0.0,0.0,0.0,2.0,0.914433,85.846667,17.666667,10.666667,0.0,24442.333333,243.0,3,test
242.0,5,near_right,2.0,2.0,2.0,0.0,0.0,0.0,0.0,0.0,1.0,1.0,0.7563,39.26,-4.5,-44.5,0.0,20468.0,243.0,3,test
243.0,0,far_left,4.0,4.0,5.0,-1.0,0.0,0.0,0.0,0.0,0.0,1.0,0.6573,51.8275,32.5,-10.5,0.0,6021.5,244.0,4,test
243.0,1,far_center,6.0,6.0,6.0,0.0,0.0,0.0,0.0,0.0,0.0,0.0,0.7665,35.523333,2.5,2.833333,0.0,7369.5,244.0,5,test
243.0,2,far_right,1.0,2.0,1.0,0.0,0.0,0.0,1.0,0.0,0.0,0.0,0.8228,58.92,29.5,-54.0,0.0,12512.0,244.0,2,test
243.0,3,near_left,7.0,7.0,6.0,1.0,0.0,0.0,0.0,0.0,1.0,0.0,0.453014,48.834286,-33.571429,23.714286,0.0,11422.428571,244.0,5,test
243.0,4,near_center,3.0,3.0,3.0,0.0,0.0,0.0,0.0,0.0,0.0,0.0,0.898233,101.346667,5.666667,-12.333333,0.0,24893.333333,244.0,3,test
243.0,5,near_right,3.0,2.0,2.0,1.0,0.0,0.0,0.0,1.0,1.0,0.0,0.883433,46.476667,-21.666667,-5.333333,0.0,22219.666667,244.0,4,test
244.0,0,far_left,4.0,4.0,4.0,0.0,0.0,0.0,0.0,0.0,0.0,0.0,0.561425,46.3,25.75,-11.75,0.0,5400.25,245.0,4,test
244.0,1,far_center,5.0,5.0,6.0,-1.0,0.0,0.0,0.0,0.0,0.0,1.0,0.7517,35.846,-7.8,10.2,0.0,7865.0,245.0,6,test
244.0,2,far_right,2.0,2.0,1.0,1.0,1.0,0.0,0.0,0.0,0.0,0.0,0.81975,61.26,23.5,-60.0,0.0,15768.0,245.0,2,test
244.0,3,near_left,5.0,5.0,7.0,-2.0,0.0,0.0,0.0,0.0,0.0,2.0,0.6486,38.756,-18.3,31.6,0.0,13329.4,245.0,5,test
244.0,4,near_center,3.0,3.0,3.0,0.0,0.0,0.0,0.0,0.0,0.0,0.0,0.903333,127.963333,-37.833333,-4.333333,0.0,25205.666667,245.0,3,test
244.0,5,near_right,4.0,4.0,3.0,1.0,0.0,1.0,0.0,0.0,2.0,0.0,0.73345,58.665,-45.875,37.25,0.0,18787.75,245.0,4,test
245.0,0,far_left,4.0,4.0,4.0,0.0,0.0,0.0,0.0,0.0,0.0,0.0,0.6097,45.0425,23.5,-8.75,0.0,5410.0,246.0,4,test
245.0,1,far_center,6.0,6.0,5.0,1.0,0.0,0.0,0.0,0.0,1.0,0.0,0.688333,37.178333,-11.666667,10.166667,0.0,7462.333333,246.0,6,test
245.0,2,far_right,2.0,2.0,2.0,0.0,0.0,0.0,0.0,0.0,0.0,0.0,0.80475,52.24,18.75,-55.5,0.0,13875.0,246.0,2,test
245.0,3,near_left,5.0,5.0,5.0,0.0,0.0,0.0,0.0,0.0,0.0,0.0,0.7491,49.622,-22.6,18.6,0.0,15061.0,246.0,6,test
245.0,4,near_center,3.0,3.0,3.0,0.0,0.0,0.0,0.0,0.0,0.0,0.0,0.887467,142.293333,-55.333333,5.666667,0.0,24964.666667,246.0,3,test
245.0,5,near_right,4.0,4.0,4.0,0.0,0.0,0.0,0.0,0.0,0.0,0.0,0.742275,66.0625,-34.0,29.5,0.0,22826.25,246.0,4,test
246.0,0,far_left,4.0,4.0,4.0,0.0,0.0,0.0,0.0,0.0,0.0,0.0,0.546125,43.775,23.125,-7.0,0.0,4964.0,247.0,4,test
246.0,1,far_center,6.0,6.0,6.0,0.0,0.0,0.0,0.0,0.0,0.0,0.0,0.7215,39.486667,-10.583333,6.333333,0.0,7289.166667,247.0,6,test
246.0,2,far_right,2.0,2.0,2.0,0.0,0.0,0.0,0.0,0.0,0.0,0.0,0.55735,45.48,16.25,-46.5,0.5,10677.5,247.0,1,test
246.0,3,near_left,6.0,6.0,5.0,1.0,0.0,0.0,0.0,0.0,1.0,0.0,0.532383,38.471667,-30.416667,-0.333333,0.0,13731.166667,247.0,5,test
246.0,4,near_center,3.0,4.0,3.0,0.0,0.0,0.0,1.0,0.0,0.0,0.0,0.915467,145.363333,-67.5,19.0,0.0,26682.666667,247.0,3,test
246.0,5,near_right,4.0,3.0,4.0,0.0,0.0,0.0,0.0,1.0,0.0,0.0,0.724875,69.405,-19.0,7.5,0.0,21854.75,247.0,4,test
247.0,0,far_left,4.0,3.0,4.0,0.0,0.0,0.0,0.0,1.0,0.0,0.0,0.48165,41.7025,21.25,-1.75,0.5,5104.25,248.0,2,test
247.0,1,far_center,6.0,5.0,6.0,0.0,0.0,0.0,1.0,2.0,0.0,0.0,0.6608,44.575,-12.083333,7.666667,0.0,7367.833333,248.0,4,test
247.0,2,far_right,1.0,1.0,2.0,-1.0,0.0,0.0,0.0,0.0,0.0,1.0,0.8661,39.62,7.0,-44.0,0.0,15552.0,248.0,1,test
247.0,3,near_left,5.0,5.0,6.0,-1.0,0.0,0.0,0.0,0.0,0.0,1.0,0.73786,63.754,-12.9,19.0,0.0,15188.4,248.0,5,test
247.0,4,near_center,3.0,6.0,3.0,0.0,0.0,0.0,3.0,0.0,0.0,0.0,0.862633,142.78,-64.666667,30.666667,0.0,19235.333333,248.0,5,test
247.0,5,near_right,4.0,3.0,4.0,0.0,0.0,0.0,0.0,1.0,0.0,0.0,0.747075,87.7925,-31.0,14.75,0.0,23912.5,248.0,3,test
248.0,0,far_left,2.0,2.0,4.0,-2.0,0.0,1.0,0.0,0.0,0.0,1.0,0.3951,38.255,35.25,-22.5,0.0,4760.0,249.0,3,test
248.0,1,far_center,4.0,4.0,6.0,-2.0,1.0,2.0,0.0,0.0,0.0,1.0,0.616675,43.115,-5.625,9.0,0.0,7523.75,249.0,4,test
248.0,2,far_right,1.0,1.0,1.0,0.0,0.0,0.0,0.0,0.0,0.0,0.0,0.8387,41.18,-20.0,-40.0,0.0,13800.0,249.0,2,test
248.0,3,near_left,5.0,5.0,5.0,0.0,0.0,0.0,0.0,0.0,1.0,1.0,0.73288,64.578,-17.9,15.4,0.2,15388.8,249.0,6,test
248.0,4,near_center,5.0,4.0,3.0,2.0,3.0,0.0,0.0,1.0,0.0,1.0,0.79302,101.47,-34.9,-4.8,0.0,17774.4,249.0,5,test
248.0,5,near_right,3.0,4.0,4.0,-1.0,0.0,1.0,1.0,0.0,0.0,0.0,0.665767,87.63,-65.833333,42.666667,0.0,21360.0,249.0,1,test
249.0,0,far_left,3.0,4.0,2.0,1.0,0.0,0.0,1.0,0.0,1.0,0.0,0.388333,35.806667,34.666667,-11.0,0.0,4189.0,250.0,4,test
249.0,1,far_center,4.0,5.0,4.0,0.0,0.0,0.0,1.0,0.0,0.0,0.0,0.800625,41.05,-7.25,15.5,0.0,7862.0,250.0,5,test
249.0,2,far_right,2.0,2.0,1.0,1.0,0.0,0.0,0.0,0.0,1.0,0.0,0.76325,22.025,-14.0,-20.0,0.0,11378.0,250.0,2,test
249.0,3,near_left,6.0,5.0,5.0,1.0,0.0,0.0,0.0,1.0,2.0,1.0,0.661233,49.53,-5.666667,1.666667,0.0,14114.166667,250.0,4,test
249.0,4,near_center,5.0,4.0,5.0,0.0,0.0,0.0,0.0,1.0,0.0,0.0,0.87602,101.648,-44.3,-2.8,0.0,18341.2,250.0,4,test
249.0,5,near_right,1.0,1.0,3.0,-2.0,0.0,0.0,0.0,0.0,0.0,2.0,0.9228,171.29,-149.0,60.0,0.0,36322.0,250.0,2,test
250.0,0,far_left,4.0,4.0,3.0,1.0,1.0,0.0,0.0,0.0,0.0,0.0,0.4689,60.9575,38.0,-12.0,0.0,5315.5,251.0,3,test
250.0,1,far_center,5.0,5.0,4.0,1.0,1.0,0.0,0.0,0.0,0.0,0.0,0.76074,41.048,-3.4,-2.4,0.0,9459.4,251.0,5,test
250.0,2,far_right,2.0,2.0,2.0,0.0,0.0,0.0,0.0,0.0,0.0,0.0,0.74255,31.185,-17.25,-5.0,0.0,11762.0,251.0,2,test
250.0,3,near_left,4.0,4.0,6.0,-2.0,0.0,1.0,0.0,0.0,0.0,1.0,0.65175,94.32,-16.5,31.25,0.0,14769.25,251.0,5,test
250.0,4,near_center,4.0,4.0,5.0,-1.0,0.0,1.0,0.0,0.0,0.0,0.0,0.875325,111.8275,-68.125,20.25,0.0,18849.25,251.0,3,test
250.0,5,near_right,2.0,2.0,1.0,1.0,0.0,0.0,0.0,0.0,1.0,0.0,0.5454,74.05,-62.25,0.0,0.0,11230.5,251.0,0,test
251.0,0,far_left,3.0,3.0,4.0,-1.0,0.0,0.0,0.0,0.0,0.0,1.0,0.4488,57.82,29.833333,-13.0,0.0,5919.666667,252.0,3,test
251.0,1,far_center,5.0,7.0,5.0,0.0,0.0,0.0,2.0,0.0,0.0,0.0,0.7708,38.072,-12.1,10.0,0.0,9581.2,252.0,7,test
251.0,2,far_right,2.0,1.0,2.0,0.0,0.0,0.0,0.0,1.0,0.0,0.0,0.69965,26.79,-8.75,-15.0,0.0,9516.5,252.0,1,test
251.0,3,near_left,5.0,5.0,4.0,1.0,0.0,0.0,0.0,0.0,2.0,1.0,0.63512,51.528,-0.9,14.6,0.0,11226.4,252.0,4,test
251.0,4,near_center,3.0,2.0,4.0,-1.0,0.0,0.0,0.0,1.0,0.0,1.0,0.867633,83.266667,-25.166667,15.0,0.0,14195.0,252.0,2,test
251.0,5,near_right,0.0,0.0,2.0,-2.0,0.0,0.0,0.0,0.0,0.0,2.0,0.0,0.0,0.0,0.0,0.0,0.0,252.0,0,test
252.0,0,far_left,3.0,3.0,3.0,0.0,0.0,0.0,0.0,0.0,0.0,0.0,0.710067,58.416667,29.166667,-10.0,0.0,6054.333333,253.0,4,test
252.0,1,far_center,7.0,5.0,5.0,2.0,2.0,0.0,0.0,2.0,0.0,0.0,0.803771,45.698571,-10.642857,-7.285714,0.0,10240.285714,253.0,4,test
252.0,2,far_right,1.0,1.0,2.0,-1.0,0.0,1.0,0.0,0.0,1.0,1.0,0.4816,0.0,0.0,0.0,0.0,9440.0,253.0,1,test
252.0,3,near_left,4.0,4.0,5.0,-1.0,0.0,0.0,0.0,0.0,0.0,1.0,0.60625,62.4275,13.375,29.0,0.0,10773.5,253.0,4,test
252.0,4,near_center,2.0,4.0,3.0,-1.0,0.0,1.0,2.0,0.0,0.0,0.0,0.868,94.245,-79.25,54.0,0.0,16662.0,253.0,4,test
252.0,5,near_right,0.0,0.0,0.0,0.0,0.0,0.0,0.0,0.0,0.0,0.0,0.0,0.0,0.0,0.0,0.0,0.0,253.0,0,test
253.0,0,far_left,4.0,4.0,3.0,1.0,0.0,0.0,0.0,0.0,1.0,0.0,0.552,40.3375,16.0,-3.0,0.0,4701.5,254.0,3,test
253.0,1,far_center,4.0,4.0,7.0,-3.0,0.0,2.0,0.0,0.0,0.0,1.0,0.8293,31.6175,14.625,-12.5,0.0,10219.0,254.0,5,test
253.0,2,far_right,1.0,0.0,1.0,0.0,0.0,0.0,0.0,1.0,0.0,0.0,0.8017,93.56,-17.0,133.0,0.0,17200.0,254.0,1,test
253.0,3,near_left,4.0,4.0,4.0,0.0,0.0,0.0,0.0,0.0,1.0,1.0,0.547875,47.5375,17.125,-30.5,0.0,11798.75,254.0,5,test
253.0,4,near_center,4.0,4.0,2.0,2.0,2.0,0.0,0.0,0.0,0.0,0.0,0.894175,89.5175,-74.75,53.25,0.0,15826.25,254.0,4,test
253.0,5,near_right,0.0,1.0,0.0,0.0,0.0,0.0,1.0,0.0,0.0,0.0,0.0,0.0,0.0,0.0,0.0,0.0,254.0,2,test
254.0,0,far_left,3.0,3.0,4.0,-1.0,0.0,0.0,0.0,0.0,0.0,1.0,0.408433,44.48,23.0,-8.666667,0.0,4317.0,255.0,4,test
254.0,1,far_center,5.0,5.0,4.0,1.0,0.0,0.0,0.0,0.0,1.0,0.0,0.85032,32.156,8.4,-19.8,0.0,9130.6,255.0,5,test
254.0,2,far_right,1.0,0.0,1.0,0.0,0.0,0.0,0.0,1.0,0.0,0.0,0.886,51.89,-22.0,54.0,0.0,17548.0,255.0,0,test
254.0,3,near_left,5.0,5.0,4.0,1.0,0.0,0.0,0.0,0.0,1.0,0.0,0.5806,46.212,36.6,-22.6,0.0,12260.0,255.0,4,test
254.0,4,near_center,4.0,4.0,4.0,0.0,0.0,0.0,0.0,0.0,0.0,0.0,0.884025,99.4025,-81.5,59.0,0.0,16997.25,255.0,4,test
254.0,5,near_right,2.0,3.0,0.0,2.0,0.0,0.0,1.0,0.0,2.0,0.0,0.53,0.0,0.0,0.0,0.0,16972.0,255.0,3,test
255.0,0,far_left,4.0,5.0,3.0,1.0,0.0,0.0,1.0,0.0,1.0,0.0,0.4441,57.195,-14.75,2.0,0.0,5124.0,256.0,6,test
255.0,1,far_center,5.0,5.0,5.0,0.0,0.0,0.0,0.0,0.0,0.0,0.0,0.81096,21.226,-2.8,-19.0,0.0,8192.0,256.0,5,test
255.0,2,far_right,0.0,0.0,1.0,-1.0,0.0,1.0,0.0,0.0,0.0,0.0,0.0,0.0,0.0,0.0,0.0,0.0,256.0,0,test
255.0,3,near_left,4.0,3.0,5.0,-1.0,0.0,0.0,0.0,1.0,0.0,1.0,0.725975,69.8675,57.5,3.75,0.0,12692.5,256.0,4,test
255.0,4,near_center,4.0,4.0,4.0,0.0,0.0,0.0,0.0,0.0,0.0,0.0,0.755325,113.36,-95.625,65.0,0.0,19591.5,256.0,4,test
255.0,5,near_right,3.0,3.0,2.0,1.0,1.0,0.0,0.0,0.0,0.0,0.0,0.687233,46.036667,-4.166667,7.0,0.0,22310.666667,256.0,3,test
256.0,0,far_left,6.0,7.0,4.0,2.0,0.0,0.0,1.0,0.0,2.0,0.0,0.328833,31.768333,-12.166667,4.666667,0.0,4273.5,257.0,7,test
256.0,1,far_center,5.0,5.0,5.0,0.0,0.0,0.0,0.0,0.0,0.0,0.0,0.80272,20.322,4.6,-18.0,0.0,7675.6,257.0,6,test
256.0,2,far_right,0.0,0.0,0.0,0.0,0.0,0.0,0.0,0.0,0.0,0.0,0.0,0.0,0.0,0.0,0.0,0.0,257.0,0,test
256.0,3,near_left,4.0,3.0,4.0,0.0,0.0,0.0,0.0,1.0,1.0,1.0,0.552575,81.3575,17.25,-33.75,0.0,12411.0,257.0,3,test
256.0,4,near_center,4.0,4.0,4.0,0.0,0.0,0.0,0.0,0.0,0.0,0.0,0.8407,130.85,-110.125,75.75,0.0,22888.5,257.0,4,test
256.0,5,near_right,3.0,3.0,3.0,0.0,0.0,0.0,0.0,0.0,0.0,0.0,0.682067,58.616667,-25.333333,-4.0,0.333333,23523.0,257.0,4,test
257.0,0,far_left,7.0,7.0,6.0,1.0,1.0,0.0,0.0,0.0,2.0,2.0,0.641657,54.071429,1.285714,-5.0,0.0,6237.857143,258.0,6,test
257.0,1,far_center,6.0,6.0,5.0,1.0,0.0,0.0,0.0,0.0,1.0,0.0,0.669917,16.905,8.083333,-14.5,0.0,6103.166667,258.0,6,test
257.0,2,far_right,0.0,0.0,0.0,0.0,0.0,0.0,0.0,0.0,0.0,0.0,0.0,0.0,0.0,0.0,0.0,0.0,258.0,0,test
257.0,3,near_left,3.0,3.0,4.0,-1.0,0.0,1.0,0.0,0.0,0.0,0.0,0.552667,46.77,42.166667,-20.666667,0.0,11807.333333,258.0,4,test
257.0,4,near_center,4.0,4.0,4.0,0.0,0.0,0.0,0.0,0.0,0.0,0.0,0.846025,139.665,-114.5,78.75,0.25,19915.75,258.0,1,test
257.0,5,near_right,4.0,4.0,3.0,1.0,0.0,0.0,0.0,0.0,1.0,0.0,0.7333,44.5775,-11.75,-13.25,0.0,23950.25,258.0,4,test
258.0,0,far_left,6.0,7.0,7.0,-1.0,0.0,0.0,1.0,0.0,1.0,2.0,0.715633,54.511667,23.166667,-8.0,0.0,6391.166667,259.0,10,test
258.0,1,far_center,6.0,5.0,6.0,0.0,0.0,0.0,0.0,1.0,0.0,0.0,0.655683,20.296667,9.083333,-10.166667,0.166667,5620.333333,259.0,5,test
258.0,2,far_right,0.0,1.0,0.0,0.0,0.0,0.0,1.0,0.0,0.0,0.0,0.0,0.0,0.0,0.0,0.0,0.0,259.0,0,test
258.0,3,near_left,4.0,3.0,3.0,1.0,1.0,0.0,0.0,1.0,0.0,0.0,0.571775,65.4275,-7.5,1.75,0.0,12653.75,259.0,3,test
258.0,4,near_center,1.0,1.0,4.0,-3.0,0.0,1.0,0.0,0.0,0.0,2.0,0.9202,135.42,-94.5,104.0,0.0,27825.0,259.0,1,test
258.0,5,near_right,4.0,4.0,4.0,0.0,0.0,0.0,0.0,0.0,0.0,0.0,0.733825,69.945,-5.0,-5.0,0.25,29033.75,259.0,4,test
259.0,0,far_left,10.0,10.0,6.0,4.0,1.0,0.0,0.0,0.0,3.0,0.0,0.5849,51.775,16.85,-6.4,0.0,6812.2,260.0,10,test
259.0,1,far_center,5.0,4.0,6.0,-1.0,0.0,0.0,0.0,1.0,0.0,1.0,0.7403,17.948,8.5,-17.0,0.0,6003.6,260.0,3,test
259.0,2,far_right,0.0,1.0,0.0,0.0,0.0,0.0,1.0,0.0,0.0,0.0,0.0,0.0,0.0,0.0,0.0,0.0,260.0,2,test
259.0,3,near_left,3.0,3.0,4.0,-1.0,0.0,1.0,0.0,0.0,0.0,0.0,0.500433,54.473333,-49.5,24.333333,0.0,13500.333333,260.0,3,test
259.0,4,near_center,1.0,1.0,1.0,0.0,0.0,0.0,0.0,0.0,0.0,0.0,0.9367,156.01,-106.5,124.0,0.0,32490.0,260.0,1,test
259.0,5,near_right,4.0,4.0,4.0,0.0,0.0,0.0,0.0,0.0,0.0,0.0,0.7565,76.41,-3.5,-32.25,0.0,27590.5,260.0,5,test
260.0,0,far_left,10.0,9.0,10.0,0.0,1.0,0.0,0.0,1.0,0.0,1.0,0.59158,53.223,3.8,-2.8,0.1,6261.7,261.0,9,test
260.0,1,far_center,3.0,3.0,5.0,-2.0,0.0,2.0,0.0,0.0,0.0,0.0,0.796233,8.75,4.5,-8.333333,0.0,6161.666667,261.0,3,test
260.0,2,far_right,2.0,3.0,0.0,2.0,1.0,0.0,1.0,0.0,1.0,0.0,0.51215,17.68,14.75,-11.5,0.0,6454.0,261.0,3,test
260.0,3,near_left,3.0,4.0,3.0,0.0,0.0,0.0,1.0,0.0,0.0,0.0,0.498267,65.926667,-60.666667,26.666667,0.0,14977.333333,261.0,3,test
260.0,4,near_center,1.0,1.0,1.0,0.0,0.0,0.0,0.0,0.0,0.0,0.0,0.9232,152.12,-115.5,69.0,0.0,28125.0,261.0,1,test
260.0,5,near_right,5.0,4.0,4.0,1.0,0.0,0.0,0.0,1.0,1.0,0.0,0.61074,55.328,3.3,-14.4,0.0,26758.2,261.0,6,test
261.0,0,far_left,9.0,9.0,10.0,-1.0,0.0,1.0,0.0,0.0,2.0,2.0,0.687956,47.133333,13.277778,-4.111111,0.0,6427.777778,262.0,6,test
261.0,1,far_center,3.0,3.0,3.0,0.0,0.0,0.0,0.0,0.0,0.0,0.0,0.7221,15.75,9.333333,-9.666667,0.0,6623.666667,262.0,3,test
261.0,2,far_right,3.0,3.0,2.0,1.0,1.0,0.0,0.0,0.0,0.0,0.0,0.6607,34.383333,6.5,-15.333333,0.0,11706.0,262.0,2,test
261.0,3,near_left,3.0,3.0,3.0,0.0,1.0,0.0,0.0,0.0,0.0,1.0,0.458667,19.873333,-16.833333,9.333333,0.0,10362.0,262.0,3,test
261.0,4,near_center,1.0,1.0,1.0,0.0,0.0,0.0,0.0,0.0,0.0,0.0,0.8011,167.03,-149.5,0.0,0.0,9272.0,262.0,0,test
261.0,5,near_right,6.0,6.0,5.0,1.0,0.0,1.0,0.0,0.0,3.0,1.0,0.769133,31.698333,17.25,-7.166667,0.0,20879.5,262.0,5,test
262.0,0,far_left,6.0,6.0,9.0,-3.0,0.0,0.0,0.0,0.0,2.0,5.0,0.683283,41.088333,16.0,-8.5,0.0,6589.333333,263.0,8,test
262.0,1,far_center,3.0,3.0,3.0,0.0,0.0,0.0,0.0,0.0,0.0,0.0,0.721433,18.956667,12.833333,-20.0,0.0,5838.0,263.0,3,test
262.0,2,far_right,2.0,2.0,3.0,-1.0,0.0,0.0,0.0,0.0,0.0,1.0,0.89055,47.83,-20.25,-17.5,0.0,13575.5,263.0,2,test
262.0,3,near_left,3.0,3.0,3.0,0.0,0.0,0.0,0.0,0.0,0.0,0.0,0.471533,21.783333,-18.5,10.333333,0.0,10524.0,263.0,3,test
262.0,4,near_center,0.0,1.0,1.0,-1.0,0.0,0.0,1.0,0.0,0.0,1.0,0.0,0.0,0.0,0.0,0.0,0.0,263.0,1,test
262.0,5,near_right,5.0,4.0,6.0,-1.0,0.0,0.0,0.0,1.0,0.0,1.0,0.76252,81.908,47.6,-36.4,0.2,21420.6,263.0,3,test
263.0,0,far_left,8.0,8.0,6.0,2.0,0.0,0.0,0.0,0.0,4.0,2.0,0.656913,41.29875,2.625,-1.25,0.125,5788.75,264.0,7,test
263.0,1,far_center,3.0,3.0,3.0,0.0,0.0,0.0,0.0,0.0,0.0,0.0,0.587467,17.1,14.666667,-7.666667,0.0,5568.0,264.0,3,test
263.0,2,far_right,2.0,2.0,2.0,0.0,0.0,0.0,0.0,0.0,0.0,0.0,0.7949,38.13,-10.75,-17.5,0.0,12845.0,264.0,2,test
263.0,3,near_left,3.0,3.0,3.0,0.0,0.0,0.0,0.0,0.0,0.0,0.0,0.5274,23.11,-20.333333,9.333333,0.0,10291.0,264.0,3,test
263.0,4,near_center,1.0,1.0,0.0,1.0,1.0,0.0,0.0,0.0,0.0,0.0,0.9288,70.94,11.5,-77.0,0.0,22213.0,264.0,2,test
263.0,5,near_right,3.0,3.0,5.0,-2.0,0.0,1.0,0.0,0.0,0.0,1.0,0.925167,102.69,67.0,-32.0,0.0,31044.0,264.0,4,test
264.0,0,far_left,7.0,7.0,8.0,-1.0,0.0,0.0,1.0,1.0,1.0,2.0,0.639586,50.082857,12.0,-1.142857,0.0,6295.0,265.0,8,test
264.0,1,far_center,3.0,3.0,3.0,0.0,0.0,0.0,1.0,1.0,0.0,0.0,0.7015,16.36,13.666667,-13.666667,0.0,4250.0,265.0,3,test
264.0,2,far_right,2.0,3.0,2.0,0.0,0.0,0.0,1.0,0.0,0.0,0.0,0.8563,40.47,2.5,-13.5,0.0,11812.0,265.0,3,test
264.0,3,near_left,3.0,4.0,3.0,0.0,0.0,0.0,1.0,0.0,0.0,0.0,0.493167,25.823333,-21.666667,13.0,0.0,10327.333333,265.0,4,test
264.0,4,near_center,2.0,1.0,1.0,1.0,0.0,0.0,0.0,1.0,1.0,0.0,0.72315,33.615,-2.75,-37.5,0.0,17651.5,265.0,0,test
264.0,5,near_right,4.0,3.0,3.0,1.0,0.0,0.0,0.0,1.0,1.0,0.0,0.732425,76.1325,50.625,-39.0,0.0,26967.75,265.0,3,test
265.0,0,far_left,8.0,8.0,7.0,1.0,1.0,1.0,0.0,0.0,2.0,1.0,0.67555,39.48125,13.0,-7.25,0.0,5152.5,266.0,7,test
265.0,1,far_center,3.0,3.0,3.0,0.0,1.0,1.0,0.0,0.0,0.0,0.0,0.647167,32.443333,12.333333,-29.0,0.0,8761.333333,266.0,3,test
265.0,2,far_right,3.0,3.0,2.0,1.0,1.0,0.0,0.0,0.0,0.0,0.0,0.843267,44.066667,6.0,-34.0,0.0,14673.333333,266.0,2,test
265.0,3,near_left,4.0,4.0,3.0,1.0,1.0,0.0,0.0,0.0,1.0,1.0,0.6154,19.835,-18.5,7.25,0.0,11237.0,266.0,3,test
265.0,4,near_center,0.0,0.0,2.0,-2.0,0.0,2.0,0.0,0.0,0.0,0.0,0.0,0.0,0.0,0.0,0.0,0.0,266.0,0,test
265.0,5,near_right,3.0,3.0,4.0,-1.0,1.0,1.0,0.0,0.0,0.0,1.0,0.8891,119.996667,96.0,-56.0,0.0,33794.333333,266.0,3,test
266.0,0,far_left,7.0,6.0,8.0,-1.0,0.0,0.0,0.0,1.0,1.0,2.0,0.796243,41.518571,1.285714,2.857143,0.0,6133.285714,267.0,7,test
266.0,1,far_center,3.0,4.0,3.0,0.0,1.0,0.0,1.0,0.0,0.0,1.0,0.6625,32.49,-8.833333,-17.333333,0.0,9144.666667,267.0,3,test
266.0,2,far_right,2.0,2.0,3.0,-1.0,0.0,1.0,0.0,0.0,0.0,0.0,0.62835,42.095,18.0,-45.5,0.0,14821.0,267.0,2,test
266.0,3,near_left,3.0,3.0,4.0,-1.0,0.0,0.0,0.0,0.0,0.0,1.0,0.751033,59.76,-56.666667,20.333333,0.0,12928.0,267.0,3,test
266.0,4,near_center,0.0,0.0,0.0,0.0,0.0,0.0,0.0,0.0,0.0,0.0,0.0,0.0,0.0,0.0,0.0,0.0,267.0,0,test
266.0,5,near_right,3.0,3.0,3.0,0.0,0.0,0.0,0.0,0.0,0.0,0.0,0.9107,110.546667,88.166667,-53.333333,0.0,35024.333333,267.0,3,test
267.0,0,far_left,7.0,6.0,7.0,0.0,0.0,0.0,0.0,1.0,2.0,2.0,0.755657,39.582857,-12.928571,3.571429,0.0,5504.571429,268.0,7,test
267.0,1,far_center,3.0,3.0,3.0,0.0,0.0,0.0,0.0,0.0,1.0,1.0,0.664167,46.3,-24.333333,-2.0,0.0,8747.0,268.0,4,test
267.0,2,far_right,2.0,2.0,2.0,0.0,0.0,0.0,0.0,0.0,0.0,0.0,0.7221,50.24,30.0,-42.5,0.0,12438.5,268.0,1,test
267.0,3,near_left,3.0,4.0,3.0,0.0,0.0,0.0,1.0,0.0,2.0,2.0,0.702467,63.32,-24.5,13.333333,0.0,12290.0,268.0,4,test
267.0,4,near_center,0.0,0.0,0.0,0.0,0.0,0.0,0.0,0.0,0.0,0.0,0.0,0.0,0.0,0.0,0.0,0.0,268.0,0,test
267.0,5,near_right,3.0,3.0,3.0,0.0,0.0,0.0,0.0,0.0,0.0,0.0,0.9356,104.223333,74.333333,-77.333333,0.0,30974.333333,268.0,3,test
268.0,0,far_left,7.0,6.0,7.0,0.0,0.0,1.0,0.0,1.0,2.0,1.0,0.594457,46.504286,-20.142857,-2.285714,0.0,4118.857143,269.0,9,test
268.0,1,far_center,4.0,5.0,3.0,1.0,0.0,0.0,1.0,0.0,1.0,0.0,0.569975,36.2375,-17.375,-11.25,0.0,6877.5,269.0,6,test
268.0,2,far_right,1.0,1.0,2.0,-1.0,0.0,0.0,0.0,0.0,0.0,1.0,0.9029,52.2,31.0,-46.0,0.0,16185.0,269.0,1,test
268.0,3,near_left,4.0,4.0,3.0,1.0,1.0,0.0,0.0,0.0,1.0,1.0,0.66465,38.1625,-35.125,17.25,0.0,11296.0,269.0,3,test
268.0,4,near_center,0.0,0.0,0.0,0.0,0.0,0.0,0.0,0.0,0.0,0.0,0.0,0.0,0.0,0.0,0.0,0.0,269.0,0,test
268.0,5,near_right,3.0,3.0,3.0,0.0,0.0,0.0,0.0,0.0,0.0,0.0,0.9247,84.346667,47.5,-78.666667,0.0,27610.0,269.0,4,test
269.0,0,far_left,9.0,9.0,7.0,2.0,0.0,0.0,0.0,0.0,2.0,0.0,0.594156,38.007778,-10.222222,-5.777778,0.0,4377.111111,270.0,8,test
269.0,1,far_center,6.0,6.0,4.0,2.0,0.0,0.0,0.0,0.0,2.0,0.0,0.481467,24.113333,-15.333333,-3.166667,0.0,4524.333333,270.0,6,test
269.0,2,far_right,1.0,1.0,1.0,0.0,0.0,0.0,0.0,0.0,0.0,0.0,0.8896,40.14,9.5,-43.0,0.0,14586.0,270.0,1,test
269.0,3,near_left,3.0,3.0,4.0,-1.0,0.0,0.0,0.0,0.0,0.0,1.0,0.7379,58.18,-52.0,25.0,0.0,12899.333333,270.0,3,test
269.0,4,near_center,0.0,0.0,0.0,0.0,0.0,0.0,0.0,0.0,0.0,0.0,0.0,0.0,0.0,0.0,0.0,0.0,270.0,0,test
269.0,5,near_right,4.0,4.0,3.0,1.0,0.0,0.0,0.0,0.0,1.0,0.0,0.8638,55.8325,27.5,-53.5,0.25,22522.25,270.0,5,test
270.0,0,far_left,8.0,8.0,9.0,-1.0,0.0,0.0,0.0,0.0,0.0,1.0,0.659262,43.66125,-29.3125,11.5,0.0,4809.875,271.0,7,test
270.0,1,far_center,6.0,6.0,6.0,0.0,0.0,0.0,0.0,0.0,1.0,1.0,0.522783,30.866667,-25.5,6.5,0.0,6287.833333,271.0,6,test
270.0,2,far_right,1.0,1.0,1.0,0.0,0.0,0.0,0.0,0.0,0.0,0.0,0.8437,42.45,-22.5,-41.0,0.0,12921.0,271.0,2,test
270.0,3,near_left,3.0,3.0,3.0,0.0,0.0,0.0,0.0,0.0,1.0,1.0,0.636567,63.176667,-57.333333,28.333333,0.0,12876.333333,271.0,4,test
270.0,4,near_center,0.0,0.0,0.0,0.0,0.0,0.0,0.0,0.0,0.0,0.0,0.0,0.0,0.0,0.0,0.0,0.0,271.0,0,test
270.0,5,near_right,5.0,5.0,4.0,1.0,0.0,0.0,0.0,0.0,1.0,0.0,0.91304,51.622,20.7,-23.4,0.0,22131.6,271.0,5,test
271.0,0,far_left,7.0,7.0,8.0,-1.0,0.0,0.0,1.0,1.0,0.0,1.0,0.674171,52.715714,-42.928571,20.857143,0.0,6026.714286,272.0,5,test
271.0,1,far_center,6.0,5.0,6.0,0.0,0.0,0.0,0.0,1.0,1.0,1.0,0.550933,33.403333,-27.5,9.666667,0.0,5768.5,272.0,5,test
271.0,2,far_right,2.0,2.0,1.0,1.0,0.0,0.0,0.0,0.0,1.0,0.0,0.6869,23.515,-16.25,-18.5,0.0,9405.0,272.0,2,test
271.0,3,near_left,4.0,5.0,3.0,1.0,0.0,0.0,1.0,0.0,1.0,0.0,0.48065,52.25,-37.375,22.5,0.25,9030.25,272.0,4,test
271.0,4,near_center,0.0,0.0,0.0,0.0,0.0,0.0,0.0,0.0,0.0,0.0,0.0,0.0,0.0,0.0,0.0,0.0,272.0,0,test
271.0,5,near_right,5.0,5.0,5.0,0.0,0.0,0.0,0.0,0.0,0.0,0.0,0.91268,74.534,32.7,-16.4,0.0,25261.4,272.0,6,test
272.0,0,far_left,5.0,4.0,7.0,-2.0,1.0,1.0,0.0,1.0,0.0,2.0,0.80328,57.064,-49.4,15.2,0.0,7810.2,273.0,5,test
272.0,1,far_center,5.0,4.0,6.0,-1.0,0.0,1.0,0.0,1.0,0.0,0.0,0.496,44.646,-42.7,12.6,0.0,5620.0,273.0,4,test
272.0,2,far_right,2.0,4.0,2.0,0.0,0.0,0.0,2.0,0.0,1.0,1.0,0.79465,20.885,-15.5,-16.5,0.0,11988.0,273.0,5,test
272.0,3,near_left,4.0,5.0,4.0,0.0,1.0,0.0,1.0,0.0,0.0,1.0,0.62095,49.4975,-44.25,30.0,0.0,11254.75,273.0,4,test
272.0,4,near_center,0.0,1.0,0.0,0.0,0.0,0.0,1.0,0.0,0.0,0.0,0.0,0.0,0.0,0.0,0.0,0.0,273.0,1,test
272.0,5,near_right,6.0,4.0,5.0,1.0,0.0,0.0,0.0,2.0,1.0,0.0,0.733317,59.888333,24.416667,-25.166667,0.0,25357.333333,273.0,3,test
273.0,0,far_left,5.0,5.0,5.0,0.0,0.0,1.0,0.0,0.0,1.0,0.0,0.54596,51.376,-39.7,-8.2,0.0,6306.8,274.0,5,test
273.0,1,far_center,4.0,5.0,5.0,-1.0,0.0,1.0,1.0,0.0,1.0,1.0,0.6518,25.88,-24.25,6.0,0.0,3946.25,274.0,4,test
273.0,2,far_right,5.0,5.0,2.0,3.0,2.0,0.0,1.0,1.0,1.0,0.0,0.72952,31.552,-1.4,-13.6,0.0,12459.2,274.0,6,test
273.0,3,near_left,4.0,4.0,4.0,0.0,1.0,0.0,0.0,0.0,0.0,1.0,0.676425,76.08,-70.5,31.0,0.0,12544.75,274.0,5,test
273.0,4,near_center,1.0,1.0,0.0,1.0,1.0,0.0,0.0,0.0,0.0,0.0,0.8552,80.96,-76.5,30.0,0.0,13090.0,274.0,1,test
273.0,5,near_right,3.0,2.0,6.0,-3.0,0.0,2.0,0.0,1.0,0.0,1.0,0.890967,106.95,28.666667,-9.333333,0.0,30576.333333,274.0,1,test
274.0,0,far_left,5.0,4.0,5.0,0.0,0.0,0.0,0.0,1.0,0.0,0.0,0.59542,58.03,-49.5,23.0,0.0,6998.2,275.0,3,test
274.0,1,far_center,4.0,4.0,4.0,0.0,1.0,0.0,0.0,0.0,0.0,1.0,0.7099,31.875,-22.75,11.25,0.0,6596.0,275.0,4,test
274.0,2,far_right,6.0,5.0,5.0,1.0,1.0,1.0,0.0,1.0,1.0,0.0,0.7577,32.58,2.416667,-8.833333,0.0,12834.166667,275.0,5,test
274.0,3,near_left,5.0,6.0,4.0,1.0,0.0,0.0,1.0,0.0,1.0,0.0,0.71448,95.136,-61.0,64.6,0.0,13622.8,275.0,7,test
274.0,4,near_center,1.0,1.0,1.0,0.0,0.0,0.0,0.0,0.0,0.0,0.0,0.8644,88.39,-84.0,31.0,0.0,15908.0,275.0,1,test
274.0,5,near_right,1.0,2.0,3.0,-2.0,0.0,1.0,1.0,0.0,0.0,1.0,0.9203,110.94,52.0,-112.0,0.0,25245.0,275.0,3,test
275.0,0,far_left,3.0,3.0,5.0,-2.0,0.0,1.0,0.0,0.0,0.0,1.0,0.7366,56.12,-51.0,27.0,0.0,8224.333333,276.0,3,test
275.0,1,far_center,4.0,5.0,4.0,0.0,0.0,0.0,1.0,0.0,0.0,0.0,0.6016,41.58,-25.75,2.75,0.0,6236.5,276.0,5,test
275.0,2,far_right,5.0,4.0,6.0,-1.0,0.0,1.0,0.0,1.0,0.0,0.0,0.78588,43.53,-3.7,-4.6,0.0,12164.2,276.0,4,test
275.0,3,near_left,7.0,7.0,5.0,2.0,1.0,0.0,0.0,0.0,1.0,0.0,0.573714,69.71,-53.5,-4.714286,0.142857,11966.571429,276.0,5,test
275.0,4,near_center,1.0,1.0,1.0,0.0,0.0,0.0,0.0,0.0,0.0,0.0,0.7717,94.44,-90.5,29.0,0.0,15246.0,276.0,1,test
275.0,5,near_right,3.0,3.0,1.0,2.0,1.0,0.0,0.0,0.0,1.0,0.0,0.856767,46.786667,-4.166667,-16.666667,0.0,15554.666667,276.0,4,test
276.0,0,far_left,3.0,2.0,3.0,0.0,0.0,0.0,0.0,1.0,0.0,0.0,0.734267,56.236667,-50.5,27.0,0.0,8522.0,277.0,3,test
276.0,1,far_center,5.0,5.0,4.0,1.0,1.0,0.0,0.0,0.0,0.0,0.0,0.66398,44.548,-35.1,21.6,0.0,7040.8,277.0,5,test
276.0,2,far_right,4.0,5.0,5.0,-1.0,0.0,1.0,1.0,0.0,0.0,0.0,0.71375,45.545,15.25,-14.0,0.0,13102.5,277.0,5,test
276.0,3,near_left,5.0,6.0,7.0,-2.0,0.0,0.0,1.0,0.0,0.0,2.0,0.6673,97.08,-43.7,14.4,0.0,13290.6,277.0,7,test
276.0,4,near_center,1.0,1.0,1.0,0.0,0.0,0.0,0.0,0.0,0.0,0.0,0.885,105.95,-100.0,34.0,0.0,17444.0,277.0,1,test
276.0,5,near_right,4.0,3.0,3.0,1.0,0.0,0.0,0.0,1.0,1.0,0.0,0.898325,62.0975,21.375,-5.75,0.0,20489.75,277.0,3,test
277.0,0,far_left,3.0,2.0,3.0,0.0,0.0,1.0,0.0,1.0,1.0,0.0,0.559167,47.526667,-39.166667,20.333333,0.0,6338.333333,278.0,1,test
277.0,1,far_center,5.0,6.0,5.0,0.0,0.0,0.0,1.0,0.0,0.0,0.0,0.66994,49.622,-39.5,9.6,0.0,6734.2,278.0,4,test
277.0,2,far_right,5.0,3.0,4.0,1.0,1.0,0.0,0.0,2.0,0.0,0.0,0.7052,52.586,19.4,-31.4,0.0,13011.2,278.0,5,test
277.0,3,near_left,7.0,8.0,5.0,2.0,1.0,0.0,1.0,0.0,1.0,0.0,0.590429,98.09,-49.071429,39.571429,0.0,12167.0,278.0,7,test
277.0,4,near_center,1.0,1.0,1.0,0.0,0.0,0.0,0.0,0.0,0.0,0.0,0.8819,100.32,-92.0,44.0,0.0,18156.0,278.0,1,test
277.0,5,near_right,3.0,4.0,4.0,-1.0,0.0,1.0,1.0,0.0,0.0,0.0,0.908833,84.806667,41.833333,18.666667,0.0,29830.666667,278.0,5,test
278.0,0,far_left,1.0,1.0,3.0,-2.0,0.0,1.0,0.0,0.0,0.0,1.0,0.7121,66.77,-61.5,29.0,0.0,10080.0,279.0,1,test
278.0,1,far_center,4.0,4.0,5.0,-1.0,0.0,0.0,0.0,0.0,0.0,1.0,0.7938,60.1775,-53.5,26.0,0.0,7084.0,279.0,5,test
278.0,2,far_right,5.0,5.0,5.0,0.0,0.0,1.0,0.0,0.0,1.0,0.0,0.60862,46.12,32.9,-21.2,0.0,11583.2,279.0,5,test
278.0,3,near_left,7.0,7.0,7.0,0.0,1.0,0.0,0.0,0.0,0.0,1.0,0.661014,64.84,-16.857143,14.142857,0.0,12856.857143,279.0,7,test
278.0,4,near_center,1.0,1.0,1.0,0.0,0.0,0.0,0.0,0.0,0.0,0.0,0.8851,88.9,-81.5,41.0,0.0,18490.0,279.0,1,test
278.0,5,near_right,5.0,5.0,3.0,2.0,1.0,0.0,0.0,0.0,1.0,0.0,0.78768,66.602,16.8,-7.0,0.0,23552.0,279.0,5,test
279.0,0,far_left,1.0,0.0,1.0,0.0,0.0,0.0,0.0,1.0,0.0,0.0,0.645,74.28,-69.0,28.0,0.0,10143.0,280.0,0,test
279.0,1,far_center,5.0,5.0,4.0,1.0,0.0,0.0,0.0,0.0,1.0,0.0,0.64224,59.64,-47.8,16.8,0.0,6812.4,280.0,5,test
279.0,2,far_right,5.0,4.0,5.0,0.0,0.0,0.0,0.0,1.0,0.0,0.0,0.59206,50.82,17.1,-13.2,0.0,11175.2,280.0,6,test
279.0,3,near_left,7.0,8.0,7.0,0.0,0.0,0.0,1.0,0.0,1.0,1.0,0.6797,77.241429,-15.785714,-3.857143,0.0,11433.0,280.0,9,test
279.0,4,near_center,1.0,1.0,1.0,0.0,0.0,0.0,0.0,0.0,0.0,0.0,0.8857,96.31,-83.5,54.0,0.0,20203.0,280.0,1,test
279.0,5,near_right,5.0,6.0,5.0,0.0,0.0,0.0,1.0,0.0,1.0,1.0,0.88986,76.226,38.0,-25.8,0.0,25946.6,280.0,5,test
280.0,0,far_left,0.0,0.0,1.0,-1.0,0.0,1.0,0.0,0.0,0.0,0.0,0.0,0.0,0.0,0.0,0.0,0.0,281.0,2,test
280.0,1,far_center,5.0,5.0,5.0,0.0,0.0,0.0,0.0,0.0,0.0,0.0,0.71612,62.442,-54.2,36.8,0.0,8008.8,281.0,5,test
280.0,2,far_right,6.0,5.0,5.0,1.0,0.0,0.0,0.0,1.0,1.0,0.0,0.445617,33.551667,11.833333,-4.166667,0.0,10188.166667,281.0,5,test
280.0,3,near_left,9.0,9.0,7.0,2.0,1.0,0.0,0.0,0.0,1.0,0.0,0.530489,75.011111,-9.777778,6.444444,0.0,12189.111111,281.0,8,test
280.0,4,near_center,1.0,1.0,1.0,0.0,0.0,0.0,0.0,0.0,0.0,0.0,0.883,115.85,-102.5,59.0,0.0,24648.0,281.0,1,test
280.0,5,near_right,5.0,6.0,5.0,0.0,0.0,0.0,1.0,0.0,0.0,0.0,0.86276,78.212,17.7,-14.4,0.0,26140.6,281.0,6,test
281.0,0,far_left,2.0,2.0,0.0,2.0,1.0,0.0,0.0,0.0,1.0,0.0,0.4182,41.65,33.5,-34.5,0.0,5504.5,282.0,3,test
281.0,1,far_center,5.0,3.0,5.0,0.0,0.0,0.0,0.0,2.0,0.0,0.0,0.73028,63.058,-54.9,34.0,0.0,8834.6,282.0,3,test
281.0,2,far_right,5.0,4.0,6.0,-1.0,0.0,1.0,0.0,1.0,0.0,0.0,0.35264,60.28,1.6,2.8,0.2,10110.0,282.0,2,test
281.0,3,near_left,8.0,8.0,9.0,-1.0,0.0,1.0,0.0,0.0,0.0,0.0,0.493613,64.3425,-1.0625,3.5,0.0,13182.875,282.0,7,test
281.0,4,near_center,1.0,3.0,1.0,0.0,0.0,0.0,2.0,0.0,0.0,0.0,0.8222,135.05,-124.0,57.0,0.0,26840.0,282.0,3,test
281.0,5,near_right,6.0,7.0,5.0,1.0,1.0,0.0,1.0,0.0,0.0,0.0,0.811067,76.053333,2.916667,-14.0,0.0,23946.833333,282.0,8,test
282.0,0,far_left,3.0,3.0,2.0,1.0,0.0,0.0,0.0,0.0,1.0,0.0,0.365967,34.053333,9.166667,-8.0,0.0,4400.666667,283.0,3,test
282.0,1,far_center,3.0,2.0,5.0,-2.0,0.0,2.0,0.0,1.0,0.0,0.0,0.822633,56.896667,-47.5,30.666667,0.0,9444.0,283.0,2,test
282.0,2,far_right,2.0,2.0,5.0,-3.0,0.0,1.0,0.0,0.0,0.0,2.0,0.5172,35.96,-27.0,-24.5,0.0,10627.0,283.0,2,test
282.0,3,near_left,7.0,8.0,8.0,-1.0,0.0,0.0,1.0,0.0,0.0,1.0,0.562357,77.572857,-1.285714,-13.0,0.0,12821.571429,283.0,9,test
282.0,4,near_center,3.0,3.0,1.0,2.0,2.0,0.0,1.0,1.0,0.0,0.0,0.8477,98.786667,-87.333333,48.666667,0.0,16380.666667,283.0,3,test
282.0,5,near_right,8.0,8.0,6.0,2.0,1.0,0.0,0.0,0.0,1.0,0.0,0.73475,63.42375,-0.375,6.25,0.0,21956.5,283.0,8,test
283.0,0,far_left,3.0,3.0,3.0,0.0,0.0,0.0,0.0,0.0,0.0,0.0,0.382333,41.806667,-1.333333,3.0,0.0,4774.0,284.0,3,test
283.0,1,far_center,2.0,3.0,3.0,-1.0,0.0,1.0,1.0,0.0,0.0,0.0,0.72355,49.795,-40.0,27.5,0.0,8267.0,284.0,2,test
283.0,2,far_right,2.0,2.0,2.0,0.0,0.0,0.0,1.0,1.0,0.0,0.0,0.681,31.2,-24.5,-22.0,0.0,9176.0,284.0,3,test
283.0,3,near_left,9.0,8.0,7.0,2.0,1.0,0.0,0.0,1.0,1.0,0.0,0.584333,83.413333,-12.277778,20.0,0.0,12778.555556,284.0,7,test
283.0,4,near_center,3.0,4.0,3.0,0.0,1.0,1.0,1.0,0.0,0.0,0.0,0.8584,81.01,-66.166667,51.0,0.0,12280.333333,284.0,3,test
283.0,5,near_right,8.0,7.0,8.0,0.0,0.0,0.0,0.0,1.0,0.0,0.0,0.750825,81.38125,-0.875,3.875,0.0,19808.75,284.0,9,test
284.0,0,far_left,3.0,4.0,3.0,0.0,0.0,0.0,1.0,0.0,0.0,0.0,0.570733,42.953333,-1.666667,10.0,0.0,5404.666667,285.0,4,test
284.0,1,far_center,2.0,3.0,2.0,0.0,0.0,0.0,1.0,0.0,0.0,0.0,0.7926,51.14,-43.0,27.0,0.0,8533.5,285.0,2,test
284.0,2,far_right,3.0,4.0,2.0,1.0,0.0,0.0,2.0,1.0,1.0,0.0,0.508033,14.14,3.5,-15.666667,0.0,9149.333333,285.0,3,test
284.0,3,near_left,7.0,6.0,9.0,-2.0,0.0,0.0,0.0,1.0,0.0,2.0,0.607386,80.38,-4.5,8.428571,0.142857,11422.142857,285.0,5,test
284.0,4,near_center,3.0,3.0,3.0,0.0,0.0,0.0,0.0,0.0,0.0,0.0,0.8462,89.596667,-75.333333,52.0,0.0,13793.666667,285.0,3,test
284.0,5,near_right,9.0,7.0,8.0,1.0,0.0,0.0,0.0,2.0,2.0,1.0,0.717156,59.38,-5.722222,26.444444,0.0,18363.777778,285.0,7,test
285.0,0,far_left,4.0,4.0,3.0,1.0,1.0,0.0,0.0,0.0,0.0,0.0,0.4805,53.365,9.0,-1.75,0.0,6033.0,286.0,3,test
285.0,1,far_center,2.0,1.0,2.0,0.0,0.0,0.0,0.0,1.0,0.0,0.0,0.83895,55.75,-46.25,30.5,0.0,9169.5,286.0,3,test
285.0,2,far_right,3.0,3.0,3.0,0.0,2.0,1.0,0.0,0.0,0.0,1.0,0.7673,47.863333,35.0,-33.333333,0.0,13037.333333,286.0,3,test
285.0,3,near_left,5.0,5.0,7.0,-2.0,0.0,1.0,0.0,0.0,0.0,1.0,0.71974,69.772,16.6,7.2,0.0,15704.6,286.0,5,test
285.0,4,near_center,3.0,4.0,3.0,0.0,0.0,0.0,1.0,0.0,0.0,0.0,0.883933,100.116667,-80.5,64.0,0.0,15677.0,286.0,4,test
285.0,5,near_right,7.0,7.0,9.0,-2.0,1.0,2.0,0.0,0.0,1.0,2.0,0.782329,79.598571,-15.785714,43.714286,0.0,22397.0,286.0,7,test
286.0,0,far_left,3.0,3.0,4.0,-1.0,0.0,0.0,0.0,0.0,0.0,1.0,0.529333,58.153333,29.333333,-12.333333,0.0,6068.666667,287.0,3,test
286.0,1,far_center,3.0,3.0,2.0,1.0,1.0,1.0,0.0,0.0,1.0,0.0,0.5087,41.536667,-26.666667,-13.333333,0.0,5376.333333,287.0,3,test
286.0,2,far_right,3.0,3.0,3.0,0.0,0.0,1.0,0.0,0.0,1.0,0.0,0.693667,40.623333,23.5,-27.333333,0.0,12318.0,287.0,3,test
286.0,3,near_left,5.0,5.0,5.0,0.0,0.0,0.0,0.0,0.0,1.0,1.0,0.65214,77.706,45.9,-44.8,0.0,14652.0,287.0,6,test
286.0,4,near_center,4.0,4.0,3.0,1.0,1.0,0.0,0.0,0.0,0.0,0.0,0.8752,105.455,-87.25,63.25,0.0,16047.0,287.0,4,test
286.0,5,near_right,7.0,7.0,7.0,0.0,0.0,0.0,0.0,0.0,1.0,1.0,0.750086,82.375714,-2.071429,25.714286,0.0,20952.142857,287.0,6,test
287.0,0,far_left,3.0,3.0,3.0,0.0,0.0,0.0,0.0,0.0,0.0,0.0,0.4768,58.926667,27.166667,3.333333,0.0,5935.666667,288.0,5,test
287.0,1,far_center,3.0,3.0,3.0,0.0,0.0,0.0,0.0,0.0,0.0,0.0,0.5995,58.123333,-52.833333,26.666667,0.0,6454.333333,288.0,4,test
287.0,2,far_right,3.0,3.0,3.0,0.0,0.0,0.0,0.0,0.0,0.0,0.0,0.6308,40.3,28.0,-32.0,0.0,11131.0,288.0,3,test
287.0,3,near_left,6.0,7.0,5.0,1.0,0.0,0.0,1.0,0.0,1.0,0.0,0.518617,67.443333,30.0,-63.166667,0.0,12359.833333,288.0,7,test
287.0,4,near_center,4.0,3.0,4.0,0.0,0.0,0.0,0.0,1.0,0.0,0.0,0.856275,113.1775,-93.875,68.25,0.0,17794.75,288.0,3,test
287.0,5,near_right,6.0,6.0,7.0,-1.0,0.0,0.0,0.0,0.0,0.0,1.0,0.752167,86.006667,-7.333333,28.5,0.0,22854.0,288.0,6,test
288.0,0,far_left,5.0,5.0,3.0,2.0,0.0,0.0,0.0,0.0,2.0,0.0,0.55414,48.804,10.7,-3.8,0.0,5620.4,289.0,5,test
288.0,1,far_center,4.0,4.0,3.0,1.0,1.0,0.0,0.0,0.0,0.0,0.0,0.646875,56.99,-38.875,9.75,0.0,6876.75,289.0,5,test
288.0,2,far_right,3.0,4.0,3.0,0.0,0.0,1.0,1.0,0.0,1.0,0.0,0.610767,34.836667,20.333333,-36.0,0.0,12489.0,289.0,4,test
288.0,3,near_left,7.0,7.0,6.0,1.0,1.0,0.0,0.0,0.0,0.0,0.0,0.632971,57.492857,25.571429,-21.142857,0.142857,12144.857143,289.0,7,test
288.0,4,near_center,3.0,3.0,4.0,-1.0,0.0,1.0,0.0,0.0,0.0,0.0,0.912267,139.043333,-111.0,91.666667,0.0,23145.333333,289.0,3,test
288.0,5,near_right,6.0,5.0,6.0,0.0,0.0,0.0,0.0,1.0,0.0,0.0,0.803217,76.986667,-13.75,0.833333,0.0,20386.0,289.0,5,test
289.0,0,far_left,5.0,8.0,5.0,0.0,0.0,0.0,3.0,0.0,0.0,0.0,0.62562,55.03,-5.4,5.4,0.2,6040.6,290.0,6,test
289.0,1,far_center,5.0,4.0,4.0,1.0,0.0,0.0,0.0,1.0,1.0,0.0,0.51948,42.794,-38.0,15.2,0.0,6997.0,290.0,5,test
289.0,2,far_right,4.0,4.0,3.0,1.0,1.0,0.0,0.0,0.0,1.0,1.0,0.585675,34.3375,24.5,-23.0,0.0,11957.0,290.0,4,test
289.0,3,near_left,7.0,5.0,7.0,0.0,0.0,0.0,0.0,2.0,0.0,0.0,0.610343,57.461429,22.071429,-17.857143,0.0,11196.428571,290.0,8,test
289.0,4,near_center,3.0,3.0,3.0,0.0,0.0,0.0,0.0,0.0,0.0,0.0,0.9027,159.413333,-126.5,103.333333,0.0,27142.666667,290.0,3,test
289.0,5,near_right,5.0,5.0,6.0,-1.0,0.0,1.0,0.0,0.0,0.0,0.0,0.72984,81.674,-25.7,1.2,0.0,14568.4,290.0,3,test
290.0,0,far_left,6.0,7.0,5.0,1.0,1.0,0.0,1.0,0.0,1.0,1.0,0.55095,50.465,-6.75,-13.166667,0.0,5525.5,291.0,5,test
290.0,1,far_center,5.0,4.0,5.0,0.0,0.0,0.0,0.0,1.0,0.0,0.0,0.69712,52.194,-45.6,27.0,0.0,7597.2,291.0,5,test
290.0,2,far_right,4.0,5.0,4.0,0.0,0.0,0.0,1.0,0.0,0.0,0.0,0.49725,69.99,-3.25,-65.0,0.0,11362.0,291.0,6,test
290.0,3,near_left,8.0,7.0,7.0,1.0,0.0,1.0,0.0,1.0,2.0,0.0,0.61795,38.34375,7.875,-12.125,0.0,12545.125,291.0,7,test
290.0,4,near_center,3.0,4.0,3.0,0.0,0.0,0.0,1.0,0.0,0.0,0.0,0.843567,186.036667,-146.0,116.333333,0.0,26760.0,291.0,2,test
290.0,5,near_right,3.0,2.0,5.0,-2.0,0.0,0.0,0.0,1.0,0.0,2.0,0.652467,63.593333,22.166667,12.0,0.0,19850.666667,291.0,2,test
291.0,0,far_left,5.0,3.0,6.0,-1.0,0.0,1.0,0.0,2.0,0.0,0.0,0.4804,58.35,14.8,-1.6,0.0,5710.4,292.0,5,test
291.0,1,far_center,5.0,6.0,5.0,0.0,0.0,1.0,1.0,0.0,1.0,0.0,0.67198,45.946,-40.9,27.4,0.0,6772.8,292.0,5,test
291.0,2,far_right,6.0,6.0,4.0,2.0,1.0,0.0,0.0,0.0,1.0,0.0,0.584083,54.628333,18.416667,-31.666667,0.0,9455.5,292.0,4,test
291.0,3,near_left,7.0,8.0,8.0,-1.0,1.0,0.0,1.0,0.0,0.0,2.0,0.587486,79.55,9.928571,12.0,0.0,14518.857143,292.0,8,test
291.0,4,near_center,2.0,2.0,3.0,-1.0,1.0,0.0,0.0,0.0,0.0,2.0,0.8824,111.675,-95.75,24.5,0.0,13639.5,292.0,2,test
291.0,5,near_right,2.0,2.0,3.0,-1.0,0.0,1.0,0.0,0.0,0.0,0.0,0.51915,33.08,0.75,0.5,0.0,13900.0,292.0,2,test
292.0,0,far_left,5.0,5.0,5.0,0.0,0.0,0.0,0.0,0.0,1.0,1.0,0.51198,40.492,25.9,-16.2,0.0,4682.8,293.0,8,test
292.0,1,far_center,5.0,5.0,5.0,0.0,0.0,0.0,0.0,0.0,0.0,0.0,0.66354,50.006,-41.2,29.8,0.0,7690.2,293.0,5,test
292.0,2,far_right,4.0,4.0,6.0,-2.0,0.0,0.0,0.0,0.0,0.0,2.0,0.5756,45.1425,0.875,-27.25,0.0,10174.0,293.0,3,test
292.0,3,near_left,8.0,8.0,7.0,1.0,0.0,0.0,0.0,0.0,1.0,0.0,0.554,81.6825,1.8125,-15.5,0.0,13363.375,293.0,6,test
292.0,4,near_center,2.0,2.0,2.0,0.0,0.0,0.0,0.0,0.0,1.0,1.0,0.87755,44.735,-39.5,23.0,0.0,20727.5,293.0,3,test
292.0,5,near_right,2.0,2.0,2.0,0.0,0.0,0.0,0.0,0.0,2.0,2.0,0.83935,0.0,0.0,0.0,0.0,15893.5,293.0,2,test
293.0,0,far_left,8.0,8.0,5.0,3.0,2.0,1.0,0.0,0.0,2.0,0.0,0.45035,42.635,38.5625,-18.75,0.0,5579.0,294.0,8,test
293.0,1,far_center,5.0,5.0,5.0,0.0,1.0,1.0,0.0,0.0,0.0,0.0,0.62926,36.128,0.2,19.0,0.0,6919.6,294.0,5,test
293.0,2,far_right,3.0,3.0,4.0,-1.0,0.0,0.0,0.0,0.0,0.0,1.0,0.6469,32.803333,-0.333333,-27.333333,0.0,9449.0,294.0,2,test
293.0,3,near_left,6.0,7.0,8.0,-2.0,0.0,2.0,1.0,0.0,1.0,1.0,0.6151,68.42,0.5,-7.0,0.0,13723.0,294.0,7,test
293.0,4,near_center,3.0,1.0,2.0,1.0,1.0,0.0,0.0,2.0,0.0,0.0,0.8785,122.443333,-51.833333,27.333333,0.333333,22039.333333,294.0,2,test
293.0,5,near_right,2.0,3.0,2.0,0.0,0.0,0.0,1.0,0.0,0.0,0.0,0.83455,103.105,45.25,46.5,0.0,24420.5,294.0,1,test
294.0,0,far_left,8.0,8.0,8.0,0.0,0.0,0.0,0.0,0.0,0.0,0.0,0.453275,49.465,21.3125,-7.125,0.0,5497.5,295.0,5,test
294.0,1,far_center,5.0,4.0,5.0,0.0,0.0,0.0,0.0,1.0,0.0,0.0,0.63216,43.892,-3.8,18.0,0.0,7181.8,295.0,4,test
294.0,2,far_right,2.0,3.0,3.0,-1.0,0.0,0.0,1.0,0.0,0.0,1.0,0.8103,35.21,6.5,-32.0,0.0,10575.5,295.0,3,test
294.0,3,near_left,7.0,7.0,6.0,1.0,1.0,0.0,0.0,0.0,1.0,1.0,0.630729,77.797143,-37.142857,12.428571,0.142857,11705.714286,295.0,7,test
294.0,4,near_center,2.0,2.0,3.0,-1.0,0.0,1.0,0.0,0.0,0.0,0.0,0.90525,140.88,-38.0,-24.5,0.0,26282.0,295.0,2,test
294.0,5,near_right,1.0,1.0,2.0,-1.0,0.0,0.0,0.0,0.0,0.0,1.0,0.9203,116.4,70.0,-85.0,0.0,34686.0,295.0,1,test
295.0,0,far_left,5.0,5.0,8.0,-3.0,0.0,0.0,0.0,0.0,0.0,3.0,0.59638,48.414,8.3,9.4,0.2,6603.6,296.0,4,test
295.0,1,far_center,4.0,4.0,5.0,-1.0,0.0,1.0,0.0,0.0,0.0,0.0,0.624075,53.5475,-6.25,22.0,0.0,7458.5,296.0,5,test
295.0,2,far_right,3.0,3.0,2.0,1.0,1.0,0.0,0.0,0.0,0.0,0.0,0.790167,33.716667,6.0,-11.666667,0.0,9258.666667,296.0,2,test
295.0,3,near_left,7.0,7.0,7.0,0.0,0.0,0.0,0.0,0.0,2.0,2.0,0.707929,81.365714,-43.214286,15.428571,0.0,13622.142857,296.0,7,test
295.0,4,near_center,2.0,3.0,2.0,0.0,0.0,0.0,1.0,0.0,0.0,0.0,0.91245,143.73,-50.5,-30.5,0.0,26456.0,296.0,3,test
295.0,5,near_right,1.0,0.0,1.0,0.0,0.0,0.0,0.0,1.0,0.0,0.0,0.9316,106.36,42.5,-108.0,0.0,29754.0,296.0,0,test
296.0,0,far_left,4.0,4.0,5.0,-1.0,0.0,0.0,0.0,0.0,1.0,2.0,0.621575,65.895,-28.75,5.5,0.0,7639.75,297.0,4,test
296.0,1,far_center,5.0,5.0,4.0,1.0,1.0,0.0,0.0,0.0,1.0,1.0,0.6417,39.34,-30.7,23.6,0.0,7043.6,297.0,4,test
296.0,2,far_right,2.0,2.0,3.0,-1.0,0.0,1.0,0.0,0.0,0.0,0.0,0.6879,36.29,13.75,-32.5,0.0,8879.0,297.0,4,test
296.0,3,near_left,7.0,8.0,7.0,0.0,0.0,0.0,1.0,0.0,1.0,1.0,0.675929,99.217143,-21.928571,10.142857,0.0,13428.285714,297.0,7,test
296.0,4,near_center,3.0,2.0,2.0,1.0,1.0,0.0,0.0,1.0,0.0,0.0,0.922467,123.196667,-29.833333,-53.666667,0.0,25261.333333,297.0,2,test
296.0,5,near_right,0.0,0.0,1.0,-1.0,0.0,1.0,0.0,0.0,0.0,0.0,0.0,0.0,0.0,0.0,0.0,0.0,297.0,1,test
297.0,0,far_left,4.0,5.0,4.0,0.0,0.0,0.0,2.0,1.0,1.0,1.0,0.343,47.685,4.625,-7.75,0.25,5367.0,298.0,7,test
297.0,1,far_center,4.0,5.0,5.0,-1.0,0.0,1.0,2.0,1.0,0.0,0.0,0.691325,51.16,-45.5,29.5,0.0,7985.0,298.0,5,test
297.0,2,far_right,4.0,3.0,2.0,2.0,1.0,0.0,0.0,1.0,1.0,0.0,0.593875,30.1475,1.125,-5.25,0.0,9424.25,298.0,1,test
297.0,3,near_left,7.0,5.0,7.0,0.0,1.0,0.0,0.0,2.0,1.0,2.0,0.6437,107.47,-41.785714,1.571429,0.0,14208.714286,298.0,5,test
297.0,4,near_center,2.0,3.0,3.0,-1.0,0.0,1.0,1.0,0.0,0.0,0.0,0.8952,78.62,31.0,-80.5,0.0,23863.0,298.0,3,test
297.0,5,near_right,1.0,1.0,0.0,1.0,0.0,0.0,0.0,0.0,1.0,0.0,0.2992,0.0,0.0,0.0,0.0,19600.0,298.0,2,test
298.0,0,far_left,7.0,7.0,4.0,3.0,2.0,0.0,0.0,0.0,3.0,2.0,0.479443,62.058571,15.5,-7.142857,0.0,6595.714286,299.0,9,test
298.0,1,far_center,5.0,5.0,4.0,1.0,2.0,1.0,0.0,0.0,0.0,0.0,0.61586,42.95,-33.5,19.6,0.2,8352.2,299.0,5,test
298.0,2,far_right,1.0,0.0,4.0,-3.0,0.0,2.0,0.0,1.0,0.0,1.0,0.8669,90.24,-66.5,79.0,0.0,14668.0,299.0,2,test
298.0,3,near_left,5.0,5.0,7.0,-2.0,0.0,2.0,0.0,0.0,1.0,1.0,0.61798,79.586,-45.7,14.0,0.0,14234.2,299.0,5,test
298.0,4,near_center,3.0,3.0,2.0,1.0,1.0,0.0,0.0,0.0,0.0,0.0,0.8576,75.546667,-16.833333,-30.666667,0.0,18221.666667,299.0,2,test
298.0,5,near_right,2.0,3.0,1.0,1.0,0.0,0.0,1.0,0.0,1.0,0.0,0.36515,47.075,18.0,-35.5,0.0,27886.5,299.0,3,test
299.0,0,far_left,9.0,8.0,7.0,2.0,0.0,0.0,0.0,1.0,2.0,0.0,0.424444,58.666667,-3.222222,-1.333333,0.0,6025.333333,,,forecast
299.0,1,far_center,5.0,6.0,5.0,0.0,0.0,0.0,1.0,0.0,0.0,0.0,0.66876,39.494,-30.4,17.2,0.0,8293.2,,,forecast
299.0,2,far_right,2.0,1.0,1.0,1.0,0.0,0.0,0.0,1.0,1.0,0.0,0.7922,42.85,-35.5,26.0,0.0,14741.0,,,forecast
299.0,3,near_left,5.0,5.0,5.0,0.0,1.0,0.0,0.0,0.0,0.0,1.0,0.61344,71.91,-38.6,7.0,0.0,11478.2,,,forecast
299.0,4,near_center,2.0,2.0,3.0,-1.0,0.0,1.0,0.0,0.0,0.0,0.0,0.8923,59.505,7.75,-64.5,0.0,18475.5,,,forecast
299.0,5,near_right,3.0,4.0,2.0,1.0,0.0,0.0,1.0,0.0,2.0,1.0,0.462167,34.103333,11.333333,-38.666667,0.0,16643.0,,,forecast
