sample_second,video_time_s,frame_index,track_id,label,confidence,bbox_x,bbox_y,bbox_width,bbox_height,center_x,center_y,area_px,displacement_px,speed_px_s,track_age_s,tracking_state,missed_frames
0.0,0.0,0,0,person,1.0,235.925,770.142,135.621,309.858,303.736,925.071,42023.252,0.0,0.0,0.0,detected,0
0.0,0.0,0,1,person,1.0,285.748,291.418,84.808,201.996,328.152,392.416,17130.877,0.0,0.0,0.0,detected,0
0.0,0.0,0,2,person,1.0,286.849,230.501,78.945,185.909,326.322,323.456,14676.586,0.0,0.0,0.0,detected,0
0.0,0.0,0,3,person,1.0,719.708,220.83,67.185,187.315,753.301,314.488,12584.758,0.0,0.0,0.0,detected,0
0.0,0.0,0,4,person,1.0,793.722,235.41,67.708,192.217,827.576,331.519,13014.629,0.0,0.0,0.0,detected,0
0.0,0.0,0,5,person,1.0,876.425,392.142,79.919,236.274,916.385,510.279,18882.782,0.0,0.0,0.0,detected,0
0.0,0.0,0,6,person,1.0,656.185,994.592,135.396,85.408,723.883,1037.296,11563.902,0.0,0.0,0.0,detected,0
0.0,0.0,0,7,person,1.0,1607.143,601.733,109.953,291.066,1662.12,747.266,32003.58,0.0,0.0,0.0,detected,0
0.0,0.0,0,8,person,1.0,1615.588,890.117,132.513,189.883,1681.845,985.058,25161.966,0.0,0.0,0.0,detected,0
0.0,0.0,0,9,person,1.0,1790.455,174.285,86.997,185.168,1833.954,266.869,16109.06,0.0,0.0,0.0,detected,0
0.0,0.0,0,10,person,1.0,1645.396,113.399,68.311,164.474,1679.552,195.636,11235.383,0.0,0.0,0.0,detected,0
0.0,0.0,0,11,person,1.0,1459.905,28.546,51.799,138.465,1485.804,97.778,7172.349,0.0,0.0,0.0,detected,0
0.0,0.0,0,12,person,1.0,1361.498,10.463,47.33,132.185,1385.163,76.555,6256.316,0.0,0.0,0.0,detected,0
0.0,0.0,0,13,person,1.0,890.294,73.968,52.647,146.735,916.618,147.335,7725.158,0.0,0.0,0.0,detected,0
1.0,1.0,25,0,person,1.0,21.013,904.138,159.554,175.862,100.79,992.069,28059.486,213.719,213.719,1.0,detected,0
1.0,1.0,25,1,person,1.0,142.319,344.066,98.626,215.884,191.632,452.008,21291.775,148.959,148.959,1.0,detected,0
1.0,1.0,25,2,person,1.0,382.231,195.282,71.705,176.797,418.083,283.68,12677.229,100.012,100.012,1.0,detected,0
1.0,1.0,25,3,person,1.0,804.505,188.054,63.38,178.784,836.195,277.446,11331.33,90.794,90.794,1.0,detected,0
1.0,1.0,25,4,person,1.0,870.406,199.966,63.722,182.706,902.267,291.319,11642.392,84.822,84.822,1.0,detected,0
1.0,1.0,25,5,person,1.0,777.582,457.047,87.649,252.286,821.407,583.19,22112.616,119.737,119.737,1.0,detected,0
1.0,1.0,25,6,person,1.0,774.221,865.627,121.322,214.373,834.882,972.813,26008.161,128.37,128.37,1.0,detected,0
1.0,1.0,25,7,person,1.0,1617.914,693.794,118.921,317.613,1677.374,852.601,37770.856,106.433,106.433,1.0,detected,0
1.0,1.0,25,10,person,1.0,1640.762,87.434,65.987,157.958,1673.755,166.413,10423.175,29.792,29.792,1.0,detected,0
1.0,1.0,25,11,person,1.0,1483.407,6.911,51.163,133.493,1508.988,73.657,6829.902,33.456,33.456,1.0,detected,0
1.0,1.0,25,13,person,1.0,943.978,57.811,50.809,142.446,969.382,129.034,7237.539,55.849,55.849,1.0,detected,0
1.0,1.0,25,14,person,1.0,1808.478,303.51,100.286,217.49,1858.621,412.255,21811.202,0.0,0.0,0.68,detected,0
1.0,1.0,25,15,person,1.0,1736.48,633.916,122.297,304.515,1797.629,786.174,37241.271,0.0,0.0,0.36,detected,0
2.0,2.0,50,1,person,1.0,0.0,401.542,92.495,233.316,46.248,518.2,21580.563,159.744,159.744,2.0,detected,0
2.0,2.0,50,2,person,1.0,466.544,163.077,66.169,168.554,499.628,247.354,11153.05,89.27,89.27,2.0,detected,0
2.0,2.0,50,3,person,1.0,882.866,161.27,60.246,171.671,912.989,247.106,10342.491,82.57,82.57,2.0,detected,0
2.0,2.0,50,4,person,1.0,942.39,171.63,60.46,174.981,972.62,259.12,10579.351,77.371,77.371,2.0,detected,0
2.0,2.0,50,5,person,1.0,665.722,527.484,96.6,268.533,714.022,661.751,25940.288,133.053,133.053,2.0,detected,0
2.0,2.0,50,6,person,1.0,869.733,754.616,108.577,322.495,924.021,915.864,35015.54,105.779,105.779,2.0,detected,0
2.0,2.0,50,7,person,1.0,1653.494,805.087,129.559,274.913,1718.274,942.543,35617.453,98.805,98.805,2.0,detected,0
2.0,2.0,50,10,person,1.0,1644.319,63.287,64.434,152.263,1676.536,139.418,9810.914,27.137,27.137,2.0,detected,0
2.0,2.0,50,13,person,1.0,989.53,42.056,49.064,138.233,1014.062,111.172,6782.264,48.117,48.117,2.0,detected,0
2.0,2.0,50,15,person,1.0,1659.312,720.331,123.569,327.642,1721.097,884.152,40486.394,124.326,124.326,1.36,detected,0
2.0,2.0,50,16,person,1.0,1092.034,0.0,44.153,121.131,1114.111,60.566,5348.297,0.0,0.0,0.16,detected,0
3.0,3.0,75,2,person,1.0,541.152,135.204,61.892,161.425,572.098,215.917,9990.916,78.995,78.995,3.0,detected,0
3.0,3.0,75,3,person,1.0,957.757,130.475,56.825,163.223,986.169,212.087,9275.147,81.128,81.128,3.0,detected,0
3.0,3.0,75,4,person,1.0,1011.486,140.116,56.99,166.203,1039.981,223.218,9471.909,76.332,76.332,3.0,detected,0
3.0,3.0,75,5,person,1.0,542.432,614.966,108.409,288.182,596.637,759.057,31241.522,152.473,152.473,3.0,detected,0
3.0,3.0,75,6,person,1.0,957.583,663.767,98.017,302.533,1006.591,815.034,29653.377,130.325,130.325,3.0,detected,0
3.0,3.0,75,10,person,1.0,1650.938,40.791,63.251,147.162,1682.564,114.372,9308.144,25.762,25.762,3.0,detected,0
3.0,3.0,75,13,person,1.0,1052.594,25.827,47.089,134.003,1076.139,92.829,6310.067,64.73,64.73,3.0,detected,0
3.0,3.0,75,15,person,1.0,1607.258,834.521,129.04,245.479,1671.778,957.26,31676.61,88.188,88.188,2.36,detected,0
3.0,3.0,75,16,person,1.0,1040.2,13.858,46.219,130.627,1063.31,79.172,6037.449,54.101,54.101,1.16,detected,0
4.0,4.0,100,2,person,1.0,614.254,109.162,58.22,154.742,643.364,186.533,9009.079,77.086,77.086,4.0,detected,0
4.0,4.0,100,3,person,1.0,1022.515,102.964,53.8,155.613,1049.415,180.77,8371.979,70.574,70.574,4.0,detected,0
4.0,4.0,100,4,person,1.0,1074.67,113.858,54.029,158.887,1101.685,193.302,8584.506,68.573,68.573,4.0,detected,0
4.0,4.0,100,5,person,1.0,396.996,717.388,123.648,313.108,458.82,873.942,38715.178,179.421,179.421,4.0,detected,0
4.0,4.0,100,6,person,1.0,1034.174,586.597,89.92,285.173,1079.134,729.183,25642.756,112.395,112.395,4.0,detected,0
4.0,4.0,100,10,person,1.0,1661.56,22.22,62.682,143.243,1692.901,93.841,8978.758,22.986,22.986,4.0,detected,0
4.0,4.0,100,13,person,1.0,1091.773,9.771,45.345,129.767,1114.445,74.655,5884.285,42.4,42.4,4.0,detected,0
4.0,4.0,100,15,person,1.0,1595.226,965.459,135.098,114.541,1662.775,1022.729,15474.26,66.085,66.085,3.36,detected,0
4.0,4.0,100,16,person,1.0,990.862,31.795,48.188,135.368,1014.956,99.479,6523.113,52.445,52.445,2.16,detected,0
4.0,4.0,100,17,person,1.0,1708.997,482.887,105.816,261.073,1761.905,613.423,27625.701,0.0,0.0,0.84,detected,0
5.0,5.0,125,2,person,1.0,680.809,86.705,55.446,148.953,708.532,161.181,8258.848,69.925,69.925,5.0,detected,0
5.0,5.0,125,3,person,1.0,1076.874,78.321,51.127,148.813,1102.438,152.727,7608.362,59.982,59.982,5.0,detected,0
5.0,5.0,125,4,person,1.0,1129.215,91.742,51.503,152.772,1154.966,168.128,7868.216,58.929,58.929,5.0,detected,0
5.0,5.0,125,5,person,1.0,233.248,835.843,141.418,244.157,303.957,957.921,34528.195,176.168,176.168,5.0,detected,0
5.0,5.0,125,6,person,1.0,1104.544,510.655,83.9,267.046,1146.494,644.178,22405.159,108.459,108.459,5.0,detected,0
5.0,5.0,125,10,person,1.0,1673.912,4.834,62.358,139.766,1705.091,74.717,8715.528,22.679,22.679,5.0,detected,0
5.0,5.0,125,13,person,1.0,1130.597,0.0,43.642,120.091,1152.418,60.045,5241.011,40.686,40.686,5.0,detected,0
5.0,5.0,125,16,person,1.0,945.081,50.061,50.14,140.266,970.151,120.194,7032.937,49.362,49.362,3.16,detected,0
5.0,5.0,125,17,person,1.0,1673.935,562.475,110.467,281.835,1729.168,703.392,31133.467,95.74,95.74,1.84,detected,0
5.0,5.0,125,18,person,1.0,0.0,517.595,111.699,263.979,55.849,649.584,29486.19,0.0,0.0,0.16,detected,0
6.0,6.0,150,2,person,1.0,741.014,67.319,53.228,143.931,767.628,139.285,7661.159,63.022,63.022,6.0,detected,0
6.0,6.0,150,3,person,1.0,1125.622,54.821,48.605,142.404,1149.925,126.023,6921.546,54.481,54.481,6.0,detected,0
6.0,6.0,150,4,person,1.0,1174.94,66.017,48.806,145.725,1199.343,138.88,7112.254,53.148,53.148,6.0,detected,0
6.0,6.0,150,5,person,1.0,26.123,973.16,162.745,106.84,107.495,1026.58,17387.676,208.113,208.113,6.0,detected,0
6.0,6.0,150,6,person,1.0,1161.835,451.115,80.081,251.978,1201.876,577.104,20178.65,86.983,86.983,6.0,detected,0
6.0,6.0,150,10,person,1.0,1692.685,0.0,62.61,124.566,1723.99,62.283,7799.077,22.622,22.622,6.0,detected,0
6.0,6.0,150,16,person,1.0,897.76,70.075,52.251,145.673,923.885,142.911,7611.56,51.542,51.542,4.16,detected,0
6.0,6.0,150,17,person,1.0,1654.254,644.202,116.675,304.322,1712.591,796.363,35506.769,94.437,94.437,2.84,detected,0
6.0,6.0,150,18,person,1.0,123.076,455.03,111.119,244.964,178.635,577.512,27220.155,142.376,142.376,1.16,detected,0
7.0,7.0,175,2,person,1.0,801.203,49.612,51.221,139.345,826.813,119.284,7137.39,62.473,62.473,7.0,detected,0
7.0,7.0,175,3,person,1.0,1169.318,35.45,46.468,137.242,1192.552,104.071,6377.361,47.948,47.948,7.0,detected,0
7.0,7.0,175,4,person,1.0,1221.861,43.01,46.918,139.607,1245.32,112.813,6550.081,52.852,52.852,7.0,detected,0
7.0,7.0,175,6,person,1.0,1214.489,402.902,77.122,239.225,1253.05,522.514,18449.51,74.825,74.825,7.0,detected,0
7.0,7.0,175,16,person,1.0,831.718,90.139,54.521,150.974,858.978,165.626,8231.253,68.767,68.767,5.16,detected,0
7.0,7.0,175,17,person,1.0,1651.635,742.23,124.821,334.331,1714.045,909.395,41731.53,113.042,113.042,3.84,detected,0
7.0,7.0,175,18,person,1.0,247.546,401.671,97.732,230.872,296.412,517.107,22563.582,132.363,132.363,2.16,detected,0
7.0,7.0,175,19,person,1.0,1401.651,971.63,129.929,108.37,1466.615,1025.815,14080.406,0.0,0.0,0.12,detected,0
8.0,8.0,200,2,person,1.0,859.897,31.958,49.26,134.74,884.527,99.328,6637.292,61.066,61.066,8.0,detected,0
8.0,8.0,200,3,person,1.0,1209.18,16.829,44.832,132.393,1231.596,83.026,5935.443,44.355,44.355,8.0,detected,0
8.0,8.0,200,4,person,1.0,1262.686,23.792,46.148,134.673,1285.76,91.129,6214.89,45.887,45.887,8.0,detected,0
8.0,8.0,200,6,person,1.0,1266.449,353.817,73.865,225.863,1303.381,466.748,16683.37,75.121,75.121,8.0,detected,0
8.0,8.0,200,16,person,1.0,758.275,113.114,57.13,156.983,786.84,191.606,8968.439,76.674,76.674,6.16,detected,0
8.0,8.0,200,17,person,1.0,1601.77,856.117,130.109,223.883,1666.824,968.058,29129.193,75.307,75.307,4.84,detected,0
8.0,8.0,200,18,person,1.0,340.119,354.201,88.692,219.076,384.465,463.739,19430.289,102.963,102.963,3.16,detected,0
8.0,8.0,200,19,person,1.0,1437.537,863.942,124.905,216.058,1499.99,971.971,26986.724,63.348,63.348,1.12,detected,0
8.0,8.0,200,20,person,1.0,8.742,377.047,113.771,226.191,65.627,490.143,25733.976,0.0,0.0,0.32,detected,0
9.0,9.0,225,2,person,1.0,916.037,13.048,47.219,129.775,939.647,77.936,6127.846,59.125,59.125,9.0,detected,0
9.0,9.0,225,3,person,1.0,1245.787,0.0,43.94,126.009,1267.757,63.005,5536.835,41.334,41.334,9.0,detected,0
9.0,9.0,225,4,person,1.0,1303.248,4.977,45.544,130.035,1326.02,69.995,5922.314,45.47,45.47,9.0,detected,0
9.0,9.0,225,6,person,1.0,1305.919,306.288,70.425,212.754,1341.131,412.665,14983.2,65.955,65.955,9.0,detected,0
9.0,9.0,225,16,person,1.0,677.692,139.484,60.188,163.784,707.786,221.376,9857.831,84.474,84.474,7.16,detected,0
9.0,9.0,225,17,person,1.0,1519.245,991.378,133.498,88.622,1585.994,1035.689,11830.86,105.392,105.392,5.84,detected,0
9.0,9.0,225,18,person,1.0,412.685,312.201,81.951,208.667,453.661,416.535,17100.469,83.763,83.763,4.16,detected,0
9.0,9.0,225,19,person,1.0,1484.58,768.468,119.391,311.532,1544.275,924.234,37194.117,65.116,65.116,2.12,detected,0
9.0,9.0,225,20,person,1.0,128.401,336.06,98.911,213.922,177.857,443.021,21159.239,121.72,121.72,1.32,detected,0
10.0,10.0,250,2,person,1.0,966.357,0.0,45.306,120.284,989.01,60.142,5449.587,52.473,52.473,10.0,detected,0
10.0,10.0,250,4,person,1.0,1344.007,0.0,45.117,112.047,1366.566,56.023,5055.224,42.885,42.885,10.0,detected,0
10.0,10.0,250,6,person,1.0,1344.977,267.642,67.851,202.01,1378.903,368.647,13706.581,58.002,58.002,10.0,detected,0
10.0,10.0,250,16,person,1.0,578.54,173.798,64.676,172.486,610.878,260.041,11155.705,104.337,104.337,8.16,detected,0
10.0,10.0,250,18,person,1.0,472.027,267.899,75.921,197.361,509.987,366.579,14983.844,75.288,75.288,5.16,detected,0
10.0,10.0,250,19,person,1.0,1549.571,686.97,114.991,313.357,1607.066,843.649,36033.235,102.16,102.16,3.12,detected,0
10.0,10.0,250,20,person,1.0,248.231,296.605,87.223,203.258,291.842,398.234,17728.773,122.469,122.469,2.32,detected,0
10.0,10.0,250,21,person,1.0,1374.222,3.526,47.164,130.563,1397.804,68.808,6157.873,0.0,0.0,0.92,detected,0
10.0,10.0,250,22,person,1.0,969.898,909.791,115.537,170.209,1027.667,994.896,19665.437,0.0,0.0,0.6,detected,0
10.0,10.0,250,23,person,1.0,5.747,553.102,131.232,273.216,71.363,689.71,35854.682,0.0,0.0,0.16,detected,0
11.0,11.0,275,6,person,1.0,1384.919,233.355,65.836,192.534,1417.837,329.622,12675.668,55.126,55.126,11.0,detected,0
11.0,11.0,275,16,person,1.0,488.509,193.013,68.381,176.941,522.699,281.483,12099.403,90.748,90.748,9.16,detected,0
11.0,11.0,275,18,person,1.0,507.947,229.993,71.404,187.357,543.649,323.672,13378.039,54.536,54.536,6.16,detected,0
11.0,11.0,275,19,person,1.0,1619.341,619.625,112.324,296.296,1675.503,767.773,33281.152,102.179,102.179,4.12,detected,0
11.0,11.0,275,20,person,1.0,347.793,265.016,79.573,195.318,387.579,362.675,15542.039,102.127,102.127,3.32,detected,0
11.0,11.0,275,21,person,1.0,1339.608,18.183,47.349,133.932,1363.283,85.149,6341.546,38.194,38.194,1.92,detected,0
11.0,11.0,275,22,person,1.0,1156.599,766.144,106.942,313.856,1210.07,923.072,33564.388,196.035,196.035,1.6,detected,0
11.0,11.0,275,23,person,1.0,142.685,483.148,112.536,252.263,198.953,609.279,28388.669,150.825,150.825,1.16,detected,0
11.0,11.0,275,24,person,1.0,1775.006,275.809,93.707,209.23,1821.86,380.424,19606.316,0.0,0.0,0.76,detected,0
11.0,11.0,275,25,person,1.0,1803.495,177.262,88.863,186.539,1847.927,270.531,16576.415,0.0,0.0,0.76,detected,0
11.0,11.0,275,26,person,1.0,50.489,632.641,134.824,294.826,117.901,780.054,39749.621,0.0,0.0,0.4,detected,0
12.0,12.0,300,6,person,1.0,1420.729,198.632,63.878,183.113,1452.668,290.188,11696.892,52.614,52.614,12.0,detected,0
12.0,12.0,300,16,person,1.0,379.435,229.321,74.993,185.942,416.932,322.292,13944.348,113.368,113.368,10.16,detected,0
12.0,12.0,300,18,person,1.0,548.546,194.996,67.228,178.093,582.16,284.043,11972.836,55.259,55.259,7.16,detected,0
12.0,12.0,300,19,person,1.0,1675.951,556.617,110.063,280.274,1730.983,696.754,30847.797,90.12,90.12,5.12,detected,0
12.0,12.0,300,20,person,1.0,456.216,232.554,72.938,187.489,492.685,326.298,13675.073,111.222,111.222,4.32,detected,0
12.0,12.0,300,21,person,1.0,1287.036,31.275,47.177,136.887,1310.624,99.719,6457.918,54.636,54.636,2.92,detected,0
12.0,12.0,300,22,person,1.0,1297.222,639.69,101.43,297.817,1347.937,788.599,30207.578,192.589,192.589,2.6,detected,0
12.0,12.0,300,23,person,1.0,256.808,419.206,99.053,235.523,306.334,536.967,23329.26,129.46,129.46,2.16,detected,0
12.0,12.0,300,24,person,1.0,1741.583,309.526,92.971,216.61,1788.069,417.831,20138.448,50.409,50.409,1.76,detected,0
12.0,12.0,300,25,person,1.0,1773.971,210.789,88.074,193.114,1818.008,307.346,17008.322,47.439,47.439,1.76,detected,0
12.0,12.0,300,26,person,1.0,254.479,578.91,115.809,277.299,312.384,717.559,32113.72,204.277,204.277,1.4,detected,0
12.0,12.0,300,27,person,1.0,1413.078,884.918,125.516,195.082,1475.836,982.459,24485.912,0.0,0.0,0.88,detected,0
12.0,12.0,300,28,person,1.0,0.0,787.596,117.317,292.404,58.658,933.798,34303.96,0.0,0.0,0.04,detected,0
13.0,13.0,325,6,person,1.0,1457.481,166.951,62.458,174.763,1488.71,254.332,10915.347,50.84,50.84,13.0,detected,0
13.0,13.0,325,16,person,1.0,274.105,258.908,82.253,193.379,315.231,355.597,15906.003,107.015,107.015,11.16,detected,0
13.0,13.0,325,18,person,1.0,619.03,161.789,62.911,169.522,650.486,246.55,10664.799,77.936,77.936,8.16,detected,0
13.0,13.0,325,19,person,1.0,1722.338,498.523,108.523,265.634,1776.6,631.34,28827.399,79.749,79.749,6.12,detected,0
13.0,13.0,325,20,person,1.0,546.667,204.868,68.188,180.823,580.761,295.279,12329.959,93.379,93.379,5.32,detected,0
13.0,13.0,325,21,person,1.0,1246.706,44.69,47.448,140.219,1270.43,114.799,6653.111,42.931,42.931,3.92,detected,0
13.0,13.0,325,22,person,1.0,1381.726,536.09,94.295,272.372,1428.874,672.276,25683.318,141.71,141.71,3.6,detected,0
13.0,13.0,325,23,person,1.0,340.366,363.854,89.66,221.643,385.196,474.675,19872.511,100.496,100.496,3.16,detected,0
13.0,13.0,325,24,person,1.0,1712.158,348.221,93.51,225.741,1758.913,461.091,21109.041,52.168,52.168,2.76,detected,0
13.0,13.0,325,25,person,1.0,1748.517,244.453,88.07,200.435,1792.552,344.671,17652.31,45.179,45.179,2.76,detected,0
13.0,13.0,325,26,person,1.0,418.717,521.475,103.166,263.666,470.3,653.308,27201.367,170.487,170.487,2.4,detected,0
13.0,13.0,325,27,person,1.0,1520.706,777.995,121.499,302.005,1581.456,928.997,36693.305,118.379,118.379,1.88,detected,0
13.0,13.0,325,28,person,1.0,130.765,701.28,135.299,313.013,198.415,857.786,42350.346,159.09,159.09,1.04,detected,0
13.0,13.0,325,29,person,1.0,21.285,704.584,144.138,317.833,93.354,863.5,45811.813,0.0,0.0,0.36,detected,0
14.0,14.0,350,6,person,1.0,1490.866,143.427,61.844,168.837,1521.788,227.846,10441.555,42.376,42.376,14.0,detected,0
14.0,14.0,350,16,person,1.0,161.069,300.6,93.065,204.528,207.601,402.864,19034.398,117.551,117.551,12.16,detected,0
14.0,14.0,350,18,person,1.0,689.978,133.384,59.525,162.168,719.74,214.468,9653.05,76.325,76.325,9.16,detected,0
14.0,14.0,350,19,person,1.0,1764.234,450.626,108.258,253.994,1818.363,577.623,27496.882,68.042,68.042,7.12,detected,0
14.0,14.0,350,20,person,1.0,620.978,181.024,64.649,174.956,653.303,268.502,11310.73,77.326,77.326,6.32,detected,0
14.0,14.0,350,21,person,1.0,1197.88,66.031,48.675,145.826,1222.218,138.944,7098.081,53.92,53.92,4.92,detected,0
14.0,14.0,350,22,person,1.0,1451.293,451.196,88.248,250.525,1495.417,576.458,22108.33,116.658,116.658,4.6,detected,0
14.0,14.0,350,23,person,1.0,398.503,316.26,82.805,209.588,439.905,421.054,17354.934,76.605,76.605,4.16,detected,0
14.0,14.0,350,24,person,1.0,1676.634,389.227,94.254,235.652,1723.761,507.053,22211.144,57.863,57.863,3.76,detected,0
14.0,14.0,350,25,person,1.0,1724.293,275.989,88.269,207.574,1768.427,379.776,18322.349,42.596,42.596,3.76,detected,0
14.0,14.0,350,26,person,1.0,568.776,468.781,93.353,252.473,615.452,595.018,23569.112,156.419,156.419,3.4,detected,0
14.0,14.0,350,27,person,1.0,1592.633,683.527,116.711,313.684,1650.988,840.369,36610.373,112.649,112.649,2.88,detected,0
14.0,14.0,350,28,person,1.0,283.567,616.078,118.269,287.034,342.702,759.595,33947.224,174.529,174.529,2.04,detected,0
14.0,14.0,350,29,person,1.0,190.458,626.201,124.135,290.339,252.526,771.37,36041.232,183.912,183.912,1.36,detected,0
14.0,14.0,350,30,person,1.0,1338.88,898.62,124.071,181.38,1400.916,989.31,22503.998,0.0,0.0,0.64,detected,0
14.0,14.0,350,31,person,1.0,1075.504,0.0,44.503,123.771,1097.755,61.886,5508.181,0.0,0.0,0.2,detected,0
15.0,15.0,375,6,person,1.0,1526.787,121.219,61.7,163.56,1557.637,202.999,10091.652,43.618,43.618,15.0,detected,0
15.0,15.0,375,16,person,1.0,28.536,343.424,108.528,217.206,82.8,452.027,23572.933,134.136,134.136,13.16,detected,0
15.0,15.0,375,18,person,1.0,757.976,110.295,56.883,156.18,786.418,188.385,8883.987,71.597,71.597,10.16,detected,0
15.0,15.0,375,20,person,1.0,682.566,157.239,61.748,168.859,713.44,241.668,10426.706,65.853,65.853,7.32,detected,0
15.0,15.0,375,21,person,1.0,1143.655,81.145,50.457,149.837,1168.883,156.064,7560.326,56.014,56.014,5.92,detected,0
15.0,15.0,375,22,person,1.0,1514.338,379.031,83.669,231.571,1556.173,494.817,19375.314,101.768,101.768,5.6,detected,0
15.0,15.0,375,23,person,1.0,446.048,274.387,77.249,198.815,484.673,373.794,15358.26,65.096,65.096,5.16,detected,0
15.0,15.0,375,24,person,1.0,1640.306,436.87,96.099,247.577,1688.356,560.659,23791.902,64.243,64.243,4.76,detected,0
15.0,15.0,375,25,person,1.0,1687.671,320.855,88.909,218.114,1732.126,429.912,19392.298,61.899,61.899,4.76,detected,0
15.0,15.0,375,26,person,1.0,696.916,424.254,86.34,242.873,740.086,545.69,20969.655,134.04,134.04,4.4,detected,0
15.0,15.0,375,27,person,1.0,1645.791,597.491,111.853,290.81,1701.717,742.896,32527.971,109.884,109.884,3.88,detected,0
15.0,15.0,375,28,person,1.0,417.916,542.666,105.381,269.015,470.606,677.174,28349.07,152.161,152.161,3.04,detected,0
15.0,15.0,375,29,person,1.0,336.444,554.932,109.656,271.364,391.272,690.614,29756.691,160.537,160.537,2.36,detected,0
15.0,15.0,375,30,person,1.0,1452.707,777.826,119.017,302.174,1512.216,928.913,35963.843,126.631,126.631,1.64,detected,0
15.0,15.0,375,31,person,1.0,1033.148,9.467,45.921,129.378,1056.108,74.156,5941.167,43.417,43.417,1.2,detected,0
16.0,16.0,400,6,person,1.0,1553.274,98.356,61.284,158.214,1583.916,177.463,9695.987,36.643,36.643,16.0,detected,0
16.0,16.0,400,18,person,1.0,821.728,89.117,54.511,150.619,848.984,164.427,8210.392,66.996,66.996,11.16,detected,0
16.0,16.0,400,20,person,1.0,747.576,137.987,59.434,163.975,777.293,219.974,9745.69,67.438,67.438,8.32,detected,0
16.0,16.0,400,21,person,1.0,1093.552,99.046,52.583,154.733,1119.843,176.412,8136.325,53.094,53.094,6.92,detected,0
16.0,16.0,400,22,person,1.0,1571.412,318.655,80.77,215.883,1611.797,426.596,17436.87,88.023,88.023,6.6,detected,0
16.0,16.0,400,23,person,1.0,512.843,236.356,71.897,189.175,548.792,330.943,13601.115,77.12,77.12,6.16,detected,0
16.0,16.0,400,24,person,1.0,1593.387,490.691,98.426,261.2,1642.6,621.291,25708.871,75.96,75.96,5.76,detected,0
16.0,16.0,400,25,person,1.0,1642.699,363.823,89.365,228.472,1687.381,478.059,20417.4,65.728,65.728,5.76,detected,0
16.0,16.0,400,26,person,1.0,798.914,377.671,80.252,231.759,839.04,493.55,18599.123,111.85,111.85,5.4,detected,0
16.0,16.0,400,27,person,1.0,1698.502,524.507,108.855,272.06,1752.929,660.537,29615.091,96.983,96.983,4.88,detected,0
16.0,16.0,400,28,person,1.0,531.642,486.306,96.096,256.361,579.69,614.486,24635.267,125.813,125.813,4.04,detected,0
16.0,16.0,400,29,person,1.0,448.547,487.504,98.7,255.424,497.897,615.216,25210.349,130.59,130.59,3.36,detected,0
16.0,16.0,400,30,person,1.0,1559.581,669.896,113.899,308.817,1616.53,824.304,35173.947,147.731,147.731,2.64,detected,0
16.0,16.0,400,31,person,1.0,987.715,23.153,47.489,132.944,1011.459,89.625,6313.378,47.253,47.253,2.2,detected,0
16.0,16.0,400,32,person,1.0,33.355,558.894,129.137,274.197,97.923,695.993,35408.978,0.0,0.0,0.2,detected,0
16.0,16.0,400,33,person,1.0,0.0,469.183,121.79,250.501,60.895,594.433,30508.517,0.0,0.0,0.2,detected,0
17.0,17.0,425,6,person,1.0,1571.981,74.997,60.558,152.775,1602.26,151.385,9251.748,31.884,31.884,17.0,detected,0
17.0,17.0,425,18,person,1.0,883.045,69.9,52.356,145.541,909.223,142.671,7619.945,64.048,64.048,12.16,detected,0
17.0,17.0,425,20,person,1.0,827.787,125.916,57.685,161.154,856.63,206.493,9296.168,80.474,80.474,9.32,detected,0
17.0,17.0,425,21,person,1.0,1043.889,126.055,55.424,162.278,1071.601,207.194,8994.096,57.226,57.226,7.92,detected,0
17.0,17.0,425,22,person,1.0,1652.266,268.46,81.486,203.881,1693.009,370.4,16613.447,98.759,98.759,7.6,detected,0
17.0,17.0,425,23,person,1.0,593.46,200.628,66.877,180.165,626.899,290.711,12048.895,87.86,87.86,7.16,detected,0
17.0,17.0,425,24,person,1.0,1548.555,546.445,101.604,275.425,1599.357,684.158,27984.282,76.303,76.303,6.76,detected,0
17.0,17.0,425,25,person,1.0,1605.943,406.707,91.011,239.272,1651.448,526.343,21776.384,60.187,60.187,6.76,detected,0
17.0,17.0,425,26,person,1.0,887.061,334.368,74.911,220.741,924.516,444.739,16535.929,98.432,98.432,6.4,detected,0
17.0,17.0,425,27,person,1.0,1738.389,459.068,106.356,255.471,1791.567,586.803,27170.874,83.244,83.244,5.88,detected,0
17.0,17.0,425,28,person,1.0,653.145,426.116,87.304,242.746,696.797,547.489,21192.697,134.917,134.917,5.04,detected,0
17.0,17.0,425,29,person,1.0,540.313,429.11,90.153,241.78,585.389,550.0,21797.192,109.124,109.124,4.36,detected,0
17.0,17.0,425,30,person,1.0,1643.522,590.57,111.059,288.831,1699.052,734.986,32077.282,121.604,121.604,3.64,detected,0
17.0,17.0,425,31,person,1.0,932.786,34.22,48.894,135.759,957.233,102.1,6637.801,55.643,55.643,3.2,detected,0
17.0,17.0,425,32,person,1.0,195.659,478.012,108.525,250.758,249.922,603.391,27213.512,177.984,177.984,1.2,detected,0
17.0,17.0,425,33,person,1.0,101.293,427.898,110.111,238.014,156.349,546.905,26207.96,106.632,106.632,1.2,detected,0
17.0,17.0,425,34,person,1.0,60.094,397.913,110.731,230.678,115.459,513.252,25543.206,0.0,0.0,0.96,detected,0
18.0,18.0,450,6,person,1.0,1586.596,54.183,59.872,148.015,1616.532,128.191,8861.954,27.233,27.233,18.0,detected,0
18.0,18.0,450,18,person,1.0,943.91,49.346,50.089,140.059,968.955,119.376,7015.415,64.113,64.113,13.16,detected,0
18.0,18.0,450,20,person,1.0,930.996,122.731,56.454,160.872,959.223,203.167,9081.868,102.647,102.647,10.32,detected,0
18.0,18.0,450,21,person,1.0,985.317,144.233,57.655,167.29,1014.144,227.878,9645.105,61.066,61.066,8.92,detected,0
18.0,18.0,450,22,person,1.0,1724.639,221.19,83.668,193.812,1766.473,318.096,16215.862,90.182,90.182,8.6,detected,0
18.0,18.0,450,23,person,1.0,682.085,170.318,62.94,172.565,713.555,256.601,10861.241,93.128,93.128,8.16,detected,0
18.0,18.0,450,24,person,1.0,1504.824,612.287,106.113,292.228,1557.88,758.401,31009.19,85.044,85.044,7.76,detected,0
18.0,18.0,450,25,person,1.0,1551.331,466.981,93.911,254.689,1598.286,594.325,23918.099,86.301,86.301,7.76,detected,0
18.0,18.0,450,26,person,1.0,972.595,299.052,70.412,211.361,1007.801,404.733,14882.351,92.395,92.395,7.4,detected,0
18.0,18.0,450,28,person,1.0,758.071,372.277,80.499,229.883,798.321,487.218,18505.352,118.066,118.066,6.04,detected,0
18.0,18.0,450,29,person,1.0,649.71,379.246,82.896,230.306,691.158,494.399,19091.446,119.492,119.492,5.36,detected,0
18.0,18.0,450,30,person,1.0,1700.835,508.674,107.548,267.819,1754.609,642.583,28803.398,107.818,107.818,4.64,detected,0
18.0,18.0,450,31,person,1.0,876.055,51.267,50.804,140.242,901.457,121.388,7124.855,59.017,59.017,4.2,detected,0
18.0,18.0,450,32,person,1.0,335.28,409.837,94.567,233.737,382.563,526.706,22103.807,153.214,153.214,2.2,detected,0
18.0,18.0,450,33,person,1.0,200.109,384.419,98.687,226.22,249.452,497.529,22324.973,105.387,105.387,2.2,detected,0
18.0,18.0,450,34,person,1.0,154.598,353.188,98.617,218.177,203.906,462.276,21515.961,102.085,102.085,1.96,detected,0
18.0,18.0,450,35,person,1.0,41.858,356.1,108.417,220.192,96.067,466.196,23872.556,0.0,0.0,0.84,detected,0
18.0,18.0,450,36,person,1.0,1376.314,1.32,47.061,130.023,1399.845,66.331,6119.012,0.0,0.0,0.72,detected,0
18.0,18.0,450,37,person,1.0,1032.157,8.122,45.818,129.002,1055.066,72.623,5910.614,0.0,0.0,0.72,detected,0
18.0,18.0,450,38,person,1.0,0.0,337.544,84.295,217.064,42.148,446.076,18297.41,0.0,0.0,0.48,detected,0
19.0,19.0,475,6,person,1.0,1598.607,35.338,59.228,143.838,1628.221,107.257,8519.237,23.976,23.976,19.0,detected,0
19.0,19.0,475,18,person,1.0,993.873,29.631,47.979,134.779,1017.863,97.02,6466.562,53.775,53.775,14.16,detected,0
19.0,19.0,475,20,person,1.0,1048.663,125.431,55.311,162.115,1076.318,206.488,8966.743,117.143,117.143,11.32,detected,0
19.0,19.0,475,21,person,1.0,931.457,166.825,60.185,173.544,961.55,253.597,10444.746,58.547,58.547,9.92,detected,0
19.0,19.0,475,22,person,1.0,1773.053,181.622,85.563,186.07,1815.834,274.657,15920.707,65.753,65.753,9.6,detected,0
19.0,19.0,475,23,person,1.0,759.91,141.922,59.68,165.202,789.75,224.523,9859.255,82.672,82.672,9.16,detected,0
19.0,19.0,475,24,person,1.0,1458.322,682.845,110.973,310.154,1513.809,837.922,34418.72,90.917,90.917,8.76,detected,0
19.0,19.0,475,25,person,1.0,1518.27,528.611,98.488,270.57,1567.514,663.896,26647.898,76.072,76.072,8.76,detected,0
19.0,19.0,475,26,person,1.0,1062.31,267.848,66.225,202.766,1095.423,369.231,13428.178,94.54,94.54,8.4,detected,0
19.0,19.0,475,28,person,1.0,846.151,330.557,75.324,219.397,883.813,440.255,16525.86,97.542,97.542,7.04,detected,0
19.0,19.0,475,29,person,1.0,756.816,333.843,77.054,219.452,795.343,443.569,16909.654,115.923,115.923,6.36,detected,0
19.0,19.0,475,30,person,1.0,1716.764,430.61,101.582,247.356,1767.555,554.288,25126.917,89.24,89.24,5.64,detected,0
19.0,19.0,475,31,person,1.0,818.213,67.535,52.654,144.485,844.54,139.778,7607.713,59.814,59.814,5.2,detected,0
19.0,19.0,475,32,person,1.0,452.954,348.588,84.404,219.027,495.156,458.101,18486.755,131.847,131.847,3.2,detected,0
19.0,19.0,475,33,person,1.0,291.457,345.351,89.867,216.303,336.39,453.502,19438.502,97.45,97.45,3.2,detected,0
19.0,19.0,475,34,person,1.0,241.104,318.909,89.786,209.104,285.997,423.461,18774.612,90.805,90.805,2.96,detected,0
19.0,19.0,475,35,person,1.0,126.938,324.522,97.914,210.962,175.895,430.003,20656.133,87.65,87.65,1.84,detected,0
19.0,19.0,475,36,person,1.0,1401.799,12.88,48.654,133.41,1426.126,79.585,6490.93,29.434,29.434,1.72,detected,0
19.0,19.0,475,37,person,1.0,980.283,24.962,47.707,133.411,1004.137,91.667,6364.639,54.374,54.374,1.72,detected,0
19.0,19.0,475,38,person,1.0,34.899,306.575,104.414,207.764,87.106,410.457,21693.47,57.358,57.358,1.48,detected,0
20.0,20.0,500,6,person,1.0,1609.756,19.484,58.785,140.441,1639.149,89.705,8255.824,20.676,20.676,20.0,detected,0
20.0,20.0,500,18,person,1.0,1044.89,9.659,45.823,129.492,1067.802,74.405,5933.712,54.821,54.821,15.16,detected,0
20.0,20.0,500,20,person,1.0,1171.055,125.351,53.465,162.361,1197.787,206.531,8680.631,121.469,121.469,12.32,detected,0
20.0,20.0,500,21,person,1.0,886.993,196.481,63.229,181.816,918.608,287.389,11496.044,54.644,54.644,10.92,detected,0
20.0,20.0,500,22,person,1.0,1817.046,144.423,87.887,179.6,1860.99,234.223,15784.505,60.613,60.613,10.6,detected,0
20.0,20.0,500,23,person,1.0,831.322,115.448,56.737,158.185,859.69,194.54,8974.942,76.096,76.096,10.16,detected,0
20.0,20.0,500,24,person,1.0,1432.457,771.718,117.815,308.282,1491.365,925.859,36320.244,90.756,90.756,9.76,detected,0
20.0,20.0,500,25,person,1.0,1487.785,594.843,103.745,287.516,1539.658,738.601,29828.347,79.73,79.73,9.76,detected,0
20.0,20.0,500,26,person,1.0,1135.682,237.327,62.496,194.118,1166.93,334.386,12131.599,79.546,79.546,9.4,detected,0
20.0,20.0,500,28,person,1.0,918.826,290.399,70.712,208.771,954.182,394.784,14762.615,83.782,83.782,8.04,detected,0
20.0,20.0,500,29,person,1.0,845.567,291.961,72.021,208.717,881.577,396.32,15032.007,98.331,98.331,7.36,detected,0
20.0,20.0,500,30,person,1.0,1714.483,361.311,94.925,229.186,1761.945,475.904,21755.481,78.584,78.584,6.64,detected,0
20.0,20.0,500,31,person,1.0,761.719,80.957,54.262,147.903,788.85,154.909,8025.513,57.709,57.709,6.2,detected,0
20.0,20.0,500,32,person,1.0,562.329,297.436,76.679,206.73,600.668,400.801,15851.85,120.068,120.068,4.2,detected,0
20.0,20.0,500,33,person,1.0,370.142,310.827,83.228,207.808,411.756,414.731,17295.444,84.754,84.754,4.2,detected,0
20.0,20.0,500,34,person,1.0,322.926,285.1,82.525,200.517,364.188,385.359,16547.665,86.981,86.981,3.96,detected,0
20.0,20.0,500,35,person,1.0,202.963,290.364,89.271,201.668,247.599,391.198,18003.104,81.53,81.53,2.84,detected,0
20.0,20.0,500,36,person,1.0,1432.327,24.074,50.47,136.809,1457.562,92.479,6904.75,33.977,33.977,2.72,detected,0
20.0,20.0,500,37,person,1.0,936.008,38.621,49.243,137.008,960.63,107.125,6746.685,46.171,46.171,2.72,detected,0
20.0,20.0,500,38,person,1.0,130.757,273.549,92.786,197.876,177.15,372.487,18360.123,97.722,97.722,2.48,detected,0
21.0,21.0,525,6,person,1.0,1618.734,1.219,58.046,136.459,1647.757,69.448,7920.899,22.009,22.009,21.0,detected,0
21.0,21.0,525,18,person,1.0,1087.327,0.0,44.028,118.409,1109.341,59.205,5213.311,44.233,44.233,16.16,detected,0
21.0,21.0,525,20,person,1.0,1274.779,128.165,54.511,163.356,1302.034,209.843,8904.699,104.3,104.3,13.32,detected,0
21.0,21.0,525,21,person,1.0,838.556,221.105,65.928,188.526,871.52,315.368,12429.142,54.773,54.773,11.92,detected,0
21.0,21.0,525,22,person,1.0,1832.793,108.18,86.954,172.222,1876.27,194.291,14975.392,42.756,42.756,11.6,detected,0
21.0,21.0,525,23,person,1.0,896.945,93.493,54.273,152.325,924.082,169.656,8267.135,69.032,69.032,11.16,detected,0
21.0,21.0,525,24,person,1.0,1429.912,864.116,124.677,215.884,1492.251,972.058,26915.769,46.207,46.207,10.76,detected,0
21.0,21.0,525,25,person,1.0,1461.95,679.214,110.773,309.252,1517.336,833.84,34256.772,97.82,97.82,10.76,detected,0
21.0,21.0,525,26,person,1.0,1193.985,206.463,59.76,185.321,1223.865,299.123,11074.783,66.97,66.97,10.4,detected,0
21.0,21.0,525,28,person,1.0,986.463,248.486,66.136,197.156,1019.531,347.064,13039.109,80.918,80.918,9.04,detected,0
21.0,21.0,525,29,person,1.0,913.596,254.203,67.768,198.466,947.48,353.436,13449.644,78.627,78.627,8.36,detected,0
21.0,21.0,525,30,person,1.0,1723.662,304.518,90.705,214.811,1769.014,411.923,19484.432,64.37,64.37,7.64,detected,0
21.0,21.0,525,31,person,1.0,703.868,97.782,56.222,152.229,731.979,173.897,8558.619,59.957,59.957,7.2,detected,0
21.0,21.0,525,32,person,1.0,660.554,252.309,70.734,195.514,695.921,350.066,13829.487,107.922,107.922,5.2,detected,0
21.0,21.0,525,33,person,1.0,428.029,276.019,77.925,199.047,466.991,375.543,15510.737,67.725,67.725,5.2,detected,0
21.0,21.0,525,34,person,1.0,391.287,250.2,76.578,191.671,429.576,346.035,14677.782,76.301,76.301,4.96,detected,0
21.0,21.0,525,35,person,1.0,292.574,257.727,81.241,193.104,333.195,354.279,15687.962,93.218,93.218,3.84,detected,0
21.0,21.0,525,36,person,1.0,1470.104,34.628,52.645,140.219,1496.427,104.738,7381.829,40.752,40.752,3.72,detected,0
21.0,21.0,525,37,person,1.0,883.798,58.626,51.378,142.358,909.487,129.805,7314.069,55.946,55.946,3.72,detected,0
21.0,21.0,525,38,person,1.0,223.567,242.832,83.518,189.251,265.326,337.457,15805.865,94.879,94.879,3.48,detected,0
21.0,21.0,525,39,person,1.0,1700.062,8.971,64.834,142.023,1732.479,79.983,9207.919,0.0,0.0,0.44,detected,0
22.0,22.0,550,20,person,1.0,1376.637,139.303,57.683,166.787,1405.478,222.696,9620.775,104.24,104.24,14.32,detected,0
22.0,22.0,550,21,person,1.0,765.727,245.963,68.974,194.94,800.214,343.433,13445.792,76.63,76.63,12.92,detected,0
22.0,22.0,550,23,person,1.0,968.864,81.448,52.582,149.262,995.155,156.079,7848.494,72.359,72.359,12.16,detected,0
22.0,22.0,550,24,person,1.0,1497.28,976.521,132.399,103.479,1563.479,1028.26,13700.516,90.732,90.732,11.76,detected,0
22.0,22.0,550,25,person,1.0,1467.406,763.04,118.326,316.96,1526.569,921.52,37504.609,88.165,88.165,11.76,detected,0
22.0,22.0,550,26,person,1.0,1245.288,183.009,58.486,178.667,1274.531,272.342,10449.518,57.309,57.309,11.4,detected,0
22.0,22.0,550,28,person,1.0,1051.272,214.231,62.329,187.541,1082.437,308.001,11689.243,74.047,74.047,10.04,detected,0
22.0,22.0,550,29,person,1.0,973.058,220.228,64.068,189.056,1005.092,314.756,12112.44,69.392,69.392,9.36,detected,0
22.0,22.0,550,30,person,1.0,1741.478,256.579,88.356,203.224,1785.656,358.191,17956.06,56.251,56.251,8.64,detected,0
22.0,22.0,550,31,person,1.0,640.212,115.991,58.477,156.848,669.45,194.415,9172.0,65.809,65.809,8.2,detected,0
22.0,22.0,550,32,person,1.0,743.526,211.692,66.11,184.969,776.581,304.177,12228.301,92.8,92.8,6.2,detected,0
22.0,22.0,550,33,person,1.0,485.595,246.845,73.547,191.743,522.369,342.716,14102.122,64.375,64.375,6.2,detected,0
22.0,22.0,550,34,person,1.0,448.394,223.057,72.249,184.812,484.519,315.463,13352.482,62.876,62.876,5.96,detected,0
22.0,22.0,550,35,person,1.0,365.063,237.116,76.249,187.947,403.188,331.089,14330.771,73.734,73.734,4.84,detected,0
22.0,22.0,550,36,person,1.0,1504.621,50.485,55.279,144.972,1532.261,122.971,8013.907,40.206,40.206,4.72,detected,0
22.0,22.0,550,37,person,1.0,827.764,80.711,53.73,148.272,854.629,154.847,7966.655,60.303,60.303,4.72,detected,0
22.0,22.0,550,38,person,1.0,306.623,221.387,77.164,183.522,345.205,313.148,14161.292,83.496,83.496,4.48,detected,0
22.0,22.0,550,39,person,1.0,1677.947,25.646,64.236,144.798,1710.065,98.045,9301.244,28.786,28.786,1.44,detected,0
22.0,22.0,550,40,person,1.0,1014.052,10.273,46.168,129.503,1037.136,75.025,5978.895,0.0,0.0,0.96,detected,0
23.0,23.0,575,20,person,1.0,1476.132,151.596,61.907,170.834,1507.086,237.013,10575.82,102.611,102.611,15.32,detected,0
23.0,23.0,575,21,person,1.0,672.634,279.676,73.156,203.341,709.212,381.346,14875.614,98.584,98.584,13.92,detected,0
23.0,23.0,575,23,person,1.0,1048.563,58.414,49.829,143.092,1073.477,129.96,7130.131,82.563,82.563,13.16,detected,0
23.0,23.0,575,25,person,1.0,1523.881,881.848,128.758,198.152,1588.26,980.924,25513.655,85.642,85.642,12.76,detected,0
23.0,23.0,575,26,person,1.0,1293.84,158.083,57.323,171.713,1322.501,243.94,9843.104,55.749,55.749,12.4,detected,0
23.0,23.0,575,28,person,1.0,1101.512,186.124,59.293,179.567,1131.159,275.907,10647.066,58.343,58.343,11.04,detected,0
23.0,23.0,575,29,person,1.0,1031.962,189.75,60.715,180.501,1062.32,280.0,10959.118,66.955,66.955,10.36,detected,0
23.0,23.0,575,30,person,1.0,1762.091,213.295,86.937,193.235,1805.559,309.912,16799.271,52.22,52.22,9.64,detected,0
23.0,23.0,575,31,person,1.0,580.658,136.363,61.224,162.055,611.27,217.391,9921.655,62.553,62.553,9.2,detected,0
23.0,23.0,575,32,person,1.0,820.949,176.71,62.215,175.667,852.056,264.543,10929.122,85.249,85.249,7.2,detected,0
23.0,23.0,575,33,person,1.0,547.841,220.478,69.63,185.184,582.656,313.07,12894.362,67.183,67.183,7.2,detected,0
23.0,23.0,575,34,person,1.0,508.847,196.113,68.19,177.993,542.942,285.11,12137.343,65.838,65.838,6.96,detected,0
23.0,23.0,575,35,person,1.0,437.366,210.806,71.402,181.365,473.067,301.488,12949.824,75.89,75.89,5.84,detected,0
23.0,23.0,575,36,person,1.0,1533.766,67.835,57.961,150.024,1562.747,142.847,8695.541,36.393,36.393,5.72,detected,0
23.0,23.0,575,37,person,1.0,760.009,99.109,55.877,153.023,787.947,175.62,8550.466,69.842,69.842,5.72,detected,0
23.0,23.0,575,38,person,1.0,392.823,198.761,71.664,177.786,428.655,287.654,12740.856,87.257,87.257,5.48,detected,0
23.0,23.0,575,39,person,1.0,1633.873,39.447,61.902,146.147,1664.824,112.52,9046.792,47.5,47.5,2.44,detected,0
23.0,23.0,575,40,person,1.0,961.913,32.799,48.53,135.507,986.178,100.553,6576.155,56.995,56.995,1.96,detected,0
24.0,24.0,600,20,person,1.0,1571.578,156.986,66.885,173.614,1605.021,243.793,11612.172,98.169,98.169,16.32,detected,0
24.0,24.0,600,21,person,1.0,556.761,308.154,77.839,209.596,595.68,412.952,16314.743,117.849,117.849,14.92,detected,0
24.0,24.0,600,23,person,1.0,1111.79,36.816,47.324,137.334,1135.452,105.483,6499.194,66.633,66.633,14.16,detected,0
24.0,24.0,600,25,person,1.0,1615.37,992.421,144.256,87.579,1687.498,1036.211,12633.796,113.599,113.599,13.76,detected,0
24.0,24.0,600,26,person,1.0,1335.771,133.304,56.188,164.965,1363.865,215.786,9269.053,50.035,50.035,13.4,detected,0
24.0,24.0,600,28,person,1.0,1160.417,157.714,56.102,171.516,1188.468,243.472,9622.391,65.852,65.852,12.04,detected,0
24.0,24.0,600,29,person,1.0,1092.627,161.592,57.545,172.55,1121.399,247.867,9929.39,67.253,67.253,11.36,detected,0
24.0,24.0,600,30,person,1.0,1760.457,179.619,83.983,185.011,1802.448,272.125,15537.779,37.916,37.916,10.64,detected,0
24.0,24.0,600,31,person,1.0,515.216,160.235,64.727,168.135,547.58,244.303,10882.874,69.143,69.143,10.2,detected,0
24.0,24.0,600,32,person,1.0,897.064,142.666,58.5,166.41,926.314,225.871,9734.985,83.724,83.724,8.2,detected,0
24.0,24.0,600,33,person,1.0,614.944,193.403,65.88,178.376,647.884,282.591,11751.411,71.998,71.998,8.2,detected,0
24.0,24.0,600,34,person,1.0,569.771,170.368,64.528,171.441,602.035,256.089,11062.745,65.835,65.835,7.96,detected,0
24.0,24.0,600,35,person,1.0,513.474,192.84,67.78,177.133,547.364,281.406,12006.075,76.963,76.963,6.84,detected,0
24.0,24.0,600,36,person,1.0,1566.981,90.343,61.431,156.504,1597.697,168.595,9614.197,43.41,43.41,6.72,detected,0
24.0,24.0,600,37,person,1.0,684.172,118.097,58.206,157.799,713.275,196.996,9184.849,77.672,77.672,6.72,detected,0
24.0,24.0,600,38,person,1.0,472.703,178.368,67.416,172.783,506.411,264.76,11648.339,81.056,81.056,6.48,detected,0
24.0,24.0,600,39,person,1.0,1573.993,57.627,59.377,148.498,1603.681,131.876,8817.366,64.133,64.133,3.44,detected,0
24.0,24.0,600,40,person,1.0,907.357,56.614,51.016,141.919,932.865,127.573,7240.14,59.77,59.77,2.96,detected,0
25.0,25.0,625,20,person,1.0,1663.678,167.421,73.952,178.472,1700.654,256.657,13198.361,96.495,96.495,17.32,detected,0
25.0,25.0,625,21,person,1.0,433.966,332.387,83.323,214.394,475.627,439.584,17863.951,122.971,122.971,15.92,detected,0
25.0,25.0,625,23,person,1.0,1168.864,16.464,44.957,132.035,1191.342,82.481,5935.897,60.439,60.439,15.16,detected,0
25.0,25.0,625,25,person,1.0,1615.618,992.577,144.33,87.423,1687.783,1036.289,12617.762,0.295,0.295,14.76,detected,0
25.0,25.0,625,26,person,1.0,1379.584,112.243,55.589,159.461,1407.379,191.974,8864.278,49.603,49.603,14.4,detected,0
25.0,25.0,625,28,person,1.0,1217.063,126.776,53.45,162.845,1243.788,208.198,8704.065,65.609,65.609,13.04,detected,0
25.0,25.0,625,29,person,1.0,1144.546,133.294,54.513,164.567,1171.803,215.577,8971.041,59.859,59.859,12.36,detected,0
25.0,25.0,625,30,person,1.0,1736.731,144.365,78.646,175.513,1776.054,232.121,13803.395,47.926,47.926,11.64,detected,0
25.0,25.0,625,31,person,1.0,446.613,184.345,68.67,174.221,480.948,271.455,11963.756,71.952,71.952,11.2,detected,0
25.0,25.0,625,32,person,1.0,951.502,108.885,55.072,157.007,979.038,187.388,8646.69,65.274,65.274,9.2,detected,0
25.0,25.0,625,33,person,1.0,672.554,170.512,63.05,172.523,704.079,256.774,10877.575,61.842,61.842,9.2,detected,0
25.0,25.0,625,34,person,1.0,636.687,154.127,61.967,167.536,667.67,237.895,10381.703,68.11,68.11,8.96,detected,0
25.0,25.0,625,35,person,1.0,589.362,173.219,64.422,172.433,621.573,259.435,11108.479,77.393,77.393,7.84,detected,0
25.0,25.0,625,36,person,1.0,1605.367,108.425,65.141,162.048,1637.938,189.449,10555.969,45.324,45.324,7.72,detected,0
25.0,25.0,625,37,person,1.0,602.463,141.565,61.307,163.693,633.116,223.411,10035.527,84.399,84.399,7.72,detected,0
25.0,25.0,625,38,person,1.0,547.409,159.452,63.969,168.192,579.394,243.548,10759.074,76.002,76.002,7.48,detected,0
25.0,25.0,625,39,person,1.0,1531.56,78.281,58.636,152.625,1560.878,154.594,8949.319,48.458,48.458,4.44,detected,0
25.0,25.0,625,40,person,1.0,824.576,78.15,53.531,147.527,851.341,151.913,7897.268,85.079,85.079,3.96,detected,0
25.0,25.0,625,41,person,1.0,1117.351,8.821,44.978,129.647,1139.84,73.644,5831.263,0.0,0.0,0.68,detected,0
25.0,25.0,625,42,person,1.0,1086.463,55.234,49.13,142.357,1111.028,126.413,6993.999,0.0,0.0,0.28,detected,0
26.0,26.0,650,20,person,1.0,1740.036,182.617,82.034,184.848,1781.053,275.041,15163.821,82.474,82.474,18.32,detected,0
26.0,26.0,650,21,person,1.0,312.299,374.949,91.933,224.302,358.265,487.1,20620.756,126.616,126.616,16.92,detected,0
26.0,26.0,650,23,person,1.0,1220.655,3.792,43.924,128.957,1242.617,68.27,5664.307,53.207,53.207,16.16,detected,0
26.0,26.0,650,26,person,1.0,1432.401,95.943,55.903,155.587,1460.352,173.737,8697.78,56.025,56.025,15.4,detected,0
26.0,26.0,650,28,person,1.0,1260.178,104.365,52.336,156.704,1286.346,182.717,8201.261,49.603,49.603,14.04,detected,0
26.0,26.0,650,29,person,1.0,1194.327,111.135,52.228,158.405,1220.441,190.338,8273.176,54.797,54.797,13.36,detected,0
26.0,26.0,650,30,person,1.0,1685.457,113.044,71.477,165.843,1721.196,195.965,11853.96,65.702,65.702,12.64,detected,0
26.0,26.0,650,31,person,1.0,391.544,213.579,73.092,181.777,428.09,304.467,13286.444,62.32,62.32,12.2,detected,0
26.0,26.0,650,32,person,1.0,1001.059,81.405,52.251,149.393,1027.184,156.101,7805.934,57.419,57.419,10.2,detected,0
26.0,26.0,650,33,person,1.0,733.35,153.079,60.911,168.152,763.805,237.155,10242.306,62.866,62.866,10.2,detected,0
26.0,26.0,650,34,person,1.0,699.996,132.405,59.346,161.979,729.669,213.394,9612.806,66.664,66.664,9.96,detected,0
26.0,26.0,650,35,person,1.0,659.133,152.907,61.58,167.408,689.923,236.611,10308.985,72.06,72.06,8.84,detected,0
26.0,26.0,650,36,person,1.0,1632.88,126.804,68.434,167.421,1667.097,210.514,11457.289,35.973,35.973,8.72,detected,0
26.0,26.0,650,37,person,1.0,521.205,166.21,65.142,169.836,553.776,251.128,11063.457,84.042,84.042,8.72,detected,0
26.0,26.0,650,38,person,1.0,612.269,145.268,61.5,164.818,643.019,227.677,10136.307,65.575,65.575,8.48,detected,0
26.0,26.0,650,39,person,1.0,1494.543,103.949,58.887,158.538,1523.986,183.218,9335.827,46.694,46.694,5.44,detected,0
26.0,26.0,650,40,person,1.0,733.949,98.626,56.044,152.693,761.971,174.972,8557.526,92.297,92.297,4.96,detected,0
26.0,26.0,650,41,person,1.0,1063.942,23.416,46.77,133.389,1087.327,90.111,6238.604,55.034,55.034,1.68,detected,0
26.0,26.0,650,42,person,1.0,1026.635,74.335,51.387,147.494,1052.329,148.082,7579.274,62.572,62.572,1.28,detected,0
26.0,26.0,650,43,person,1.0,645.121,880.377,127.655,199.623,708.948,980.188,25482.874,0.0,0.0,0.56,detected,0
27.0,27.0,675,20,person,1.0,1815.598,191.165,91.584,190.455,1861.39,286.392,17442.631,81.135,81.135,19.32,detected,0
27.0,27.0,675,21,person,1.0,191.967,415.26,102.311,234.292,243.123,532.406,23970.649,123.736,123.736,17.92,detected,0
27.0,27.0,675,23,person,1.0,1284.205,0.0,43.974,114.631,1306.192,57.316,5040.784,64.512,64.512,17.16,detected,0
27.0,27.0,675,26,person,1.0,1483.697,79.247,56.535,151.945,1511.965,155.22,8590.211,54.833,54.833,16.4,detected,0
27.0,27.0,675,28,person,1.0,1302.719,83.984,51.543,151.287,1328.49,159.627,7797.786,48.055,48.055,15.04,detected,0
27.0,27.0,675,29,person,1.0,1233.433,88.27,50.602,152.14,1258.734,164.34,7698.588,46.284,46.284,14.36,detected,0
27.0,27.0,675,30,person,1.0,1642.573,89.344,66.265,158.488,1675.706,168.588,10502.207,53.093,53.093,13.64,detected,0
27.0,27.0,675,31,person,1.0,327.595,245.565,78.524,190.002,366.857,340.566,14919.717,71.082,71.082,13.2,detected,0
27.0,27.0,675,32,person,1.0,1054.525,56.776,49.627,142.657,1079.339,128.105,7079.639,59.194,59.194,11.2,detected,0
27.0,27.0,675,33,person,1.0,794.391,133.523,58.64,163.082,823.711,215.064,9563.128,63.849,63.849,11.2,detected,0
27.0,27.0,675,34,person,1.0,764.738,115.478,57.288,157.706,793.382,194.331,9034.661,66.504,66.504,10.96,detected,0
27.0,27.0,675,35,person,1.0,717.066,131.815,59.144,161.959,746.638,212.794,9578.903,61.513,61.513,9.84,detected,0
27.0,27.0,675,36,person,1.0,1657.972,142.427,71.525,172.066,1693.735,228.46,12307.021,32.118,32.118,9.72,detected,0
27.0,27.0,675,37,person,1.0,457.963,198.667,69.691,178.222,492.808,287.778,12420.469,71.135,71.135,9.72,detected,0
27.0,27.0,675,38,person,1.0,669.004,124.262,58.9,159.411,698.454,203.968,9389.308,60.292,60.292,9.48,detected,0
27.0,27.0,675,39,person,1.0,1462.976,133.296,59.931,165.836,1492.941,216.214,9938.717,45.305,45.305,6.44,detected,0
27.0,27.0,675,40,person,1.0,654.325,121.158,58.764,158.414,683.707,200.365,9309.04,82.28,82.28,5.96,detected,0
27.0,27.0,675,41,person,1.0,1003.288,41.652,48.901,138.184,1027.738,110.744,6757.336,63.06,63.06,2.68,detected,0
27.0,27.0,675,43,person,1.0,840.598,739.166,108.692,318.865,894.944,898.599,34658.075,203.104,203.104,1.56,detected,0
27.0,27.0,675,44,person,1.0,966.146,98.119,54.014,153.999,993.153,175.118,8318.102,0.0,0.0,0.28,detected,0
28.0,28.0,700,21,person,1.0,46.638,450.136,117.117,244.542,105.197,572.407,28640.025,143.609,143.609,18.92,detected,0
28.0,28.0,700,26,person,1.0,1526.071,63.149,57.229,148.66,1554.686,137.479,8507.663,46.258,46.258,17.4,detected,0
28.0,28.0,700,28,person,1.0,1339.742,65.588,50.934,146.562,1365.209,138.869,7464.989,42.18,42.18,16.04,detected,0
28.0,28.0,700,29,person,1.0,1267.969,68.013,49.623,146.719,1292.781,141.373,7280.637,41.069,41.069,15.36,detected,0
28.0,28.0,700,30,person,1.0,1638.369,61.345,63.852,151.567,1670.295,137.129,9677.856,31.921,31.921,14.64,detected,0
28.0,28.0,700,31,person,1.0,248.004,279.375,85.575,198.737,290.791,378.744,17006.919,85.109,85.109,14.2,detected,0
28.0,28.0,700,32,person,1.0,1098.42,33.78,47.237,136.429,1122.039,101.995,6444.497,50.05,50.05,12.2,detected,0
28.0,28.0,700,33,person,1.0,854.954,119.482,56.888,159.497,883.398,199.231,9073.465,61.751,61.751,12.2,detected,0
28.0,28.0,700,34,person,1.0,827.947,100.307,55.44,153.842,855.667,177.228,8529.0,64.591,64.591,11.96,detected,0
28.0,28.0,700,35,person,1.0,769.446,112.681,57.001,156.946,797.947,191.154,8946.079,55.685,55.685,10.84,detected,0
28.0,28.0,700,36,person,1.0,1673.574,161.93,74.311,177.404,1710.729,250.632,13183.069,27.936,27.936,10.72,detected,0
28.0,28.0,700,37,person,1.0,394.441,237.238,75.234,188.191,432.058,331.333,14158.362,74.751,74.751,10.72,detected,0
28.0,28.0,700,38,person,1.0,734.701,112.073,57.231,156.504,763.317,190.325,8956.88,66.282,66.282,10.48,detected,0
28.0,28.0,700,39,person,1.0,1430.32,165.5,61.407,174.186,1461.024,252.593,10696.24,48.396,48.396,7.44,detected,0
28.0,28.0,700,40,person,1.0,576.322,149.086,62.458,165.563,607.551,231.868,10340.734,82.414,82.414,6.96,detected,0
28.0,28.0,700,41,person,1.0,937.655,62.151,51.234,143.64,963.272,133.971,7359.252,68.523,68.523,3.68,detected,0
28.0,28.0,700,43,person,1.0,983.667,621.746,93.947,293.14,1030.64,768.316,27539.624,188.115,188.115,2.56,detected,0
28.0,28.0,700,44,person,1.0,900.2,115.518,56.137,158.639,928.269,194.837,8905.518,67.815,67.815,1.28,detected,0
29.0,29.0,725,26,person,1.0,1578.647,49.324,59.035,146.577,1608.164,122.613,8653.173,55.507,55.507,18.4,detected,0
29.0,29.0,725,28,person,1.0,1365.358,40.138,49.64,140.03,1390.178,110.153,6951.089,38.053,38.053,17.04,detected,0
29.0,29.0,725,29,person,1.0,1307.056,49.005,48.933,141.825,1331.523,119.918,6939.923,44.286,44.286,16.36,detected,0
29.0,29.0,725,30,person,1.0,1633.09,40.348,61.913,146.331,1664.046,113.513,9059.791,24.428,24.428,15.64,detected,0
29.0,29.0,725,31,person,1.0,149.254,314.673,95.269,208.24,196.888,418.793,19838.817,102.087,102.087,15.2,detected,0
29.0,29.0,725,32,person,1.0,1139.196,12.041,44.979,130.652,1161.686,77.367,5876.596,46.673,46.673,13.2,detected,0
29.0,29.0,725,33,person,1.0,909.713,101.308,54.829,154.626,937.128,178.621,8477.989,57.547,57.547,13.2,detected,0
29.0,29.0,725,34,person,1.0,889.601,82.662,53.402,149.2,916.302,157.262,7967.578,63.838,63.838,12.96,detected,0
29.0,29.0,725,35,person,1.0,847.965,104.822,55.671,155.262,875.801,182.453,8643.591,78.339,78.339,11.84,detected,0
29.0,29.0,725,36,person,1.0,1673.327,186.917,76.299,183.64,1711.476,278.737,14011.548,28.115,28.115,11.72,detected,0
29.0,29.0,725,37,person,1.0,331.643,276.954,81.372,198.4,372.329,376.154,16144.205,74.676,74.676,11.72,detected,0
29.0,29.0,725,38,person,1.0,793.525,98.503,55.557,153.092,821.303,175.049,8505.332,59.965,59.965,11.48,detected,0
29.0,29.0,725,39,person,1.0,1390.626,200.001,63.112,183.411,1422.182,291.707,11575.435,55.123,55.123,8.44,detected,0
29.0,29.0,725,40,person,1.0,494.141,182.388,67.257,174.066,527.769,269.421,11707.157,88.178,88.178,7.96,detected,0
29.0,29.0,725,41,person,1.0,853.659,79.333,53.407,148.043,880.362,153.355,7906.533,85.145,85.145,4.68,detected,0
29.0,29.0,725,43,person,1.0,1103.191,530.345,85.429,271.844,1145.905,666.267,23223.361,153.948,153.948,3.56,detected,0
29.0,29.0,725,45,person,1.0,1780.426,291.296,95.682,213.316,1828.267,397.954,20410.502,0.0,0.0,0.96,detected,0
29.0,29.0,725,46,person,1.0,1810.497,191.639,90.957,190.3,1855.976,286.789,17309.117,0.0,0.0,0.8,detected,0
30.0,30.0,750,26,person,1.0,1631.439,37.494,61.585,145.584,1662.231,110.286,8965.791,55.454,55.454,19.4,detected,0
30.0,30.0,750,28,person,1.0,1390.09,23.208,49.065,135.911,1414.622,91.163,6668.473,30.954,30.954,18.04,detected,0
30.0,30.0,750,29,person,1.0,1346.359,31.768,48.527,137.599,1370.622,100.567,6677.267,43.626,43.626,17.36,detected,0
30.0,30.0,750,30,person,1.0,1607.213,18.579,58.553,140.127,1636.49,88.642,8204.856,37.121,37.121,16.64,detected,0
30.0,30.0,750,31,person,1.0,50.833,349.532,106.923,218.358,104.294,458.711,23347.492,100.832,100.832,16.2,detected,0
30.0,30.0,750,32,person,1.0,1181.909,0.0,43.06,120.711,1203.439,60.355,5197.816,45.086,45.086,14.2,detected,0
30.0,30.0,750,33,person,1.0,955.898,83.426,52.874,149.763,982.335,158.308,7918.569,49.562,49.562,14.2,detected,0
30.0,30.0,750,34,person,1.0,930.979,68.315,51.818,145.351,956.888,140.99,7531.798,43.726,43.726,13.96,detected,0
30.0,30.0,750,35,person,1.0,904.185,88.127,53.748,150.837,931.059,163.546,8107.187,58.404,58.404,12.84,detected,0
30.0,30.0,750,36,person,1.0,1677.304,211.424,78.631,189.919,1716.62,306.384,14933.521,28.121,28.121,12.72,detected,0
30.0,30.0,750,37,person,1.0,249.099,321.078,89.564,209.693,293.881,425.924,18780.944,92.904,92.904,12.72,detected,0
30.0,30.0,750,38,person,1.0,858.213,86.108,53.959,149.995,885.192,161.106,8093.58,65.393,65.393,12.48,detected,0
30.0,30.0,750,39,person,1.0,1338.4,241.05,65.344,194.708,1371.072,338.404,12723.0,69.231,69.231,9.44,detected,0
30.0,30.0,750,40,person,1.0,414.095,222.567,73.208,184.374,450.699,314.754,13497.652,89.414,89.414,8.96,detected,0
30.0,30.0,750,41,person,1.0,765.756,100.094,55.917,153.344,793.715,176.766,8574.536,89.755,89.755,5.68,detected,0
30.0,30.0,750,43,person,1.0,1202.968,453.519,81.401,252.413,1243.668,579.726,20546.671,130.564,130.564,4.56,detected,0
30.0,30.0,750,45,person,1.0,1756.097,330.807,96.412,222.492,1804.303,442.053,21450.899,50.19,50.19,1.96,detected,0
30.0,30.0,750,46,person,1.0,1784.203,230.033,90.881,198.251,1829.644,329.159,18017.249,49.885,49.885,1.8,detected,0
31.0,31.0,775,26,person,1.0,1684.982,26.284,64.861,145.279,1717.412,98.923,9422.941,56.339,56.339,20.4,detected,0
31.0,31.0,775,28,person,1.0,1417.954,9.558,48.923,132.827,1442.416,75.971,6498.295,31.674,31.674,19.04,detected,0
31.0,31.0,775,29,person,1.0,1365.203,13.69,47.666,133.079,1389.036,80.23,6343.344,27.435,27.435,18.36,detected,0
31.0,31.0,775,30,person,1.0,1573.78,0.0,54.629,125.517,1601.095,62.758,6856.868,43.85,43.85,17.64,detected,0
31.0,31.0,775,33,person,1.0,993.94,67.741,51.181,145.489,1019.531,140.486,7446.273,41.245,41.245,15.2,detected,0
31.0,31.0,775,34,person,1.0,958.207,53.422,50.31,141.278,983.362,124.061,7107.696,31.424,31.424,14.96,detected,0
31.0,31.0,775,35,person,1.0,956.293,73.351,52.017,146.904,982.302,146.803,7641.505,53.908,53.908,13.84,detected,0
31.0,31.0,775,36,person,1.0,1687.325,239.27,81.795,197.234,1728.222,337.887,16132.755,33.572,33.572,13.72,detected,0
31.0,31.0,775,37,person,1.0,158.938,370.012,99.967,222.531,208.921,481.278,22245.756,101.401,101.401,13.72,detected,0
31.0,31.0,775,38,person,1.0,911.209,73.085,52.397,146.599,937.408,146.385,7681.348,54.25,54.25,13.48,detected,0
31.0,31.0,775,39,person,1.0,1283.664,283.369,67.885,206.562,1317.606,386.65,14022.461,72.016,72.016,10.44,detected,0
31.0,31.0,775,40,person,1.0,324.163,267.908,80.808,195.94,364.567,365.878,15833.52,100.162,100.162,9.96,detected,0
31.0,31.0,775,41,person,1.0,675.789,125.562,58.953,159.835,705.265,205.48,9422.753,92.993,92.993,6.68,detected,0
31.0,31.0,775,43,person,1.0,1294.056,388.238,77.681,234.891,1332.897,505.683,18246.568,115.948,115.948,5.56,detected,0
31.0,31.0,775,45,person,1.0,1728.106,380.321,97.992,234.463,1777.102,497.553,22975.498,61.807,61.807,2.96,detected,0
31.0,31.0,775,46,person,1.0,1764.592,272.745,92.254,208.08,1810.719,376.785,19196.212,51.249,51.249,2.8,detected,0
31.0,31.0,775,47,person,1.0,630.3,187.929,65.153,177.002,662.876,276.43,11532.211,0.0,0.0,0.76,detected,0
32.0,32.0,800,26,person,1.0,1720.449,13.006,66.948,144.028,1753.923,85.02,9642.387,39.068,39.068,21.4,detected,0
32.0,32.0,800,28,person,1.0,1444.452,0.0,48.607,121.636,1468.755,60.818,5912.361,30.388,30.388,20.04,detected,0
32.0,32.0,800,29,person,1.0,1386.395,0.0,47.081,126.897,1409.936,63.449,5974.438,26.803,26.803,19.36,detected,0
32.0,32.0,800,33,person,1.0,1030.486,51.352,49.439,141.03,1055.206,121.867,6972.382,40.241,40.241,16.2,detected,0
32.0,32.0,800,34,person,1.0,991.521,34.48,48.408,136.121,1015.725,102.54,6589.345,38.865,38.865,15.96,detected,0
32.0,32.0,800,35,person,1.0,1004.361,59.706,50.403,143.265,1029.562,131.339,7220.986,49.727,49.727,14.84,detected,0
32.0,32.0,800,36,person,1.0,1690.38,267.679,84.474,204.535,1732.617,369.947,17277.89,32.359,32.359,14.72,detected,0
32.0,32.0,800,37,person,1.0,46.827,422.492,114.377,237.278,104.016,541.131,27139.146,120.78,120.78,14.72,detected,0
32.0,32.0,800,38,person,1.0,939.594,63.367,51.321,143.994,965.255,135.364,7389.916,29.948,29.948,14.48,detected,0
32.0,32.0,800,39,person,1.0,1243.483,333.095,71.487,220.378,1279.226,443.284,15754.162,68.414,68.414,11.44,detected,0
32.0,32.0,800,40,person,1.0,218.181,318.358,91.045,208.941,263.704,422.828,19023.033,115.831,115.831,10.96,detected,0
32.0,32.0,800,41,person,1.0,588.815,154.255,62.697,167.12,620.163,237.815,10477.923,91.038,91.038,7.68,detected,0
32.0,32.0,800,43,person,1.0,1403.382,333.451,75.408,219.67,1441.086,443.286,16564.875,124.894,124.894,6.56,detected,0
32.0,32.0,800,45,person,1.0,1693.655,430.769,99.511,246.88,1743.41,554.209,24567.276,65.917,65.917,3.96,detected,0
32.0,32.0,800,46,person,1.0,1737.005,316.328,93.098,218.209,1783.554,425.433,20314.821,55.718,55.718,3.8,detected,0
32.0,32.0,800,47,person,1.0,542.072,219.983,69.704,184.979,576.924,312.472,12893.776,93.204,93.204,1.76,detected,0
32.0,32.0,800,48,person,1.0,977.298,13.034,46.725,130.082,1000.66,78.075,6078.081,0.0,0.0,0.8,detected,0
32.0,32.0,800,49,person,1.0,950.806,12.327,46.885,129.752,974.249,77.203,6083.423,0.0,0.0,0.8,detected,0
33.0,33.0,825,26,person,1.0,1762.437,0.0,69.756,140.145,1797.315,70.073,9775.955,45.894,45.894,22.4,detected,0
33.0,33.0,825,33,person,1.0,1059.156,37.234,47.964,137.207,1083.138,105.838,6580.997,32.205,32.205,17.2,detected,0
33.0,33.0,825,34,person,1.0,1023.27,18.623,46.781,131.861,1046.66,84.553,6168.589,35.785,35.785,16.96,detected,0
33.0,33.0,825,35,person,1.0,1035.92,42.106,48.613,138.462,1060.226,111.337,6731.053,36.611,36.611,15.84,detected,0
33.0,33.0,825,36,person,1.0,1697.302,294.332,87.385,211.518,1740.994,400.091,18483.5,31.287,31.287,15.72,detected,0
33.0,33.0,825,38,person,1.0,974.869,41.815,49.178,138.096,999.458,110.863,6791.285,42.073,42.073,15.48,detected,0
33.0,33.0,825,39,person,1.0,1214.854,393.456,76.279,236.731,1252.994,511.822,18057.604,73.386,73.386,12.44,detected,0
33.0,33.0,825,40,person,1.0,97.476,373.389,105.042,223.859,149.997,485.319,23514.597,129.747,129.747,11.96,detected,0
33.0,33.0,825,41,person,1.0,496.686,190.602,67.96,176.354,530.666,278.779,11985.018,98.427,98.427,8.68,detected,0
33.0,33.0,825,43,person,1.0,1498.028,288.935,74.578,207.648,1535.317,392.759,15485.973,106.923,106.923,7.56,detected,0
33.0,33.0,825,45,person,1.0,1635.323,481.035,100.021,259.156,1685.334,610.613,25921.042,80.959,80.959,4.96,detected,0
33.0,33.0,825,46,person,1.0,1694.038,362.672,93.224,229.075,1740.65,477.209,21355.288,67.243,67.243,4.8,detected,0
33.0,33.0,825,47,person,1.0,451.86,254.317,75.143,193.401,489.432,351.018,14532.731,95.607,95.607,2.76,detected,0
33.0,33.0,825,48,person,1.0,921.012,35.042,49.059,135.927,945.542,103.005,6668.443,60.495,60.495,1.8,detected,0
33.0,33.0,825,49,person,1.0,890.931,31.409,48.981,134.755,915.422,98.786,6600.435,62.661,62.661,1.8,detected,0
34.0,34.0,850,26,person,1.0,1799.557,0.0,72.732,127.861,1835.923,63.931,9299.586,39.094,39.094,23.4,detected,0
34.0,34.0,850,33,person,1.0,1087.776,23.716,46.535,133.59,1111.043,90.511,6216.611,31.837,31.837,18.2,detected,0
34.0,34.0,850,34,person,1.0,1051.621,6.308,45.478,128.603,1074.36,70.609,5848.607,31.011,31.011,17.96,detected,0
34.0,34.0,850,35,person,1.0,1063.06,28.913,47.234,134.91,1086.677,96.368,6372.339,30.392,30.392,16.84,detected,0
34.0,34.0,850,36,person,1.0,1702.799,327.977,90.843,220.293,1748.22,438.123,20012.077,38.713,38.713,16.72,detected,0
34.0,34.0,850,38,person,1.0,1016.757,30.496,47.837,135.13,1040.676,98.061,6464.214,43.16,43.16,16.48,detected,0
34.0,34.0,850,39,person,1.0,1176.145,457.179,81.006,253.468,1216.648,583.913,20532.429,80.735,80.735,13.44,detected,0
34.0,34.0,850,40,person,1.0,0.0,430.725,80.278,241.338,40.139,551.394,19374.132,128.198,128.198,12.96,detected,0
34.0,34.0,850,41,person,1.0,400.201,219.175,73.331,183.348,436.866,310.849,13445.092,99.13,99.13,9.68,detected,0
34.0,34.0,850,43,person,1.0,1577.03,244.205,74.453,196.383,1614.256,342.397,14621.303,93.637,93.637,8.56,detected,0
34.0,34.0,850,45,person,1.0,1506.0,518.359,96.96,267.866,1554.48,652.292,25972.287,137.331,137.331,5.96,detected,0
34.0,34.0,850,46,person,1.0,1592.992,409.122,90.48,239.795,1638.232,529.019,21696.652,114.777,114.777,5.8,detected,0
34.0,34.0,850,47,person,1.0,357.611,291.249,81.752,202.431,398.487,392.465,16549.139,99.944,99.944,3.76,detected,0
34.0,34.0,850,48,person,1.0,862.081,57.71,51.468,141.977,887.815,128.698,7307.272,63.186,63.186,2.8,detected,0
34.0,34.0,850,49,person,1.0,835.94,53.248,51.279,140.569,861.58,123.532,7208.238,59.256,59.256,2.8,detected,0
35.0,35.0,875,33,person,1.0,1116.345,8.127,44.934,129.452,1138.812,72.853,5816.796,32.907,32.907,19.2,detected,0
35.0,35.0,875,34,person,1.0,1081.438,0.0,43.838,114.502,1103.357,57.251,5019.539,31.926,31.926,18.96,detected,0
35.0,35.0,875,35,person,1.0,1091.815,14.67,45.747,131.114,1114.688,80.227,5998.072,32.329,32.329,17.84,detected,0
35.0,35.0,875,36,person,1.0,1711.309,363.399,94.816,229.65,1758.717,478.224,21774.494,41.451,41.451,17.72,detected,0
35.0,35.0,875,38,person,1.0,1034.211,14.942,46.368,130.895,1057.395,80.389,6069.339,24.327,24.327,17.48,detected,0
35.0,35.0,875,39,person,1.0,1146.336,533.208,86.804,272.458,1189.738,669.437,23650.444,89.658,89.658,14.44,detected,0
35.0,35.0,875,41,person,1.0,303.333,251.985,80.195,191.615,343.431,347.793,15366.565,100.474,100.474,10.68,detected,0
35.0,35.0,875,43,person,1.0,1637.802,207.698,75.271,187.987,1675.438,301.692,14149.969,73.485,73.485,9.56,detected,0
35.0,35.0,875,45,person,1.0,1343.192,557.354,95.149,277.749,1390.766,696.228,26427.54,169.507,169.507,6.96,detected,0
35.0,35.0,875,46,person,1.0,1440.36,440.586,86.833,247.805,1483.776,564.488,21517.652,158.476,158.476,6.8,detected,0
35.0,35.0,875,47,person,1.0,256.47,333.478,90.399,212.98,301.67,439.968,19253.179,107.843,107.843,4.76,detected,0
35.0,35.0,875,48,person,1.0,802.175,78.228,53.71,147.404,829.03,151.93,7917.069,63.209,63.209,3.8,detected,0
35.0,35.0,875,49,person,1.0,775.215,74.22,53.566,146.095,801.998,147.267,7825.725,64.135,64.135,3.8,detected,0
35.0,35.0,875,50,person,1.0,1598.769,949.491,134.295,130.509,1665.917,1014.745,17526.706,0.0,0.0,0.32,detected,0
36.0,36.0,900,33,person,1.0,1146.127,0.0,43.394,119.179,1167.824,59.59,5171.654,31.9,31.9,20.2,detected,0
36.0,36.0,900,35,person,1.0,1117.064,2.138,44.436,127.818,1139.282,66.047,5679.721,28.389,28.389,18.84,detected,0
36.0,36.0,900,36,person,1.0,1713.954,404.194,98.841,240.346,1763.374,524.367,23756.039,46.377,46.377,18.72,detected,0
36.0,36.0,900,38,person,1.0,1054.768,2.324,45.115,127.524,1077.325,66.086,5753.245,24.532,24.532,18.48,detected,0
36.0,36.0,900,39,person,1.0,1135.252,623.232,94.154,293.752,1182.329,770.108,27657.926,100.943,100.943,15.44,detected,0
36.0,36.0,900,41,person,1.0,201.827,292.627,89.56,202.26,246.607,393.757,18114.406,107.18,107.18,11.68,detected,0
36.0,36.0,900,43,person,1.0,1683.146,178.663,76.448,181.87,1721.37,269.598,13903.598,56.034,56.034,10.56,detected,0
36.0,36.0,900,45,person,1.0,1161.087,586.864,91.978,285.25,1207.076,729.489,26236.725,186.677,186.677,7.96,detected,0
36.0,36.0,900,46,person,1.0,1259.215,469.378,84.362,256.154,1301.396,597.455,21609.664,185.336,185.336,7.8,detected,0
36.0,36.0,900,47,person,1.0,150.574,371.186,100.679,222.874,200.913,482.623,22438.731,109.413,109.413,5.76,detected,0
36.0,36.0,900,48,person,1.0,732.143,104.546,56.584,154.352,760.435,181.722,8733.854,74.785,74.785,4.8,detected,0
36.0,36.0,900,49,person,1.0,701.648,96.165,56.098,151.757,729.697,172.043,8513.264,76.428,76.428,4.8,detected,0
36.0,36.0,900,51,person,1.0,0.0,648.563,136.445,301.302,68.222,799.214,41111.151,0.0,0.0,0.32,detected,0
37.0,37.0,925,35,person,1.0,1149.5,0.0,43.283,118.106,1171.141,59.053,5111.982,32.618,32.618,19.84,detected,0
37.0,37.0,925,36,person,1.0,1717.781,444.028,102.942,250.928,1769.252,569.492,25831.03,45.506,45.506,19.72,detected,0
37.0,37.0,925,38,person,1.0,1079.543,0.0,43.831,114.072,1101.458,57.036,4999.89,25.774,25.774,19.48,detected,0
37.0,37.0,925,39,person,1.0,1120.911,729.527,102.383,318.156,1172.102,888.605,32573.766,118.937,118.937,16.44,detected,0
37.0,37.0,925,41,person,1.0,90.898,334.735,101.864,213.982,141.83,441.726,21797.062,115.236,115.236,12.68,detected,0
37.0,37.0,925,43,person,1.0,1718.044,160.173,78.087,178.521,1757.088,249.434,13940.169,41.016,41.016,11.56,detected,0
37.0,37.0,925,45,person,1.0,955.634,607.554,94.078,289.8,1002.673,752.454,27263.804,205.689,205.689,8.96,detected,0
37.0,37.0,925,46,person,1.0,1061.681,496.788,82.929,263.674,1103.146,628.625,21866.221,200.686,200.686,8.8,detected,0
37.0,37.0,925,47,person,1.0,35.665,417.528,114.963,236.163,93.146,535.61,27150.007,120.089,120.089,6.76,detected,0
37.0,37.0,925,48,person,1.0,649.9,134.184,59.986,162.041,679.893,215.204,9720.191,87.224,87.224,5.8,detected,0
37.0,37.0,925,49,person,1.0,619.85,125.56,59.611,159.362,649.656,205.241,9499.728,86.653,86.653,5.8,detected,0
37.0,37.0,925,51,person,1.0,64.288,586.654,129.132,281.317,128.854,727.312,36327.027,94.053,94.053,1.32,detected,0
37.0,37.0,925,52,person,1.0,1685.78,649.813,119.445,307.135,1745.503,803.38,36685.74,0.0,0.0,0.24,detected,0
38.0,38.0,950,36,person,1.0,1735.474,489.093,108.89,263.453,1789.919,620.82,28687.397,55.332,55.332,20.72,detected,0
38.0,38.0,950,39,person,1.0,1061.627,854.766,110.401,225.234,1116.827,967.383,24866.059,96.236,96.236,17.44,detected,0
38.0,38.0,950,41,person,1.0,0.0,373.014,87.296,226.058,43.648,486.043,19733.959,107.72,107.72,13.68,detected,0
38.0,38.0,950,43,person,1.0,1747.081,138.541,79.231,174.598,1786.697,225.84,13833.574,37.86,37.86,12.56,detected,0
38.0,38.0,950,45,person,1.0,726.785,617.597,103.048,290.603,778.309,762.899,29946.058,224.607,224.607,9.96,detected,0
38.0,38.0,950,46,person,1.0,837.328,510.855,90.689,266.257,882.673,643.984,24146.581,221.007,221.007,9.8,detected,0
38.0,38.0,950,48,person,1.0,562.774,164.58,64.132,169.759,594.84,249.459,10886.984,91.692,91.692,6.8,detected,0
38.0,38.0,950,49,person,1.0,530.876,160.786,64.436,168.418,563.094,244.995,10852.182,95.254,95.254,6.8,detected,0
38.0,38.0,950,51,person,1.0,99.018,534.347,121.033,266.338,159.534,667.516,32235.687,67.208,67.208,2.32,detected,0
38.0,38.0,950,52,person,1.0,1641.297,578.942,109.821,285.573,1696.207,721.728,31361.912,95.378,95.378,1.24,detected,0
39.0,39.0,975,36,person,1.0,1752.125,543.573,115.633,278.964,1809.941,683.055,32257.444,65.377,65.377,21.72,detected,0
39.0,39.0,975,39,person,1.0,963.681,996.095,123.183,83.905,1025.273,1038.048,10335.67,115.654,115.654,18.44,detected,0
39.0,39.0,975,43,person,1.0,1741.518,135.584,78.433,173.638,1780.735,222.403,13618.949,6.882,6.882,13.56,detected,0
39.0,39.0,975,45,person,1.0,494.439,628.455,111.393,291.015,550.135,773.963,32417.034,228.442,228.442,10.96,detected,0
39.0,39.0,975,46,person,1.0,602.82,516.188,97.143,264.906,651.391,648.641,25733.764,231.328,231.328,10.8,detected,0
39.0,39.0,975,48,person,1.0,467.612,197.844,69.358,178.081,502.291,286.885,12351.342,99.83,99.83,7.8,detected,0
39.0,39.0,975,49,person,1.0,438.039,191.921,69.616,176.223,472.847,280.033,12267.94,96.81,96.81,7.8,detected,0
39.0,39.0,975,51,person,1.0,156.992,492.016,112.451,254.539,213.217,619.285,28623.165,72.167,72.167,3.32,detected,0
39.0,39.0,975,52,person,1.0,1617.328,518.02,102.481,268.708,1668.568,652.374,27537.465,74.659,74.659,2.24,detected,0
39.0,39.0,975,53,person,1.0,100.917,353.565,102.825,218.701,152.329,462.915,22487.93,0.0,0.0,0.64,detected,0
40.0,40.0,1000,43,person,1.0,1743.602,135.568,78.643,173.73,1782.923,222.433,13662.648,2.189,2.189,14.56,detected,0
40.0,40.0,1000,45,person,1.0,254.525,642.652,122.364,294.221,315.707,789.763,36002.058,234.96,234.96,11.96,detected,0
40.0,40.0,1000,46,person,1.0,357.627,527.541,105.971,264.527,410.613,659.804,28032.191,241.038,241.038,11.8,detected,0
40.0,40.0,1000,48,person,1.0,364.221,234.047,75.989,187.116,402.216,327.605,14218.758,108.043,108.043,8.8,detected,0
40.0,40.0,1000,49,person,1.0,325.81,228.556,76.992,185.467,364.306,321.29,14279.475,116.118,116.118,8.8,detected,0
40.0,40.0,1000,51,person,1.0,226.842,452.209,104.048,244.036,278.866,574.227,25391.458,79.624,79.624,4.32,detected,0
40.0,40.0,1000,52,person,1.0,1627.629,466.23,98.092,255.141,1676.675,593.801,25027.291,59.132,59.132,3.24,detected,0
40.0,40.0,1000,53,person,1.0,259.986,296.266,86.566,203.191,303.269,397.861,17589.432,164.362,164.362,1.64,detected,0
40.0,40.0,1000,54,person,1.0,953.944,1.781,45.965,126.853,976.927,65.207,5830.798,0.0,0.0,0.2,detected,0
41.0,41.0,1025,43,person,1.0,1744.576,135.305,78.72,173.713,1783.936,222.161,13674.687,1.048,1.048,15.56,detected,0
41.0,41.0,1025,45,person,1.0,0.089,650.25,141.11,301.637,70.644,801.068,42563.997,245.324,245.324,12.96,detected,0
41.0,41.0,1025,46,person,1.0,97.466,538.951,121.621,267.607,158.276,672.755,32546.631,252.668,252.668,12.8,detected,0
41.0,41.0,1025,48,person,1.0,242.969,274.562,85.392,197.475,285.665,373.299,16862.785,125.188,125.188,9.8,detected,0
41.0,41.0,1025,49,person,1.0,208.721,275.044,87.453,197.669,252.447,373.879,17286.747,123.604,123.604,9.8,detected,0
41.0,41.0,1025,51,person,1.0,276.731,407.682,96.887,232.63,325.174,523.997,22538.823,68.319,68.319,5.32,detected,0
41.0,41.0,1025,52,person,1.0,1656.694,419.726,95.613,243.309,1704.501,541.38,23263.503,59.347,59.347,4.24,detected,0
41.0,41.0,1025,53,person,1.0,398.803,246.574,75.983,190.756,436.794,341.952,14494.213,144.758,144.758,2.64,detected,0
41.0,41.0,1025,54,person,1.0,922.361,14.312,47.278,130.157,946.0,79.391,6153.563,34.024,34.024,1.2,detected,0
42.0,42.0,1050,43,person,1.0,1744.394,134.807,78.663,173.587,1783.726,221.601,13654.874,0.599,0.599,16.56,detected,0
42.0,42.0,1050,48,person,1.0,114.173,325.021,98.981,211.217,163.663,430.63,20906.47,134.8,134.8,10.8,detected,0
42.0,42.0,1050,49,person,1.0,84.646,320.116,101.016,210.329,135.154,425.281,21246.594,128.062,128.062,10.8,detected,0
42.0,42.0,1050,51,person,1.0,318.388,369.751,91.148,222.984,363.962,481.243,20324.546,57.727,57.727,6.32,detected,0
42.0,42.0,1050,52,person,1.0,1681.792,376.585,93.492,232.449,1728.538,492.809,21732.122,54.194,54.194,5.24,detected,0
42.0,42.0,1050,53,person,1.0,520.562,203.453,68.613,180.146,554.869,293.526,12360.357,127.619,127.619,3.64,detected,0
42.0,42.0,1050,54,person,1.0,879.443,30.879,49.023,134.544,903.955,98.151,6595.751,46.041,46.041,2.2,detected,0
42.0,42.0,1050,55,person,1.0,1292.853,967.055,126.678,112.945,1356.192,1023.527,14307.647,0.0,0.0,0.08,detected,0
42.0,42.0,1050,56,person,1.0,1429.368,985.442,131.162,94.558,1494.949,1032.721,12402.416,0.0,0.0,0.0,detected,0
43.0,43.0,1075,43,person,1.0,1743.606,133.969,78.517,173.352,1782.865,220.645,13611.079,1.286,1.286,17.56,detected,0
43.0,43.0,1075,48,person,1.0,0.0,384.77,92.112,228.963,46.056,499.251,21090.24,136.164,136.164,11.8,detected,0
43.0,43.0,1075,51,person,1.0,347.381,332.651,86.243,213.413,390.502,439.357,18405.377,49.586,49.586,7.32,detected,0
43.0,43.0,1075,52,person,1.0,1698.5,335.707,91.161,222.187,1744.081,446.8,20254.789,48.563,48.563,6.24,detected,0
43.0,43.0,1075,53,person,1.0,623.65,165.752,63.208,170.683,655.254,251.094,10788.531,108.985,108.985,4.64,detected,0
43.0,43.0,1075,54,person,1.0,836.407,45.923,50.64,138.516,861.727,115.181,7014.45,45.532,45.532,3.2,detected,0
43.0,43.0,1075,55,person,1.0,1344.422,868.125,122.198,211.875,1405.521,974.062,25890.701,69.858,69.858,1.08,detected,0
43.0,43.0,1075,56,person,1.0,1494.542,881.171,127.781,198.829,1558.432,980.586,25406.568,82.148,82.148,1.0,detected,0
43.0,43.0,1075,57,person,1.0,47.832,416.26,113.672,235.635,104.668,534.077,26785.102,0.0,0.0,0.56,detected,0
44.0,44.0,1100,43,person,1.0,1744.034,134.11,78.571,173.405,1783.32,220.812,13624.604,0.485,0.485,18.56,detected,0
44.0,44.0,1100,51,person,1.0,389.499,310.886,82.567,208.036,430.783,414.904,17176.908,47.122,47.122,8.32,detected,0
44.0,44.0,1100,52,person,1.0,1721.989,304.613,90.548,214.789,1767.263,412.008,19448.714,41.809,41.809,7.24,detected,0
44.0,44.0,1100,53,person,1.0,713.473,131.552,59.151,161.854,743.048,212.479,9573.826,95.911,95.911,5.64,detected,0
44.0,44.0,1100,54,person,1.0,773.184,59.377,52.282,141.91,799.325,130.332,7419.339,64.215,64.215,4.2,detected,0
44.0,44.0,1100,55,person,1.0,1391.642,778.467,116.967,301.533,1450.126,929.234,35269.41,63.239,63.239,2.08,detected,0
44.0,44.0,1100,56,person,1.0,1542.492,794.328,123.597,285.672,1604.291,937.164,35308.202,63.154,63.154,2.0,detected,0
44.0,44.0,1100,57,person,1.0,146.725,373.552,101.193,223.509,197.322,485.307,22617.546,104.706,104.706,1.56,detected,0
44.0,44.0,1100,58,person,1.0,1370.645,935.322,127.267,144.678,1434.278,1007.661,18412.735,0.0,0.0,0.6,detected,0
44.0,44.0,1100,59,person,1.0,1526.723,930.839,131.36,149.161,1592.403,1005.419,19593.789,0.0,0.0,0.28,detected,0
44.0,44.0,1100,60,person,1.0,1795.638,156.686,86.182,181.287,1838.729,247.329,15623.676,0.0,0.0,0.28,detected,0
44.0,44.0,1100,61,person,1.0,989.425,6.85,46.1,128.433,1012.475,71.066,5920.761,0.0,0.0,0.28,detected,0
44.0,44.0,1100,62,person,1.0,1772.545,454.558,109.568,255.317,1827.329,582.216,27974.573,0.0,0.0,0.28,detected,0
44.0,44.0,1100,63,person,1.0,1821.534,195.719,92.752,191.846,1867.91,291.642,17794.1,0.0,0.0,0.28,detected,0
45.0,45.0,1125,43,person,1.0,1745.23,135.821,78.828,173.867,1784.644,222.755,13705.588,2.351,2.351,19.56,detected,0
45.0,45.0,1125,51,person,1.0,395.688,311.307,82.404,208.222,436.89,415.418,17158.326,6.129,6.129,9.32,detected,0
45.0,45.0,1125,52,person,1.0,1759.62,279.725,92.304,209.655,1805.772,384.553,19351.995,47.294,47.294,8.24,detected,0
45.0,45.0,1125,53,person,1.0,793.882,101.505,55.818,153.948,821.791,178.479,8593.069,85.769,85.769,6.64,detected,0
45.0,45.0,1125,54,person,1.0,716.88,73.558,53.972,145.52,743.866,146.318,7854.005,57.717,57.717,5.2,detected,0
45.0,45.0,1125,55,person,1.0,1432.163,704.983,112.044,315.567,1488.185,862.766,35357.389,76.592,76.592,3.08,detected,0
45.0,45.0,1125,56,person,1.0,1567.625,716.059,118.353,322.368,1626.802,877.243,38153.22,64.01,64.01,3.0,detected,0
45.0,45.0,1125,57,person,1.0,236.333,334.577,91.592,213.208,282.129,441.181,19528.147,95.6,95.6,2.56,detected,0
45.0,45.0,1125,58,person,1.0,1430.25,840.174,123.026,239.826,1491.763,960.087,29504.833,74.617,74.617,1.6,detected,0
45.0,45.0,1125,59,person,1.0,1546.662,829.166,126.246,250.834,1609.785,954.583,31666.789,53.726,53.726,1.28,detected,0
45.0,45.0,1125,60,person,1.0,1733.9,179.068,81.132,183.737,1774.466,270.937,14906.95,68.462,68.462,1.28,detected,0
45.0,45.0,1125,61,person,1.0,946.591,19.052,47.491,131.598,970.337,84.851,6249.721,44.336,44.336,1.28,detected,0
45.0,45.0,1125,62,person,1.0,1763.792,521.276,114.805,273.168,1821.195,657.86,31361.052,75.892,75.892,1.28,detected,0
45.0,45.0,1125,63,person,1.0,1811.532,220.049,93.482,197.11,1858.273,318.604,18426.237,28.633,28.633,1.28,detected,0
45.0,45.0,1125,64,person,1.0,1036.72,0.0,44.42,116.471,1058.93,58.236,5173.642,0.0,0.0,0.04,detected,0
46.0,46.0,1150,43,person,1.0,1745.019,135.807,78.804,173.854,1784.421,222.734,13700.391,0.224,0.224,20.56,detected,0
46.0,46.0,1150,51,person,1.0,394.085,315.227,82.846,209.257,435.508,419.856,17336.105,4.648,4.648,10.32,detected,0
46.0,46.0,1150,52,person,1.0,1813.029,251.751,96.381,204.841,1861.22,354.171,19742.78,63.225,63.225,9.24,detected,0
46.0,46.0,1150,53,person,1.0,867.474,73.878,52.824,146.579,893.886,147.167,7742.889,78.601,78.601,7.64,detected,0
46.0,46.0,1150,54,person,1.0,665.47,90.296,55.906,149.849,693.423,165.221,8377.458,53.868,53.868,6.2,detected,0
46.0,46.0,1150,55,person,1.0,1484.077,628.405,106.836,296.2,1537.495,776.505,31644.823,99.361,99.361,4.08,detected,0
46.0,46.0,1150,56,person,1.0,1582.638,647.719,112.969,303.206,1639.122,799.322,34252.879,78.889,78.889,4.0,detected,0
46.0,46.0,1150,57,person,1.0,314.82,298.629,84.193,204.067,356.916,400.663,17181.013,85.058,85.058,3.56,detected,0
46.0,46.0,1150,58,person,1.0,1448.58,748.279,116.419,327.828,1506.789,912.193,38165.408,50.196,50.196,2.6,detected,0
46.0,46.0,1150,59,person,1.0,1587.574,738.078,121.12,329.853,1648.134,903.005,39951.795,64.273,64.273,2.28,detected,0
46.0,46.0,1150,60,person,1.0,1687.051,212.793,79.562,190.539,1726.832,308.062,15159.664,60.393,60.393,2.28,detected,0
46.0,46.0,1150,61,person,1.0,899.169,38.999,49.57,136.922,923.954,107.46,6787.224,51.599,51.599,2.28,detected,0
46.0,46.0,1150,62,person,1.0,1763.266,593.704,121.427,293.749,1823.979,740.578,35669.06,82.765,82.765,2.28,detected,0
46.0,46.0,1150,63,person,1.0,1789.898,245.351,92.872,202.258,1836.334,346.48,18784.105,35.474,35.474,2.28,detected,0
46.0,46.0,1150,64,person,1.0,996.343,7.462,46.091,128.638,1019.389,71.781,5929.054,41.797,41.797,1.04,detected,0
46.0,46.0,1150,65,person,1.0,82.721,526.414,121.551,264.408,143.496,658.618,32139.057,0.0,0.0,0.84,detected,0
46.0,46.0,1150,66,person,1.0,1691.715,22.588,65.148,144.747,1724.289,94.962,9429.978,0.0,0.0,0.48,detected,0
46.0,46.0,1150,67,person,1.0,0.0,521.525,114.793,264.983,57.397,654.016,30418.194,0.0,0.0,0.0,detected,0
47.0,47.0,1175,43,person,1.0,1743.783,135.15,78.627,173.64,1783.097,221.97,13652.792,1.529,1.529,21.56,detected,0
47.0,47.0,1175,51,person,1.0,404.462,316.856,82.672,209.822,445.798,421.767,17346.404,10.466,10.466,11.32,detected,0
47.0,47.0,1175,53,person,1.0,936.518,48.844,50.11,139.881,961.573,118.784,7009.437,73.397,73.397,8.64,detected,0
47.0,47.0,1175,54,person,1.0,608.958,111.396,58.495,155.324,638.206,189.058,9085.677,60.143,60.143,7.2,detected,0
47.0,47.0,1175,55,person,1.0,1530.71,566.033,102.713,280.391,1582.066,706.228,28799.801,83.219,83.219,5.08,detected,0
47.0,47.0,1175,56,person,1.0,1608.304,587.381,108.653,287.175,1662.631,730.968,31202.425,72.283,72.283,5.0,detected,0
47.0,47.0,1175,57,person,1.0,386.452,264.924,78.162,195.607,425.533,362.727,15289.034,78.405,78.405,4.56,detected,0
47.0,47.0,1175,58,person,1.0,1485.593,674.804,111.255,308.503,1541.22,829.055,34322.501,89.985,89.985,3.6,detected,0
47.0,47.0,1175,59,person,1.0,1633.532,662.106,117.018,308.822,1692.041,816.517,36137.733,96.994,96.994,3.28,detected,0
47.0,47.0,1175,60,person,1.0,1645.208,246.482,79.07,198.084,1684.743,345.524,15662.502,56.346,56.346,3.28,detected,0
47.0,47.0,1175,61,person,1.0,848.824,60.406,51.802,142.66,874.725,131.736,7390.073,54.889,54.889,3.28,detected,0
47.0,47.0,1175,63,person,1.0,1764.055,270.249,91.98,207.436,1810.045,373.967,19079.963,38.035,38.035,3.28,detected,0
47.0,47.0,1175,64,person,1.0,958.044,25.093,47.909,133.337,981.998,91.761,6388.042,42.394,42.394,2.04,detected,0
47.0,47.0,1175,65,person,1.0,209.27,471.721,107.065,249.114,262.803,596.278,26671.39,134.611,134.611,1.84,detected,0
47.0,47.0,1175,66,person,1.0,1673.392,43.899,65.232,148.866,1706.008,118.332,9710.827,29.671,29.671,1.48,detected,0
47.0,47.0,1175,67,person,1.0,79.402,465.798,115.734,248.228,137.269,589.912,28728.419,102.416,102.416,1.0,detected,0
47.0,47.0,1175,68,person,1.0,0.0,465.48,102.646,249.992,51.323,590.476,25660.679,0.0,0.0,0.08,detected,0
48.0,48.0,1200,43,person,1.0,1742.157,134.041,78.376,173.302,1781.345,220.692,13582.718,2.168,2.168,22.56,detected,0
48.0,48.0,1200,51,person,1.0,408.259,326.147,83.478,212.371,449.998,432.332,17728.306,11.37,11.37,12.32,detected,0
48.0,48.0,1200,53,person,1.0,1001.298,26.919,47.682,134.06,1025.139,93.949,6392.249,68.245,68.245,9.64,detected,0
48.0,48.0,1200,54,person,1.0,535.529,134.429,61.939,161.17,566.498,215.014,9982.709,76.26,76.26,8.2,detected,0
48.0,48.0,1200,55,person,1.0,1569.564,516.741,99.712,267.823,1619.42,650.652,26705.167,66.962,66.962,6.08,detected,0
48.0,48.0,1200,56,person,1.0,1641.21,530.085,105.144,272.317,1693.782,666.244,28632.499,71.831,71.831,6.0,detected,0
48.0,48.0,1200,57,person,1.0,465.184,230.522,72.506,187.026,501.437,324.035,13560.507,85.197,85.197,5.56,detected,0
48.0,48.0,1200,58,person,1.0,1541.683,604.874,106.976,290.75,1595.171,750.249,31103.272,95.505,95.505,4.6,detected,0
48.0,48.0,1200,59,person,1.0,1688.123,597.236,114.848,291.96,1745.547,743.216,33531.022,90.752,90.752,4.28,detected,0
48.0,48.0,1200,60,person,1.0,1601.201,281.417,79.141,206.417,1640.772,384.625,16336.048,58.842,58.842,4.28,detected,0
48.0,48.0,1200,61,person,1.0,797.485,81.633,54.044,148.336,824.507,155.801,8016.671,55.686,55.686,4.28,detected,0
48.0,48.0,1200,63,person,1.0,1733.929,304.019,91.694,214.979,1779.776,411.509,19712.284,48.224,48.224,4.28,detected,0
48.0,48.0,1200,64,person,1.0,916.928,42.306,49.713,137.942,941.784,111.277,6857.511,44.699,44.699,3.04,detected,0
48.0,48.0,1200,65,person,1.0,309.975,414.86,96.126,234.796,358.038,532.258,22570.0,114.753,114.753,2.84,detected,0
48.0,48.0,1200,66,person,1.0,1655.081,61.795,65.132,152.331,1687.647,137.96,9921.623,26.878,26.878,2.48,detected,0
48.0,48.0,1200,67,person,1.0,180.759,411.596,102.654,233.339,232.086,528.265,23953.182,113.095,113.095,2.0,detected,0
48.0,48.0,1200,68,person,1.0,86.639,409.912,109.551,233.462,141.415,526.643,25575.996,110.413,110.413,1.08,detected,0
48.0,48.0,1200,69,person,1.0,1526.64,722.357,117.135,322.802,1585.207,883.758,37811.412,0.0,0.0,0.8,detected,0
48.0,48.0,1200,70,person,1.0,0.0,382.717,101.166,228.187,50.583,496.81,23084.766,0.0,0.0,0.0,detected,0
49.0,49.0,1225,43,person,1.0,1735.885,131.623,77.558,172.439,1774.664,217.843,13374.024,7.263,7.263,23.56,detected,0
49.0,49.0,1225,51,person,1.0,400.175,318.828,83.006,210.301,441.678,423.978,17456.245,11.79,11.79,13.32,detected,0
49.0,49.0,1225,53,person,1.0,1053.653,3.031,45.185,127.712,1076.245,66.887,5770.667,57.829,57.829,10.64,detected,0
49.0,49.0,1225,54,person,1.0,469.742,158.477,65.664,167.319,502.574,242.137,10986.835,69.44,69.44,9.2,detected,0
49.0,49.0,1225,55,person,1.0,1601.045,463.918,96.249,254.237,1649.169,591.036,24470.057,66.627,66.627,7.08,detected,0
49.0,49.0,1225,56,person,1.0,1669.892,479.298,102.26,259.267,1721.022,608.932,26512.643,63.456,63.456,7.0,detected,0
49.0,49.0,1225,57,person,1.0,537.367,201.583,68.075,179.806,571.404,291.486,12240.293,77.168,77.168,6.56,detected,0
49.0,49.0,1225,58,person,1.0,1565.855,546.379,102.433,275.579,1617.072,684.168,28228.384,69.615,69.615,5.6,detected,0
49.0,49.0,1225,59,person,1.0,1734.18,539.286,113.476,277.158,1790.918,677.865,31450.781,79.557,79.557,5.28,detected,0
49.0,49.0,1225,60,person,1.0,1560.744,320.673,80.387,216.341,1600.938,428.844,17391.004,59.515,59.515,5.28,detected,0
49.0,49.0,1225,61,person,1.0,733.802,104.05,56.526,154.225,762.065,181.162,8717.722,67.396,67.396,5.28,detected,0
49.0,49.0,1225,63,person,1.0,1691.433,333.562,90.364,221.477,1736.615,444.3,20013.548,54.205,54.205,5.28,detected,0
49.0,49.0,1225,64,person,1.0,852.149,68.048,52.44,144.837,878.369,140.466,7595.252,69.811,69.811,4.04,detected,0
49.0,49.0,1225,65,person,1.0,398.212,368.942,88.115,223.698,442.269,480.791,19711.149,98.711,98.711,3.84,detected,0
49.0,49.0,1225,66,person,1.0,1643.65,79.417,65.595,156.122,1676.447,157.478,10240.823,22.502,22.502,3.48,detected,0
49.0,49.0,1225,67,person,1.0,280.041,368.815,92.765,222.421,326.423,480.025,20632.884,105.956,105.956,3.0,detected,0
49.0,49.0,1225,68,person,1.0,181.634,365.837,98.007,221.376,230.637,476.525,21696.398,102.336,102.336,2.08,detected,0
49.0,49.0,1225,69,person,1.0,1327.798,742.008,111.667,323.41,1383.631,903.713,36114.224,202.561,202.561,1.8,detected,0
49.0,49.0,1225,70,person,1.0,82.788,338.339,102.918,215.012,134.247,445.845,22128.605,97.965,97.965,1.0,detected,0
49.0,49.0,1225,71,person,1.0,1828.759,125.42,87.85,175.907,1872.684,213.374,15453.43,0.0,0.0,0.0,detected,0
50.0,50.0,1250,43,person,1.0,1758.33,129.172,79.687,172.923,1798.173,215.634,13779.715,23.613,23.613,24.56,detected,0
50.0,50.0,1250,51,person,1.0,398.721,318.408,83.011,210.17,440.226,423.493,17446.422,1.531,1.531,14.32,detected,0
50.0,50.0,1250,54,person,1.0,391.988,188.593,70.749,175.044,427.363,276.115,12384.188,82.531,82.531,10.2,detected,0
50.0,50.0,1250,55,person,1.0,1649.984,421.478,95.3,243.668,1697.634,543.312,23221.56,68.018,68.018,8.08,detected,0
50.0,50.0,1250,56,person,1.0,1719.626,434.295,102.199,248.399,1770.726,558.495,25386.129,70.812,70.812,8.0,detected,0
50.0,50.0,1250,57,person,1.0,609.43,176.42,64.391,173.538,641.625,263.189,11174.285,75.708,75.708,7.56,detected,0
50.0,50.0,1250,58,person,1.0,1603.568,498.675,99.784,263.411,1653.46,630.38,26284.203,64.941,64.941,6.6,detected,0
50.0,50.0,1250,59,person,1.0,1772.802,488.529,112.768,264.492,1829.186,620.775,29826.234,68.729,68.729,6.28,detected,0
50.0,50.0,1250,60,person,1.0,1528.676,368.496,83.299,228.817,1570.325,482.904,19060.227,62.126,62.126,6.28,detected,0
50.0,50.0,1250,61,person,1.0,665.302,127.772,59.25,160.367,694.927,207.956,9501.745,72.287,72.287,6.28,detected,0
50.0,50.0,1250,63,person,1.0,1635.286,363.983,88.865,228.412,1679.718,478.189,20297.832,66.224,66.224,6.28,detected,0
50.0,50.0,1250,64,person,1.0,783.82,89.834,54.871,150.565,811.255,165.117,8261.652,71.497,71.497,5.04,detected,0
50.0,50.0,1250,65,person,1.0,496.435,325.023,80.906,213.302,536.888,431.674,17257.412,106.607,106.607,4.84,detected,0
50.0,50.0,1250,66,person,1.0,1634.626,105.613,66.925,162.206,1668.088,186.716,10855.637,30.409,30.409,4.48,detected,0
50.0,50.0,1250,67,person,1.0,380.508,336.585,85.436,214.83,423.226,444.0,18354.216,103.289,103.289,4.0,detected,0
50.0,50.0,1250,68,person,1.0,262.978,318.601,88.593,209.084,307.274,423.143,18523.379,93.396,93.396,3.08,detected,0
50.0,50.0,1250,69,person,1.0,1119.769,757.123,104.549,322.877,1172.043,918.562,33756.467,212.108,212.108,2.8,detected,0
50.0,50.0,1250,70,person,1.0,163.938,300.213,92.824,204.409,210.35,402.418,18974.061,87.622,87.622,2.0,detected,0
50.0,50.0,1250,71,person,1.0,1785.368,154.693,84.796,180.286,1827.766,244.836,15287.532,54.841,54.841,1.0,detected,0
51.0,51.0,1275,43,person,1.0,1767.314,121.489,80.062,171.571,1807.345,207.274,13736.317,12.409,12.409,25.56,detected,0
51.0,51.0,1275,54,person,1.0,304.806,216.354,76.778,182.19,343.195,307.449,13988.184,89.811,89.811,11.2,detected,0
51.0,51.0,1275,55,person,1.0,1698.249,385.601,95.688,235.133,1746.093,503.168,22499.407,62.927,62.927,9.08,detected,0
51.0,51.0,1275,56,person,1.0,1753.23,394.71,101.899,238.911,1804.179,514.165,24344.792,55.536,55.536,9.0,detected,0
51.0,51.0,1275,57,person,1.0,679.195,153.83,61.47,167.861,709.93,237.76,10318.416,72.884,72.884,8.56,detected,0
51.0,51.0,1275,58,person,1.0,1656.138,457.983,99.222,253.376,1705.749,584.671,25140.473,69.451,69.451,7.6,detected,0
51.0,51.0,1275,59,person,1.0,1800.869,435.978,111.285,251.371,1856.512,561.663,27973.822,65.122,65.122,7.28,detected,0
51.0,51.0,1275,60,person,1.0,1512.094,427.442,88.256,244.27,1556.222,549.577,21558.293,68.148,68.148,7.28,detected,0
51.0,51.0,1275,61,person,1.0,596.509,151.733,62.329,166.484,627.673,234.975,10376.781,72.478,72.478,7.28,detected,0
51.0,51.0,1275,63,person,1.0,1585.93,398.809,89.091,237.039,1630.476,517.328,21118.042,62.903,62.903,7.28,detected,0
51.0,51.0,1275,64,person,1.0,711.396,111.579,57.384,156.179,740.088,189.668,8962.176,75.284,75.284,6.04,detected,0
51.0,51.0,1275,65,person,1.0,590.407,287.397,75.148,204.36,627.981,389.577,15357.245,100.35,100.35,5.84,detected,0
51.0,51.0,1275,66,person,1.0,1646.37,133.637,69.952,169.524,1681.346,218.399,11858.543,34.345,34.345,5.48,detected,0
51.0,51.0,1275,67,person,1.0,480.214,295.342,78.389,204.98,519.409,397.832,16068.177,106.689,106.689,5.0,detected,0
51.0,51.0,1275,68,person,1.0,333.33,285.625,82.146,200.729,374.403,385.99,16489.084,76.724,76.724,4.08,detected,0
51.0,51.0,1275,69,person,1.0,890.495,792.776,110.472,287.224,945.731,936.388,31730.21,227.014,227.014,3.8,detected,0
51.0,51.0,1275,70,person,1.0,263.3,269.521,83.817,196.159,305.209,367.601,16441.459,101.046,101.046,3.0,detected,0
51.0,51.0,1275,71,person,1.0,1737.721,188.43,82.27,186.178,1778.856,281.519,15316.864,61.138,61.138,2.0,detected,0
51.0,51.0,1275,72,person,1.0,1798.747,198.569,90.034,191.349,1843.764,294.243,17227.916,0.0,0.0,0.88,detected,0
51.0,51.0,1275,73,person,1.0,87.029,376.035,106.191,224.66,140.125,488.365,23856.87,0.0,0.0,0.76,detected,0
51.0,51.0,1275,74,person,1.0,129.094,770.898,141.787,309.102,199.987,925.449,43826.645,0.0,0.0,0.68,detected,0
51.0,51.0,1275,75,person,1.0,402.156,312.553,82.318,208.633,443.315,416.87,17174.251,0.0,0.0,0.56,detected,0
52.0,52.0,1300,43,person,1.0,1767.47,120.755,80.02,171.407,1807.48,206.458,13715.988,0.827,0.827,26.56,detected,0
52.0,52.0,1300,54,person,1.0,211.354,245.005,84.465,189.872,253.587,339.941,16037.538,95.317,95.317,12.2,detected,0
52.0,52.0,1300,55,person,1.0,1722.68,346.103,94.331,225.458,1769.845,458.832,21267.679,50.297,50.297,10.08,detected,0
52.0,52.0,1300,57,person,1.0,741.678,133.35,59.07,162.605,771.213,214.652,9605.077,65.495,65.495,9.56,detected,0
52.0,52.0,1300,58,person,1.0,1690.161,418.696,98.092,243.632,1739.207,540.512,23898.35,55.403,55.403,8.6,detected,0
52.0,52.0,1300,60,person,1.0,1511.188,487.076,94.082,259.785,1558.229,616.968,24441.092,67.421,67.421,8.28,detected,0
52.0,52.0,1300,61,person,1.0,515.062,180.025,66.553,173.602,548.339,266.826,11553.734,85.49,85.49,8.28,detected,0
52.0,52.0,1300,63,person,1.0,1550.989,432.228,90.493,245.607,1596.236,555.032,22225.714,50.93,50.93,8.28,detected,0
52.0,52.0,1300,64,person,1.0,632.376,135.664,60.351,162.302,662.552,216.815,9795.088,82.151,82.151,7.04,detected,0
52.0,52.0,1300,65,person,1.0,669.163,255.297,70.916,196.462,704.621,353.528,13932.299,84.695,84.695,6.84,detected,0
52.0,52.0,1300,66,person,1.0,1659.1,157.318,72.788,175.812,1695.494,245.224,12797.004,30.327,30.327,6.48,detected,0
52.0,52.0,1300,67,person,1.0,589.204,264.165,72.941,197.89,625.674,363.11,14434.294,111.795,111.795,6.0,detected,0
52.0,52.0,1300,68,person,1.0,416.925,257.305,76.443,193.838,455.147,354.224,14817.558,86.767,86.767,5.08,detected,0
52.0,52.0,1300,69,person,1.0,642.84,827.849,123.648,252.151,704.664,953.925,31177.967,241.704,241.704,4.8,detected,0
52.0,52.0,1300,70,person,1.0,356.516,238.322,76.683,188.218,394.858,332.431,14433.121,96.301,96.301,4.0,detected,0
52.0,52.0,1300,71,person,1.0,1697.335,224.232,81.403,193.715,1738.037,321.089,15768.982,56.851,56.851,3.0,detected,0
52.0,52.0,1300,72,person,1.0,1757.308,233.464,88.097,198.025,1801.356,332.476,17445.408,57.098,57.098,1.88,detected,0
52.0,52.0,1300,73,person,1.0,218.348,313.698,90.581,207.723,263.639,417.56,18815.757,142.37,142.37,1.76,detected,0
52.0,52.0,1300,74,person,1.0,337.722,632.988,117.662,291.406,396.553,778.691,34287.413,245.308,245.308,1.68,detected,0
52.0,52.0,1300,75,person,1.0,421.957,296.199,80.085,204.454,462.0,398.426,16373.699,26.254,26.254,1.56,detected,0
52.0,52.0,1300,76,person,1.0,1789.107,180.362,87.335,186.541,1832.774,273.632,16291.558,0.0,0.0,0.96,detected,0
53.0,53.0,1325,43,person,1.0,1767.308,120.921,80.015,171.437,1807.316,206.639,13717.532,0.245,0.245,27.56,detected,0
53.0,53.0,1325,54,person,1.0,121.076,273.442,93.546,197.967,167.849,372.425,18519.021,91.685,91.685,13.2,detected,0
53.0,53.0,1325,55,person,1.0,1741.908,315.516,93.536,218.148,1788.676,424.59,20404.691,39.078,39.078,11.08,detected,0
53.0,53.0,1325,57,person,1.0,806.824,116.059,56.995,158.186,835.322,195.152,9015.811,67.009,67.009,10.56,detected,0
53.0,53.0,1325,58,person,1.0,1721.59,388.285,98.091,236.372,1770.635,506.471,23185.966,46.331,46.331,9.6,detected,0
53.0,53.0,1325,60,person,1.0,1501.519,554.513,100.345,277.186,1551.691,693.106,27814.229,76.418,76.418,9.28,detected,0
53.0,53.0,1325,63,person,1.0,1513.567,475.936,93.083,256.9,1560.109,604.386,23913.023,61.164,61.164,9.28,detected,0
53.0,53.0,1325,64,person,1.0,548.216,161.916,64.178,168.884,580.305,246.358,10838.637,87.392,87.392,8.04,detected,0
53.0,53.0,1325,65,person,1.0,742.077,225.712,67.399,188.944,775.776,320.184,12734.637,78.581,78.581,7.84,detected,0
53.0,53.0,1325,66,person,1.0,1656.36,191.871,75.354,184.419,1694.037,284.081,13896.709,38.884,38.884,7.48,detected,0
53.0,53.0,1325,67,person,1.0,674.149,240.711,69.501,192.416,708.899,336.919,13373.104,87.249,87.249,7.0,detected,0
53.0,53.0,1325,68,person,1.0,492.468,228.594,71.636,186.793,528.286,321.99,13381.103,79.927,79.927,6.08,detected,0
53.0,53.0,1325,69,person,1.0,395.455,858.159,136.165,221.841,463.538,969.08,30206.98,241.602,241.602,5.8,detected,0
53.0,53.0,1325,70,person,1.0,449.888,213.115,71.267,182.106,485.521,304.168,12978.148,94.967,94.967,5.0,detected,0
53.0,53.0,1325,71,person,1.0,1649.962,260.621,80.636,201.817,1690.28,361.529,16273.716,62.579,62.579,4.0,detected,0
53.0,53.0,1325,72,person,1.0,1712.277,271.093,86.711,205.986,1755.633,374.086,17861.252,61.823,61.823,2.88,detected,0
53.0,53.0,1325,73,person,1.0,316.019,261.441,80.535,194.176,356.286,358.529,15637.964,109.856,109.856,2.76,detected,0
53.0,53.0,1325,74,person,1.0,512.122,523.61,100.409,265.462,562.326,656.341,26654.774,206.035,206.035,2.68,detected,0
53.0,53.0,1325,75,person,1.0,466.577,273.962,76.652,198.952,504.903,373.438,15250.069,49.65,49.65,2.56,detected,0
53.0,53.0,1325,76,person,1.0,1762.497,226.168,88.059,196.421,1806.526,324.379,17296.637,57.132,57.132,1.96,detected,0
53.0,53.0,1325,77,person,1.0,61.079,407.547,111.584,233.168,116.871,524.131,26017.818,0.0,0.0,0.84,detected,0
53.0,53.0,1325,78,person,1.0,423.591,212.239,71.943,181.643,459.562,303.06,13067.942,0.0,0.0,0.0,detected,0
54.0,54.0,1350,43,person,1.0,1767.333,120.384,79.976,171.314,1807.321,206.041,13701.008,0.599,0.599,28.56,detected,0
54.0,54.0,1350,54,person,1.0,28.236,309.694,105.377,208.687,80.924,414.038,21990.81,96.371,96.371,14.2,detected,0
54.0,54.0,1350,55,person,1.0,1767.549,288.665,93.968,212.184,1814.533,394.757,19938.506,39.479,39.479,12.08,detected,0
54.0,54.0,1350,57,person,1.0,865.476,97.693,54.905,153.338,892.928,174.362,8419.023,61.244,61.244,11.56,detected,0
54.0,54.0,1350,58,person,1.0,1746.025,353.252,97.351,227.946,1794.7,467.225,22190.771,46.037,46.037,10.6,detected,0
54.0,54.0,1350,60,person,1.0,1478.785,629.777,106.764,296.495,1532.167,778.024,31654.992,87.134,87.134,10.28,detected,0
54.0,54.0,1350,63,person,1.0,1495.455,522.99,96.989,269.03,1543.949,657.505,26092.951,55.522,55.522,10.28,detected,0
54.0,54.0,1350,64,person,1.0,452.322,189.435,68.984,175.653,486.814,277.262,12117.247,98.466,98.466,9.04,detected,0
54.0,54.0,1350,65,person,1.0,804.27,197.122,64.188,181.38,836.364,287.812,11642.419,68.693,68.693,8.84,detected,0
54.0,54.0,1350,66,person,1.0,1638.725,220.455,76.399,191.271,1676.925,316.091,14612.913,36.297,36.297,8.48,detected,0
54.0,54.0,1350,67,person,1.0,735.757,212.213,66.236,185.036,768.875,304.731,12256.044,68.067,68.067,8.0,detected,0
54.0,54.0,1350,68,person,1.0,568.085,197.879,67.105,179.111,601.638,287.435,12019.244,81.084,81.084,7.08,detected,0
54.0,54.0,1350,69,person,1.0,133.52,887.723,150.744,192.277,208.892,983.861,28984.604,255.074,255.074,6.8,detected,0
54.0,54.0,1350,70,person,1.0,529.335,183.385,66.551,174.668,562.611,270.719,11624.33,84.033,84.033,6.0,detected,0
54.0,54.0,1350,71,person,1.0,1601.906,302.538,81.07,211.946,1642.441,408.511,17182.462,67.051,67.051,5.0,detected,0
54.0,54.0,1350,72,person,1.0,1673.281,314.038,87.123,216.053,1716.842,422.065,18823.186,61.698,61.698,3.88,detected,0
54.0,54.0,1350,73,person,1.0,422.524,220.782,72.782,183.957,458.915,312.76,13388.758,112.372,112.372,3.76,detected,0
54.0,54.0,1350,74,person,1.0,652.139,441.731,88.808,246.784,696.543,565.123,21916.393,162.28,162.28,3.68,detected,0
54.0,54.0,1350,75,person,1.0,504.827,257.252,74.084,194.849,541.869,354.677,14435.193,41.455,41.455,3.56,detected,0
54.0,54.0,1350,76,person,1.0,1711.882,266.519,86.283,204.815,1755.024,368.927,17672.053,68.096,68.096,2.96,detected,0
54.0,54.0,1350,77,person,1.0,167.116,357.976,98.208,219.366,216.22,467.659,21543.496,114.277,114.277,1.84,detected,0
54.0,54.0,1350,79,person,1.0,325.354,244.379,78.506,189.676,364.607,339.217,14890.704,0.0,0.0,0.36,detected,0
55.0,55.0,1375,43,person,1.0,1768.162,119.614,80.006,171.177,1808.165,205.202,13695.187,1.19,1.19,29.56,detected,0
55.0,55.0,1375,55,person,1.0,1768.072,257.811,91.366,204.478,1813.755,360.05,18682.337,34.716,34.716,13.08,detected,0
55.0,55.0,1375,57,person,1.0,920.194,79.816,52.895,148.558,946.641,154.095,7857.975,57.409,57.409,12.56,detected,0
55.0,55.0,1375,58,person,1.0,1761.452,320.223,96.058,219.964,1809.481,430.205,21129.302,39.862,39.862,11.6,detected,0
55.0,55.0,1375,60,person,1.0,1442.785,721.946,113.931,320.363,1499.751,882.128,36499.277,109.033,109.033,11.28,detected,0
55.0,55.0,1375,63,person,1.0,1481.525,574.337,101.5,282.185,1532.275,715.429,28641.778,59.089,59.089,11.28,detected,0
55.0,55.0,1375,64,person,1.0,355.378,220.556,75.048,183.45,392.902,312.281,13767.556,100.229,100.229,10.04,detected,0
55.0,55.0,1375,65,person,1.0,863.641,172.675,61.432,174.823,894.357,260.087,10739.727,64.28,64.28,9.84,detected,0
55.0,55.0,1375,66,person,1.0,1637.376,247.552,78.596,198.203,1676.674,346.654,15577.963,30.564,30.564,9.48,detected,0
55.0,55.0,1375,67,person,1.0,796.962,180.54,62.787,176.567,828.356,268.824,11086.112,69.479,69.479,9.0,detected,0
55.0,55.0,1375,68,person,1.0,652.157,170.385,63.243,172.278,683.779,256.524,10895.378,87.764,87.764,8.08,detected,0
55.0,55.0,1375,70,person,1.0,595.689,157.684,62.886,168.143,627.132,241.755,10573.841,70.724,70.724,7.0,detected,0
55.0,55.0,1375,71,person,1.0,1557.444,349.627,82.905,223.95,1598.896,461.602,18566.575,68.664,68.664,6.0,detected,0
55.0,55.0,1375,72,person,1.0,1641.833,366.199,89.524,229.08,1686.595,480.739,20508.158,66.012,66.012,4.88,detected,0
55.0,55.0,1375,73,person,1.0,523.543,183.689,66.706,174.697,556.896,271.038,11653.338,106.495,106.495,4.76,detected,0
55.0,55.0,1375,74,person,1.0,766.302,367.073,79.891,228.574,806.247,481.36,18261.005,138.027,138.027,4.68,detected,0
55.0,55.0,1375,75,person,1.0,517.266,237.762,71.93,189.617,553.231,332.571,13639.151,24.855,24.855,4.56,detected,0
55.0,55.0,1375,76,person,1.0,1669.063,306.321,86.101,213.976,1712.113,413.309,18423.548,61.734,61.734,3.96,detected,0
55.0,55.0,1375,77,person,1.0,261.575,312.48,88.065,207.466,305.607,416.213,18270.493,103.135,103.135,2.84,detected,0
55.0,55.0,1375,79,person,1.0,231.751,281.747,86.713,199.362,275.108,381.428,17287.277,98.954,98.954,1.36,detected,0
55.0,55.0,1375,80,person,1.0,1576.319,780.975,123.987,299.025,1638.312,930.487,37075.213,0.0,0.0,0.84,detected,0
55.0,55.0,1375,81,person,1.0,1473.764,959.854,131.195,120.146,1539.361,1019.927,15762.554,0.0,0.0,0.2,detected,0
55.0,55.0,1375,82,person,1.0,1222.243,0.0,43.468,124.564,1243.977,62.282,5414.548,0.0,0.0,0.16,detected,0
56.0,56.0,1400,43,person,1.0,1768.249,117.776,79.87,170.752,1808.184,203.152,13637.962,2.051,2.051,30.56,detected,0
56.0,56.0,1400,55,person,1.0,1768.591,237.063,89.661,199.35,1813.421,336.738,17873.92,23.314,23.314,14.08,detected,0
56.0,56.0,1400,57,person,1.0,966.598,62.092,50.969,143.766,992.082,133.975,7327.609,49.696,49.696,13.56,detected,0
56.0,56.0,1400,58,person,1.0,1767.757,283.825,93.571,210.974,1814.543,389.312,19741.048,41.205,41.205,12.6,detected,0
56.0,56.0,1400,60,person,1.0,1420.335,824.499,121.553,255.501,1481.111,952.25,31056.913,72.557,72.557,12.28,detected,0
56.0,56.0,1400,63,person,1.0,1468.214,632.708,106.644,297.137,1521.536,781.276,31687.878,66.717,66.717,12.28,detected,0
56.0,56.0,1400,64,person,1.0,263.612,254.851,82.406,192.305,304.815,351.004,15847.086,96.222,96.222,11.04,detected,0
56.0,56.0,1400,65,person,1.0,918.995,144.837,58.459,167.157,948.225,228.416,9771.831,62.488,62.488,10.84,detected,0
56.0,56.0,1400,66,person,1.0,1655.291,289.705,83.57,209.419,1697.076,394.414,17501.146,51.936,51.936,10.48,detected,0
56.0,56.0,1400,67,person,1.0,845.251,154.576,60.038,169.496,875.27,239.324,10176.201,55.418,55.418,10.0,detected,0
56.0,56.0,1400,68,person,1.0,721.895,146.856,60.451,166.277,752.12,229.994,10051.611,73.311,73.311,9.08,detected,0
56.0,56.0,1400,70,person,1.0,659.276,134.369,59.903,162.174,689.227,215.456,9714.709,67.435,67.435,8.0,detected,0
56.0,56.0,1400,71,person,1.0,1521.258,407.647,86.727,239.097,1564.621,527.196,20736.166,74.009,74.009,7.0,detected,0
56.0,56.0,1400,72,person,1.0,1597.256,427.206,92.467,244.57,1643.49,549.491,22614.654,81.148,81.148,5.88,detected,0
56.0,56.0,1400,73,person,1.0,590.721,148.468,62.137,165.518,621.789,231.227,10284.792,76.132,76.132,5.76,detected,0
56.0,56.0,1400,74,person,1.0,862.652,296.133,72.114,210.008,898.709,401.137,15144.517,122.413,122.413,5.68,detected,0
56.0,56.0,1400,75,person,1.0,539.482,217.53,69.528,184.265,574.246,309.663,12811.577,31.087,31.087,5.56,detected,0
56.0,56.0,1400,76,person,1.0,1640.573,350.818,88.012,225.048,1684.579,463.342,19806.925,57.109,57.109,4.96,detected,0
56.0,56.0,1400,77,person,1.0,332.764,274.859,81.123,197.849,373.326,373.784,16050.104,79.912,79.912,3.84,detected,0
56.0,56.0,1400,79,person,1.0,123.209,327.707,98.513,211.817,172.466,433.615,20866.728,115.147,115.147,2.36,detected,0
56.0,56.0,1400,80,person,1.0,1588.743,659.753,114.379,306.75,1645.932,813.128,35085.758,117.607,117.607,1.84,detected,0
56.0,56.0,1400,81,person,1.0,1552.207,827.821,126.365,252.179,1615.389,953.91,31866.599,100.69,100.69,1.2,detected,0
56.0,56.0,1400,82,person,1.0,1195.588,13.885,44.587,131.502,1217.881,79.636,5863.28,31.339,31.339,1.16,detected,0
56.0,56.0,1400,83,person,1.0,1753.198,196.304,84.554,188.713,1795.475,290.661,15956.439,0.0,0.0,0.96,detected,0
56.0,56.0,1400,84,person,1.0,1016.126,1.481,45.411,127.09,1038.832,65.026,5771.284,0.0,0.0,0.72,detected,0
56.0,56.0,1400,85,person,1.0,1815.07,236.625,95.355,201.26,1862.747,337.255,19191.147,0.0,0.0,0.4,detected,0
57.0,57.0,1425,43,person,1.0,1787.726,113.586,81.753,170.817,1828.602,198.995,13964.802,20.837,20.837,31.56,detected,0
57.0,57.0,1425,55,person,1.0,1754.581,220.206,86.686,194.643,1797.924,317.527,16872.823,24.682,24.682,15.08,detected,0
57.0,57.0,1425,57,person,1.0,1016.904,46.239,49.152,139.534,1041.48,116.006,6858.375,52.564,52.564,14.56,detected,0
57.0,57.0,1425,58,person,1.0,1778.41,256.907,92.478,204.65,1824.649,359.232,18925.623,31.732,31.732,13.6,detected,0
57.0,57.0,1425,60,person,1.0,1497.23,939.156,130.911,140.844,1562.686,1009.578,18438.029,99.704,99.704,13.28,detected,0
57.0,57.0,1425,63,person,1.0,1441.625,695.165,111.494,313.131,1497.372,851.731,34912.228,74.483,74.483,13.28,detected,0
57.0,57.0,1425,64,person,1.0,160.588,295.784,92.641,203.289,206.909,397.428,18832.896,108.356,108.356,12.04,detected,0
57.0,57.0,1425,65,person,1.0,961.611,123.938,56.235,161.366,989.728,204.621,9074.417,47.841,47.841,11.84,detected,0
57.0,57.0,1425,66,person,1.0,1675.07,331.49,88.832,220.603,1719.486,441.791,19596.606,52.41,52.41,11.48,detected,0
57.0,57.0,1425,67,person,1.0,888.971,133.42,57.783,163.706,917.862,215.273,9459.424,48.914,48.914,11.0,detected,0
57.0,57.0,1425,68,person,1.0,781.223,127.478,58.215,161.253,810.331,208.105,9387.343,62.19,62.19,10.08,detected,0
57.0,57.0,1425,70,person,1.0,726.364,115.257,57.585,157.339,755.157,193.927,9060.366,69.355,69.355,9.0,detected,0
57.0,57.0,1425,71,person,1.0,1474.873,471.434,91.094,255.718,1520.42,599.293,23294.375,84.568,84.568,8.0,detected,0
57.0,57.0,1425,72,person,1.0,1552.809,487.159,95.968,259.964,1600.793,617.141,24948.225,79.997,79.997,6.88,detected,0
57.0,57.0,1425,73,person,1.0,642.815,113.514,58.222,156.176,671.926,191.602,9092.879,63.905,63.905,6.76,detected,0
57.0,57.0,1425,74,person,1.0,941.932,242.02,66.327,195.147,975.096,339.594,12943.515,98.094,98.094,6.68,detected,0
57.0,57.0,1425,75,person,1.0,581.733,196.416,66.706,178.852,615.086,285.842,11930.502,47.279,47.279,6.56,detected,0
57.0,57.0,1425,76,person,1.0,1597.076,410.987,90.895,240.317,1642.524,531.145,21843.614,79.787,79.787,5.96,detected,0
57.0,57.0,1425,77,person,1.0,403.887,239.324,75.124,188.835,441.449,333.741,14186.041,79.02,79.02,4.84,detected,0
57.0,57.0,1425,79,person,1.0,7.976,367.259,112.916,223.698,64.434,479.108,25259.083,117.219,117.219,3.36,detected,0
57.0,57.0,1425,80,person,1.0,1629.512,564.476,107.708,281.374,1683.366,705.163,30306.231,114.27,114.27,2.84,detected,0
57.0,57.0,1425,81,person,1.0,1621.818,717.067,121.101,324.851,1682.369,879.492,39339.781,100.121,100.121,2.2,detected,0
57.0,57.0,1425,82,person,1.0,1166.438,30.453,46.109,135.852,1189.493,98.379,6264.0,34.018,34.018,2.16,detected,0
57.0,57.0,1425,83,person,1.0,1700.998,228.196,82.058,194.821,1742.027,325.606,15986.622,63.859,63.859,1.96,detected,0
57.0,57.0,1425,84,person,1.0,944.181,19.438,47.543,131.693,967.953,85.284,6261.08,73.717,73.717,1.72,detected,0
57.0,57.0,1425,85,person,1.0,1814.906,215.184,93.513,196.119,1861.662,313.243,18339.676,24.036,24.036,1.4,detected,0
57.0,57.0,1425,86,person,1.0,862.307,897.579,119.719,182.421,922.167,988.789,21839.26,0.0,0.0,0.8,detected,0
58.0,58.0,1450,43,person,1.0,1799.812,99.722,82.065,168.307,1840.844,183.875,13812.114,19.454,19.454,32.56,detected,0
58.0,58.0,1450,55,person,1.0,1732.456,194.943,82.275,187.582,1773.593,288.734,15433.309,37.697,37.697,16.08,detected,0
58.0,58.0,1450,57,person,1.0,1061.102,31.386,47.459,135.588,1084.832,99.18,6434.871,46.502,46.502,15.56,detected,0
58.0,58.0,1450,58,person,1.0,1791.557,232.705,92.002,199.22,1837.558,332.315,18328.638,29.852,29.852,14.6,detected,0
58.0,58.0,1450,63,person,1.0,1440.921,772.026,118.134,307.974,1499.988,926.013,36382.201,74.329,74.329,14.28,detected,0
58.0,58.0,1450,64,person,1.0,44.712,340.764,106.676,216.227,98.05,448.877,23066.231,120.404,120.404,13.04,detected,0
58.0,58.0,1450,65,person,1.0,1001.162,104.202,54.148,155.884,1028.236,182.144,8440.807,44.587,44.587,12.84,detected,0
58.0,58.0,1450,66,person,1.0,1662.248,378.345,92.134,232.562,1708.315,494.626,21426.867,54.003,54.003,12.48,detected,0
58.0,58.0,1450,67,person,1.0,930.529,106.876,55.109,156.328,958.083,185.04,8615.08,50.317,50.317,12.0,detected,0
58.0,58.0,1450,68,person,1.0,847.889,103.332,55.541,154.836,875.659,180.75,8599.746,70.825,70.825,11.08,detected,0
58.0,58.0,1450,70,person,1.0,791.694,93.267,55.111,151.593,819.249,169.064,8354.442,68.747,68.747,10.0,detected,0
58.0,58.0,1450,71,person,1.0,1429.577,537.467,95.995,272.655,1477.574,673.794,26173.517,85.943,85.943,9.0,detected,0
58.0,58.0,1450,72,person,1.0,1511.081,556.176,100.902,277.674,1561.532,695.013,28017.862,87.209,87.209,7.88,detected,0
58.0,58.0,1450,73,person,1.0,697.168,79.558,54.669,147.067,724.503,153.091,8040.006,65.172,65.172,7.76,detected,0
58.0,58.0,1450,74,person,1.0,1023.8,198.01,61.5,182.849,1054.55,289.434,11245.213,93.962,93.962,7.68,detected,0
58.0,58.0,1450,75,person,1.0,635.083,177.801,64.155,174.196,667.16,264.899,11175.544,56.128,56.128,7.56,detected,0
58.0,58.0,1450,76,person,1.0,1546.798,470.863,94.075,255.682,1593.836,598.704,24053.284,83.275,83.275,6.96,detected,0
58.0,58.0,1450,77,person,1.0,463.959,206.476,70.263,180.415,499.091,296.683,12676.499,68.526,68.526,5.84,detected,0
58.0,58.0,1450,80,person,1.0,1696.126,481.844,104.58,260.489,1748.416,612.088,27241.94,113.553,113.553,3.84,detected,0
58.0,58.0,1450,81,person,1.0,1657.665,617.057,114.431,296.641,1714.88,765.378,33944.926,118.656,118.656,3.2,detected,0
58.0,58.0,1450,82,person,1.0,1150.64,46.334,47.591,140.155,1174.436,116.412,6670.117,23.492,23.492,3.16,detected,0
58.0,58.0,1450,83,person,1.0,1680.895,266.524,83.576,204.009,1722.683,368.529,17050.256,47.08,47.08,2.96,detected,0
58.0,58.0,1450,84,person,1.0,884.209,40.641,49.826,137.302,909.122,109.292,6841.209,63.54,63.54,2.72,detected,0
58.0,58.0,1450,85,person,1.0,1776.567,191.077,86.743,188.495,1819.938,285.325,16350.622,50.203,50.203,2.4,detected,0
58.0,58.0,1450,86,person,1.0,821.943,779.562,112.61,300.438,878.248,929.781,33832.323,73.558,73.558,1.8,detected,0
58.0,58.0,1450,87,person,1.0,1597.274,14.924,57.651,138.88,1626.099,84.364,8006.571,0.0,0.0,0.84,detected,0
58.0,58.0,1450,88,person,1.0,1025.548,0.0,44.867,121.647,1047.981,60.824,5457.936,0.0,0.0,0.16,detected,0
59.0,59.0,1475,55,person,1.0,1699.301,173.526,77.436,181.12,1738.019,264.086,14025.208,43.279,43.279,17.08,detected,0
59.0,59.0,1475,57,person,1.0,1099.002,12.268,45.47,130.492,1121.737,77.514,5933.471,42.795,42.795,16.56,detected,0
59.0,59.0,1475,58,person,1.0,1779.97,210.245,88.725,193.253,1824.332,306.871,17146.372,28.676,28.676,15.6,detected,0
59.0,59.0,1475,63,person,1.0,1480.778,853.732,125.605,226.268,1543.581,966.866,28420.392,59.743,59.743,15.28,detected,0
59.0,59.0,1475,65,person,1.0,1032.537,82.891,52.029,149.942,1058.552,157.862,7801.332,38.841,38.841,13.84,detected,0
59.0,59.0,1475,66,person,1.0,1627.869,435.727,95.165,247.118,1675.452,559.286,23516.984,72.532,72.532,13.48,detected,0
59.0,59.0,1475,67,person,1.0,969.028,83.319,52.737,149.796,995.397,158.217,7899.792,45.954,45.954,13.0,detected,0
59.0,59.0,1475,68,person,1.0,900.78,85.195,53.525,149.983,927.543,160.186,8027.84,55.81,55.81,12.08,detected,0
59.0,59.0,1475,70,person,1.0,848.962,77.104,53.25,147.383,875.587,150.796,7848.145,59.225,59.225,11.0,detected,0
59.0,59.0,1475,71,person,1.0,1380.347,615.502,101.923,292.15,1431.309,761.577,29776.804,99.229,99.229,10.0,detected,0
59.0,59.0,1475,72,person,1.0,1454.822,639.494,106.795,298.748,1508.219,788.868,31904.793,107.94,107.94,8.88,detected,0
59.0,59.0,1475,73,person,1.0,762.758,52.195,51.735,139.836,788.626,122.113,7234.415,71.214,71.214,8.76,detected,0
59.0,59.0,1475,74,person,1.0,1108.368,154.314,56.726,170.494,1136.731,239.561,9671.443,96.131,96.131,8.68,detected,0
59.0,59.0,1475,75,person,1.0,690.709,155.071,61.474,168.322,721.446,239.232,10347.427,60.048,60.048,8.56,detected,0
59.0,59.0,1475,76,person,1.0,1516.006,544.677,99.977,274.723,1565.995,682.038,27465.981,87.862,87.862,7.96,detected,0
59.0,59.0,1475,77,person,1.0,510.565,175.399,66.227,172.283,543.678,261.541,11409.786,56.773,56.773,6.84,detected,0
59.0,59.0,1475,80,person,1.0,1751.978,414.437,103.588,244.039,1803.772,536.457,25279.512,93.726,93.726,4.84,detected,0
59.0,59.0,1475,81,person,1.0,1689.567,531.513,108.769,273.743,1743.952,668.385,29774.752,101.256,101.256,4.2,detected,0
59.0,59.0,1475,82,person,1.0,1139.643,72.907,49.861,147.514,1164.573,146.664,7355.196,31.819,31.819,4.16,detected,0
59.0,59.0,1475,83,person,1.0,1672.481,313.211,86.986,215.824,1715.974,421.123,18773.666,53.021,53.021,3.96,detected,0
59.0,59.0,1475,84,person,1.0,814.591,65.713,52.523,143.95,840.852,137.688,7560.686,73.94,73.94,3.72,detected,0
59.0,59.0,1475,85,person,1.0,1735.742,166.215,80.284,180.71,1775.884,256.57,14508.122,52.608,52.608,3.4,detected,0
59.0,59.0,1475,86,person,1.0,785.752,675.081,105.856,304.154,838.68,827.158,32196.526,109.987,109.987,2.8,detected,0
59.0,59.0,1475,87,person,1.0,1568.824,31.871,57.181,141.995,1597.415,102.869,8119.416,34.136,34.136,1.84,detected,0
59.0,59.0,1475,88,person,1.0,987.313,15.169,46.819,130.724,1010.723,80.531,6120.367,42.15,42.15,1.16,detected,0
60.0,60.0,1500,55,person,1.0,1663.112,152.184,72.697,174.653,1699.461,239.51,12696.749,45.724,45.724,18.08,detected,0
60.0,60.0,1500,57,person,1.0,1132.585,0.0,43.978,125.723,1154.574,62.861,5529.046,35.958,35.958,17.56,detected,0
60.0,60.0,1500,58,person,1.0,1750.282,188.806,83.624,186.775,1792.094,282.194,15618.873,40.6,40.6,16.6,detected,0
60.0,60.0,1500,63,person,1.0,1564.548,953.012,133.345,126.988,1631.22,1016.506,16933.215,100.722,100.722,16.28,detected,0
60.0,60.0,1500,65,person,1.0,1079.367,64.01,49.931,144.791,1104.332,136.405,7229.559,50.56,50.56,14.84,detected,0
60.0,60.0,1500,66,person,1.0,1606.058,493.929,99.466,262.188,1655.791,625.023,26078.792,68.614,68.614,14.48,detected,0
60.0,60.0,1500,67,person,1.0,1009.035,67.064,50.97,145.364,1034.52,139.746,7409.203,43.265,43.265,14.0,detected,0
60.0,60.0,1500,68,person,1.0,941.175,70.572,51.919,146.042,967.135,143.593,7582.355,42.929,42.929,13.08,detected,0
60.0,60.0,1500,70,person,1.0,910.067,61.863,51.444,143.415,935.789,133.57,7377.841,62.618,62.618,12.0,detected,0
60.0,60.0,1500,71,person,1.0,1314.778,713.293,108.698,315.938,1369.127,871.262,34341.829,126.085,126.085,11.0,detected,0
60.0,60.0,1500,72,person,1.0,1413.285,735.331,114.067,323.328,1470.319,896.995,36881.055,114.577,114.577,9.88,detected,0
60.0,60.0,1500,73,person,1.0,825.181,28.867,49.247,133.69,849.804,95.712,6583.831,66.632,66.632,9.76,detected,0
60.0,60.0,1500,74,person,1.0,1180.147,114.57,52.517,159.338,1206.405,194.239,8367.954,83.118,83.118,9.68,detected,0
60.0,60.0,1500,75,person,1.0,750.333,141.213,59.699,164.918,780.183,223.672,9845.44,60.763,60.763,9.56,detected,0
60.0,60.0,1500,76,person,1.0,1489.858,633.589,107.556,297.63,1543.636,782.404,32011.892,102.826,102.826,8.96,detected,0
60.0,60.0,1500,77,person,1.0,550.856,149.168,62.961,165.367,582.337,231.852,10411.672,48.743,48.743,7.84,detected,0
60.0,60.0,1500,81,person,1.0,1728.67,458.995,105.392,255.185,1781.366,586.587,26894.458,89.948,89.948,5.2,detected,0
60.0,60.0,1500,82,person,1.0,1114.952,95.738,52.023,153.859,1140.963,172.668,8004.207,35.123,35.123,5.16,detected,0
60.0,60.0,1500,83,person,1.0,1657.096,363.327,90.358,228.56,1702.275,477.607,20652.224,58.121,58.121,4.96,detected,0
60.0,60.0,1500,84,person,1.0,744.459,88.605,55.073,149.941,771.995,163.576,8257.701,73.563,73.563,4.72,detected,0
60.0,60.0,1500,85,person,1.0,1697.786,146.682,75.167,174.456,1735.37,233.91,13113.334,46.421,46.421,4.4,detected,0
60.0,60.0,1500,86,person,1.0,770.705,588.499,99.186,284.241,820.298,730.62,28192.728,98.273,98.273,3.8,detected,0
60.0,60.0,1500,87,person,1.0,1537.136,50.106,56.811,145.634,1565.541,122.923,8273.613,37.657,37.657,2.84,detected,0
60.0,60.0,1500,88,person,1.0,933.712,33.48,48.824,135.555,958.124,101.257,6618.337,56.535,56.535,2.16,detected,0
60.0,60.0,1500,89,person,1.0,1809.719,190.541,90.765,189.999,1855.101,285.541,17245.259,0.0,0.0,0.2,detected,0
61.0,61.0,1525,55,person,1.0,1626.211,128.749,68.115,167.716,1660.269,212.607,11423.975,47.537,47.537,19.08,detected,0
61.0,61.0,1525,58,person,1.0,1716.228,165.235,78.319,179.677,1755.388,255.073,14072.123,45.638,45.638,17.6,detected,0
61.0,61.0,1525,65,person,1.0,1129.937,47.245,47.939,140.314,1153.907,117.402,6726.513,53.092,53.092,15.84,detected,0
61.0,61.0,1525,66,person,1.0,1624.912,554.744,106.493,278.655,1678.159,694.072,29674.807,72.581,72.581,15.48,detected,0
61.0,61.0,1525,67,person,1.0,1050.998,51.146,49.201,141.061,1075.599,121.677,6940.342,44.877,44.877,15.0,detected,0
61.0,61.0,1525,68,person,1.0,997.232,51.552,49.79,140.937,1022.127,122.02,7017.253,59.072,59.072,14.08,detected,0
61.0,61.0,1525,70,person,1.0,951.137,45.234,49.677,138.939,975.976,114.704,6902.073,44.395,44.395,13.0,detected,0
61.0,61.0,1525,71,person,1.0,1222.083,826.798,114.567,253.202,1279.367,953.399,29008.594,121.669,121.669,12.0,detected,0
61.0,61.0,1525,72,person,1.0,1346.407,845.988,120.678,234.012,1406.746,962.994,28240.1,91.637,91.637,10.88,detected,0
61.0,61.0,1525,73,person,1.0,890.356,9.187,47.081,128.574,913.897,73.474,6053.392,67.84,67.84,10.76,detected,0
61.0,61.0,1525,74,person,1.0,1225.955,86.397,50.332,151.592,1251.121,162.193,7629.929,55.013,55.013,10.68,detected,0
61.0,61.0,1525,75,person,1.0,804.755,127.528,58.022,161.447,833.766,208.252,9367.478,55.758,55.758,10.56,detected,0
61.0,61.0,1525,76,person,1.0,1451.019,739.939,115.791,325.548,1508.914,902.713,37695.528,125.219,125.219,9.96,detected,0
61.0,61.0,1525,77,person,1.0,599.268,123.359,59.718,158.582,629.127,202.65,9470.2,55.155,55.155,8.84,detected,0
61.0,61.0,1525,81,person,1.0,1752.872,392.484,101.657,238.319,1803.7,511.644,24226.795,78.201,78.201,6.2,detected,0
61.0,61.0,1525,82,person,1.0,1066.552,121.321,54.738,160.991,1093.921,201.817,8812.325,55.341,55.341,6.16,detected,0
61.0,61.0,1525,83,person,1.0,1639.075,418.477,94.257,242.729,1686.204,539.841,22878.907,64.276,64.276,5.96,detected,0
61.0,61.0,1525,84,person,1.0,674.788,118.228,58.305,157.758,703.94,197.107,9198.08,75.867,75.867,5.72,detected,0
61.0,61.0,1525,85,person,1.0,1665.956,127.562,70.993,168.643,1701.452,211.883,11972.472,40.442,40.442,5.4,detected,0
61.0,61.0,1525,86,person,1.0,764.539,509.581,92.546,265.257,810.812,642.209,24548.474,88.917,88.917,4.8,detected,0
61.0,61.0,1525,87,person,1.0,1501.885,71.503,56.729,150.281,1530.249,146.643,8525.291,42.523,42.523,3.84,detected,0
61.0,61.0,1525,88,person,1.0,882.935,52.071,50.82,140.506,908.345,122.324,7140.515,54.053,54.053,3.16,detected,0
61.0,61.0,1525,89,person,1.0,1773.171,165.89,84.293,182.328,1815.318,257.054,15368.974,48.931,48.931,1.2,detected,0
61.0,61.0,1525,90,person,1.0,1035.282,0.0,44.928,123.988,1057.746,61.994,5570.533,0.0,0.0,0.72,detected,0
62.0,62.0,1550,55,person,1.0,1588.673,111.138,64.297,162.292,1620.822,192.284,10434.889,44.374,44.374,20.08,detected,0
62.0,62.0,1550,58,person,1.0,1673.589,142.081,72.744,172.481,1709.961,228.322,12546.958,52.718,52.718,18.6,detected,0
62.0,62.0,1550,65,person,1.0,1164.292,31.702,46.238,136.184,1187.411,99.794,6296.876,37.85,37.85,16.84,detected,0
62.0,62.0,1550,66,person,1.0,1656.961,636.248,116.132,302.112,1715.027,787.304,35084.871,100.258,100.258,16.48,detected,0
62.0,62.0,1550,67,person,1.0,1096.08,33.822,47.268,136.429,1119.714,102.037,6448.726,48.29,48.29,16.0,detected,0
62.0,62.0,1550,68,person,1.0,1040.098,36.635,48.115,136.953,1064.155,105.111,6589.494,45.302,45.302,15.08,detected,0
62.0,62.0,1550,70,person,1.0,996.042,31.177,48.089,135.221,1020.087,98.787,6502.643,46.895,46.895,14.0,detected,0
62.0,62.0,1550,71,person,1.0,1115.078,961.237,119.587,118.763,1174.871,1020.619,14202.511,124.248,124.248,13.0,detected,0
62.0,62.0,1550,72,person,1.0,1237.608,975.632,125.317,104.368,1300.266,1027.816,13079.085,124.659,124.659,11.88,detected,0
62.0,62.0,1550,73,person,1.0,953.912,0.0,45.07,115.185,976.447,57.593,5191.388,64.535,64.535,11.76,detected,0
62.0,62.0,1550,74,person,1.0,1276.85,59.454,49.127,144.436,1301.414,131.672,7095.707,58.829,58.829,11.68,detected,0
62.0,62.0,1550,75,person,1.0,849.805,111.401,56.229,157.153,877.919,189.977,8836.556,47.786,47.786,11.56,detected,0
62.0,62.0,1550,76,person,1.0,1399.733,868.97,124.052,211.03,1461.759,974.485,26178.694,85.877,85.877,10.96,detected,0
62.0,62.0,1550,77,person,1.0,658.531,98.526,56.703,152.1,686.882,174.576,8624.526,64.217,64.217,9.84,detected,0
62.0,62.0,1550,81,person,1.0,1768.376,338.714,98.48,224.912,1817.616,451.17,22149.334,62.054,62.054,7.2,detected,0
62.0,62.0,1550,82,person,1.0,1013.904,142.886,57.185,167.006,1042.496,226.389,9550.238,56.994,56.994,7.16,detected,0
62.0,62.0,1550,83,person,1.0,1612.133,484.752,98.931,259.837,1661.599,614.671,25705.934,78.77,78.77,6.96,detected,0
62.0,62.0,1550,84,person,1.0,590.641,146.116,61.925,164.86,621.603,228.546,10208.956,88.135,88.135,6.72,detected,0
62.0,62.0,1550,85,person,1.0,1636.832,111.21,67.514,163.661,1670.589,193.04,11049.409,36.161,36.161,6.4,detected,0
62.0,62.0,1550,86,person,1.0,751.092,447.013,87.34,249.428,794.762,571.727,21785.042,72.287,72.287,5.8,detected,0
62.0,62.0,1550,87,person,1.0,1464.761,96.594,57.113,156.172,1493.318,174.68,8919.451,46.368,46.368,4.84,detected,0
62.0,62.0,1550,88,person,1.0,830.864,77.528,53.429,147.39,857.579,151.223,7874.9,58.416,58.416,4.16,detected,0
62.0,62.0,1550,89,person,1.0,1747.124,141.741,79.489,175.36,1786.869,229.421,13939.191,39.66,39.66,2.2,detected,0
62.0,62.0,1550,90,person,1.0,990.407,13.973,46.691,130.408,1013.753,79.177,6088.88,47.23,47.23,1.72,detected,0
62.0,62.0,1550,91,person,1.0,118.294,432.6,109.225,239.102,172.906,552.151,26115.916,0.0,0.0,0.84,detected,0
62.0,62.0,1550,92,person,1.0,156.556,588.25,122.372,280.328,217.742,728.414,34304.298,0.0,0.0,0.84,detected,0
62.0,62.0,1550,93,person,1.0,1810.705,206.014,92.19,193.721,1856.8,302.875,17859.139,0.0,0.0,0.64,detected,0
62.0,62.0,1550,94,person,1.0,34.501,348.662,108.431,218.425,88.716,457.875,23684.041,0.0,0.0,0.44,detected,0
63.0,63.0,1575,55,person,1.0,1534.984,96.259,60.174,157.288,1565.071,174.903,9464.648,58.397,58.397,21.08,detected,0
63.0,63.0,1575,58,person,1.0,1624.756,123.519,67.607,166.367,1658.56,206.703,11247.574,55.763,55.763,19.6,detected,0
63.0,63.0,1575,65,person,1.0,1200.497,17.028,44.838,132.389,1222.916,83.222,5936.058,39.182,39.182,17.84,detected,0
63.0,63.0,1575,66,person,1.0,1696.492,720.671,126.254,329.723,1759.619,885.533,41628.848,107.876,107.876,17.48,detected,0
63.0,63.0,1575,67,person,1.0,1136.509,15.865,45.322,131.685,1159.17,81.708,5968.228,44.385,44.385,17.0,detected,0
63.0,63.0,1575,68,person,1.0,1073.675,23.633,46.684,133.498,1097.017,90.382,6232.221,36.012,36.012,16.08,detected,0
63.0,63.0,1575,70,person,1.0,1028.506,15.0,46.428,130.884,1051.72,80.442,6076.682,36.568,36.568,15.0,detected,0
63.0,63.0,1575,74,person,1.0,1328.561,29.363,47.922,136.769,1352.522,97.748,6554.244,61.343,61.343,12.68,detected,0
63.0,63.0,1575,75,person,1.0,886.855,93.051,54.321,152.142,914.015,169.122,8264.506,41.688,41.688,12.56,detected,0
63.0,63.0,1575,77,person,1.0,716.334,80.464,54.584,147.452,743.626,154.19,8048.52,60.294,60.294,10.84,detected,0
63.0,63.0,1575,81,person,1.0,1788.697,289.942,96.574,213.292,1836.984,396.588,20598.462,57.916,57.916,8.2,detected,0
63.0,63.0,1575,82,person,1.0,962.309,168.506,59.954,174.172,992.286,255.592,10442.308,58.085,58.085,8.16,detected,0
63.0,63.0,1575,83,person,1.0,1585.458,556.14,104.393,278.4,1637.655,695.34,29063.011,84.148,84.148,7.96,detected,0
63.0,63.0,1575,84,person,1.0,493.092,175.436,66.639,172.142,526.411,261.507,11471.371,100.737,100.737,7.72,detected,0
63.0,63.0,1575,85,person,1.0,1600.557,89.954,63.423,157.297,1632.269,168.602,9976.248,45.45,45.45,7.4,detected,0
63.0,63.0,1575,86,person,1.0,741.64,394.854,82.826,235.716,783.053,512.712,19523.413,60.165,60.165,6.8,detected,0
63.0,63.0,1575,87,person,1.0,1428.206,124.826,58.039,163.236,1457.226,206.444,9474.054,48.079,48.079,5.84,detected,0
63.0,63.0,1575,88,person,1.0,765.663,95.537,55.516,152.052,793.421,171.563,8441.319,67.305,67.305,5.16,detected,0
63.0,63.0,1575,89,person,1.0,1695.77,121.302,73.006,168.244,1732.273,205.424,12282.821,59.637,59.637,3.2,detected,0
63.0,63.0,1575,90,person,1.0,935.961,34.414,48.885,135.828,960.404,102.328,6639.952,58.156,58.156,2.72,detected,0
63.0,63.0,1575,91,person,1.0,268.372,376.585,94.118,224.393,315.431,488.781,21119.42,155.977,155.977,1.84,detected,0
63.0,63.0,1575,92,person,1.0,324.814,505.868,104.995,258.646,377.312,635.191,27156.537,184.805,184.805,1.84,detected,0
63.0,63.0,1575,93,person,1.0,1768.976,233.563,89.41,198.5,1813.681,332.813,17747.885,52.493,52.493,1.64,detected,0
63.0,63.0,1575,94,person,1.0,164.243,305.401,93.298,205.746,210.892,408.274,19195.69,131.86,131.86,1.44,detected,0
64.0,64.0,1600,55,person,1.0,1490.861,72.369,56.314,150.295,1519.018,147.517,8463.713,53.581,53.581,22.08,detected,0
64.0,64.0,1600,58,person,1.0,1580.886,106.95,63.505,161.041,1612.639,187.47,10226.909,49.786,49.786,20.6,detected,0
64.0,64.0,1600,65,person,1.0,1231.729,0.0,43.754,126.834,1253.606,63.417,5549.495,36.526,36.526,18.84,detected,0
64.0,64.0,1600,67,person,1.0,1173.689,0.988,43.652,127.859,1195.515,64.918,5581.301,40.036,40.036,18.0,detected,0
64.0,64.0,1600,68,person,1.0,1105.699,4.939,44.793,128.519,1128.095,69.198,5756.752,37.611,37.611,17.08,detected,0
64.0,64.0,1600,70,person,1.0,1067.957,0.0,44.684,125.319,1090.299,62.66,5599.754,42.48,42.48,16.0,detected,0
64.0,64.0,1600,74,person,1.0,1370.675,1.377,46.909,129.952,1394.13,66.353,6095.918,52.123,52.123,13.68,detected,0
64.0,64.0,1600,75,person,1.0,923.896,78.372,52.739,148.166,950.265,152.455,7814.127,39.898,39.898,13.56,detected,0
64.0,64.0,1600,77,person,1.0,772.918,62.027,52.516,142.652,799.176,133.353,7491.512,59.329,59.329,11.84,detected,0
64.0,64.0,1600,81,person,1.0,1808.936,238.861,94.74,201.501,1856.306,339.611,19090.205,60.164,60.164,9.2,detected,0
64.0,64.0,1600,82,person,1.0,902.461,198.145,63.186,182.388,934.054,289.339,11524.368,67.304,67.304,9.16,detected,0
64.0,64.0,1600,83,person,1.0,1592.096,638.06,112.555,300.749,1648.374,788.434,33850.804,93.71,93.71,8.96,detected,0
64.0,64.0,1600,84,person,1.0,384.935,209.607,72.945,180.665,421.408,299.94,13178.608,111.816,111.816,8.72,detected,0
64.0,64.0,1600,85,person,1.0,1566.286,72.554,60.049,152.012,1596.311,148.56,9128.169,41.166,41.166,8.4,detected,0
64.0,64.0,1600,86,person,1.0,779.041,345.221,77.727,222.792,817.905,456.617,17316.954,66.04,66.04,7.8,detected,0
64.0,64.0,1600,87,person,1.0,1383.713,154.058,59.079,170.84,1413.253,239.478,10093.056,54.999,54.999,6.84,detected,0
64.0,64.0,1600,88,person,1.0,686.418,125.91,58.886,160.023,715.861,205.921,9423.114,84.83,84.83,6.16,detected,0
64.0,64.0,1600,89,person,1.0,1643.2,100.522,67.161,161.228,1676.781,181.136,10828.234,60.575,60.575,4.2,detected,0
64.0,64.0,1600,90,person,1.0,884.584,57.579,51.281,142.067,910.225,128.612,7285.338,56.646,56.646,3.72,detected,0
64.0,64.0,1600,91,person,1.0,406.024,331.587,84.094,213.806,448.071,438.49,17979.802,141.854,141.854,2.84,detected,0
64.0,64.0,1600,92,person,1.0,472.022,435.983,92.722,242.485,518.383,557.226,22483.694,161.182,161.182,2.84,detected,0
64.0,64.0,1600,93,person,1.0,1718.048,262.193,86.486,203.898,1761.291,364.142,17634.322,61.043,61.043,2.64,detected,0
64.0,64.0,1600,94,person,1.0,263.428,285.288,85.325,200.308,306.091,385.442,17091.28,97.898,97.898,2.44,detected,0
64.0,64.0,1600,95,person,1.0,1026.63,0.0,45.132,125.846,1049.196,62.923,5679.682,0.0,0.0,0.2,detected,0
65.0,65.0,1625,55,person,1.0,1456.143,52.38,53.425,144.521,1482.856,124.641,7721.034,42.791,42.791,23.08,detected,0
65.0,65.0,1625,58,person,1.0,1533.481,91.719,59.751,156.095,1563.356,169.767,9326.832,52.366,52.366,21.6,detected,0
65.0,65.0,1625,65,person,1.0,1261.086,0.0,43.299,110.456,1282.736,55.228,4782.634,30.259,30.259,19.84,detected,0
65.0,65.0,1625,67,person,1.0,1206.502,0.0,42.584,112.384,1227.794,56.192,4785.76,33.438,33.438,19.0,detected,0
65.0,65.0,1625,68,person,1.0,1142.442,0.0,43.682,122.991,1164.283,61.495,5372.493,36.998,36.998,18.08,detected,0
65.0,65.0,1625,75,person,1.0,957.322,61.21,50.979,143.472,982.812,132.946,7314.059,37.945,37.945,14.56,detected,0
65.0,65.0,1625,77,person,1.0,817.435,45.484,50.742,138.284,842.806,114.626,7016.807,47.479,47.479,12.84,detected,0
65.0,65.0,1625,82,person,1.0,835.76,229.543,66.699,190.912,869.11,324.999,12733.639,74.091,74.091,10.16,detected,0
65.0,65.0,1625,83,person,1.0,1624.005,742.322,123.264,332.915,1685.637,908.78,41036.435,125.982,125.982,9.96,detected,0
65.0,65.0,1625,84,person,1.0,275.934,247.824,81.111,190.462,316.49,343.055,15448.563,113.432,113.432,9.72,detected,0
65.0,65.0,1625,85,person,1.0,1533.057,54.397,56.924,146.613,1561.519,127.703,8345.798,40.564,40.564,9.4,detected,0
65.0,65.0,1625,86,person,1.0,827.347,304.289,73.364,211.995,864.029,410.286,15552.801,65.376,65.376,8.8,detected,0
65.0,65.0,1625,87,person,1.0,1332.452,184.688,60.361,179.132,1362.633,274.254,10812.587,61.415,61.415,7.84,detected,0
65.0,65.0,1625,88,person,1.0,605.29,152.385,62.249,166.749,636.414,235.76,10379.959,84.865,84.865,7.16,detected,0
65.0,65.0,1625,89,person,1.0,1582.71,88.542,62.211,156.453,1613.816,166.769,9733.098,64.583,64.583,5.2,detected,0
65.0,65.0,1625,90,person,1.0,819.639,78.72,53.619,147.656,846.448,152.548,7917.167,68.12,68.12,4.72,detected,0
65.0,65.0,1625,91,person,1.0,529.011,288.886,76.586,203.894,567.304,390.833,15615.426,128.404,128.404,3.84,detected,0
65.0,65.0,1625,92,person,1.0,595.24,374.285,83.489,228.152,636.985,488.361,19048.182,137.145,137.145,3.84,detected,0
65.0,65.0,1625,93,person,1.0,1686.129,293.963,86.398,211.158,1729.328,399.542,18243.629,47.695,47.695,3.64,detected,0
65.0,65.0,1625,94,person,1.0,403.073,224.994,73.788,184.945,439.967,317.466,13646.722,150.145,150.145,3.44,detected,0
65.0,65.0,1625,95,person,1.0,994.641,14.969,46.737,130.705,1018.009,80.322,6108.76,35.711,35.711,1.2,detected,0
66.0,66.0,1650,55,person,1.0,1423.839,38.514,51.252,140.4,1449.465,108.714,7195.781,36.994,36.994,24.08,detected,0
66.0,66.0,1650,58,person,1.0,1494.22,74.829,56.645,150.991,1522.543,150.325,8552.885,45.208,45.208,22.6,detected,0
66.0,66.0,1650,75,person,1.0,1008.986,42.487,48.915,138.445,1033.444,111.709,6772.037,54.905,54.905,15.56,detected,0
66.0,66.0,1650,77,person,1.0,867.762,29.759,49.013,134.17,892.268,96.844,6576.074,52.562,52.562,13.84,detected,0
66.0,66.0,1650,82,person,1.0,753.696,265.932,70.922,200.457,789.157,366.161,14216.811,89.926,89.926,11.16,detected,0
66.0,66.0,1650,84,person,1.0,152.795,294.854,93.117,203.109,199.353,396.409,18912.901,128.715,128.715,10.72,detected,0
66.0,66.0,1650,85,person,1.0,1502.235,36.447,54.135,141.363,1529.302,107.129,7652.686,38.226,38.226,10.4,detected,0
66.0,66.0,1650,86,person,1.0,883.892,262.77,68.931,200.714,918.358,363.127,13835.417,71.942,71.942,9.8,detected,0
66.0,66.0,1650,87,person,1.0,1277.321,215.219,61.806,187.654,1308.224,309.046,11598.143,64.581,64.581,8.84,detected,0
66.0,66.0,1650,88,person,1.0,513.907,180.564,66.629,173.74,547.221,267.434,11576.122,94.65,94.65,8.16,detected,0
66.0,66.0,1650,89,person,1.0,1534.436,67.963,58.004,150.072,1563.438,142.999,8704.776,55.704,55.704,6.2,detected,0
66.0,66.0,1650,90,person,1.0,743.416,100.575,56.139,153.314,771.486,177.232,8606.895,78.922,78.922,5.72,detected,0
66.0,66.0,1650,91,person,1.0,646.586,253.692,71.045,195.725,682.109,351.554,13905.283,121.338,121.338,4.84,detected,0
66.0,66.0,1650,92,person,1.0,707.52,324.358,76.879,216.195,745.959,432.456,16620.855,122.478,122.478,4.84,detected,0
66.0,66.0,1650,93,person,1.0,1637.51,332.968,86.162,220.35,1680.591,443.143,18985.797,65.394,65.394,4.64,detected,0
66.0,66.0,1650,94,person,1.0,503.324,190.84,67.826,176.481,537.237,279.081,11970.0,104.57,104.57,4.44,detected,0
66.0,66.0,1650,95,person,1.0,962.447,31.931,48.451,135.267,986.673,99.565,6553.821,36.774,36.774,2.2,detected,0
66.0,66.0,1650,96,person,1.0,1820.164,144.852,88.329,179.877,1864.329,234.791,15888.356,0.0,0.0,0.48,detected,0
66.0,66.0,1650,97,person,1.0,1009.074,0.0,44.806,118.37,1031.477,59.185,5303.686,0.0,0.0,0.36,detected,0
67.0,67.0,1675,55,person,1.0,1402.127,23.283,49.431,136.109,1426.842,91.338,6728.004,28.526,28.526,25.08,detected,0
67.0,67.0,1675,58,person,1.0,1469.595,56.572,54.255,145.838,1496.722,129.491,7912.441,33.177,33.177,23.6,detected,0
67.0,67.0,1675,75,person,1.0,1041.714,28.007,47.382,134.557,1065.405,95.285,6375.58,35.934,35.934,16.56,detected,0
67.0,67.0,1675,77,person,1.0,905.67,16.207,47.567,130.598,929.453,81.506,6212.155,40.224,40.224,14.84,detected,0
67.0,67.0,1675,82,person,1.0,672.591,296.499,74.735,208.029,709.958,400.514,15547.047,86.328,86.328,12.16,detected,0
67.0,67.0,1675,84,person,1.0,8.838,349.741,111.158,219.216,64.417,459.349,24367.612,148.894,148.894,11.72,detected,0
67.0,67.0,1675,85,person,1.0,1478.248,22.785,52.104,137.376,1504.3,91.473,7157.839,29.499,29.499,11.4,detected,0
67.0,67.0,1675,86,person,1.0,932.511,226.61,65.188,190.706,965.105,321.963,12431.743,62.288,62.288,10.8,detected,0
67.0,67.0,1675,87,person,1.0,1211.007,248.439,63.42,197.104,1242.717,346.991,12500.336,75.703,75.703,9.84,detected,0
67.0,67.0,1675,89,person,1.0,1527.71,49.502,56.295,145.251,1555.858,122.127,8176.905,22.205,22.205,7.2,detected,0
67.0,67.0,1675,90,person,1.0,669.736,128.386,59.264,160.579,699.368,208.675,9516.554,78.674,78.674,6.72,detected,0
67.0,67.0,1675,91,person,1.0,747.969,217.998,66.636,186.809,781.287,311.403,12448.205,106.998,106.998,5.84,detected,0
67.0,67.0,1675,92,person,1.0,801.825,274.35,71.075,203.32,837.362,376.01,14450.969,107.427,107.427,5.84,detected,0
67.0,67.0,1675,93,person,1.0,1598.625,379.302,87.967,232.024,1642.609,495.314,20410.455,64.533,64.533,5.64,detected,0
67.0,67.0,1675,94,person,1.0,588.14,162.605,63.472,169.448,619.876,247.329,10755.203,88.529,88.529,5.44,detected,0
67.0,67.0,1675,95,person,1.0,915.512,45.057,49.959,138.708,940.491,114.411,6929.713,48.509,48.509,3.2,detected,0
67.0,67.0,1675,96,person,1.0,1807.749,172.963,89.05,185.75,1852.274,265.838,16541.037,33.306,33.306,1.48,detected,0
67.0,67.0,1675,97,person,1.0,974.095,7.959,46.323,128.661,997.256,72.29,5959.964,36.644,36.644,1.36,detected,0
67.0,67.0,1675,98,person,1.0,420.967,216.868,72.458,182.881,457.196,308.308,13251.191,0.0,0.0,0.8,detected,0
68.0,68.0,1700,55,person,1.0,1389.197,1.214,47.423,130.197,1412.909,66.312,6174.332,28.643,28.643,26.08,detected,0
68.0,68.0,1700,58,person,1.0,1445.978,39.241,52.072,140.954,1472.014,109.718,7339.757,31.646,31.646,24.6,detected,0
68.0,68.0,1700,75,person,1.0,1066.682,13.626,45.931,130.697,1089.648,78.975,6003.044,29.219,29.219,17.56,detected,0
68.0,68.0,1700,77,person,1.0,952.913,0.34,45.85,126.45,975.838,63.565,5797.733,49.733,49.733,15.84,detected,0
68.0,68.0,1700,82,person,1.0,585.506,342.009,80.524,219.284,625.768,451.651,17657.625,98.504,98.504,13.16,detected,0
68.0,68.0,1700,85,person,1.0,1449.691,8.312,49.937,133.109,1474.659,74.867,6647.064,33.976,33.976,12.4,detected,0
68.0,68.0,1700,86,person,1.0,978.205,195.766,61.994,182.066,1009.202,286.799,11287.0,56.401,56.401,11.8,detected,0
68.0,68.0,1700,87,person,1.0,1139.0,284.481,66.052,207.364,1172.026,388.163,13696.807,81.807,81.807,10.84,detected,0
68.0,68.0,1700,89,person,1.0,1510.66,30.885,54.109,140.158,1537.715,100.964,7583.809,27.876,27.876,8.2,detected,0
68.0,68.0,1700,91,person,1.0,828.536,183.986,62.78,177.813,859.926,272.892,11163.1,87.562,87.562,6.84,detected,0
68.0,68.0,1700,92,person,1.0,872.709,230.349,66.312,191.419,905.865,326.058,12693.377,84.781,84.781,6.84,detected,0
68.0,68.0,1700,93,person,1.0,1561.22,429.043,90.69,244.817,1606.565,551.452,22202.454,66.712,66.712,6.64,detected,0
68.0,68.0,1700,94,person,1.0,673.22,132.69,59.617,161.824,703.029,213.602,9647.461,89.732,89.732,6.44,detected,0
68.0,68.0,1700,95,person,1.0,861.935,61.099,51.762,142.932,887.816,132.565,7398.446,55.716,55.716,4.2,detected,0
68.0,68.0,1700,96,person,1.0,1807.517,207.954,91.939,194.022,1853.486,304.965,17838.189,39.146,39.146,2.48,detected,0
68.0,68.0,1700,97,person,1.0,934.945,27.869,48.335,133.995,959.112,94.867,6476.648,44.325,44.325,2.36,detected,0
68.0,68.0,1700,98,person,1.0,318.783,258.722,80.155,193.465,358.861,355.454,15507.187,109.053,109.053,1.8,detected,0
68.0,68.0,1700,99,person,1.0,583.526,160.077,63.325,168.698,615.188,244.426,10682.801,0.0,0.0,0.36,detected,0
69.0,69.0,1725,55,person,1.0,1382.059,0.0,46.441,117.912,1405.28,58.956,5475.951,10.598,10.598,27.08,detected,0
69.0,69.0,1725,58,person,1.0,1427.647,23.814,50.291,136.661,1452.793,92.144,6872.818,26.044,26.044,25.6,detected,0
69.0,69.0,1725,75,person,1.0,1090.673,0.415,44.587,127.196,1112.966,64.013,5671.288,27.706,27.706,18.56,detected,0
69.0,69.0,1725,77,person,1.0,998.167,0.0,44.568,113.284,1020.451,56.642,5048.841,45.147,45.147,16.84,detected,0
69.0,69.0,1725,82,person,1.0,488.212,388.214,87.432,230.168,531.928,503.298,20124.049,107.114,107.114,14.16,detected,0
69.0,69.0,1725,85,person,1.0,1428.414,0.0,48.362,126.853,1452.595,63.426,6134.865,24.854,24.854,13.4,detected,0
69.0,69.0,1725,86,person,1.0,1015.37,166.333,59.076,173.739,1044.908,253.202,10263.805,49.027,49.027,12.8,detected,0
69.0,69.0,1725,87,person,1.0,1060.424,324.063,70.428,218.436,1095.638,433.281,15384.011,88.717,88.717,11.84,detected,0
69.0,69.0,1725,89,person,1.0,1480.064,13.283,51.486,135.017,1505.807,80.791,6951.485,37.749,37.749,9.2,detected,0
69.0,69.0,1725,91,person,1.0,891.221,154.356,59.564,169.735,921.003,239.224,10110.096,69.742,69.742,7.84,detected,0
69.0,69.0,1725,92,person,1.0,923.518,193.064,62.495,181.047,954.765,283.587,11314.532,64.769,64.769,7.84,detected,0
69.0,69.0,1725,93,person,1.0,1522.645,486.961,94.562,259.784,1569.926,616.853,24565.695,74.965,74.965,7.64,detected,0
69.0,69.0,1725,94,person,1.0,754.735,103.506,56.308,154.229,782.889,180.62,8684.327,86.403,86.403,7.44,detected,0
69.0,69.0,1725,95,person,1.0,806.295,76.352,53.515,146.9,833.053,149.802,7861.353,57.412,57.412,5.2,detected,0
69.0,69.0,1725,96,person,1.0,1805.762,244.541,94.813,202.746,1853.168,345.914,19222.956,40.95,40.95,3.48,detected,0
69.0,69.0,1725,97,person,1.0,889.955,42.936,49.98,137.976,914.945,111.924,6896.04,47.347,47.347,3.36,detected,0
69.0,69.0,1725,98,person,1.0,196.356,304.943,91.091,205.478,241.901,407.682,18717.196,128.09,128.09,2.8,detected,0
69.0,69.0,1725,99,person,1.0,490.178,193.114,68.35,176.985,524.353,281.606,12096.925,98.15,98.15,1.36,detected,0
69.0,69.0,1725,100,person,1.0,16.076,518.563,126.819,263.442,79.486,650.284,33409.451,0.0,0.0,0.24,detected,0
69.0,69.0,1725,101,person,1.0,1614.752,0.0,57.362,130.421,1643.433,65.21,7481.209,0.0,0.0,0.08,detected,0
69.0,69.0,1725,102,person,1.0,0.0,429.778,88.972,240.837,44.486,550.197,21427.75,0.0,0.0,0.04,detected,0
70.0,70.0,1750,58,person,1.0,1410.178,9.707,48.684,132.732,1434.52,76.073,6461.925,24.335,24.335,26.6,detected,0
70.0,70.0,1750,75,person,1.0,1128.089,0.0,43.269,113.8,1149.724,56.9,4924.012,37.439,37.439,19.56,detected,0
70.0,70.0,1750,82,person,1.0,377.352,442.568,96.391,242.823,425.548,563.979,23405.952,122.471,122.471,15.16,detected,0
70.0,70.0,1750,86,person,1.0,1053.323,138.83,56.328,165.959,1081.487,221.81,9348.139,48.203,48.203,13.8,detected,0
70.0,70.0,1750,87,person,1.0,973.201,374.828,76.31,232.139,1011.356,490.897,17714.527,102.094,102.094,12.84,detected,0
70.0,70.0,1750,89,person,1.0,1463.83,0.0,49.816,130.365,1488.738,65.183,6494.263,23.13,23.13,10.2,detected,0
70.0,70.0,1750,91,person,1.0,948.006,122.938,56.295,161.016,976.154,203.446,9064.396,65.739,65.739,8.84,detected,0
70.0,70.0,1750,92,person,1.0,969.752,158.123,58.998,171.219,999.251,243.732,10101.579,59.728,59.728,8.84,detected,0
70.0,70.0,1750,93,person,1.0,1485.147,543.291,98.588,274.223,1534.441,680.403,27035.097,72.785,72.785,8.64,detected,0
70.0,70.0,1750,94,person,1.0,813.319,84.858,54.205,149.355,840.421,159.536,8095.788,61.275,61.275,8.44,detected,0
70.0,70.0,1750,95,person,1.0,753.626,88.177,54.962,149.885,781.107,163.12,8237.979,53.625,53.625,6.2,detected,0
70.0,70.0,1750,96,person,1.0,1789.381,285.929,96.31,212.315,1837.536,392.087,20448.058,48.747,48.747,4.48,detected,0
70.0,70.0,1750,97,person,1.0,836.608,59.966,51.857,142.463,862.536,131.197,7387.704,55.84,55.84,4.36,detected,0
70.0,70.0,1750,98,person,1.0,62.147,351.708,106.068,218.734,115.181,461.075,23200.678,137.51,137.51,3.8,detected,0
70.0,70.0,1750,99,person,1.0,393.831,231.525,74.71,186.641,431.186,324.846,13943.949,102.712,102.712,2.36,detected,0
70.0,70.0,1750,100,person,1.0,170.411,455.331,107.788,244.824,224.305,577.743,26389.089,161.972,161.972,1.24,detected,0
70.0,70.0,1750,101,person,1.0,1585.26,11.854,56.687,137.705,1613.603,80.707,7806.083,33.614,33.614,1.08,detected,0
70.0,70.0,1750,102,person,1.0,86.427,384.664,107.086,226.901,139.97,498.115,24297.92,108.765,108.765,1.04,detected,0
70.0,70.0,1750,103,person,1.0,165.761,420.125,104.513,235.598,218.017,537.924,24623.054,0.0,0.0,0.68,detected,0
70.0,70.0,1750,104,person,1.0,190.348,947.319,151.461,132.681,266.079,1013.659,20095.997,0.0,0.0,0.32,detected,0
71.0,71.0,1775,58,person,1.0,1396.031,0.0,47.314,126.132,1419.688,63.066,5967.809,19.727,19.727,27.6,detected,0
71.0,71.0,1775,82,person,1.0,264.658,503.221,107.4,257.537,318.358,631.99,27659.474,126.945,126.945,16.16,detected,0
71.0,71.0,1775,86,person,1.0,1080.969,115.342,54.061,159.327,1107.999,195.005,8613.377,37.701,37.701,14.8,detected,0
71.0,71.0,1775,87,person,1.0,871.08,428.684,83.052,245.832,912.606,551.6,20416.839,115.915,115.915,13.84,detected,0
71.0,71.0,1775,89,person,1.0,1443.747,0.0,48.196,114.906,1467.845,57.453,5538.01,22.277,22.277,11.2,detected,0
71.0,71.0,1775,91,person,1.0,1006.452,94.743,53.304,153.208,1033.104,171.347,8166.599,65.374,65.374,9.84,detected,0
71.0,71.0,1775,92,person,1.0,999.628,126.292,55.997,162.198,1027.627,207.391,9082.601,46.107,46.107,9.84,detected,0
71.0,71.0,1775,93,person,1.0,1445.53,606.703,103.316,290.254,1497.188,751.83,29987.882,80.559,80.559,9.64,detected,0
71.0,71.0,1775,94,person,1.0,884.116,58.196,51.338,142.239,909.785,129.315,7302.266,75.661,75.661,9.44,detected,0
71.0,71.0,1775,95,person,1.0,701.206,111.477,57.464,156.069,729.938,189.512,8968.349,57.574,57.574,7.2,detected,0
71.0,71.0,1775,97,person,1.0,779.738,82.789,54.283,148.544,806.88,157.061,8063.414,61.373,61.373,5.36,detected,0
71.0,71.0,1775,99,person,1.0,288.171,270.446,82.667,196.456,329.505,368.674,16240.428,110.725,110.725,3.36,detected,0
71.0,71.0,1775,100,person,1.0,304.582,401.189,94.95,231.151,352.057,516.764,21947.787,141.559,141.559,2.24,detected,0
71.0,71.0,1775,101,person,1.0,1564.74,31.269,56.905,141.718,1593.193,102.128,8064.463,29.589,29.589,2.08,detected,0
71.0,71.0,1775,102,person,1.0,189.907,338.137,94.733,214.136,237.274,445.205,20285.746,110.758,110.758,2.04,detected,0
71.0,71.0,1775,103,person,1.0,309.218,370.178,91.58,223.012,355.008,481.684,20423.439,148.086,148.086,1.68,detected,0
71.0,71.0,1775,104,person,1.0,372.041,836.833,135.378,243.167,439.73,958.417,32919.462,182.227,182.227,1.32,detected,0
71.0,71.0,1775,105,person,1.0,486.573,907.465,136.219,172.535,554.683,993.733,23502.545,0.0,0.0,0.6,detected,0
71.0,71.0,1775,106,person,1.0,761.688,74.54,53.698,146.095,788.537,147.588,7845.009,0.0,0.0,0.24,detected,0
72.0,72.0,1800,82,person,1.0,145.45,568.102,121.056,274.965,205.978,705.584,33286.163,134.333,134.333,17.16,detected,0
72.0,72.0,1800,86,person,1.0,1079.566,91.846,52.189,152.648,1105.66,168.17,7966.546,26.937,26.937,15.8,detected,0
72.0,72.0,1800,87,person,1.0,744.303,486.239,90.987,259.264,789.796,615.871,23589.654,138.611,138.611,14.84,detected,0
72.0,72.0,1800,91,person,1.0,1068.554,66.433,50.258,145.429,1093.683,139.148,7308.971,68.605,68.605,10.84,detected,0
72.0,72.0,1800,92,person,1.0,1013.193,99.777,53.645,154.67,1040.015,177.112,8297.272,32.716,32.716,10.84,detected,0
72.0,72.0,1800,93,person,1.0,1390.015,684.969,108.758,309.686,1444.394,839.812,33680.83,102.606,102.606,10.64,detected,0
72.0,72.0,1800,94,person,1.0,913.495,33.138,48.956,135.356,937.973,100.816,6626.488,40.085,40.085,10.44,detected,0
72.0,72.0,1800,95,person,1.0,638.303,131.397,59.886,161.156,668.246,211.975,9650.988,65.654,65.654,8.2,detected,0
72.0,72.0,1800,97,person,1.0,722.158,112.55,57.379,156.539,750.848,190.82,8982.051,65.416,65.416,6.36,detected,0
72.0,72.0,1800,99,person,1.0,180.926,316.265,93.195,208.474,227.523,420.502,19428.734,114.395,114.395,4.36,detected,0
72.0,72.0,1800,100,person,1.0,430.075,356.007,85.812,220.687,472.981,466.351,18937.593,131.012,131.012,3.24,detected,0
72.0,72.0,1800,101,person,1.0,1545.743,43.179,56.745,144.123,1574.115,115.24,8178.26,23.149,23.149,3.08,detected,0
72.0,72.0,1800,102,person,1.0,285.29,300.114,85.678,204.295,328.129,402.261,17503.587,100.493,100.493,3.04,detected,0
72.0,72.0,1800,103,person,1.0,463.665,325.524,81.805,212.958,504.567,432.003,17421.029,157.595,157.595,2.68,detected,0
72.0,72.0,1800,104,person,1.0,534.971,735.189,119.91,317.134,594.926,893.756,38027.538,168.127,168.127,2.32,detected,0
72.0,72.0,1800,105,person,1.0,634.268,794.212,121.253,285.788,694.894,937.106,34652.652,151.215,151.215,1.6,detected,0
72.0,72.0,1800,106,person,1.0,706.932,93.434,55.81,151.029,734.837,168.948,8428.928,57.793,57.793,1.24,detected,0
72.0,72.0,1800,107,person,1.0,1734.12,385.267,99.048,235.909,1783.644,503.221,23366.315,0.0,0.0,0.96,detected,0
72.0,72.0,1800,108,person,1.0,31.204,522.726,125.764,264.27,94.086,654.861,33235.652,0.0,0.0,0.52,detected,0
72.0,72.0,1800,109,person,1.0,0.0,428.69,93.089,240.435,46.544,548.908,22381.854,0.0,0.0,0.0,detected,0
73.0,73.0,1825,82,person,1.0,0.0,646.436,123.813,301.144,61.907,797.008,37285.542,170.631,170.631,18.16,detected,0
73.0,73.0,1825,86,person,1.0,1045.872,75.624,51.277,147.936,1071.51,149.592,7585.714,38.876,38.876,16.8,detected,0
73.0,73.0,1825,87,person,1.0,599.801,550.577,100.535,273.311,650.069,687.233,27477.321,156.896,156.896,15.84,detected,0
73.0,73.0,1825,91,person,1.0,1123.859,41.304,47.539,138.635,1147.628,110.621,6590.569,61.023,61.023,11.84,detected,0
73.0,73.0,1825,92,person,1.0,1041.181,74.332,51.225,147.551,1066.793,148.108,7558.3,39.476,39.476,11.84,detected,0
73.0,73.0,1825,93,person,1.0,1323.806,771.096,113.989,308.904,1380.801,925.548,35211.658,106.746,106.746,11.64,detected,0
73.0,73.0,1825,94,person,1.0,929.219,15.28,47.308,130.462,952.873,80.511,6171.896,25.185,25.185,11.44,detected,0
73.0,73.0,1825,95,person,1.0,569.707,152.733,62.915,166.521,601.164,235.994,10476.669,71.252,71.252,9.2,detected,0
73.0,73.0,1825,97,person,1.0,640.028,143.765,60.981,164.649,670.519,226.089,10040.461,87.731,87.731,7.36,detected,0
73.0,73.0,1825,99,person,1.0,49.647,367.588,108.769,223.005,104.031,479.091,24256.031,136.685,136.685,5.36,detected,0
73.0,73.0,1825,100,person,1.0,535.121,313.757,78.872,210.809,574.557,419.162,16626.927,112.002,112.002,4.24,detected,0
73.0,73.0,1825,101,person,1.0,1512.843,64.159,56.675,148.626,1541.18,138.472,8423.379,40.304,40.304,4.08,detected,0
73.0,73.0,1825,102,person,1.0,380.005,265.164,78.406,195.614,419.208,362.971,15337.311,99.192,99.192,4.04,detected,0
73.0,73.0,1825,103,person,1.0,588.99,284.802,74.922,203.621,626.451,386.613,15255.693,130.061,130.061,3.68,detected,0
73.0,73.0,1825,104,person,1.0,666.51,650.983,107.834,297.793,720.427,799.88,32112.21,156.727,156.727,3.32,detected,0
73.0,73.0,1825,105,person,1.0,768.224,698.34,108.407,309.296,822.428,852.988,33529.851,152.776,152.776,2.6,detected,0
73.0,73.0,1825,106,person,1.0,649.359,117.998,58.538,157.486,678.628,196.741,9218.915,62.705,62.705,2.24,detected,0
73.0,73.0,1825,107,person,1.0,1716.575,448.004,103.204,251.953,1768.177,573.981,26002.557,72.43,72.43,1.96,detected,0
73.0,73.0,1825,108,person,1.0,161.935,453.972,108.216,244.489,216.043,576.216,26457.622,145.115,145.115,1.52,detected,0
73.0,73.0,1825,109,person,1.0,101.013,380.582,105.451,225.685,153.738,493.425,23798.709,120.702,120.702,1.0,detected,0
74.0,74.0,1850,87,person,1.0,442.308,618.213,112.221,288.103,498.418,762.264,32331.207,169.197,169.197,16.84,detected,0
74.0,74.0,1850,91,person,1.0,1164.456,20.053,45.303,132.99,1187.108,86.548,6024.846,46.24,46.24,12.84,detected,0
74.0,74.0,1850,92,person,1.0,1101.602,53.82,48.83,142.023,1126.017,124.831,6934.983,63.633,63.633,12.84,detected,0
74.0,74.0,1850,93,person,1.0,1269.604,866.792,119.445,213.208,1329.327,973.396,25466.63,70.278,70.278,12.64,detected,0
74.0,74.0,1850,94,person,1.0,961.121,0.0,45.111,116.692,983.677,58.346,5264.093,37.949,37.949,12.44,detected,0
74.0,74.0,1850,95,person,1.0,492.682,175.555,66.66,172.172,526.012,261.641,11476.986,79.408,79.408,10.2,detected,0
74.0,74.0,1850,97,person,1.0,545.432,174.688,65.409,172.409,578.137,260.892,11277.1,98.72,98.72,8.36,detected,0
74.0,74.0,1850,100,person,1.0,618.999,273.118,73.31,200.792,655.654,373.514,14720.062,93.061,93.061,5.24,detected,0
74.0,74.0,1850,101,person,1.0,1475.084,86.361,56.728,153.651,1503.448,163.186,8716.314,45.106,45.106,5.08,detected,0
74.0,74.0,1850,102,person,1.0,470.23,234.12,72.717,188.069,506.589,328.154,13675.813,94.061,94.061,5.04,detected,0
74.0,74.0,1850,103,person,1.0,691.014,244.499,69.668,193.69,725.848,341.344,13493.995,109.22,109.22,4.68,detected,0
74.0,74.0,1850,104,person,1.0,774.627,574.727,97.896,281.05,823.575,715.252,27513.671,133.422,133.422,4.32,detected,0
74.0,74.0,1850,105,person,1.0,878.162,613.387,97.507,290.765,926.916,758.769,28351.623,140.694,140.694,3.6,detected,0
74.0,74.0,1850,106,person,1.0,586.203,142.388,61.667,163.781,617.036,224.279,10099.883,67.467,67.467,3.24,detected,0
74.0,74.0,1850,107,person,1.0,1702.779,513.575,108.185,269.197,1756.871,648.174,29123.077,75.049,75.049,2.96,detected,0
74.0,74.0,1850,108,person,1.0,290.2,396.618,95.123,229.824,337.761,511.53,21861.548,137.84,137.84,2.52,detected,0
74.0,74.0,1850,109,person,1.0,217.354,336.307,92.854,213.637,263.781,443.125,19837.05,120.993,120.993,2.0,detected,0
74.0,74.0,1850,111,person,1.0,1051.208,51.419,49.222,141.139,1075.819,121.988,6947.144,0.0,0.0,0.48,detected,0
74.0,74.0,1850,112,person,1.0,1610.775,0.0,56.844,125.903,1639.197,62.952,7156.83,0.0,0.0,0.0,detected,0
75.0,75.0,1875,87,person,1.0,259.824,692.941,127.134,307.883,323.391,846.882,39142.397,194.409,194.409,17.84,detected,0
75.0,75.0,1875,91,person,1.0,1203.582,0.0,43.331,124.813,1225.247,62.407,5408.272,45.138,45.138,13.84,detected,0
75.0,75.0,1875,92,person,1.0,1160.055,30.541,46.201,135.842,1183.156,98.462,6276.036,62.93,62.93,13.84,detected,0
75.0,75.0,1875,93,person,1.0,1211.298,983.712,124.834,96.288,1273.715,1031.856,12020.016,80.686,80.686,13.64,detected,0
75.0,75.0,1875,95,person,1.0,418.876,201.105,71.043,178.582,454.397,290.396,12687.001,77.172,77.172,11.2,detected,0
75.0,75.0,1875,97,person,1.0,443.014,205.518,70.745,179.97,478.387,295.503,12731.978,105.584,105.584,9.36,detected,0
75.0,75.0,1875,100,person,1.0,689.897,232.652,68.585,190.329,724.189,327.817,13053.714,82.373,82.373,6.24,detected,0
75.0,75.0,1875,101,person,1.0,1431.085,103.947,56.483,157.696,1459.327,182.795,8907.143,48.283,48.283,6.08,detected,0
75.0,75.0,1875,102,person,1.0,542.503,202.72,68.073,180.179,576.54,292.81,12265.325,78.374,78.374,6.04,detected,0
75.0,75.0,1875,103,person,1.0,767.825,208.297,65.558,184.242,800.604,300.418,12078.537,85.226,85.226,5.68,detected,0
75.0,75.0,1875,104,person,1.0,850.388,504.766,89.819,264.872,895.298,637.202,23790.538,106.0,106.0,5.32,detected,0
75.0,75.0,1875,105,person,1.0,970.635,538.101,88.514,273.596,1014.892,674.899,24217.076,121.549,121.549,4.6,detected,0
75.0,75.0,1875,106,person,1.0,515.875,169.767,65.588,170.773,548.669,255.154,11200.66,75.016,75.016,4.24,detected,0
75.0,75.0,1875,107,person,1.0,1704.157,588.784,115.383,290.081,1761.849,733.824,33470.416,85.795,85.795,3.96,detected,0
75.0,75.0,1875,108,person,1.0,417.24,350.106,85.605,218.926,460.043,459.569,18741.16,132.863,132.863,3.52,detected,0
75.0,75.0,1875,109,person,1.0,332.15,286.594,82.289,200.979,373.294,387.083,16538.361,123.02,123.02,3.0,detected,0
75.0,75.0,1875,111,person,1.0,1068.344,33.078,47.52,136.093,1092.104,101.124,6467.139,26.467,26.467,1.48,detected,0
75.0,75.0,1875,112,person,1.0,1588.92,5.85,56.473,136.398,1617.157,74.049,7702.804,24.677,24.677,1.0,detected,0
76.0,76.0,1900,87,person,1.0,40.442,780.201,149.06,299.799,114.972,930.101,44688.039,224.419,224.419,18.84,detected,0
76.0,76.0,1900,92,person,1.0,1203.196,11.055,44.375,130.787,1225.383,76.449,5803.673,47.621,47.621,14.84,detected,0
76.0,76.0,1900,95,person,1.0,342.512,228.826,76.33,185.603,380.677,321.627,14167.077,80.063,80.063,12.2,detected,0
76.0,76.0,1900,97,person,1.0,346.408,239.681,77.202,188.524,385.009,333.943,14554.43,100.98,100.98,10.36,detected,0
76.0,76.0,1900,100,person,1.0,762.26,197.49,64.64,181.103,794.58,288.042,11706.498,80.851,80.851,7.24,detected,0
76.0,76.0,1900,101,person,1.0,1393.356,132.408,57.584,165.009,1422.148,214.912,9501.878,49.13,49.13,7.08,detected,0
76.0,76.0,1900,102,person,1.0,609.472,176.624,64.41,173.596,641.677,263.422,11181.318,71.46,71.46,7.04,detected,0
76.0,76.0,1900,103,person,1.0,831.392,175.227,61.982,175.322,862.383,262.888,10866.808,72.285,72.285,6.68,detected,0
76.0,76.0,1900,104,person,1.0,925.192,443.425,82.84,249.955,966.612,568.403,20706.272,99.092,99.092,6.32,detected,0
76.0,76.0,1900,105,person,1.0,1049.331,471.119,81.219,257.277,1089.94,599.757,20895.781,106.2,106.2,5.6,detected,0
76.0,76.0,1900,106,person,1.0,443.128,198.657,70.099,178.098,478.178,287.706,12484.492,77.645,77.645,5.24,detected,0
76.0,76.0,1900,107,person,1.0,1723.725,677.636,124.922,317.351,1786.186,836.312,39644.122,105.337,105.337,4.96,detected,0
76.0,76.0,1900,108,person,1.0,532.618,305.158,78.089,208.417,571.663,409.367,16275.075,122.39,122.39,4.52,detected,0
76.0,76.0,1900,109,person,1.0,432.457,247.265,75.011,191.264,469.962,342.897,14346.904,106.288,106.288,4.0,detected,0
76.0,76.0,1900,111,person,1.0,1080.714,15.217,45.914,131.208,1103.671,80.821,6024.284,23.367,23.367,2.48,detected,0
76.0,76.0,1900,112,person,1.0,1562.801,22.745,56.174,139.578,1590.888,92.534,7840.655,32.121,32.121,2.0,detected,0
77.0,77.0,1925,92,person,1.0,1236.714,0.0,43.377,118.998,1258.402,59.499,5161.776,37.115,37.115,15.84,detected,0
77.0,77.0,1925,95,person,1.0,267.344,252.35,81.976,191.649,308.332,348.175,15710.618,77.062,77.062,13.2,detected,0
77.0,77.0,1925,97,person,1.0,249.066,277.418,85.33,198.224,291.731,376.53,16914.454,102.54,102.54,11.36,detected,0
77.0,77.0,1925,100,person,1.0,827.174,165.11,61.134,172.387,857.741,251.304,10538.707,73.068,73.068,8.24,detected,0
77.0,77.0,1925,101,person,1.0,1370.707,162.928,59.465,173.214,1400.439,249.535,10300.171,40.865,40.865,8.08,detected,0
77.0,77.0,1925,102,person,1.0,670.361,153.58,61.531,167.705,701.127,237.433,10319.056,64.882,64.882,8.04,detected,0
77.0,77.0,1925,103,person,1.0,876.165,144.237,58.841,166.733,905.585,227.603,9810.736,55.78,55.78,7.68,detected,0
77.0,77.0,1925,104,person,1.0,988.252,385.507,76.749,235.034,1026.626,503.024,18038.624,88.747,88.747,7.32,detected,0
77.0,77.0,1925,105,person,1.0,1117.54,412.01,76.171,242.005,1155.626,533.013,18433.763,93.645,93.645,6.6,detected,0
77.0,77.0,1925,106,person,1.0,372.053,230.088,75.328,186.102,409.717,323.139,14018.691,77.087,77.087,6.24,detected,0
77.0,77.0,1925,108,person,1.0,632.335,263.016,72.141,198.151,668.406,362.091,14294.811,107.676,107.676,5.52,detected,0
77.0,77.0,1925,109,person,1.0,511.855,212.278,69.638,182.498,546.674,303.527,12708.796,86.224,86.224,5.0,detected,0
77.0,77.0,1925,111,person,1.0,1089.472,0.0,44.324,123.331,1111.634,61.666,5466.523,20.745,20.745,3.48,detected,0
77.0,77.0,1925,112,person,1.0,1530.788,40.98,55.818,143.186,1558.697,112.573,7992.356,37.919,37.919,3.0,detected,0
78.0,78.0,1950,100,person,1.0,886.944,134.285,57.878,163.942,915.883,216.256,9488.635,67.888,67.888,9.24,detected,0
78.0,78.0,1950,101,person,1.0,1354.644,194.541,61.715,181.869,1385.501,285.476,11224.045,38.921,38.921,9.08,detected,0
78.0,78.0,1950,102,person,1.0,728.687,124.167,58.36,159.886,757.867,204.11,9330.947,65.802,65.802,9.04,detected,0
78.0,78.0,1950,103,person,1.0,923.331,115.347,55.901,158.716,951.282,194.705,8872.383,56.307,56.307,8.68,detected,0
78.0,78.0,1950,104,person,1.0,1033.022,332.317,71.679,220.697,1068.861,442.666,15819.34,73.668,73.668,8.32,detected,0
78.0,78.0,1950,105,person,1.0,1163.495,356.78,71.862,227.16,1199.426,470.36,16324.172,76.445,76.445,7.6,detected,0
78.0,78.0,1950,108,person,1.0,722.704,226.726,67.694,189.023,756.551,321.238,12795.723,97.153,97.153,6.52,detected,0
78.0,78.0,1950,111,person,1.0,1116.086,0.0,43.198,110.538,1137.685,55.269,4775.021,26.825,26.825,4.48,detected,0
78.0,78.0,1950,112,person,1.0,1492.653,63.722,55.74,148.106,1520.523,137.775,8255.428,45.743,45.743,4.0,detected,0
78.0,78.0,1950,113,person,1.0,1792.98,274.958,95.804,209.72,1840.882,379.818,20092.015,0.0,0.0,0.64,detected,0
78.0,78.0,1950,114,person,1.0,578.93,177.179,64.98,173.436,611.42,263.897,11269.871,0.0,0.0,0.12,detected,0
78.0,78.0,1950,115,person,1.0,280.746,259.261,81.957,193.482,321.724,356.002,15857.204,0.0,0.0,0.12,detected,0
78.0,78.0,1950,116,person,1.0,183.142,286.286,90.172,200.695,228.228,386.634,18097.07,0.0,0.0,0.12,detected,0
78.0,78.0,1950,117,person,1.0,121.803,318.837,97.775,209.552,170.69,423.613,20488.947,0.0,0.0,0.12,detected,0
79.0,79.0,1975,100,person,1.0,941.383,108.728,55.16,156.913,968.963,187.185,8655.321,60.52,60.52,10.24,detected,0
79.0,79.0,1975,101,person,1.0,1336.828,225.836,63.98,190.511,1368.818,321.091,12188.894,39.33,39.33,10.08,detected,0
79.0,79.0,1975,102,person,1.0,780.415,104.652,56.203,154.745,808.516,182.024,8697.133,55.255,55.255,10.04,detected,0
79.0,79.0,1975,103,person,1.0,974.449,89.993,53.246,151.719,1001.072,165.852,8078.43,57.546,57.546,9.68,detected,0
79.0,79.0,1975,104,person,1.0,1070.606,286.3,67.425,207.948,1104.318,390.274,14020.894,63.262,63.262,9.32,detected,0
79.0,79.0,1975,105,person,1.0,1193.658,307.986,68.242,213.724,1227.779,414.848,14584.953,62.334,62.334,8.6,detected,0
79.0,79.0,1975,108,person,1.0,792.645,192.681,63.91,180.007,824.6,282.685,11504.247,78.211,78.211,7.52,detected,0
79.0,79.0,1975,112,person,1.0,1456.371,91.698,56.42,154.77,1484.581,169.083,8732.123,47.666,47.666,5.0,detected,0
79.0,79.0,1975,113,person,1.0,1771.294,244.054,90.561,201.185,1816.575,344.647,18219.515,42.754,42.754,1.64,detected,0
79.0,79.0,1975,114,person,1.0,637.579,150.632,61.637,166.56,668.398,233.912,10266.259,64.386,64.386,1.12,detected,0
79.0,79.0,1975,115,person,1.0,197.102,290.999,89.705,201.853,241.954,391.925,18107.223,87.486,87.486,1.12,detected,0
79.0,79.0,1975,116,person,1.0,89.895,322.183,100.752,210.784,140.271,427.575,21236.91,97.019,97.019,1.12,detected,0
79.0,79.0,1975,117,person,1.0,0.0,369.998,97.111,225.007,48.556,482.501,21850.655,135.591,135.591,1.12,detected,0
79.0,79.0,1975,118,person,1.0,18.544,427.376,117.624,239.044,77.356,546.898,28117.311,0.0,0.0,0.28,detected,0
79.0,79.0,1975,119,person,1.0,0.0,651.201,140.759,301.948,70.379,802.175,42501.899,0.0,0.0,0.04,detected,0
80.0,80.0,2000,100,person,1.0,992.525,85.847,52.712,150.619,1018.881,161.156,7939.429,56.296,56.296,11.24,detected,0
80.0,80.0,2000,101,person,1.0,1332.307,268.8,67.656,202.368,1366.135,369.984,13691.409,48.966,48.966,11.08,detected,0
80.0,80.0,2000,102,person,1.0,821.441,78.636,53.598,147.644,848.24,152.458,7913.423,49.519,49.519,11.04,detected,0
80.0,80.0,2000,103,person,1.0,1032.705,69.291,50.903,146.092,1058.157,142.337,7436.521,61.738,61.738,10.68,detected,0
80.0,80.0,2000,104,person,1.0,1108.984,245.903,63.64,196.566,1140.804,344.186,12509.46,58.782,58.782,10.32,detected,0
80.0,80.0,2000,105,person,1.0,1212.253,263.17,64.709,201.22,1244.608,363.78,13020.745,53.769,53.769,9.6,detected,0
80.0,80.0,2000,108,person,1.0,866.02,162.321,60.509,171.864,896.274,248.253,10399.319,79.516,79.516,8.52,detected,0
80.0,80.0,2000,112,person,1.0,1427.797,117.826,57.469,161.361,1456.532,198.507,9273.255,40.651,40.651,6.0,detected,0
80.0,80.0,2000,113,person,1.0,1740.546,213.108,84.596,192.364,1782.844,309.29,16273.225,48.865,48.865,2.64,detected,0
80.0,80.0,2000,114,person,1.0,691.336,125.921,58.843,160.069,720.757,205.956,9418.94,59.356,59.356,2.12,detected,0
80.0,80.0,2000,115,person,1.0,102.779,326.809,100.094,211.805,152.826,432.712,21200.41,98.017,98.017,2.12,detected,0
80.0,80.0,2000,116,person,1.0,0.0,360.64,103.026,222.44,51.513,471.86,22917.103,99.192,99.192,2.12,detected,0
80.0,80.0,2000,118,person,1.0,197.155,381.8,98.607,225.533,246.459,494.567,22239.133,177.015,177.015,1.28,detected,0
80.0,80.0,2000,119,person,1.0,207.77,588.252,119.251,279.917,267.396,728.21,33380.382,210.443,210.443,1.04,detected,0
81.0,81.0,2025,100,person,1.0,1043.758,65.75,50.487,145.138,1069.001,138.319,7327.582,55.078,55.078,12.24,detected,0
81.0,81.0,2025,101,person,1.0,1306.782,309.118,70.7,213.522,1342.132,415.879,15096.005,51.793,51.793,12.08,detected,0
81.0,81.0,2025,102,person,1.0,863.366,64.439,52.04,143.884,889.386,136.381,7487.723,44.175,44.175,12.04,detected,0
81.0,81.0,2025,103,person,1.0,1084.626,47.406,48.512,140.16,1108.882,117.486,6799.442,56.486,56.486,11.68,detected,0
81.0,81.0,2025,104,person,1.0,1152.434,209.789,60.195,186.303,1182.532,302.94,11214.509,58.672,58.672,11.32,detected,0
81.0,81.0,2025,105,person,1.0,1235.037,222.921,61.672,189.89,1265.873,317.866,11710.896,50.6,50.6,10.6,detected,0
81.0,81.0,2025,108,person,1.0,933.506,134.161,57.399,164.165,962.206,216.244,9422.907,73.291,73.291,9.52,detected,0
81.0,81.0,2025,112,person,1.0,1402.226,145.851,58.93,168.705,1431.691,230.203,9941.786,40.271,40.271,7.0,detected,0
81.0,81.0,2025,113,person,1.0,1701.821,187.923,78.821,184.774,1741.231,280.31,14564.071,50.709,50.709,3.64,detected,0
81.0,81.0,2025,114,person,1.0,737.811,99.553,56.095,152.984,765.859,176.045,8581.637,54.118,54.118,3.12,detected,0
81.0,81.0,2025,115,person,1.0,0.0,368.816,110.704,224.352,55.352,480.992,24836.664,108.776,108.776,3.12,detected,0
81.0,81.0,2025,118,person,1.0,362.831,346.61,87.069,217.303,406.365,455.262,18920.355,164.667,164.667,2.28,detected,0
81.0,81.0,2025,119,person,1.0,383.953,531.518,105.415,265.813,436.66,664.425,28020.677,180.885,180.885,2.04,detected,0
82.0,82.0,2050,100,person,1.0,1089.995,41.624,47.977,138.571,1113.983,110.909,6648.221,52.675,52.675,13.24,detected,0
82.0,82.0,2050,101,person,1.0,1282.895,345.748,73.499,223.595,1319.644,457.545,16434.009,47.347,47.347,13.08,detected,0
82.0,82.0,2050,102,person,1.0,897.05,48.988,50.444,139.715,922.272,118.846,7047.783,37.269,37.269,13.04,detected,0
82.0,82.0,2050,103,person,1.0,1124.67,26.277,46.311,134.483,1147.825,93.518,6228.042,45.728,45.728,12.68,detected,0
82.0,82.0,2050,104,person,1.0,1200.779,179.426,57.614,177.675,1229.586,268.264,10236.567,58.452,58.452,12.32,detected,0
82.0,82.0,2050,105,person,1.0,1269.517,188.215,59.365,180.114,1299.2,278.272,10692.468,51.753,51.753,11.6,detected,0
82.0,82.0,2050,108,person,1.0,1003.467,108.255,54.459,157.051,1030.697,186.78,8552.84,74.559,74.559,10.52,detected,0
82.0,82.0,2050,112,person,1.0,1359.936,177.814,60.433,177.271,1390.152,266.45,10713.018,55.129,55.129,8.0,detected,0
82.0,82.0,2050,113,person,1.0,1663.428,165.859,73.808,178.075,1700.332,254.897,13143.36,48.152,48.152,4.64,detected,0
82.0,82.0,2050,114,person,1.0,783.593,72.949,53.39,145.792,810.288,145.845,7783.835,53.722,53.722,4.12,detected,0
82.0,82.0,2050,118,person,1.0,509.304,312.04,79.31,209.956,548.959,417.018,16651.61,147.633,147.633,3.28,detected,0
82.0,82.0,2050,119,person,1.0,548.234,479.055,94.898,254.774,595.683,606.442,24177.543,169.263,169.263,3.04,detected,0
82.0,82.0,2050,120,person,1.0,1631.769,7.669,59.413,138.524,1661.476,76.931,8230.126,0.0,0.0,0.56,detected,0
82.0,82.0,2050,121,person,1.0,1817.853,202.167,92.804,193.176,1864.255,298.755,17927.506,0.0,0.0,0.08,detected,0
83.0,83.0,2075,100,person,1.0,1120.473,20.038,45.856,132.743,1143.401,86.41,6087.063,38.284,38.284,14.24,detected,0
83.0,83.0,2075,101,person,1.0,1241.386,399.96,77.499,238.304,1280.135,519.112,18468.322,73.153,73.153,14.08,detected,0
83.0,83.0,2075,102,person,1.0,946.329,28.773,48.319,134.305,970.488,95.925,6489.483,53.387,53.387,14.04,detected,0
83.0,83.0,2075,103,person,1.0,1161.274,6.119,44.225,129.171,1183.387,70.704,5712.587,42.25,42.25,13.68,detected,0
83.0,83.0,2075,104,person,1.0,1250.768,150.575,55.9,169.568,1278.718,235.359,9478.851,59.133,59.133,13.32,detected,0
83.0,83.0,2075,105,person,1.0,1312.792,158.693,57.762,171.91,1341.673,244.648,9929.865,54.172,54.172,12.6,detected,0
83.0,83.0,2075,108,person,1.0,1068.18,83.887,51.688,150.356,1094.024,159.065,7771.601,69.127,69.127,11.52,detected,0
83.0,83.0,2075,112,person,1.0,1304.238,214.026,62.246,187.281,1335.361,307.667,11657.493,68.563,68.563,9.0,detected,0
83.0,83.0,2075,113,person,1.0,1629.666,144.731,69.608,171.822,1664.47,230.642,11960.186,43.294,43.294,5.64,detected,0
83.0,83.0,2075,114,person,1.0,803.068,53.606,51.555,140.474,828.846,123.843,7242.137,28.783,28.783,5.12,detected,0
83.0,83.0,2075,118,person,1.0,656.765,279.177,73.3,202.992,693.415,380.673,14879.314,148.958,148.958,4.28,detected,0
83.0,83.0,2075,119,person,1.0,688.448,427.54,86.801,243.614,731.849,549.347,21145.939,147.651,147.651,4.04,detected,0
83.0,83.0,2075,120,person,1.0,1534.583,15.394,54.138,136.918,1561.652,83.853,7412.467,100.063,100.063,1.56,detected,0
83.0,83.0,2075,121,person,1.0,1770.124,177.131,84.862,184.86,1812.555,269.561,15687.589,59.373,59.373,1.08,detected,0
83.0,83.0,2075,122,person,1.0,1749.217,13.063,69.681,145.699,1784.057,85.912,10152.452,0.0,0.0,0.76,detected,0
83.0,83.0,2075,123,person,1.0,1100.48,7.307,45.047,129.139,1123.004,71.876,5817.325,0.0,0.0,0.68,detected,0
84.0,84.0,2100,100,person,1.0,1153.589,1.983,43.988,127.998,1175.583,65.982,5630.376,38.118,38.118,15.24,detected,0
84.0,84.0,2100,101,person,1.0,1176.929,459.163,81.204,253.97,1217.531,586.148,20623.38,91.723,91.723,15.08,detected,0
84.0,84.0,2100,102,person,1.0,983.918,13.22,46.684,130.167,1007.26,78.303,6076.716,40.776,40.776,15.04,detected,0
84.0,84.0,2100,103,person,1.0,1185.903,0.0,42.549,112.326,1207.178,56.163,4779.359,27.883,27.883,14.68,detected,0
84.0,84.0,2100,104,person,1.0,1295.65,122.902,54.49,161.956,1322.895,203.88,8824.982,54.245,54.245,14.32,detected,0
84.0,84.0,2100,105,person,1.0,1353.135,130.823,56.398,164.359,1381.334,213.002,9269.519,50.739,50.739,13.6,detected,0
84.0,84.0,2100,108,person,1.0,1116.306,59.978,49.142,143.806,1140.877,131.881,7066.914,54.168,54.168,12.52,detected,0
84.0,84.0,2100,112,person,1.0,1253.276,261.163,65.313,200.527,1285.932,361.427,13097.02,73.03,73.03,10.0,detected,0
84.0,84.0,2100,113,person,1.0,1602.745,121.463,65.977,165.254,1635.733,204.09,10902.963,39.125,39.125,6.64,detected,0
84.0,84.0,2100,118,person,1.0,794.375,248.356,68.855,195.901,828.803,346.307,13488.763,139.681,139.681,5.28,detected,0
84.0,84.0,2100,119,person,1.0,806.297,381.752,80.47,232.923,846.532,498.213,18743.314,125.566,125.566,5.04,detected,0
84.0,84.0,2100,120,person,1.0,1438.121,23.576,50.635,136.785,1463.439,91.968,6926.108,98.548,98.548,2.56,detected,0
84.0,84.0,2100,121,person,1.0,1730.969,151.748,78.662,177.029,1770.3,240.262,13925.455,51.419,51.419,2.08,detected,0
84.0,84.0,2100,123,person,1.0,1056.115,23.314,46.844,133.323,1079.537,89.975,6245.383,47.084,47.084,1.68,detected,0
85.0,85.0,2125,101,person,1.0,1103.007,530.511,85.443,271.884,1145.729,666.453,23230.585,107.724,107.724,16.08,detected,0
85.0,85.0,2125,102,person,1.0,1020.285,0.0,45.122,124.77,1042.846,62.385,5629.872,38.984,38.984,16.04,detected,0
85.0,85.0,2125,104,person,1.0,1291.094,217.201,62.249,188.184,1322.218,311.293,11714.266,107.415,107.415,15.32,detected,0
85.0,85.0,2125,105,person,1.0,1388.325,104.569,55.223,157.458,1415.937,183.298,8695.303,45.604,45.604,14.6,detected,0
85.0,85.0,2125,108,person,1.0,1150.096,38.277,46.954,137.922,1173.573,107.238,6475.99,40.943,40.943,13.52,detected,0
85.0,85.0,2125,112,person,1.0,1206.521,300.146,67.812,211.511,1240.427,405.901,14342.984,63.63,63.63,11.0,detected,0
85.0,85.0,2125,113,person,1.0,1588.856,106.408,63.945,161.103,1620.829,186.96,10301.731,22.707,22.707,7.64,detected,0
85.0,85.0,2125,118,person,1.0,917.02,224.164,65.199,189.927,949.62,319.127,12383.05,123.836,123.836,6.28,detected,0
85.0,85.0,2125,119,person,1.0,918.553,341.958,74.924,223.006,956.015,453.461,16708.502,118.276,118.276,6.04,detected,0
85.0,85.0,2125,120,person,1.0,1342.732,33.479,48.566,138.012,1367.015,102.485,6702.691,96.995,96.995,3.56,detected,0
85.0,85.0,2125,121,person,1.0,1697.516,129.648,73.808,170.325,1734.42,214.81,12571.348,43.991,43.991,3.08,detected,0
85.0,85.0,2125,123,person,1.0,1004.688,39.77,48.729,137.664,1029.053,108.602,6708.229,53.811,53.811,2.68,detected,0
85.0,85.0,2125,124,person,1.0,1692.215,50.293,67.276,151.228,1725.853,125.907,10174.015,0.0,0.0,0.08,detected,0
86.0,86.0,2150,105,person,1.0,1421.731,80.986,54.395,151.502,1448.928,156.737,8240.951,42.355,42.355,15.6,detected,0
86.0,86.0,2150,108,person,1.0,1173.338,18.929,45.094,132.735,1195.885,85.296,5985.552,31.293,31.293,14.52,detected,0
86.0,86.0,2150,112,person,1.0,1150.073,350.286,71.224,225.45,1185.685,463.011,16057.451,79.109,79.109,12.0,detected,0
86.0,86.0,2150,113,person,1.0,1579.545,93.427,62.392,157.598,1610.741,172.226,9832.854,17.856,17.856,8.64,detected,0
86.0,86.0,2150,118,person,1.0,1017.935,199.546,61.714,183.274,1048.792,291.183,11310.572,103.034,103.034,7.28,detected,0
86.0,86.0,2150,119,person,1.0,1362.27,72.466,52.02,148.607,1388.28,146.769,7730.536,530.012,530.012,7.04,detected,0
86.0,86.0,2150,120,person,1.0,1240.146,49.936,47.737,141.61,1264.014,120.741,6760.037,104.606,104.606,4.56,detected,0
86.0,86.0,2150,121,person,1.0,1660.771,110.32,69.251,164.241,1695.396,192.44,11373.853,44.981,44.981,4.08,detected,0
86.0,86.0,2150,123,person,1.0,945.703,57.304,50.751,142.311,971.078,128.459,7222.426,61.281,61.281,3.68,detected,0
86.0,86.0,2150,124,person,1.0,1671.605,68.39,66.927,154.585,1705.068,145.683,10345.91,28.689,28.689,1.08,detected,0
86.0,86.0,2150,125,person,1.0,1800.772,200.035,90.412,191.798,1845.978,295.934,17340.841,0.0,0.0,0.84,detected,0
86.0,86.0,2150,126,person,1.0,133.435,537.675,118.781,266.863,192.826,671.106,31698.254,0.0,0.0,0.84,detected,0
86.0,86.0,2150,127,person,1.0,1011.205,305.194,70.114,213.171,1046.262,411.779,14946.271,0.0,0.0,0.76,detected,0
86.0,86.0,2150,128,person,1.0,1016.786,605.503,91.59,289.513,1062.581,750.26,26516.496,0.0,0.0,0.72,detected,0
87.0,87.0,2175,105,person,1.0,1455.675,58.358,53.856,146.061,1482.603,131.388,7866.261,42.149,42.149,16.6,detected,0
87.0,87.0,2175,108,person,1.0,1194.35,0.379,43.532,127.841,1216.116,64.299,5565.174,29.158,29.158,15.52,detected,0
87.0,87.0,2175,112,person,1.0,1086.089,400.004,75.396,238.912,1123.787,519.46,18013.009,83.773,83.773,13.0,detected,0
87.0,87.0,2175,113,person,1.0,1574.938,75.473,60.765,152.973,1605.321,151.959,9295.404,20.979,20.979,9.64,detected,0
87.0,87.0,2175,118,person,1.0,1101.695,169.82,58.036,174.913,1130.713,257.276,10151.251,88.661,88.661,8.28,detected,0
87.0,87.0,2175,119,person,1.0,1391.765,49.56,51.081,142.837,1417.305,120.978,7296.257,38.829,38.829,8.04,detected,0
87.0,87.0,2175,120,person,1.0,1124.904,66.16,49.524,145.569,1149.666,138.945,7209.159,115.788,115.788,5.56,detected,0
87.0,87.0,2175,121,person,1.0,1625.878,94.868,65.486,159.275,1658.621,174.505,10430.283,40.916,40.916,5.08,detected,0
87.0,87.0,2175,123,person,1.0,877.636,72.69,52.641,146.3,903.957,145.84,7701.378,69.336,69.336,4.68,detected,0
87.0,87.0,2175,124,person,1.0,1662.812,82.815,67.315,157.674,1696.469,161.652,10613.825,18.137,18.137,2.08,detected,0
87.0,87.0,2175,125,person,1.0,1776.148,237.424,90.559,199.739,1821.428,337.293,18088.164,48.097,48.097,1.84,detected,0
87.0,87.0,2175,126,person,1.0,293.06,460.71,101.627,246.643,343.874,584.031,25065.588,174.349,174.349,1.84,detected,0
87.0,87.0,2175,127,person,1.0,1109.186,271.023,65.469,203.644,1141.92,372.845,13332.369,103.278,103.278,1.76,detected,0
87.0,87.0,2175,128,person,1.0,920.005,685.702,101.23,307.273,970.62,839.339,31105.246,128.031,128.031,1.72,detected,0
88.0,88.0,2200,105,person,1.0,1481.084,38.218,53.355,141.355,1507.762,108.895,7541.996,33.747,33.747,17.6,detected,0
88.0,88.0,2200,112,person,1.0,1006.074,464.64,82.051,255.592,1047.1,592.436,20971.579,105.861,105.861,14.0,detected,0
88.0,88.0,2200,113,person,1.0,1582.687,63.242,60.309,150.141,1612.841,138.312,9054.854,15.582,15.582,10.64,detected,0
88.0,88.0,2200,118,person,1.0,1170.471,145.432,55.021,168.042,1197.981,229.453,9245.839,72.796,72.796,9.28,detected,0
88.0,88.0,2200,119,person,1.0,1418.329,30.04,50.441,138.114,1443.55,99.097,6966.608,34.169,34.169,9.04,detected,0
88.0,88.0,2200,120,person,1.0,1008.436,83.596,52.355,150.046,1034.613,158.619,7855.658,116.723,116.723,6.56,detected,0
88.0,88.0,2200,121,person,1.0,1604.706,73.052,62.416,153.228,1635.914,149.666,9563.879,33.654,33.654,6.08,detected,0
88.0,88.0,2200,123,person,1.0,811.205,90.155,54.685,150.842,838.548,165.576,8248.795,68.322,68.322,5.68,detected,0
88.0,88.0,2200,124,person,1.0,1658.4,105.209,68.673,162.914,1692.736,186.666,11187.793,25.291,25.291,3.08,detected,0
88.0,88.0,2200,125,person,1.0,1742.715,269.995,89.638,206.635,1787.534,373.312,18522.348,49.458,49.458,2.84,detected,0
88.0,88.0,2200,126,person,1.0,428.394,395.298,89.852,231.125,473.32,510.861,20767.043,148.696,148.696,2.84,detected,0
88.0,88.0,2200,127,person,1.0,1196.344,237.684,62.241,194.119,1227.465,334.743,12082.161,93.646,93.646,2.76,detected,0
88.0,88.0,2200,128,person,1.0,799.936,794.813,114.752,285.187,857.312,937.407,32725.779,149.853,149.853,2.72,detected,0
88.0,88.0,2200,129,person,1.0,1456.022,928.246,129.266,151.754,1520.655,1004.123,19616.633,0.0,0.0,0.52,detected,0
89.0,89.0,2225,105,person,1.0,1507.433,18.864,53.084,137.066,1533.975,87.397,7276.012,33.902,33.902,18.6,detected,0
89.0,89.0,2225,112,person,1.0,915.407,541.323,90.654,274.092,960.734,678.369,24847.536,121.834,121.834,15.0,detected,0
89.0,89.0,2225,113,person,1.0,1594.627,48.851,59.974,146.978,1624.614,122.34,8814.859,19.842,19.842,11.64,detected,0
89.0,89.0,2225,118,person,1.0,1236.178,121.303,53.274,161.351,1262.815,201.978,8595.813,70.415,70.415,10.28,detected,0
89.0,89.0,2225,119,person,1.0,1444.981,11.778,50.016,133.897,1469.989,78.727,6696.992,33.377,33.377,10.04,detected,0
89.0,89.0,2225,120,person,1.0,901.785,100.385,54.822,154.319,929.196,177.544,8460.076,107.103,107.103,7.56,detected,0
89.0,89.0,2225,121,person,1.0,1626.477,58.133,62.767,150.348,1657.861,133.307,9436.893,27.373,27.373,7.08,detected,0
89.0,89.0,2225,123,person,1.0,733.446,112.748,57.302,156.685,762.097,191.09,8978.364,80.596,80.596,6.68,detected,0
89.0,89.0,2225,124,person,1.0,1666.128,134.259,71.528,170.302,1701.892,219.41,12181.361,34.0,34.0,4.08,detected,0
89.0,89.0,2225,125,person,1.0,1703.951,307.852,89.158,215.147,1748.53,415.425,19182.076,57.4,57.4,3.84,detected,0
89.0,89.0,2225,126,person,1.0,559.225,339.356,80.824,218.157,599.637,448.435,17632.321,140.901,140.901,3.84,detected,0
89.0,89.0,2225,127,person,1.0,1268.741,209.631,61.163,186.107,1299.322,302.685,11382.862,78.685,78.685,3.76,detected,0
89.0,89.0,2225,128,person,1.0,659.501,922.528,130.254,157.472,724.628,1001.264,20511.358,147.251,147.251,3.72,detected,0
89.0,89.0,2225,129,person,1.0,1508.207,830.311,124.932,249.689,1570.673,955.156,31194.146,69.997,69.997,1.52,detected,0
90.0,90.0,2250,105,person,1.0,1530.21,1.672,52.926,133.425,1556.673,68.385,7061.652,29.609,29.609,19.6,detected,0
90.0,90.0,2250,112,person,1.0,810.259,629.903,101.295,294.093,860.907,776.949,29790.15,140.298,140.298,16.0,detected,0
90.0,90.0,2250,113,person,1.0,1611.241,36.061,60.099,144.469,1641.291,108.296,8682.442,21.803,21.803,12.64,detected,0
90.0,90.0,2250,118,person,1.0,1296.005,99.659,52.641,155.548,1322.325,177.433,8188.202,64.374,64.374,11.28,detected,0
90.0,90.0,2250,119,person,1.0,1468.037,0.0,49.57,123.328,1492.822,61.664,6113.369,28.504,28.504,11.04,detected,0
90.0,90.0,2250,120,person,1.0,796.753,122.103,57.61,159.838,825.558,202.022,9208.267,106.489,106.489,8.56,detected,0
90.0,90.0,2250,121,person,1.0,1654.962,43.991,63.793,148.089,1686.859,118.036,9447.042,32.774,32.774,8.08,detected,0
90.0,90.0,2250,123,person,1.0,651.968,138.707,60.367,163.333,682.151,220.374,9859.923,85.14,85.14,7.68,detected,0
90.0,90.0,2250,124,person,1.0,1683.754,165.43,75.438,178.598,1721.473,254.729,13473.076,40.384,40.384,5.08,detected,0
90.0,90.0,2250,125,person,1.0,1684.3,348.71,91.141,225.25,1729.87,461.335,20529.51,49.557,49.557,4.84,detected,0
90.0,90.0,2250,126,person,1.0,673.973,289.804,74.089,206.184,711.017,392.896,15275.966,124.459,124.459,4.84,detected,0
90.0,90.0,2250,127,person,1.0,1349.688,185.155,60.801,179.276,1380.089,274.793,10900.16,85.446,85.446,4.76,detected,0
90.0,90.0,2250,129,person,1.0,1563.673,742.069,120.363,330.057,1623.854,907.097,39726.651,71.679,71.679,2.52,detected,0
90.0,90.0,2250,131,person,1.0,0.454,449.305,121.624,245.17,61.266,571.89,29818.556,0.0,0.0,0.28,detected,0
91.0,91.0,2275,112,person,1.0,689.175,719.579,113.049,313.736,745.699,876.447,35467.541,152.225,152.225,17.0,detected,0
91.0,91.0,2275,113,person,1.0,1641.913,27.679,61.612,143.677,1672.719,99.517,8852.227,32.631,32.631,13.64,detected,0
91.0,91.0,2275,118,person,1.0,1338.981,76.353,51.747,149.458,1364.854,151.082,7734.003,50.031,50.031,12.28,detected,0
91.0,91.0,2275,120,person,1.0,704.883,139.171,59.911,163.94,734.839,221.141,9821.809,92.712,92.712,9.56,detected,0
91.0,91.0,2275,121,person,1.0,1675.13,30.116,64.342,145.71,1707.301,102.971,9375.273,25.394,25.394,9.08,detected,0
91.0,91.0,2275,123,person,1.0,559.562,164.83,64.218,169.799,591.671,249.73,10904.152,95.124,95.124,8.68,detected,0
91.0,91.0,2275,124,person,1.0,1696.036,197.711,79.103,187.027,1735.588,291.225,14794.397,39.13,39.13,6.08,detected,0
91.0,91.0,2275,125,person,1.0,1652.944,393.366,92.853,236.342,1699.37,511.537,21945.064,58.741,58.741,5.84,detected,0
91.0,91.0,2275,126,person,1.0,770.684,246.005,68.921,195.002,805.144,343.506,13439.733,106.298,106.298,5.84,detected,0
91.0,91.0,2275,127,person,1.0,1433.441,164.859,61.456,174.032,1464.169,251.875,10695.311,87.148,87.148,5.76,detected,0
91.0,91.0,2275,129,person,1.0,1614.741,660.36,115.801,307.698,1672.641,814.209,35631.736,104.921,104.921,3.52,detected,0
91.0,91.0,2275,131,person,1.0,138.928,393.272,103.723,228.687,190.79,507.615,23720.102,144.594,144.594,1.28,detected,0
91.0,91.0,2275,132,person,1.0,1754.269,378.347,100.51,234.682,1804.524,495.688,23587.888,0.0,0.0,0.64,detected,0
91.0,91.0,2275,133,person,1.0,6.084,770.875,151.224,309.125,81.696,925.438,46747.119,0.0,0.0,0.28,detected,0
91.0,91.0,2275,134,person,1.0,1250.372,0.0,43.437,116.053,1272.091,58.026,5040.994,0.0,0.0,0.04,detected,0
91.0,91.0,2275,135,person,1.0,1297.095,0.0,44.66,122.03,1319.425,61.015,5449.86,0.0,0.0,0.04,detected,0
92.0,92.0,2300,112,person,1.0,530.574,821.004,127.528,258.996,594.338,950.502,33029.242,168.507,168.507,18.0,detected,0
92.0,92.0,2300,113,person,1.0,1673.959,12.875,62.962,141.634,1705.44,83.692,8917.56,36.347,36.347,14.64,detected,0
92.0,92.0,2300,118,person,1.0,1378.275,52.349,50.91,143.411,1403.73,124.054,7301.054,47.348,47.348,13.28,detected,0
92.0,92.0,2300,120,person,1.0,614.646,165.096,63.276,170.408,646.284,250.3,10782.737,93.232,93.232,10.56,detected,0
92.0,92.0,2300,121,person,1.0,1696.529,17.87,65.203,143.895,1729.13,89.817,9382.386,25.486,25.486,10.08,detected,0
92.0,92.0,2300,123,person,1.0,463.428,193.663,69.078,176.898,497.967,282.112,12219.76,99.142,99.142,9.68,detected,0
92.0,92.0,2300,124,person,1.0,1694.567,230.617,81.693,195.245,1735.414,328.24,15950.15,37.015,37.015,7.08,detected,0
92.0,92.0,2300,125,person,1.0,1614.314,442.47,94.96,248.737,1661.794,566.839,23620.066,66.86,66.86,6.84,detected,0
92.0,92.0,2300,126,person,1.0,858.742,205.969,64.375,184.345,890.929,298.142,11867.209,97.041,97.041,6.84,detected,0
92.0,92.0,2300,127,person,1.0,1501.947,141.274,62.144,168.411,1533.019,225.48,10465.733,73.736,73.736,6.76,detected,0
92.0,92.0,2300,129,person,1.0,1671.745,588.646,112.767,289.044,1728.128,733.168,32594.625,98.216,98.216,4.52,detected,0
92.0,92.0,2300,131,person,1.0,264.936,341.355,90.748,215.091,310.31,448.901,19519.078,133.164,133.164,2.28,detected,0
92.0,92.0,2300,132,person,1.0,1720.624,427.232,101.63,246.56,1771.439,550.512,25057.893,64.033,64.033,1.64,detected,0
92.0,92.0,2300,133,person,1.0,137.825,679.182,132.702,306.258,204.176,832.311,40641.049,153.863,153.863,1.28,detected,0
92.0,92.0,2300,134,person,1.0,1215.965,5.811,44.029,129.464,1237.979,70.543,5700.17,36.335,36.335,1.04,detected,0
92.0,92.0,2300,135,person,1.0,1265.664,3.37,44.676,129.23,1288.002,67.985,5773.479,32.187,32.187,1.04,detected,0
93.0,93.0,2325,112,person,1.0,363.694,958.371,144.676,121.629,436.032,1019.186,17596.797,172.564,172.564,19.0,detected,0
93.0,93.0,2325,113,person,1.0,1694.41,0.0,63.66,139.41,1726.24,69.705,8874.841,25.065,25.065,15.64,detected,0
93.0,93.0,2325,118,person,1.0,1401.781,30.53,49.957,137.988,1426.76,99.524,6893.467,33.647,33.647,14.28,detected,0
93.0,93.0,2325,120,person,1.0,513.467,197.348,68.201,178.381,547.567,286.538,12165.763,105.158,105.158,11.56,detected,0
93.0,93.0,2325,121,person,1.0,1718.469,10.222,66.555,143.29,1751.746,81.867,9536.666,23.973,23.973,11.08,detected,0
93.0,93.0,2325,123,person,1.0,370.413,227.046,75.099,185.272,407.962,319.682,13913.742,97.531,97.531,10.68,detected,0
93.0,93.0,2325,124,person,1.0,1686.799,267.521,84.156,204.405,1728.877,369.724,17201.907,41.996,41.996,8.08,detected,0
93.0,93.0,2325,125,person,1.0,1574.731,495.305,97.871,262.244,1623.667,626.427,25666.083,70.742,70.742,7.84,detected,0
93.0,93.0,2325,126,person,1.0,943.106,171.844,60.47,175.046,973.341,259.367,10585.032,91.078,91.078,7.84,detected,0
93.0,93.0,2325,127,person,1.0,1553.857,118.643,62.88,163.408,1585.297,200.347,10275.095,58.005,58.005,7.76,detected,0
93.0,93.0,2325,129,person,1.0,1733.892,532.487,112.813,275.266,1790.298,670.12,31053.583,88.545,88.545,5.52,detected,0
93.0,93.0,2325,131,person,1.0,368.842,300.349,82.238,204.981,409.961,402.839,16857.227,109.781,109.781,3.28,detected,0
93.0,93.0,2325,132,person,1.0,1670.237,481.514,102.497,259.863,1721.486,611.446,26635.178,78.792,78.792,2.64,detected,0
93.0,93.0,2325,133,person,1.0,263.394,600.475,117.609,282.964,322.198,741.957,33279.113,148.638,148.638,2.28,detected,0
93.0,93.0,2325,134,person,1.0,1191.284,20.239,45.08,133.203,1213.824,86.841,6004.791,29.139,29.139,2.04,detected,0
93.0,93.0,2325,135,person,1.0,1240.842,16.605,45.22,132.564,1263.452,82.887,5994.544,28.719,28.719,2.04,detected,0
94.0,94.0,2350,113,person,1.0,1721.282,0.0,65.121,126.613,1753.842,63.306,8245.165,28.334,28.334,16.64,detected,0
94.0,94.0,2350,118,person,1.0,1431.396,12.445,49.585,133.809,1456.188,79.349,6634.919,35.68,35.68,15.28,detected,0
94.0,94.0,2350,120,person,1.0,417.129,230.383,73.856,186.523,454.057,323.644,13775.843,100.604,100.604,12.56,detected,0
94.0,94.0,2350,121,person,1.0,1778.56,0.0,71.621,144.271,1814.37,72.135,10332.833,63.376,63.376,12.08,detected,0
94.0,94.0,2350,123,person,1.0,280.141,263.337,82.375,194.557,321.329,360.615,16026.633,95.818,95.818,11.68,detected,0
94.0,94.0,2350,124,person,1.0,1663.549,305.594,85.606,213.681,1706.352,412.434,18292.376,48.287,48.287,9.08,detected,0
94.0,94.0,2350,125,person,1.0,1524.739,557.204,101.585,278.037,1575.532,696.222,28244.389,84.784,84.784,8.84,detected,0
94.0,94.0,2350,126,person,1.0,1029.882,140.093,56.749,166.256,1058.256,223.221,9434.862,92.289,92.289,8.84,detected,0
94.0,94.0,2350,127,person,1.0,1605.2,97.305,64.279,159.263,1637.34,176.936,10237.266,57.066,57.066,8.76,detected,0
94.0,94.0,2350,129,person,1.0,1784.398,482.689,113.587,263.318,1841.191,614.348,29909.502,75.502,75.502,6.52,detected,0
94.0,94.0,2350,131,person,1.0,449.422,266.561,76.394,196.72,487.619,364.921,15028.228,86.421,86.421,4.28,detected,0
94.0,94.0,2350,132,person,1.0,1646.206,542.041,106.62,275.632,1699.516,679.857,29387.884,71.853,71.853,3.64,detected,0
94.0,94.0,2350,133,person,1.0,374.337,530.843,105.693,265.539,427.183,663.612,28065.614,130.995,130.995,3.28,detected,0
94.0,94.0,2350,134,person,1.0,1165.621,36.485,46.601,137.506,1188.921,105.238,6407.917,30.961,30.961,3.04,detected,0
94.0,94.0,2350,135,person,1.0,1207.862,32.669,46.066,136.696,1230.895,101.017,6297.038,37.265,37.265,3.04,detected,0
94.0,94.0,2350,136,person,1.0,1580.616,0.0,55.335,131.02,1608.284,65.51,7249.992,0.0,0.0,0.28,detected,0
94.0,94.0,2350,137,person,1.0,1621.378,0.0,58.063,135.051,1650.409,67.525,7841.466,0.0,0.0,0.28,detected,0
94.0,94.0,2350,138,person,1.0,1288.914,978.722,127.179,101.278,1352.504,1029.361,12880.435,0.0,0.0,0.12,detected,0
95.0,95.0,2375,118,person,1.0,1473.785,0.0,49.938,125.843,1498.754,62.922,6284.348,45.626,45.626,16.28,detected,0
95.0,95.0,2375,120,person,1.0,329.463,261.592,79.979,194.286,369.452,358.735,15538.8,91.593,91.593,13.56,detected,0
95.0,95.0,2375,123,person,1.0,184.024,305.979,91.996,205.792,230.022,408.875,18932.041,103.276,103.276,12.68,detected,0
95.0,95.0,2375,124,person,1.0,1637.954,347.458,87.52,224.134,1681.714,459.525,19616.208,53.146,53.146,10.08,detected,0
95.0,95.0,2375,125,person,1.0,1464.921,628.303,106.101,295.96,1517.972,776.283,31401.652,98.604,98.604,9.84,detected,0
95.0,95.0,2375,126,person,1.0,1106.297,108.517,53.161,157.453,1132.878,187.244,8370.359,82.841,82.841,9.84,detected,0
95.0,95.0,2375,127,person,1.0,1650.459,79.302,66.095,156.351,1683.506,157.477,10334.019,50.1,50.1,9.76,detected,0
95.0,95.0,2375,131,person,1.0,519.521,229.025,71.048,187.224,555.045,322.637,13301.891,79.588,79.588,5.28,detected,0
95.0,95.0,2375,132,person,1.0,1641.443,617.595,113.45,296.319,1698.168,765.755,33617.391,85.908,85.908,4.64,detected,0
95.0,95.0,2375,133,person,1.0,472.252,465.266,95.702,250.073,520.103,590.303,23932.486,118.357,118.357,4.28,detected,0
95.0,95.0,2375,134,person,1.0,1132.413,52.052,48.293,141.662,1156.559,122.883,6841.283,36.86,36.86,4.04,detected,0
95.0,95.0,2375,135,person,1.0,1184.929,43.922,46.932,139.654,1208.395,113.749,6554.242,25.853,25.853,4.04,detected,0
95.0,95.0,2375,136,person,1.0,1553.689,16.459,55.216,137.757,1581.297,85.338,7606.391,33.487,33.487,1.28,detected,0
95.0,95.0,2375,137,person,1.0,1605.499,15.021,58.182,139.213,1634.59,84.627,8099.691,23.297,23.297,1.28,detected,0
95.0,95.0,2375,138,person,1.0,1398.702,842.768,122.185,237.232,1459.794,961.384,28986.192,127.013,127.013,1.12,detected,0
95.0,95.0,2375,139,person,1.0,919.559,983.451,123.939,96.549,981.529,1031.726,11966.187,0.0,0.0,0.56,detected,0
96.0,96.0,2400,120,person,1.0,230.092,299.763,88.542,204.075,274.363,401.8,18069.209,104.387,104.387,14.56,detected,0
96.0,96.0,2400,123,person,1.0,79.664,351.072,104.417,218.318,131.873,460.231,22796.111,110.773,110.773,13.68,detected,0
96.0,96.0,2400,124,person,1.0,1601.943,398.884,90.024,237.185,1646.955,517.476,21352.342,67.576,67.576,11.08,detected,0
96.0,96.0,2400,125,person,1.0,1401.824,707.925,111.246,315.799,1457.447,865.824,35131.376,108.078,108.078,10.84,detected,0
96.0,96.0,2400,126,person,1.0,1162.727,83.398,50.352,150.533,1187.903,158.665,7579.638,62.005,62.005,10.84,detected,0
96.0,96.0,2400,127,person,1.0,1689.986,62.575,68.013,154.011,1723.993,139.581,10474.75,44.265,44.265,10.76,detected,0
96.0,96.0,2400,131,person,1.0,593.127,191.559,66.042,177.616,626.148,280.367,11730.116,82.719,82.719,6.28,detected,0
96.0,96.0,2400,132,person,1.0,1646.683,705.818,121.551,322.475,1707.458,867.055,39197.159,101.726,101.726,5.64,detected,0
96.0,96.0,2400,133,person,1.0,548.15,409.67,88.018,236.809,592.159,528.075,20843.455,95.207,95.207,5.28,detected,0
96.0,96.0,2400,134,person,1.0,1090.894,68.124,50.124,145.991,1115.956,141.12,7317.653,44.511,44.511,5.04,detected,0
96.0,96.0,2400,135,person,1.0,1151.432,63.776,48.97,145.006,1175.917,136.279,7100.944,39.527,39.527,5.04,detected,0
96.0,96.0,2400,136,person,1.0,1533.537,32.483,55.331,141.133,1561.202,103.05,7809.03,26.786,26.786,2.28,detected,0
96.0,96.0,2400,137,person,1.0,1579.261,34.335,57.969,142.935,1608.245,105.803,8285.799,33.8,33.8,2.28,detected,0
96.0,96.0,2400,138,person,1.0,1499.773,723.166,116.141,322.201,1557.843,884.266,37420.746,124.743,124.743,2.12,detected,0
96.0,96.0,2400,139,person,1.0,946.653,929.589,118.234,150.411,1005.77,1004.794,17783.694,36.234,36.234,1.56,detected,0
97.0,97.0,2425,120,person,1.0,83.142,346.475,103.667,217.093,134.976,455.022,22505.38,149.202,149.202,15.56,detected,0
97.0,97.0,2425,123,person,1.0,0.0,402.535,82.407,233.861,41.203,519.466,19271.783,108.303,108.303,14.68,detected,0
97.0,97.0,2425,124,person,1.0,1541.967,452.722,92.065,250.93,1587.999,578.187,23101.87,84.626,84.626,12.08,detected,0
97.0,97.0,2425,125,person,1.0,1347.641,796.327,116.898,283.673,1406.09,938.163,33160.806,88.716,88.716,11.84,detected,0
97.0,97.0,2425,126,person,1.0,1207.863,57.883,48.039,143.618,1231.883,129.692,6899.265,52.665,52.665,11.84,detected,0
97.0,97.0,2425,127,person,1.0,1693.269,71.216,68.949,156.198,1727.744,149.315,10769.696,10.432,10.432,11.76,detected,0
97.0,97.0,2425,131,person,1.0,674.788,158.209,61.909,169.058,705.743,242.738,10466.212,88.041,88.041,7.28,detected,0
97.0,97.0,2425,132,person,1.0,1635.009,800.764,128.155,279.236,1699.086,940.382,35785.49,73.803,73.803,6.64,detected,0
97.0,97.0,2425,133,person,1.0,613.952,360.267,81.765,224.667,654.834,472.601,18369.897,83.699,83.699,6.28,detected,0
97.0,97.0,2425,134,person,1.0,1045.364,85.671,52.109,150.779,1071.418,161.06,7856.943,48.798,48.798,6.04,detected,0
97.0,97.0,2425,135,person,1.0,1105.223,80.815,50.964,149.615,1130.705,155.623,7624.979,49.176,49.176,6.04,detected,0
97.0,97.0,2425,136,person,1.0,1514.882,54.519,56.051,146.222,1542.908,127.63,8195.889,30.642,30.642,3.28,detected,0
97.0,97.0,2425,137,person,1.0,1555.95,53.98,58.09,147.092,1584.995,127.526,8544.574,31.82,31.82,3.28,detected,0
97.0,97.0,2425,138,person,1.0,1570.185,618.064,109.576,294.771,1624.973,765.449,32299.827,136.469,136.469,3.12,detected,0
97.0,97.0,2425,139,person,1.0,1000.835,877.687,112.176,202.313,1056.923,978.843,22694.663,57.359,57.359,2.56,detected,0
97.0,97.0,2425,140,person,1.0,781.303,44.009,50.881,137.661,806.744,112.839,7004.329,0.0,0.0,0.04,detected,0
97.0,97.0,2425,141,person,1.0,1600.534,11.934,57.638,138.286,1629.353,81.077,7970.528,0.0,0.0,0.04,detected,0
98.0,98.0,2450,124,person,1.0,1471.347,511.876,94.958,266.133,1518.826,644.942,25271.457,96.132,96.132,13.08,detected,0
98.0,98.0,2450,125,person,1.0,1309.126,892.724,122.684,187.276,1370.468,986.362,22975.769,59.933,59.933,12.84,detected,0
98.0,98.0,2450,126,person,1.0,1245.928,36.103,46.78,137.877,1269.318,105.041,6449.886,44.823,44.823,12.84,detected,0
98.0,98.0,2450,131,person,1.0,756.545,125.308,58.228,160.439,785.659,205.528,9342.042,88.155,88.155,8.28,detected,0
98.0,98.0,2450,132,person,1.0,1572.28,887.05,130.69,192.95,1637.625,983.525,25216.636,75.092,75.092,7.64,detected,0
98.0,98.0,2450,133,person,1.0,681.262,315.324,76.391,213.36,719.457,422.004,16298.784,82.074,82.074,7.28,detected,0
98.0,98.0,2450,134,person,1.0,998.783,106.112,54.334,156.42,1025.95,184.322,8498.924,51.073,51.073,7.04,detected,0
98.0,98.0,2450,135,person,1.0,1068.836,105.366,53.422,156.453,1095.547,183.593,8358.032,44.927,44.927,7.04,detected,0
98.0,98.0,2450,136,person,1.0,1482.105,78.615,56.422,151.754,1510.316,154.492,8562.264,42.235,42.235,4.28,detected,0
98.0,98.0,2450,137,person,1.0,1540.859,78.284,59.107,152.835,1570.412,154.702,9033.618,30.841,30.841,4.28,detected,0
98.0,98.0,2450,138,person,1.0,1644.825,537.787,106.121,274.457,1697.885,675.015,29125.651,116.166,116.166,4.12,detected,0
98.0,98.0,2450,139,person,1.0,1041.615,823.602,108.022,256.398,1095.626,951.801,27696.625,47.215,47.215,3.56,detected,0
98.0,98.0,2450,140,person,1.0,793.107,60.119,52.196,142.242,819.205,131.24,7424.463,22.223,22.223,1.04,detected,0
98.0,98.0,2450,141,person,1.0,1574.0,28.072,57.202,141.238,1602.601,98.691,8079.096,32.03,32.03,1.04,detected,0
99.0,99.0,2475,124,person,1.0,1384.118,582.44,98.872,283.938,1433.554,724.409,28073.518,116.56,116.56,14.08,detected,0
99.0,99.0,2475,125,person,1.0,1270.336,1001.191,127.756,78.809,1334.214,1040.595,10068.323,65.235,65.235,13.84,detected,0
99.0,99.0,2475,126,person,1.0,1280.306,14.184,45.761,132.251,1303.187,80.309,6051.938,41.937,41.937,13.84,detected,0
99.0,99.0,2475,131,person,1.0,830.299,96.196,55.062,152.687,857.83,172.54,8407.252,79.353,79.353,9.28,detected,0
99.0,99.0,2475,132,person,1.0,1488.238,959.953,131.56,120.047,1554.018,1019.976,15793.383,91.208,91.208,8.64,detected,0
99.0,99.0,2475,133,person,1.0,766.866,278.477,71.895,204.128,802.813,380.541,14675.783,93.099,93.099,8.28,detected,0
99.0,99.0,2475,134,person,1.0,957.165,131.749,56.94,163.587,985.635,213.543,9314.644,49.791,49.791,8.04,detected,0
99.0,99.0,2475,135,person,1.0,1020.545,127.79,55.865,162.701,1048.477,209.141,9089.291,53.556,53.556,8.04,detected,0
99.0,99.0,2475,136,person,1.0,1456.808,106.053,57.55,158.554,1485.583,185.33,9124.783,39.531,39.531,5.28,detected,0
99.0,99.0,2475,137,person,1.0,1519.168,107.335,60.257,159.833,1549.296,187.251,9631.057,38.799,38.799,5.28,detected,0
99.0,99.0,2475,138,person,1.0,1710.502,464.852,104.238,256.287,1762.621,592.995,26714.844,104.489,104.489,5.12,detected,0
99.0,99.0,2475,139,person,1.0,1044.237,771.085,104.006,308.915,1096.24,925.543,32129.013,26.266,26.266,4.56,detected,0
99.0,99.0,2475,140,person,1.0,751.642,78.479,54.123,147.136,778.704,152.047,7963.442,45.534,45.534,2.04,detected,0
99.0,99.0,2475,141,person,1.0,1550.844,52.398,57.697,146.561,1579.693,125.678,8456.13,35.399,35.399,2.04,detected,0
100.0,100.0,2500,124,person,1.0,1268.375,661.2,102.396,302.888,1319.573,812.644,31014.52,144.143,144.143,15.08,detected,0
100.0,100.0,2500,126,person,1.0,1307.674,0.0,45.179,127.187,1330.264,63.593,5746.181,31.821,31.821,14.84,detected,0
100.0,100.0,2500,131,person,1.0,900.252,71.928,52.389,146.211,926.447,145.034,7659.848,73.924,73.924,10.28,detected,0
100.0,100.0,2500,133,person,1.0,855.556,248.244,68.079,196.393,889.596,346.44,13370.239,93.241,93.241,9.28,detected,0
100.0,100.0,2500,134,person,1.0,916.172,158.796,59.678,171.155,946.011,244.374,10214.188,50.206,50.206,9.04,detected,0
100.0,100.0,2500,135,person,1.0,979.084,149.466,58.165,168.768,1008.167,233.85,9816.391,47.281,47.281,9.04,detected,0
100.0,100.0,2500,136,person,1.0,1434.934,138.142,59.328,166.86,1464.598,221.572,9899.47,41.879,41.879,6.28,detected,0
100.0,100.0,2500,137,person,1.0,1489.298,138.069,61.35,167.404,1519.973,221.771,10270.235,45.293,45.293,6.28,detected,0
100.0,100.0,2500,138,person,1.0,1767.013,398.236,103.723,240.255,1818.874,518.363,24919.969,93.458,93.458,6.12,detected,0
100.0,100.0,2500,139,person,1.0,1069.874,722.863,100.285,316.322,1120.017,881.024,31722.352,50.47,50.47,5.56,detected,0
100.0,100.0,2500,140,person,1.0,691.953,102.484,56.744,153.462,720.325,179.215,8708.048,64.391,64.391,3.04,detected,0
100.0,100.0,2500,141,person,1.0,1520.284,84.613,58.567,154.006,1549.568,161.616,9019.669,46.894,46.894,3.04,detected,0
100.0,100.0,2500,142,person,1.0,1807.929,174.343,89.187,186.084,1852.523,267.385,16596.274,0.0,0.0,0.2,detected,0
100.0,100.0,2500,143,person,1.0,1252.19,0.0,43.613,118.541,1273.997,59.27,5169.929,0.0,0.0,0.0,detected,0
101.0,101.0,2525,124,person,1.0,1136.561,746.408,104.453,322.215,1188.787,907.515,33656.323,161.572,161.572,16.08,detected,0
101.0,101.0,2525,131,person,1.0,958.265,48.802,49.918,139.978,983.224,118.791,6987.422,62.549,62.549,11.28,detected,0
101.0,101.0,2525,133,person,1.0,939.914,218.673,64.423,188.471,972.125,312.909,12141.867,89.082,89.082,10.28,detected,0
101.0,101.0,2525,134,person,1.0,866.044,187.553,62.697,179.114,897.392,277.11,11229.91,58.613,58.613,10.04,detected,0
101.0,101.0,2525,135,person,1.0,928.787,175.532,60.952,176.034,959.263,263.549,10729.624,57.215,57.215,10.04,detected,0
101.0,101.0,2525,136,person,1.0,1406.753,171.092,61.139,175.577,1437.322,258.88,10734.602,46.216,46.216,7.28,detected,0
101.0,101.0,2525,137,person,1.0,1453.059,164.366,62.087,174.036,1484.102,251.384,10805.373,46.515,46.515,7.28,detected,0
101.0,101.0,2525,139,person,1.0,1092.286,678.25,96.948,306.274,1140.76,831.387,29692.652,53.797,53.797,6.56,detected,0
101.0,101.0,2525,140,person,1.0,607.663,130.128,60.196,160.54,637.761,210.398,9663.866,88.256,88.256,4.04,detected,0
101.0,101.0,2525,141,person,1.0,1480.036,95.989,57.668,156.238,1508.87,174.108,9009.933,42.572,42.572,4.04,detected,0
101.0,101.0,2525,142,person,1.0,1788.15,203.06,89.096,191.907,1832.698,299.014,17098.146,37.328,37.328,1.2,detected,0
101.0,101.0,2525,143,person,1.0,1214.233,12.477,44.52,131.251,1236.493,78.103,5843.295,41.966,41.966,1.0,detected,0
101.0,101.0,2525,144,person,1.0,1587.114,938.533,133.518,141.467,1653.873,1009.266,18888.391,0.0,0.0,0.32,detected,0
102.0,102.0,2550,124,person,1.0,971.868,839.794,110.026,240.206,1026.881,959.897,26428.905,170.169,170.169,17.08,detected,0
102.0,102.0,2550,131,person,1.0,1011.337,28.062,47.685,134.427,1035.179,95.276,6410.151,57.029,57.029,12.28,detected,0
102.0,102.0,2550,133,person,1.0,1006.288,190.067,61.126,180.524,1036.851,280.329,11034.71,72.463,72.463,11.28,detected,0
102.0,102.0,2550,134,person,1.0,806.155,215.765,65.822,186.728,839.066,309.129,12290.81,66.537,66.537,11.04,detected,0
102.0,102.0,2550,135,person,1.0,882.324,205.105,64.024,184.26,914.336,297.235,11797.062,56.153,56.153,11.04,detected,0
102.0,102.0,2550,136,person,1.0,1361.746,197.084,62.106,182.574,1392.799,288.371,11338.941,53.404,53.404,8.28,detected,0
102.0,102.0,2550,137,person,1.0,1405.709,201.909,63.704,183.962,1437.561,293.89,11719.115,63.031,63.031,8.28,detected,0
102.0,102.0,2550,139,person,1.0,1096.031,633.995,93.492,296.19,1142.777,782.09,27691.395,49.338,49.338,7.56,detected,0
102.0,102.0,2550,140,person,1.0,529.647,157.477,64.158,167.492,561.726,241.223,10745.952,82.046,82.046,5.04,detected,0
102.0,102.0,2550,141,person,1.0,1430.264,122.536,57.923,162.642,1459.226,203.857,9420.713,57.876,57.876,5.04,detected,0
102.0,102.0,2550,142,person,1.0,1762.803,234.506,88.793,198.492,1807.2,333.752,17624.7,43.092,43.092,2.2,detected,0
102.0,102.0,2550,143,person,1.0,1169.329,31.266,46.134,136.09,1192.396,99.311,6278.376,48.932,48.932,2.0,detected,0
102.0,102.0,2550,144,person,1.0,1534.178,830.858,125.898,249.142,1597.127,955.429,31366.48,78.221,78.221,1.32,detected,0
103.0,103.0,2575,124,person,1.0,760.843,928.127,126.618,151.873,824.152,1004.063,19229.856,207.484,207.484,18.08,detected,0
103.0,103.0,2575,131,person,1.0,1056.042,9.613,45.709,129.536,1078.896,74.381,5920.961,48.454,48.454,13.28,detected,0
103.0,103.0,2575,133,person,1.0,1063.96,161.398,57.975,172.445,1092.947,247.62,9997.499,64.936,64.936,12.28,detected,0
103.0,103.0,2575,134,person,1.0,737.329,244.442,69.155,194.207,771.907,341.546,13430.385,74.574,74.574,12.04,detected,0
103.0,103.0,2575,135,person,1.0,827.0,237.308,67.486,193.053,860.743,333.834,13028.375,64.898,64.898,12.04,detected,0
103.0,103.0,2575,136,person,1.0,1301.892,235.369,64.041,193.215,1333.912,331.976,12373.682,73.274,73.274,9.28,detected,0
103.0,103.0,2575,137,person,1.0,1355.668,238.839,65.562,194.069,1388.449,335.874,12723.552,64.611,64.611,9.28,detected,0
103.0,103.0,2575,139,person,1.0,1115.006,600.345,91.443,288.432,1160.727,744.561,26375.087,41.601,41.601,8.56,detected,0
103.0,103.0,2575,140,person,1.0,435.461,187.967,69.323,175.129,470.123,275.531,12140.468,97.818,97.818,6.04,detected,0
103.0,103.0,2575,141,person,1.0,1374.586,151.135,58.594,170.004,1403.883,236.137,9961.214,64.069,64.069,6.04,detected,0
103.0,103.0,2575,142,person,1.0,1733.382,264.95,88.234,205.064,1777.499,367.482,18093.617,44.943,44.943,3.2,detected,0
103.0,103.0,2575,143,person,1.0,1121.743,52.69,48.484,141.793,1145.985,123.587,6874.692,52.376,52.376,3.0,detected,0
103.0,103.0,2575,144,person,1.0,1512.701,720.398,116.405,321.797,1570.903,881.296,37458.78,78.634,78.634,2.32,detected,0
103.0,103.0,2575,145,person,1.0,1817.196,133.186,86.98,177.01,1860.686,221.691,15396.33,0.0,0.0,0.4,detected,0
104.0,104.0,2600,124,person,1.0,506.463,1000.749,141.685,79.251,577.306,1040.374,11228.678,249.503,249.503,19.08,detected,0
104.0,104.0,2600,131,person,1.0,1096.532,0.0,43.655,114.211,1118.36,57.105,4985.881,43.079,43.079,14.28,detected,0
104.0,104.0,2600,133,person,1.0,1126.16,134.51,54.904,164.881,1153.612,216.951,9052.626,67.977,67.977,13.28,detected,0
104.0,104.0,2600,134,person,1.0,655.139,274.704,72.898,201.721,691.588,375.565,14705.057,87.226,87.226,13.04,detected,0
104.0,104.0,2600,135,person,1.0,750.909,271.033,71.42,201.863,786.619,371.965,14417.055,83.356,83.356,13.04,detected,0
104.0,104.0,2600,136,person,1.0,1239.111,278.937,66.593,205.516,1272.408,381.695,13685.927,79.087,79.087,10.28,detected,0
104.0,104.0,2600,137,person,1.0,1307.834,279.471,68.056,205.391,1341.862,382.167,13978.09,65.676,65.676,10.28,detected,0
104.0,104.0,2600,139,person,1.0,1155.61,563.169,89.722,279.64,1200.471,702.989,25089.86,57.513,57.513,9.56,detected,0
104.0,104.0,2600,140,person,1.0,342.665,225.974,76.055,184.842,380.692,318.395,14058.158,99.172,99.172,7.04,detected,0
104.0,104.0,2600,141,person,1.0,1319.907,180.713,59.75,178.023,1349.782,269.724,10636.874,63.679,63.679,7.04,detected,0
104.0,104.0,2600,142,person,1.0,1706.538,301.142,88.799,213.492,1750.938,407.888,18957.876,48.355,48.355,4.2,detected,0
104.0,104.0,2600,143,person,1.0,1107.489,15.44,45.633,131.409,1130.305,81.144,5996.587,45.246,45.246,4.0,detected,0
104.0,104.0,2600,144,person,1.0,1509.304,616.168,106.669,293.301,1562.639,762.819,31286.124,118.766,118.766,3.32,detected,0
104.0,104.0,2600,145,person,1.0,1782.24,156.721,84.595,180.606,1824.537,247.024,15278.365,44.142,44.142,1.4,detected,0
104.0,104.0,2600,146,person,1.0,1787.341,243.79,92.423,201.767,1833.552,344.673,18647.911,0.0,0.0,0.12,detected,0
105.0,105.0,2625,133,person,1.0,1177.687,109.269,52.123,157.841,1203.748,188.19,8227.146,57.8,57.8,14.28,detected,0
105.0,105.0,2625,134,person,1.0,577.25,309.269,77.5,210.206,616.0,414.372,16290.965,84.968,84.968,14.04,detected,0
105.0,105.0,2625,135,person,1.0,659.369,309.918,76.167,211.568,697.452,415.702,16114.5,99.316,99.316,14.04,detected,0
105.0,105.0,2625,136,person,1.0,1175.795,323.292,69.213,217.999,1210.401,432.292,15088.365,80.03,80.03,11.28,detected,0
105.0,105.0,2625,137,person,1.0,1253.293,329.248,71.351,219.282,1288.968,438.889,15645.99,77.557,77.557,11.28,detected,0
105.0,105.0,2625,139,person,1.0,1194.521,531.089,88.149,271.804,1238.595,666.991,23959.251,52.434,52.434,10.56,detected,0
105.0,105.0,2625,140,person,1.0,240.299,268.073,84.922,195.779,282.76,365.962,16625.944,108.874,108.874,8.04,detected,0
105.0,105.0,2625,141,person,1.0,1263.614,214.258,61.46,187.409,1294.344,307.962,11518.157,67.346,67.346,8.04,detected,0
105.0,105.0,2625,142,person,1.0,1681.204,346.058,90.646,224.499,1726.527,458.308,20349.936,56.018,56.018,5.2,detected,0
105.0,105.0,2625,143,person,1.0,1019.763,96.88,53.33,153.869,1046.428,173.815,8205.834,124.993,124.993,5.0,detected,0
105.0,105.0,2625,144,person,1.0,1492.971,525.288,97.117,269.616,1541.53,660.096,26184.297,104.869,104.869,4.32,detected,0
105.0,105.0,2625,145,person,1.0,1754.574,184.983,83.776,186.039,1796.462,278.002,15585.603,41.808,41.808,2.4,detected,0
105.0,105.0,2625,146,person,1.0,1733.923,285.803,90.095,210.35,1778.97,390.978,18951.483,71.577,71.577,1.12,detected,0
105.0,105.0,2625,147,person,1.0,1792.158,237.933,92.522,200.529,1838.419,338.197,18553.344,0.0,0.0,0.52,detected,0
105.0,105.0,2625,148,person,1.0,20.229,481.296,122.739,253.283,81.599,607.938,31087.702,0.0,0.0,0.12,detected,0
106.0,106.0,2650,133,person,1.0,1212.048,86.57,50.291,151.588,1237.193,162.364,7623.512,42.255,42.255,15.28,detected,0
106.0,106.0,2650,134,person,1.0,502.621,346.438,82.876,219.198,544.059,456.037,18166.253,83.135,83.135,15.04,detected,0
106.0,106.0,2650,135,person,1.0,574.768,348.5,81.361,220.88,615.448,458.94,17971.018,92.705,92.705,15.04,detected,0
106.0,106.0,2650,136,person,1.0,1117.425,379.334,73.603,233.362,1154.226,496.015,17176.143,84.949,84.949,12.28,detected,0
106.0,106.0,2650,137,person,1.0,1189.278,385.293,74.951,234.692,1226.754,502.639,17590.4,89.077,89.077,12.28,detected,0
106.0,106.0,2650,139,person,1.0,1241.814,500.58,86.774,264.09,1285.201,632.625,22916.146,57.906,57.906,11.56,detected,0
106.0,106.0,2650,140,person,1.0,128.844,312.353,96.6,207.817,177.144,416.261,20075.122,116.982,116.982,9.04,detected,0
106.0,106.0,2650,141,person,1.0,1204.628,251.641,63.579,198.018,1236.418,350.65,12589.786,71.956,71.956,9.04,detected,0
106.0,106.0,2650,142,person,1.0,1656.438,390.497,92.838,235.645,1702.857,508.32,21876.811,55.331,55.331,6.2,detected,0
106.0,106.0,2650,143,person,1.0,956.014,121.643,56.101,160.682,984.064,201.984,9014.421,68.43,68.43,6.0,detected,0
106.0,106.0,2650,144,person,1.0,1482.198,459.679,90.214,252.669,1527.305,586.014,22794.281,75.436,75.436,5.32,detected,0
106.0,106.0,2650,145,person,1.0,1728.669,216.452,83.666,192.769,1770.502,312.837,16128.211,43.443,43.443,3.4,detected,0
106.0,106.0,2650,146,person,1.0,1689.129,336.982,90.478,222.312,1734.368,448.138,20114.345,72.503,72.503,2.12,detected,0
106.0,106.0,2650,147,person,1.0,1755.036,280.276,91.848,209.636,1800.96,385.094,19254.647,60.02,60.02,1.52,detected,0
106.0,106.0,2650,148,person,1.0,147.523,421.802,105.954,236.1,200.5,539.852,25015.739,137.015,137.015,1.12,detected,0
107.0,107.0,2675,133,person,1.0,1253.693,67.175,49.301,146.411,1278.343,140.381,7218.209,46.654,46.654,16.28,detected,0
107.0,107.0,2675,134,person,1.0,409.501,389.407,89.838,229.291,454.42,504.053,20599.045,101.689,101.689,16.04,detected,0
107.0,107.0,2675,135,person,1.0,490.704,393.37,87.885,231.576,534.647,509.158,20352.057,95.136,95.136,16.04,detected,0
107.0,107.0,2675,136,person,1.0,1042.351,444.803,79.517,250.595,1082.11,570.101,19926.563,103.39,103.39,13.28,detected,0
107.0,107.0,2675,137,person,1.0,1123.583,443.592,78.623,250.178,1162.894,568.681,19669.745,91.867,91.867,13.28,detected,0
107.0,107.0,2675,139,person,1.0,1280.837,472.154,85.208,256.737,1323.441,600.523,21876.046,49.929,49.929,12.56,detected,0
107.0,107.0,2675,140,person,1.0,10.531,364.441,112.378,222.925,66.72,475.904,25051.866,125.502,125.502,10.04,detected,0
107.0,107.0,2675,141,person,1.0,1139.339,293.893,66.798,209.985,1172.738,398.885,14026.578,79.886,79.886,10.04,detected,0
107.0,107.0,2675,142,person,1.0,1641.184,441.109,96.564,248.704,1689.466,565.461,24015.853,58.69,58.69,7.2,detected,0
107.0,107.0,2675,143,person,1.0,886.283,151.643,59.381,168.925,915.974,236.106,10030.935,76.162,76.162,7.0,detected,0
107.0,107.0,2675,144,person,1.0,1496.792,402.873,85.235,237.837,1539.409,521.792,20272.037,65.353,65.353,6.32,detected,0
107.0,107.0,2675,145,person,1.0,1706.416,250.692,84.437,200.652,1748.635,351.018,16942.453,44.0,44.0,4.4,detected,0
107.0,107.0,2675,146,person,1.0,1615.123,398.174,90.761,237.125,1660.504,516.736,21521.702,100.805,100.805,3.12,detected,0
107.0,107.0,2675,147,person,1.0,1717.884,330.827,92.485,221.399,1764.126,441.526,20476.087,67.389,67.389,2.52,detected,0
107.0,107.0,2675,148,person,1.0,243.949,364.315,94.138,221.043,291.018,474.837,20808.546,111.447,111.447,2.12,detected,0
107.0,107.0,2675,149,person,1.0,1756.281,432.714,105.74,248.987,1809.151,557.207,26327.885,0.0,0.0,0.24,detected,0
108.0,108.0,2700,133,person,1.0,1300.413,48.701,48.77,141.69,1324.798,119.546,6910.221,50.913,50.913,17.28,detected,0
108.0,108.0,2700,134,person,1.0,310.511,437.381,98.436,240.705,359.729,557.734,23694.037,108.849,108.849,17.04,detected,0
108.0,108.0,2700,135,person,1.0,396.669,442.989,95.771,243.192,444.554,564.585,23290.741,105.777,105.777,17.04,detected,0
108.0,108.0,2700,136,person,1.0,949.295,515.765,87.605,268.097,993.098,649.813,23486.638,119.488,119.488,14.28,detected,0
108.0,108.0,2700,137,person,1.0,1041.149,515.664,84.617,268.304,1083.457,649.816,22703.08,113.548,113.548,14.28,detected,0
108.0,108.0,2700,139,person,1.0,1304.801,446.894,83.467,250.14,1346.534,571.964,20878.435,36.727,36.727,13.56,detected,0
108.0,108.0,2700,141,person,1.0,1066.791,340.632,71.473,222.98,1102.527,452.122,15937.05,88.112,88.112,11.04,detected,0
108.0,108.0,2700,142,person,1.0,1602.175,490.11,98.868,261.137,1651.609,620.678,25818.093,66.949,66.949,8.2,detected,0
108.0,108.0,2700,143,person,1.0,814.096,183.521,62.884,177.565,845.538,272.303,11165.997,79.193,79.193,8.0,detected,0
108.0,108.0,2700,144,person,1.0,1536.464,346.444,81.577,223.021,1577.253,457.955,18193.384,74.211,74.211,7.32,detected,0
108.0,108.0,2700,145,person,1.0,1681.368,287.239,85.413,209.324,1724.074,391.901,17878.991,47.693,47.693,5.4,detected,0
108.0,108.0,2700,146,person,1.0,1537.119,465.782,93.123,254.32,1583.68,592.942,23683.041,108.208,108.208,4.12,detected,0
108.0,108.0,2700,147,person,1.0,1679.503,388.297,94.394,235.463,1726.7,506.029,22226.294,74.574,74.574,3.52,detected,0
108.0,108.0,2700,148,person,1.0,323.448,314.584,85.399,208.379,366.147,418.774,17795.358,93.742,93.742,3.12,detected,0
108.0,108.0,2700,149,person,1.0,1736.314,480.395,108.154,261.131,1790.391,610.96,28242.362,56.933,56.933,1.24,detected,0
109.0,109.0,2725,133,person,1.0,1334.386,31.664,48.231,137.441,1358.501,100.385,6628.917,38.77,38.77,18.28,detected,0
109.0,109.0,2725,134,person,1.0,193.698,489.532,109.836,253.789,248.616,616.427,27875.169,125.662,125.662,18.04,detected,0
109.0,109.0,2725,135,person,1.0,289.853,500.018,105.884,256.853,342.795,628.444,27196.623,120.138,120.138,18.04,detected,0
109.0,109.0,2725,136,person,1.0,858.128,590.083,96.419,285.281,906.338,732.724,27506.509,120.006,120.006,15.28,detected,0
109.0,109.0,2725,137,person,1.0,951.014,597.199,93.513,287.403,997.771,740.9,26875.917,125.055,125.055,15.28,detected,0
109.0,109.0,2725,139,person,1.0,1322.173,423.662,81.722,244.018,1363.034,545.671,19941.639,31.041,31.041,14.56,detected,0
109.0,109.0,2725,141,person,1.0,984.234,397.382,77.746,238.174,1023.107,516.469,18517.076,102.216,102.216,12.04,detected,0
109.0,109.0,2725,142,person,1.0,1568.644,534.868,101.445,272.576,1619.367,671.156,27651.472,59.896,59.896,9.2,detected,0
109.0,109.0,2725,143,person,1.0,743.588,220.508,66.909,187.479,777.043,314.248,12544.032,80.318,80.318,9.0,detected,0
109.0,109.0,2725,144,person,1.0,1582.86,302.18,79.909,211.652,1622.814,408.006,16912.9,67.607,67.607,8.32,detected,0
109.0,109.0,2725,145,person,1.0,1658.849,326.423,87.115,218.989,1702.407,435.918,19077.227,49.061,49.061,6.4,detected,0
109.0,109.0,2725,146,person,1.0,1475.459,541.394,98.029,273.706,1524.474,678.247,26831.125,103.838,103.838,5.12,detected,0
109.0,109.0,2725,147,person,1.0,1629.066,455.967,97.192,252.456,1677.662,582.195,24536.704,90.587,90.587,4.52,detected,0
109.0,109.0,2725,148,person,1.0,389.743,273.503,78.884,197.956,429.185,372.481,15615.561,78.209,78.209,4.12,detected,0
109.0,109.0,2725,149,person,1.0,1707.98,534.968,110.67,275.176,1763.315,672.556,30453.728,67.284,67.284,2.24,detected,0
110.0,110.0,2750,133,person,1.0,1351.465,14.847,47.395,133.201,1375.162,81.448,6313.061,25.223,25.223,19.28,detected,0
110.0,110.0,2750,134,person,1.0,61.431,550.61,125.787,271.349,124.325,686.284,34132.177,142.578,142.578,19.04,detected,0
110.0,110.0,2750,135,person,1.0,161.681,562.901,119.439,273.414,221.401,699.608,32656.295,140.716,140.716,19.04,detected,0
110.0,110.0,2750,136,person,1.0,761.361,680.31,107.184,305.18,814.953,832.9,32710.413,135.597,135.597,16.28,detected,0
110.0,110.0,2750,137,person,1.0,851.752,694.978,104.826,309.001,904.165,849.478,32391.339,143.357,143.357,16.28,detected,0
110.0,110.0,2750,139,person,1.0,1336.666,407.014,80.522,239.577,1376.927,526.803,19291.219,23.432,23.432,15.56,detected,0
110.0,110.0,2750,141,person,1.0,905.342,459.193,84.62,253.873,947.652,586.13,21482.733,102.694,102.694,13.04,detected,0
110.0,110.0,2750,142,person,1.0,1536.328,593.105,105.6,287.561,1589.128,736.886,30366.442,72.351,72.351,10.2,detected,0
110.0,110.0,2750,143,person,1.0,653.288,265.346,72.04,199.078,689.308,364.885,14341.579,101.299,101.299,10.0,detected,0
110.0,110.0,2750,144,person,1.0,1628.245,268.103,79.732,203.349,1668.111,369.778,16213.422,59.272,59.272,9.32,detected,0
110.0,110.0,2750,145,person,1.0,1627.56,368.094,88.728,229.388,1671.924,482.788,20353.138,55.911,55.911,7.4,detected,0
110.0,110.0,2750,146,person,1.0,1469.36,643.223,107.686,299.888,1523.203,793.167,32293.739,114.927,114.927,6.12,detected,0
110.0,110.0,2750,147,person,1.0,1557.152,521.051,99.518,268.848,1606.911,655.475,26755.215,101.861,101.861,5.52,detected,0
110.0,110.0,2750,148,person,1.0,468.93,227.752,72.144,186.305,505.002,320.904,13440.788,91.697,91.697,5.12,detected,0
110.0,110.0,2750,149,person,1.0,1690.105,604.935,115.718,294.217,1747.964,752.043,34046.203,80.956,80.956,3.24,detected,0
111.0,111.0,2775,133,person,1.0,1362.152,0.0,46.479,127.752,1385.392,63.876,5937.785,20.332,20.332,20.28,detected,0
111.0,111.0,2775,135,person,1.0,0.901,632.09,139.323,296.134,70.562,780.157,41258.277,170.998,170.998,20.04,detected,0
111.0,111.0,2775,136,person,1.0,644.165,787.011,120.283,292.989,704.306,933.505,35241.596,149.546,149.546,17.28,detected,0
111.0,111.0,2775,137,person,1.0,753.593,809.737,117.897,270.263,812.542,944.869,31863.197,132.265,132.265,17.28,detected,0
111.0,111.0,2775,139,person,1.0,1356.314,388.769,79.311,234.654,1395.97,506.096,18610.643,28.131,28.131,16.56,detected,0
111.0,111.0,2775,141,person,1.0,814.58,531.44,93.043,271.048,861.101,666.964,25219.119,118.428,118.428,14.04,detected,0
111.0,111.0,2775,142,person,1.0,1530.442,673.324,112.925,309.048,1586.905,827.848,34899.245,90.99,90.99,11.2,detected,0
111.0,111.0,2775,143,person,1.0,558.828,308.0,77.779,209.583,597.717,412.791,16301.156,103.363,103.363,11.0,detected,0
111.0,111.0,2775,144,person,1.0,1673.511,229.724,79.842,194.452,1713.432,326.95,15525.437,62.355,62.355,10.32,detected,0
111.0,111.0,2775,145,person,1.0,1556.114,407.787,88.374,239.227,1600.301,527.4,21141.447,84.381,84.381,8.4,detected,0
111.0,111.0,2775,146,person,1.0,1511.985,772.803,120.756,307.197,1572.363,926.401,37095.881,142.015,142.015,7.12,detected,0
111.0,111.0,2775,147,person,1.0,1472.664,599.174,103.585,288.514,1524.457,743.431,29885.723,120.561,120.561,6.52,detected,0
111.0,111.0,2775,148,person,1.0,538.517,192.237,67.178,177.22,572.106,280.847,11905.285,78.151,78.151,6.12,detected,0
111.0,111.0,2775,149,person,1.0,1676.364,673.391,120.807,313.831,1736.767,830.306,37912.982,79.06,79.06,4.24,detected,0
112.0,112.0,2800,136,person,1.0,517.293,911.402,135.2,168.598,584.893,995.701,22794.45,134.64,134.64,18.28,detected,0
112.0,112.0,2800,137,person,1.0,634.756,941.3,132.54,138.7,701.026,1010.65,18383.298,129.472,129.472,18.28,detected,0
112.0,112.0,2800,139,person,1.0,1381.426,367.545,77.986,228.885,1420.419,481.987,17849.826,34.337,34.337,17.56,detected,0
112.0,112.0,2800,141,person,1.0,702.358,614.132,103.489,289.575,754.102,758.919,29967.827,141.084,141.084,15.04,detected,0
112.0,112.0,2800,142,person,1.0,1503.311,759.295,119.335,320.705,1562.978,919.648,38271.331,94.866,94.866,12.2,detected,0
112.0,112.0,2800,143,person,1.0,449.076,360.617,85.724,222.199,491.938,471.716,19047.787,121.085,121.085,12.0,detected,0
112.0,112.0,2800,144,person,1.0,1710.297,190.22,79.778,185.628,1750.186,283.034,14809.031,57.267,57.267,11.32,detected,0
112.0,112.0,2800,145,person,1.0,1430.6,437.145,86.172,246.947,1473.686,560.619,21279.917,130.9,130.9,9.4,detected,0
112.0,112.0,2800,146,person,1.0,1609.438,910.714,133.206,169.286,1676.041,995.357,22549.911,124.515,124.515,8.12,detected,0
112.0,112.0,2800,147,person,1.0,1385.077,687.005,108.773,310.144,1439.463,842.077,33735.293,130.211,130.211,7.52,detected,0
112.0,112.0,2800,148,person,1.0,615.196,161.848,62.97,169.5,646.681,246.598,10673.415,82.064,82.064,7.12,detected,0
112.0,112.0,2800,149,person,1.0,1642.104,761.078,125.683,318.922,1704.946,920.539,40083.074,95.679,95.679,5.24,detected,0
113.0,113.0,2825,139,person,1.0,1405.342,344.771,76.525,222.696,1443.604,456.119,17041.811,34.738,34.738,18.56,detected,0
113.0,113.0,2825,141,person,1.0,567.472,709.296,116.442,310.878,625.693,864.735,36199.256,166.391,166.391,16.04,detected,0
113.0,113.0,2825,142,person,1.0,1470.813,854.83,125.355,225.17,1533.49,967.415,28226.185,56.136,56.136,13.2,detected,0
113.0,113.0,2825,143,person,1.0,312.103,414.924,96.042,234.832,360.124,532.34,22553.735,145.087,145.087,13.0,detected,0
113.0,113.0,2825,144,person,1.0,1723.978,163.641,78.928,179.6,1763.442,253.441,14175.469,32.426,32.426,12.32,detected,0
113.0,113.0,2825,145,person,1.0,1284.257,461.628,84.31,254.039,1326.412,588.648,21418.028,149.917,149.917,10.4,detected,0
113.0,113.0,2825,147,person,1.0,1284.081,806.358,115.404,273.642,1341.783,943.179,31579.381,140.581,140.581,8.52,detected,0
113.0,113.0,2825,148,person,1.0,688.425,135.131,59.696,162.649,718.273,216.455,9709.495,77.679,77.679,8.12,detected,0
113.0,113.0,2825,149,person,1.0,1612.65,862.367,130.917,217.633,1678.109,971.183,28491.859,57.316,57.316,6.24,detected,0
114.0,114.0,2850,139,person,1.0,1413.34,324.158,74.839,217.138,1450.76,432.727,16250.391,24.462,24.462,19.56,detected,0
114.0,114.0,2850,141,person,1.0,404.932,817.857,132.441,262.143,471.153,948.928,34718.481,175.987,175.987,17.04,detected,0
114.0,114.0,2850,142,person,1.0,1413.904,958.508,129.637,121.492,1478.722,1019.254,15749.858,75.411,75.411,14.2,detected,0
114.0,114.0,2850,143,person,1.0,138.171,471.497,111.671,249.21,194.007,596.102,27829.53,177.934,177.934,14.0,detected,0
114.0,114.0,2850,144,person,1.0,1709.567,136.311,75.414,172.419,1747.274,222.521,13002.806,34.892,34.892,13.32,detected,0
114.0,114.0,2850,145,person,1.0,1127.73,486.259,82.161,260.964,1168.811,616.741,21441.063,160.086,160.086,11.4,detected,0
114.0,114.0,2850,147,person,1.0,1165.992,945.234,120.635,134.766,1226.309,1012.617,16257.496,134.743,134.743,9.52,detected,0
114.0,114.0,2850,148,person,1.0,757.823,111.508,56.992,156.523,786.319,189.769,8920.559,73.092,73.092,9.12,detected,0
114.0,114.0,2850,149,person,1.0,1592.665,968.906,135.586,111.094,1660.458,1024.453,15062.791,56.118,56.118,7.24,detected,0
115.0,115.0,2875,139,person,1.0,1420.157,303.336,73.124,211.512,1456.719,409.092,15466.603,24.375,24.375,20.56,detected,0
115.0,115.0,2875,141,person,1.0,219.486,945.43,149.938,134.57,294.455,1012.715,20177.157,187.858,187.858,18.04,detected,0
115.0,115.0,2875,144,person,1.0,1690.46,106.069,71.367,164.37,1726.144,188.254,11730.594,40.258,40.258,14.32,detected,0
115.0,115.0,2875,145,person,1.0,962.331,512.617,86.939,267.375,1005.801,646.304,23245.315,165.669,165.669,12.4,detected,0
115.0,115.0,2875,148,person,1.0,815.737,90.943,54.719,151.097,843.096,166.492,8267.877,61.364,61.364,10.12,detected,0
115.0,115.0,2875,150,person,1.0,1250.866,6.32,44.625,129.884,1273.178,71.262,5796.074,0.0,0.0,0.72,detected,0
116.0,116.0,2900,139,person,1.0,1414.162,285.832,71.345,206.794,1449.834,389.229,14753.718,21.022,21.022,21.56,detected,0
116.0,116.0,2900,144,person,1.0,1658.769,84.904,67.156,158.019,1692.347,163.913,10611.924,41.649,41.649,15.32,detected,0
116.0,116.0,2900,145,person,1.0,787.782,544.034,94.9,273.887,835.232,680.977,25991.876,174.057,174.057,13.4,detected,0
116.0,116.0,2900,148,person,1.0,876.646,69.446,52.368,145.376,902.83,142.134,7613.05,64.509,64.509,11.12,detected,0
116.0,116.0,2900,150,person,1.0,1240.915,22.686,45.678,134.205,1263.754,89.788,6130.216,20.786,20.786,1.72,detected,0
116.0,116.0,2900,151,person,1.0,74.823,375.01,107.163,224.547,128.404,487.284,24063.13,0.0,0.0,0.88,detected,0
117.0,117.0,2925,139,person,1.0,1424.894,266.783,69.956,201.622,1459.872,367.594,14104.669,23.85,23.85,22.56,detected,0
117.0,117.0,2925,144,person,1.0,1638.379,68.51,64.389,153.293,1670.573,145.156,9870.383,28.739,28.739,16.32,detected,0
117.0,117.0,2925,145,person,1.0,593.675,580.389,103.564,280.442,645.457,720.61,29043.695,193.869,193.869,14.4,detected,0
117.0,117.0,2925,148,person,1.0,934.79,50.211,50.241,140.257,959.91,120.339,7046.652,61.1,61.1,12.12,detected,0
117.0,117.0,2925,150,person,1.0,1221.99,38.936,46.607,138.494,1245.293,108.183,6454.79,26.06,26.06,2.72,detected,0
117.0,117.0,2925,151,person,1.0,169.013,332.406,95.572,212.714,216.799,438.763,20329.502,100.836,100.836,1.88,detected,0
118.0,118.0,2950,139,person,1.0,1432.529,250.166,68.719,197.12,1466.889,348.726,13545.889,20.13,20.13,23.56,detected,0
118.0,118.0,2950,144,person,1.0,1637.728,47.432,62.77,148.206,1669.113,121.535,9302.891,23.667,23.667,17.32,detected,0
118.0,118.0,2950,145,person,1.0,387.31,621.06,114.51,288.488,444.565,765.304,33034.761,205.804,205.804,15.4,detected,0
118.0,118.0,2950,148,person,1.0,980.955,29.675,48.099,134.728,1005.005,97.039,6480.282,50.758,50.758,13.12,detected,0
118.0,118.0,2950,150,person,1.0,1195.674,57.75,48.024,143.524,1219.686,129.512,6892.597,33.327,33.327,3.72,detected,0
118.0,118.0,2950,151,person,1.0,258.184,295.366,86.572,202.95,301.47,396.841,17569.787,94.481,94.481,2.88,detected,0
118.0,118.0,2950,152,person,1.0,1288.266,892.321,121.924,187.679,1349.228,986.16,22882.574,0.0,0.0,0.72,detected,0
119.0,119.0,2975,139,person,1.0,1430.881,234.515,67.29,192.876,1464.526,330.953,12978.626,17.929,17.929,24.56,detected,0
119.0,119.0,2975,144,person,1.0,1653.481,33.342,62.889,145.506,1684.925,106.095,9150.727,22.1,22.1,18.32,detected,0
119.0,119.0,2975,145,person,1.0,164.569,670.712,130.153,303.211,229.645,822.317,39463.821,222.353,222.353,16.4,detected,0
119.0,119.0,2975,148,person,1.0,1029.208,10.822,46.071,129.732,1052.244,75.688,5976.883,51.84,51.84,14.12,detected,0
119.0,119.0,2975,150,person,1.0,1158.398,77.15,49.926,148.769,1183.361,151.535,7427.441,42.479,42.479,4.72,detected,0
119.0,119.0,2975,151,person,1.0,338.162,264.277,79.882,195.055,378.103,361.804,15581.384,84.263,84.263,3.88,detected,0
119.0,119.0,2975,152,person,1.0,1359.645,790.949,116.882,289.051,1418.086,935.475,33784.859,85.501,85.501,1.72,detected,0
119.0,119.0,2975,153,person,1.0,1690.04,635.737,118.519,303.139,1749.3,787.306,35927.731,0.0,0.0,0.52,detected,0
120.0,120.0,3000,139,person,1.0,1435.725,218.105,66.022,188.439,1468.736,312.325,12441.12,19.098,19.098,25.56,detected,0
120.0,120.0,3000,144,person,1.0,1679.2,14.451,63.501,142.252,1710.95,85.577,9033.144,33.14,33.14,19.32,detected,0
120.0,120.0,3000,148,person,1.0,1073.644,0.0,44.116,117.503,1095.702,58.752,5183.762,46.642,46.642,15.12,detected,0
120.0,120.0,3000,150,person,1.0,1118.794,97.189,52.084,154.28,1144.836,174.329,8035.52,44.763,44.763,5.72,detected,0
120.0,120.0,3000,151,person,1.0,430.095,239.719,74.357,189.184,467.274,334.311,14067.155,93.313,93.313,4.88,detected,0
120.0,120.0,3000,152,person,1.0,1417.696,700.243,111.108,314.052,1473.25,857.269,34893.69,95.704,95.704,2.72,detected,0
120.0,120.0,3000,153,person,1.0,1692.272,558.055,111.514,281.105,1748.029,698.607,31347.143,88.708,88.708,1.52,detected,0
121.0,121.0,3025,139,person,1.0,1455.964,205.361,65.621,185.073,1488.774,297.898,12144.675,24.692,24.692,26.56,detected,0
121.0,121.0,3025,144,person,1.0,1716.574,0.0,65.266,135.441,1749.207,67.721,8839.692,42.219,42.219,20.32,detected,0
121.0,121.0,3025,150,person,1.0,1092.345,118.838,54.181,160.351,1119.436,199.014,8687.978,35.419,35.419,6.72,detected,0
121.0,121.0,3025,151,person,1.0,497.851,212.2,69.955,182.326,532.829,303.363,12754.615,72.493,72.493,5.88,detected,0
121.0,121.0,3025,152,person,1.0,1459.386,622.248,105.316,294.343,1512.044,769.419,30999.027,96.034,96.034,3.72,detected,0
121.0,121.0,3025,153,person,1.0,1713.493,491.743,107.064,263.567,1767.025,623.526,28218.537,77.447,77.447,2.52,detected,0
121.0,121.0,3025,154,person,1.0,974.265,7.084,46.248,128.42,997.389,71.294,5939.168,0.0,0.0,0.12,detected,0
121.0,121.0,3025,155,person,1.0,1196.078,0.0,43.008,119.645,1217.582,59.822,5145.692,0.0,0.0,0.04,detected,0
122.0,122.0,3050,139,person,1.0,1465.963,191.901,64.846,181.511,1498.386,282.656,11770.262,18.019,18.019,27.56,detected,0
122.0,122.0,3050,150,person,1.0,1062.47,144.904,56.685,167.72,1090.812,228.764,9507.208,41.284,41.284,7.72,detected,0
122.0,122.0,3050,151,person,1.0,563.57,184.017,65.907,175.19,596.524,271.612,11546.247,71.17,71.17,6.88,detected,0
122.0,122.0,3050,152,person,1.0,1486.8,543.764,98.7,274.35,1536.15,680.939,27078.345,91.705,91.705,4.72,detected,0
122.0,122.0,3050,153,person,1.0,1750.812,433.954,105.278,249.152,1803.451,558.53,26230.224,74.508,74.508,3.52,detected,0
122.0,122.0,3050,154,person,1.0,917.86,25.59,48.276,133.272,941.998,92.226,6433.839,59.214,59.214,1.12,detected,0
122.0,122.0,3050,155,person,1.0,1162.127,5.554,44.168,129.022,1184.211,70.065,5698.644,34.907,34.907,1.04,detected,0
122.0,122.0,3050,156,person,1.0,1119.916,0.0,44.133,125.768,1141.983,62.884,5550.519,0.0,0.0,0.48,detected,0
123.0,123.0,3075,139,person,1.0,1479.327,179.089,64.287,178.184,1511.47,268.181,11454.915,19.513,19.513,28.56,detected,0
123.0,123.0,3075,150,person,1.0,1030.506,171.939,59.313,175.391,1060.162,259.635,10402.966,43.502,43.502,8.72,detected,0
123.0,123.0,3075,151,person,1.0,626.288,161.465,62.779,169.502,657.678,246.216,10641.166,66.218,66.218,7.88,detected,0
123.0,123.0,3075,152,person,1.0,1512.195,479.403,93.367,257.797,1558.878,608.302,24069.732,76.11,76.11,5.72,detected,0
123.0,123.0,3075,154,person,1.0,847.552,45.98,50.563,138.596,872.833,115.278,7007.83,72.905,72.905,2.12,detected,0
123.0,123.0,3075,155,person,1.0,1122.218,20.782,45.895,132.956,1145.166,87.26,6102.016,42.664,42.664,2.04,detected,0
123.0,123.0,3075,156,person,1.0,1078.06,16.707,46.066,131.605,1101.093,82.51,6062.516,45.355,45.355,1.48,detected,0
123.0,123.0,3075,157,person,1.0,1820.201,164.132,89.934,184.36,1865.168,256.312,16580.232,0.0,0.0,0.36,detected,0
