sample_second,video_time_s,frame_index,track_id,label,confidence,bbox_x,bbox_y,bbox_width,bbox_height,center_x,center_y,area_px,displacement_px,speed_px_s,track_age_s,tracking_state,missed_frames
0.0,0.0,0,1,person,0.9215,249,788,131,292,314.5,934.0,38252,0.0,0.0,0.0,detected,0
0.0,0.0,0,2,person,0.9198,1605,610,110,252,1660.0,736.0,27720,0.0,0.0,0.0,detected,0
0.0,0.0,0,3,person,0.9133,879,78,66,152,912.0,154.0,10032,0.0,0.0,0.0,detected,0
0.0,0.0,0,4,person,0.9111,1648,121,69,166,1682.5,204.0,11454,0.0,0.0,0.0,detected,0
0.0,0.0,0,5,person,0.8968,716,228,63,178,747.5,317.0,11214,0.0,0.0,0.0,detected,0
0.0,0.0,0,6,person,0.8963,801,244,56,179,829.0,333.5,10024,0.0,0.0,0.0,detected,0
0.0,0.0,0,7,person,0.8962,873,392,110,226,928.0,505.0,24860,0.0,0.0,0.0,detected,0
0.0,0.0,0,8,person,0.8603,1572,913,144,166,1644.0,996.0,23904,0.0,0.0,0.0,detected,0
0.0,0.0,0,9,person,0.8245,1451,34,82,153,1492.0,110.5,12546,0.0,0.0,0.0,detected,0
0.0,0.0,0,10,person,0.8148,1798,180,67,192,1831.5,276.0,12864,0.0,0.0,0.0,detected,0
0.0,0.0,0,11,person,0.7709,1349,18,53,111,1375.5,73.5,5883,0.0,0.0,0.0,detected,0
0.0,0.0,0,12,person,0.7454,295,296,76,184,333.0,388.0,13984,0.0,0.0,0.0,detected,0
0.0,0.0,0,13,person,0.7427,981,0,53,127,1007.5,63.5,6731,0.0,0.0,0.0,detected,0
0.0,0.0,0,14,person,0.6505,618,1008,132,72,684.0,1044.0,9504,0.0,0.0,0.0,detected,0
0.0,0.0,0,15,person,0.5407,14,276,74,159,51.0,355.5,11766,0.0,0.0,0.0,detected,0
0.0,0.0,0,16,person,0.4557,1157,1,38,75,1176.0,38.5,2850,0.0,0.0,0.0,detected,0
0.0,0.0,0,17,person,0.4551,111,287,60,131,141.0,352.5,7860,0.0,0.0,0.0,detected,0
0.0,0.0,0,18,person,0.4041,1326,0,31,47,1341.5,23.5,1457,0.0,0.0,0.0,detected,0
1.0,1.0,5,1,person,0.8639,96,915,113,165,152.5,997.5,18645,174.0,174.0,1.0,detected,0
1.0,1.0,5,2,person,0.9141,1615,691,126,273,1678.0,827.5,34398,93.25,93.25,1.0,detected,0
1.0,1.0,5,3,person,0.7057,926,66,65,147,958.5,139.5,9555,48.71,48.71,1.0,detected,0
1.0,1.0,5,4,person,0.8986,1646,99,64,159,1678.0,178.5,10176,25.89,25.89,1.0,detected,0
1.0,1.0,5,5,person,0.8996,782,201,68,178,816.0,290.0,12104,73.63,73.63,1.0,detected,0
1.0,1.0,5,6,person,0.9109,865,215,54,174,892.0,302.0,9396,70.44,70.44,1.0,detected,0
1.0,1.0,5,7,person,0.8924,786,449,109,241,840.5,569.5,26269,108.7,108.7,1.0,detected,0
1.0,1.0,5,9,person,0.857,1468,18,81,147,1508.5,91.5,11907,25.16,25.16,1.0,detected,0
1.0,1.0,5,11,person,0.2839,1432,0,49,84,1456.5,42.0,4116,86.91,86.91,1.0,detected,0
1.0,1.0,5,12,person,0.8499,175,342,73,193,211.5,438.5,14089,131.58,131.58,1.0,detected,0
1.0,1.0,5,13,person,0.8361,1016,0,52,115,1042.0,57.5,5980,35.02,35.02,1.0,detected,0
1.0,1.0,5,14,person,0.7338,717,909,139,171,786.5,994.5,23769,113.83,113.83,1.0,detected,0
1.0,1.0,5,15,person,0.4947,15,281,73,155,51.5,358.5,11315,3.04,3.04,1.0,detected,0
1.0,1.0,5,16,person,0.8435,1135,0,43,92,1156.5,46.0,3956,20.89,20.89,1.0,detected,0
1.0,1.0,5,18,person,0.6035,1334,0,23,39,1345.5,19.5,897,5.66,5.66,1.0,detected,0
1.0,1.0,5,19,person,0.7927,353,207,84,185,395.0,299.5,15540,0.0,0.0,0.6,detected,0
1.0,1.0,5,21,person,0.7718,1754,639,72,161,1790.0,719.5,11592,0.0,0.0,0.6,detected,0
2.0,2.0,10,2,person,0.8855,1646,807,110,208,1701.0,911.0,22880,86.61,86.61,2.0,detected,0
2.0,2.0,10,3,person,0.6696,985,48,65,147,1017.5,121.5,9555,61.68,61.68,2.0,detected,0
2.0,2.0,10,4,person,0.9069,1650,74,63,151,1681.5,149.5,9513,29.21,29.21,2.0,detected,0
2.0,2.0,10,5,person,0.8945,862,168,67,169,895.5,252.5,11323,87.9,87.9,2.0,detected,0
2.0,2.0,10,6,person,0.8986,935,181,57,167,963.5,264.5,9519,80.74,80.74,2.0,detected,0
2.0,2.0,10,7,person,0.8903,674,519,121,252,734.5,645.0,30492,130.14,130.14,2.0,detected,0
2.0,2.0,10,9,person,0.8373,1492,0,79,139,1531.5,69.5,10981,31.83,31.83,2.0,detected,0
2.0,2.0,10,12,person,0.8999,14,399,89,202,58.5,500.0,17978,164.9,164.9,2.0,detected,0
2.0,2.0,10,13,person,0.8853,1047,0,51,98,1072.5,49.0,4998,31.66,31.66,2.0,detected,0
2.0,2.0,10,14,person,0.8778,819,794,133,255,885.5,921.5,33915,123.0,123.0,2.0,detected,0
2.0,2.0,10,15,person,0.4371,13,279,73,156,49.5,357.0,11388,2.5,2.5,2.0,detected,0
2.0,2.0,10,16,person,0.8393,1099,0,41,110,1119.5,55.0,4510,38.08,38.08,2.0,detected,0
2.0,2.0,10,17,person,0.469,111,286,60,133,141.0,352.5,7980,0.0,0.0,2.0,detected,0
2.0,2.0,10,18,person,0.3168,1343,0,23,26,1354.5,13.0,598,11.1,11.1,2.0,detected,0
2.0,2.0,10,19,person,0.8809,453,178,64,175,485.0,265.5,11200,96.21,96.21,1.6,detected,0
2.0,2.0,10,21,person,0.7913,1688,732,88,124,1732.0,794.0,10912,94.42,94.42,1.6,detected,0
2.0,2.0,10,29,person,0.2056,1885,866,34,213,1902.0,972.5,7242,0.0,0.0,0.8,detected,0
2.0,2.0,10,33,person,0.3611,1691,0,27,28,1704.5,14.0,756,0.0,0.0,0.2,detected,0
3.0,3.0,15,3,person,0.8728,1038,30,60,146,1068.0,103.0,8760,53.78,53.78,3.0,detected,0
3.0,3.0,15,4,person,0.9288,1657,52,58,146,1686.0,125.0,8468,24.91,24.91,3.0,detected,0
3.0,3.0,15,5,person,0.9128,938,142,64,160,970.0,222.0,10240,80.5,80.5,3.0,detected,0
3.0,3.0,15,6,person,0.9174,1000,150,57,160,1028.5,230.0,9120,73.59,73.59,3.0,detected,0
3.0,3.0,15,7,person,0.906,555,602,132,274,621.0,739.0,36168,147.37,147.37,3.0,detected,0
3.0,3.0,15,9,person,0.8106,1529,0,69,116,1563.5,58.0,8004,34.0,34.0,3.0,detected,0
3.0,3.0,15,13,person,0.6813,1074,0,49,84,1098.5,42.0,4116,26.93,26.93,3.0,detected,0
3.0,3.0,15,14,person,0.6135,911,695,122,246,972.0,818.0,30012,134.89,134.89,3.0,detected,0
3.0,3.0,15,15,person,0.6134,12,275,76,162,50.0,356.0,12312,1.12,1.12,3.0,detected,0
3.0,3.0,15,17,person,0.5248,111,286,60,132,141.0,352.0,7920,0.5,0.5,3.0,detected,0
3.0,3.0,15,19,person,0.7604,531,147,62,170,562.0,232.0,10540,83.97,83.97,2.6,detected,0
3.0,3.0,15,21,person,0.7238,1607,845,126,234,1670.0,962.0,29484,179.08,179.08,2.6,detected,0
3.0,3.0,15,29,person,0.2183,1885,866,34,211,1902.0,971.5,7174,1.0,1.0,1.8,detected,0
3.0,3.0,15,33,person,0.3017,1661,0,29,37,1675.5,18.5,1073,29.35,29.35,1.2,detected,0
3.0,3.0,15,36,person,0.6314,1767,413,93,219,1813.5,522.5,20367,0.0,0.0,0.4,detected,0
4.0,4.0,20,3,person,0.8523,1079,16,58,132,1108.0,82.0,7656,45.18,45.18,4.0,detected,0
4.0,4.0,20,4,person,0.8736,1667,32,57,140,1695.5,102.0,7980,24.88,24.88,4.0,detected,0
4.0,4.0,20,5,person,0.893,1005,112,58,159,1034.0,191.5,9222,70.9,70.9,4.0,detected,0
4.0,4.0,20,6,person,0.9101,1071,122,50,154,1096.0,199.0,7700,74.28,74.28,4.0,detected,0
4.0,4.0,20,7,person,0.8794,423,703,142,292,494.0,849.0,41464,168.01,168.01,4.0,detected,0
4.0,4.0,20,11,person,0.7481,1573,-2,63,99,1604.5,47.5,6237,148.1,49.37,4.0,detected,0
4.0,4.0,20,14,person,0.8982,995,610,118,234,1054.0,727.0,27612,122.49,122.49,4.0,detected,0
4.0,4.0,20,15,person,0.6001,13,276,76,160,51.0,356.0,12160,1.0,1.0,4.0,detected,0
4.0,4.0,20,16,person,0.2852,996,30,42,115,1017.0,87.5,4830,107.53,53.76,4.0,detected,0
4.0,4.0,20,17,person,0.5706,111,286,60,132,141.0,352.0,7920,0.0,0.0,4.0,detected,0
4.0,4.0,20,19,person,0.7752,604,122,56,162,632.0,203.0,9072,75.77,75.77,3.6,detected,0
4.0,4.0,20,21,person,0.8116,1585,978,103,102,1636.5,1029.0,10506,74.91,74.91,3.6,detected,0
4.0,4.0,20,29,person,0.2007,1887,865,33,185,1903.5,957.5,6105,14.08,14.08,2.8,detected,0
4.0,4.0,20,36,person,0.9198,1715,474,108,263,1769.0,605.5,28404,94.18,94.18,1.4,detected,0
5.0,5.0,25,3,person,0.8099,1116,1,55,133,1143.5,67.5,7315,38.35,38.35,5.0,detected,0
5.0,5.0,25,4,person,0.8862,1682,13,55,136,1709.5,81.0,7480,25.24,25.24,5.0,detected,0
5.0,5.0,25,5,person,0.8874,1059,85,58,156,1088.0,163.0,9048,61.06,61.06,5.0,detected,0
5.0,5.0,25,6,person,0.8955,1130,98,46,147,1153.0,171.5,6762,63.29,63.29,5.0,detected,0
5.0,5.0,25,7,person,0.7794,261,823,152,256,337.0,951.0,38912,187.22,187.22,5.0,detected,0
5.0,5.0,25,11,person,0.5894,1636,0,31,73,1651.5,36.5,2263,48.27,48.27,5.0,detected,0
5.0,5.0,25,14,person,0.9191,1067,536,111,219,1122.5,645.5,24309,106.46,106.46,5.0,detected,0
5.0,5.0,25,15,person,0.5813,14,278,75,158,51.5,357.0,11850,1.12,1.12,5.0,detected,0
5.0,5.0,25,16,person,0.8845,948,52,46,125,971.0,114.5,5750,53.34,53.34,5.0,detected,0
5.0,5.0,25,17,person,0.5444,111,287,60,131,141.0,352.5,7860,0.5,0.5,5.0,detected,0
5.0,5.0,25,19,person,0.7833,672,98,56,158,700.0,177.0,8848,72.8,72.8,4.6,detected,0
5.0,5.0,25,29,person,0.1515,1886,865,34,192,1903.0,961.0,6528,3.54,3.54,3.8,detected,0
5.0,5.0,25,33,person,0.5668,1566,0,29,59,1580.5,29.5,1711,95.63,47.82,3.2,detected,0
5.0,5.0,25,36,person,0.9261,1667,550,118,268,1726.0,684.0,31624,89.51,89.51,2.4,detected,0
5.0,5.0,25,42,person,0.5596,1592,0,40,78,1612.0,39.0,3120,0.0,0.0,0.4,detected,0
5.0,5.0,25,43,person,0.9172,0,548,82,241,41.0,668.5,19762,0.0,0.0,0.2,detected,0
5.0,5.0,25,46,person,0.1707,254,831,153,163,330.5,912.5,24939,0.0,0.0,0.0,detected,0
6.0,6.0,30,3,person,0.5281,1153,0,51,119,1178.5,59.5,6069,35.9,35.9,6.0,detected,0
6.0,6.0,30,4,person,0.7506,1699,0,53,128,1725.5,64.0,6784,23.35,23.35,6.0,detected,0
6.0,6.0,30,5,person,0.8802,1112,64,53,146,1138.5,137.0,7738,56.8,56.8,6.0,detected,0
6.0,6.0,30,6,person,0.9109,1176,75,44,142,1198.0,146.0,6248,51.72,51.72,6.0,detected,0
6.0,6.0,30,11,person,0.244,1649,0,20,55,1659.0,27.5,1100,11.72,11.72,6.0,detected,0
6.0,6.0,30,13,person,0.407,1103,0,31,48,1118.5,24.0,1488,26.91,8.97,6.0,detected,0
6.0,6.0,30,14,person,0.7456,1136,473,95,205,1183.5,575.5,19475,92.85,92.85,6.0,detected,0
6.0,6.0,30,15,person,0.5725,15,279,74,157,52.0,357.5,11618,0.71,0.71,6.0,detected,0
6.0,6.0,30,16,person,0.9019,903,72,47,130,926.5,137.0,6110,49.86,49.86,6.0,detected,0
6.0,6.0,30,17,person,0.5481,111,287,60,131,141.0,352.5,7860,0.0,0.0,6.0,detected,0
6.0,6.0,30,19,person,0.8637,730,78,58,150,759.0,153.0,8700,63.69,63.69,5.6,detected,0
6.0,6.0,30,29,person,0.167,1889,865,30,173,1904.0,951.5,5190,9.55,9.55,4.8,detected,0
6.0,6.0,30,33,person,0.3335,1517,0,42,68,1538.0,34.0,2856,42.74,42.74,4.2,detected,0
6.0,6.0,30,36,person,0.89,1642,638,129,284,1706.5,780.0,36636,97.96,97.96,3.4,detected,0
6.0,6.0,30,42,person,0.4971,1609,0,29,55,1623.5,27.5,1595,16.26,16.26,1.4,detected,0
6.0,6.0,30,43,person,0.9165,94,475,120,242,154.0,596.0,29040,134.26,134.26,1.2,detected,0
6.0,6.0,30,46,person,0.8719,64,971,152,109,140.0,1025.5,16568,221.49,221.49,1.0,detected,0
7.0,7.0,35,4,person,0.3854,1722,0,52,74,1748.0,37.0,3848,35.15,35.15,7.0,detected,0
7.0,7.0,35,5,person,0.8545,1159,42,51,142,1184.5,113.0,7242,51.88,51.88,7.0,detected,0
7.0,7.0,35,6,person,0.9139,1222,50,41,138,1242.5,119.0,5658,52.05,52.05,7.0,detected,0
7.0,7.0,35,11,person,0.2691,1649,0,19,36,1658.5,18.0,684,9.51,9.51,7.0,detected,0
7.0,7.0,35,14,person,0.8876,1185,415,100,195,1235.0,512.5,19500,81.37,81.37,7.0,detected,0
7.0,7.0,35,15,person,0.4812,14,279,76,157,52.0,357.5,11932,0.0,0.0,7.0,detected,0
7.0,7.0,35,16,person,0.863,842,94,50,133,867.0,160.5,6650,63.97,63.97,7.0,detected,0
7.0,7.0,35,17,person,0.446,111,287,60,131,141.0,352.5,7860,0.0,0.0,7.0,detected,0
7.0,7.0,35,19,person,0.8209,788,57,57,147,816.5,130.5,8379,61.75,61.75,6.6,detected,0
7.0,7.0,35,29,person,0.2488,1887,864,32,175,1903.0,951.5,5600,1.0,1.0,5.8,detected,0
7.0,7.0,35,33,person,0.8488,1458,0,54,81,1485.0,40.5,4374,53.4,53.4,5.2,detected,0
7.0,7.0,35,36,person,0.7634,1641,744,129,259,1705.5,873.5,33411,93.51,93.51,4.4,detected,0
7.0,7.0,35,42,person,0.3341,1618,0,28,34,1632.0,17.0,952,13.51,13.51,2.4,detected,0
7.0,7.0,35,43,person,0.9198,229,418,106,225,282.0,530.5,23850,143.79,143.79,2.2,detected,0
7.0,7.0,35,50,person,0.8215,1414,1014,91,66,1459.5,1047.0,6006,0.0,0.0,0.0,detected,0
8.0,8.0,40,5,person,0.8708,1198,23,50,135,1223.0,90.5,6750,44.59,44.59,8.0,detected,0
8.0,8.0,40,6,person,0.8907,1261,30,43,133,1282.5,96.5,5719,45.89,45.89,8.0,detected,0
8.0,8.0,40,13,person,0.1583,1081,0,31,42,1096.5,21.0,1302,22.2,11.1,8.0,detected,0
8.0,8.0,40,14,person,0.925,1240,364,93,186,1286.5,457.0,17298,75.71,75.71,8.0,detected,0
8.0,8.0,40,15,person,0.3179,14,280,76,153,52.0,356.5,11628,1.0,1.0,8.0,detected,0
8.0,8.0,40,16,person,0.822,766,116,53,115,792.5,173.5,6095,75.63,75.63,8.0,detected,0
8.0,8.0,40,17,person,0.5407,112,287,59,131,141.5,352.5,7729,0.5,0.5,8.0,detected,0
8.0,8.0,40,19,person,0.6671,853,37,51,138,878.5,106.0,7038,66.67,66.67,7.6,detected,0
8.0,8.0,40,29,person,0.2157,1886,865,33,204,1902.5,967.0,6732,15.51,15.51,6.8,detected,0
8.0,8.0,40,33,person,0.838,1422,0,53,96,1448.5,48.0,5088,37.26,37.26,6.2,detected,0
8.0,8.0,40,36,person,0.7571,1611,864,128,216,1675.0,972.0,27648,103.11,103.11,5.4,detected,0
8.0,8.0,40,43,person,0.9005,327,369,95,214,374.5,476.0,20330,107.36,107.36,3.2,detected,0
8.0,8.0,40,50,person,0.8938,1425,901,119,178,1484.5,990.0,21182,62.24,62.24,1.0,detected,0
8.0,8.0,40,54,person,0.9142,2,390,80,207,42.0,493.5,16560,0.0,0.0,0.2,detected,0
9.0,9.0,45,5,person,0.8697,1237,2,49,137,1261.5,70.5,6713,43.38,43.38,9.0,detected,0
9.0,9.0,45,6,person,0.9075,1299,13,43,127,1320.5,76.5,5461,42.94,42.94,9.0,detected,0
9.0,9.0,45,14,person,0.9066,1276,318,91,180,1321.5,408.0,16380,60.22,60.22,9.0,detected,0
9.0,9.0,45,15,person,0.4842,16,281,73,155,52.5,358.5,11315,2.06,2.06,9.0,detected,0
9.0,9.0,45,16,person,0.894,688,142,53,130,714.5,207.0,6890,84.89,84.89,9.0,detected,0
9.0,9.0,45,17,person,0.2548,112,286,51,104,137.5,338.0,5304,15.04,15.04,9.0,detected,0
9.0,9.0,45,19,person,0.4984,909,18,49,139,933.5,87.5,6811,58.03,58.03,8.6,detected,0
9.0,9.0,45,29,person,0.2035,1886,865,33,211,1902.5,970.5,6963,3.5,3.5,7.8,detected,0
9.0,9.0,45,33,person,0.8923,1402,0,51,112,1427.5,56.0,5712,22.47,22.47,7.2,detected,0
9.0,9.0,45,36,person,0.8477,1547,1008,117,72,1605.5,1044.0,8424,100.07,100.07,6.4,detected,0
9.0,9.0,45,43,person,0.9166,401,322,89,207,445.5,425.5,18423,87.13,87.13,4.2,detected,0
9.0,9.0,45,50,person,0.851,1472,795,113,282,1528.5,936.0,31866,69.66,69.66,2.0,detected,0
9.0,9.0,45,54,person,0.8814,114,352,85,195,156.5,449.5,16575,122.66,122.66,1.2,detected,0
9.0,9.0,45,56,person,0.6689,1190,0,31,40,1205.5,20.0,1240,0.0,0.0,0.4,detected,0
10.0,10.0,50,5,person,0.8792,1279,0,48,113,1303.0,56.5,5424,43.8,43.8,10.0,detected,0
10.0,10.0,50,6,person,0.8613,1342,0,39,119,1361.5,59.5,4641,44.38,44.38,10.0,detected,0
10.0,10.0,50,13,person,0.1588,1072,0,25,39,1084.5,19.5,975,12.09,6.05,10.0,detected,0
10.0,10.0,50,14,person,0.8906,1316,279,88,170,1360.0,364.0,14960,58.47,58.47,10.0,detected,0
10.0,10.0,50,15,person,0.5252,14,279,75,157,51.5,357.5,11775,1.41,1.41,10.0,detected,0
10.0,10.0,50,16,person,0.8972,596,172,56,149,624.0,246.5,8344,98.74,98.74,10.0,detected,0
10.0,10.0,50,17,person,0.6253,112,286,60,134,142.0,353.0,8040,15.66,15.66,10.0,detected,0
10.0,10.0,50,19,person,0.3025,959,6,48,128,983.0,70.0,6144,52.5,52.5,9.6,detected,0
10.0,10.0,50,29,person,0.2739,1888,865,31,183,1903.5,956.5,5673,14.04,14.04,8.8,detected,0
10.0,10.0,50,33,person,0.7572,1380,4,52,127,1406.0,67.5,6604,24.38,24.38,8.2,detected,0
10.0,10.0,50,43,person,0.914,461,278,80,199,501.0,377.5,15920,73.38,73.38,5.2,detected,0
10.0,10.0,50,50,person,0.9292,1536,708,106,285,1589.0,850.5,30210,104.74,104.74,3.0,detected,0
10.0,10.0,50,54,person,0.9054,236,310,83,191,277.5,405.5,15853,128.75,128.75,2.2,detected,0
10.0,10.0,50,56,person,0.7176,1173,0,32,54,1189.0,27.0,1728,17.92,17.92,1.4,detected,0
10.0,10.0,50,61,person,0.899,908,948,125,132,970.5,1014.0,16500,0.0,0.0,0.2,detected,0
10.0,10.0,50,63,person,0.9053,0,589,87,228,43.5,703.0,19836,0.0,0.0,0.2,detected,0
11.0,11.0,55,5,person,0.2032,1319,0,44,93,1341.0,46.5,4092,39.29,39.29,11.0,detected,0
11.0,11.0,55,6,person,0.7936,1382,0,35,98,1399.5,49.0,3430,39.42,39.42,11.0,detected,0
11.0,11.0,55,13,person,0.1956,1076,0,24,38,1088.0,19.0,912,3.54,3.54,11.0,detected,0
11.0,11.0,55,14,person,0.8831,1359,245,83,162,1400.5,326.0,13446,55.54,55.54,11.0,detected,0
11.0,11.0,55,15,person,0.5553,16,280,75,156,53.5,358.0,11700,2.06,2.06,11.0,detected,0
11.0,11.0,55,16,person,0.178,498,200,65,90,530.5,245.0,5850,93.51,93.51,11.0,detected,0
11.0,11.0,55,17,person,0.6098,112,287,60,131,142.0,352.5,7860,0.5,0.5,11.0,detected,0
11.0,11.0,55,19,person,0.4485,999,0,52,113,1025.0,56.5,5876,44.12,44.12,10.6,detected,0
11.0,11.0,55,29,person,0.2229,1886,865,33,196,1902.5,963.0,6468,6.58,6.58,9.8,detected,0
11.0,11.0,55,33,person,0.3429,1332,8,46,111,1355.0,63.5,5106,51.16,51.16,9.2,detected,0
11.0,11.0,55,43,person,0.899,499,239,78,187,538.0,332.5,14586,58.26,58.26,6.2,detected,0
11.0,11.0,55,50,person,0.9371,1610,638,102,267,1661.0,771.5,27234,106.89,106.89,4.0,detected,0
11.0,11.0,55,54,person,0.8566,334,273,86,185,377.0,365.5,15910,107.24,107.24,3.2,detected,0
11.0,11.0,55,56,person,0.6895,1163,0,33,67,1179.5,33.5,2211,11.51,11.51,2.4,detected,0
11.0,11.0,55,58,person,0.1559,1809,225,69,137,1843.5,293.5,9453,0.0,0.0,1.6,detected,0
11.0,11.0,55,61,person,0.7508,1115,794,130,284,1180.0,936.0,36920,223.55,223.55,1.2,detected,0
11.0,11.0,55,63,person,0.7709,39,651,100,230,89.0,766.0,23000,77.71,77.71,1.2,detected,0
11.0,11.0,55,65,person,0.4041,1826,184,57,87,1854.5,227.5,4959,0.0,0.0,0.6,detected,0
11.0,11.0,55,68,person,0.9003,114,504,107,222,167.5,615.0,23754,0.0,0.0,0.2,detected,0
12.0,12.0,60,5,person,0.7029,1362,0,44,76,1384.0,38.0,3344,43.83,43.83,12.0,detected,0
12.0,12.0,60,6,person,0.5972,1415,0,34,81,1432.0,40.5,2754,33.59,33.59,12.0,detected,0
12.0,12.0,60,14,person,0.8901,1398,212,80,159,1438.0,291.5,12720,50.96,50.96,12.0,detected,0
12.0,12.0,60,15,person,0.4087,15,278,76,158,53.0,357.0,12008,1.12,1.12,12.0,detected,0
12.0,12.0,60,16,person,0.8159,395,237,48,151,419.0,312.5,7248,130.34,130.34,12.0,detected,0
12.0,12.0,60,17,person,0.4841,112,287,60,131,142.0,352.5,7860,0.0,0.0,12.0,detected,0
12.0,12.0,60,19,person,0.6473,1037,0,40,93,1057.0,46.5,3720,33.53,33.53,11.6,detected,0
12.0,12.0,60,29,person,0.2572,1888,865,31,178,1903.5,954.0,5518,9.06,9.06,10.8,detected,0
12.0,12.0,60,33,person,0.8243,1294,33,54,133,1321.0,99.5,7182,49.52,49.52,10.2,detected,0
12.0,12.0,60,43,person,0.8249,541,199,71,180,576.5,289.0,12780,58.09,58.09,7.2,detected,0
12.0,12.0,60,50,person,0.9175,1684,577,96,249,1732.0,701.5,23904,99.7,99.7,5.0,detected,0
12.0,12.0,60,54,person,0.9016,439,244,79,178,478.5,333.0,14062,106.58,106.58,4.2,detected,0
12.0,12.0,60,56,person,0.7317,1143,0,41,83,1163.5,41.5,3403,17.89,17.89,3.4,detected,0
12.0,12.0,60,58,person,0.1781,1758,317,70,116,1793.0,375.0,8120,95.88,95.88,2.6,detected,0
12.0,12.0,60,61,person,0.8828,1267,660,126,331,1330.0,825.5,41706,186.31,186.31,2.2,detected,0
12.0,12.0,60,63,person,0.909,223,602,105,230,275.5,717.0,24150,192.83,192.83,2.2,detected,0
12.0,12.0,60,65,person,0.3431,1772,297,59,108,1801.5,351.0,6372,134.39,134.39,1.6,detected,0
12.0,12.0,60,68,person,0.8853,235,436,89,200,279.5,536.0,17800,137.06,137.06,1.2,detected,0
12.0,12.0,60,69,person,0.7411,1796,215,68,118,1830.0,274.0,8024,0.0,0.0,1.0,detected,0
12.0,12.0,60,74,person,0.5859,1401,932,125,148,1463.5,1006.0,18500,0.0,0.0,0.6,detected,0
12.0,12.0,60,75,person,0.1581,1281,0,30,38,1296.0,19.0,1140,0.0,0.0,0.6,detected,0
12.0,12.0,60,76,person,0.8462,0,866,79,212,39.5,972.0,16748,0.0,0.0,0.2,detected,0
13.0,13.0,65,5,person,0.7365,1401,0,39,59,1420.5,29.5,2301,37.48,37.48,13.0,detected,0
13.0,13.0,65,6,person,0.4673,1447,0,31,64,1462.5,32.0,1984,31.66,31.66,13.0,detected,0
13.0,13.0,65,13,person,0.6021,1078,0,32,65,1094.0,32.5,2080,14.77,7.39,13.0,detected,0
13.0,13.0,65,14,person,0.8467,1437,181,76,151,1475.0,256.5,11476,50.93,50.93,13.0,detected,0
13.0,13.0,65,15,person,0.4944,13,275,78,161,52.0,355.5,12558,1.8,1.8,13.0,detected,0
13.0,13.0,65,16,person,0.8393,291,265,61,168,321.5,349.0,10248,104.11,104.11,13.0,detected,0
13.0,13.0,65,17,person,0.5321,112,287,60,130,142.0,352.0,7800,0.5,0.5,13.0,detected,0
13.0,13.0,65,19,person,0.6841,1092,0,41,89,1112.5,44.5,3649,55.54,55.54,12.6,detected,0
13.0,13.0,65,29,person,0.2763,1890,865,30,174,1905.0,952.0,5220,2.5,2.5,11.8,detected,0
13.0,13.0,65,33,person,0.8722,1253,44,57,140,1281.5,114.0,7980,42.08,42.08,11.2,detected,0
13.0,13.0,65,43,person,0.7704,611,177,65,131,643.5,242.5,8515,81.56,81.56,8.2,detected,0
13.0,13.0,65,50,person,0.9217,1729,519,92,236,1775.0,637.0,21712,77.52,77.52,6.0,detected,0
13.0,13.0,65,54,person,0.8633,532,214,67,170,565.5,299.0,11390,93.41,93.41,5.2,detected,0
13.0,13.0,65,56,person,0.1866,1114,0,42,97,1135.0,48.5,4074,29.35,29.35,4.4,detected,0
13.0,13.0,65,58,person,0.3204,1736,348,65,113,1768.5,404.5,7345,38.35,38.35,3.6,detected,0
13.0,13.0,65,61,person,0.9089,1365,550,116,302,1423.0,701.0,35032,155.4,155.4,3.2,detected,0
13.0,13.0,65,63,person,0.9195,401,543,92,221,447.0,653.5,20332,182.88,182.88,3.2,detected,0
13.0,13.0,65,65,person,0.2593,1747,296,71,160,1782.5,376.0,11360,31.4,31.4,2.6,detected,0
13.0,13.0,65,68,person,0.1865,322,379,83,201,363.5,479.5,16683,101.23,101.23,2.2,detected,0
13.0,13.0,65,69,person,0.4472,1765,247,73,97,1801.5,295.5,7081,35.7,35.7,2.0,detected,0
13.0,13.0,65,74,person,0.908,1517,813,128,266,1581.0,946.0,34048,131.93,131.93,1.6,detected,0
13.0,13.0,65,75,person,0.1584,1196,1,21,33,1206.5,17.5,693,89.51,89.51,1.6,detected,0
13.0,13.0,65,76,person,0.8652,16,737,113,298,72.5,886.0,33674,92.11,92.11,1.2,detected,0
13.0,13.0,65,77,person,0.884,124,729,149,332,198.5,895.0,49468,0.0,0.0,0.4,detected,0
14.0,14.0,70,5,person,0.3562,1437,0,34,43,1454.0,21.5,1462,34.44,34.44,14.0,detected,0
14.0,14.0,70,6,person,0.1916,1479,0,29,46,1493.5,23.0,1334,32.28,32.28,14.0,detected,0
14.0,14.0,70,13,person,0.3869,1101,6,30,60,1116.0,36.0,1800,22.28,22.28,14.0,detected,0
14.0,14.0,70,14,person,0.9001,1474,151,74,148,1511.0,225.0,10952,47.84,47.84,14.0,detected,0
14.0,14.0,70,15,person,0.4247,15,278,75,158,52.5,357.0,11850,1.58,1.58,14.0,detected,0
14.0,14.0,70,16,person,0.8159,181,306,65,177,213.5,394.5,11505,117.19,117.19,14.0,detected,0
14.0,14.0,70,17,person,0.1901,112,287,60,130,142.0,352.0,7800,0.0,0.0,14.0,detected,0
14.0,14.0,70,29,person,0.1731,1888,865,31,176,1903.5,953.0,5456,1.8,1.8,12.8,detected,0
14.0,14.0,70,33,person,0.8834,1208,63,60,142,1238.0,134.0,8520,47.88,47.88,12.2,detected,0
14.0,14.0,70,43,person,0.7949,684,146,61,125,714.5,208.5,7625,78.72,78.72,9.2,detected,0
14.0,14.0,70,50,person,0.9048,1769,468,87,225,1812.5,580.5,19575,67.81,67.81,7.0,detected,0
14.0,14.0,70,54,person,0.804,609,187,60,127,639.0,250.5,7620,88.06,88.06,6.2,detected,0
14.0,14.0,70,56,person,0.7411,1081,0,45,113,1103.5,56.5,5085,32.5,32.5,5.4,detected,0
14.0,14.0,70,58,person,0.1905,1705,396,62,101,1736.0,446.5,6262,53.11,53.11,4.6,detected,0
14.0,14.0,70,61,person,0.9191,1432,461,106,274,1485.0,598.0,29044,120.22,120.22,4.2,detected,0
14.0,14.0,70,63,person,0.8959,553,493,86,211,596.0,598.5,18146,158.83,158.83,4.2,detected,0
14.0,14.0,70,65,person,0.1561,1734,281,77,157,1772.5,359.5,12089,19.29,19.29,3.6,detected,0
14.0,14.0,70,68,person,0.9133,386,326,77,193,424.5,422.5,14861,83.49,83.49,3.2,detected,0
14.0,14.0,70,69,person,0.3642,1734,283,75,101,1771.5,333.5,7575,48.41,48.41,3.0,detected,0
14.0,14.0,70,74,person,0.8968,1599,710,113,297,1655.5,858.5,33561,114.92,114.92,2.6,detected,0
14.0,14.0,70,75,person,0.2704,1165,0,26,47,1178.0,23.5,1222,29.12,29.12,2.6,detected,0
14.0,14.0,70,76,person,0.8709,180,650,106,287,233.0,793.5,30422,185.25,185.25,2.2,detected,0
14.0,14.0,70,77,person,0.9329,281,640,120,310,341.0,795.0,37200,174.09,174.09,1.4,detected,0
14.0,14.0,70,83,person,0.8972,1304,958,131,121,1369.5,1018.5,15851,0.0,0.0,0.6,detected,0
14.0,14.0,70,84,person,0.4312,1290,1,38,64,1309.0,33.0,2432,0.0,0.0,0.4,detected,0
15.0,15.0,75,5,person,0.1618,1474,0,26,27,1487.0,13.5,702,33.96,33.96,15.0,detected,0
15.0,15.0,75,6,person,0.2287,1514,0,26,32,1527.0,16.0,832,34.22,34.22,15.0,detected,0
15.0,15.0,75,13,person,0.2428,1132,-3,29,49,1146.5,21.5,1421,33.77,33.77,15.0,predicted,1
15.0,15.0,75,14,person,0.7709,1509,127,71,145,1544.5,199.5,10295,42.1,42.1,15.0,detected,0
15.0,15.0,75,16,person,0.8653,51,350,74,186,88.0,443.0,13764,134.55,134.55,15.0,detected,0
15.0,15.0,75,17,person,0.2884,112,287,60,131,142.0,352.5,7860,0.5,0.5,15.0,detected,0
15.0,15.0,75,33,person,0.8289,1151,83,61,143,1181.5,154.5,8723,60.1,60.1,13.2,detected,0
15.0,15.0,75,43,person,0.6805,756,121,56,115,784.0,178.5,6440,75.7,75.7,10.2,detected,0
15.0,15.0,75,50,person,0.3902,1816,452,49,155,1840.5,529.5,7595,58.18,58.18,8.0,detected,0
15.0,15.0,75,54,person,0.7936,675,163,56,110,703.0,218.0,6160,71.78,71.78,7.2,detected,0
15.0,15.0,75,56,person,0.7295,1039,8,45,122,1061.5,69.0,5490,43.82,43.82,6.4,detected,0
15.0,15.0,75,58,person,0.3937,1669,447,60,81,1699.0,487.5,4860,55.23,55.23,5.6,detected,0
15.0,15.0,75,61,person,0.9029,1495,389,98,252,1544.0,515.0,24696,101.83,101.83,5.2,detected,0
15.0,15.0,75,63,person,0.9139,683,442,90,206,728.0,545.0,18540,142.43,142.43,5.2,detected,0
15.0,15.0,75,65,person,0.7302,1699,324,79,149,1738.5,398.5,11771,51.74,51.74,4.6,detected,0
15.0,15.0,75,68,person,0.8991,430,282,75,182,467.5,373.0,13650,65.57,65.57,4.2,detected,0
15.0,15.0,75,74,person,0.8758,1657,620,103,273,1708.5,756.5,28119,114.95,114.95,3.6,detected,0
15.0,15.0,75,75,person,0.4235,1161,0,31,63,1176.5,31.5,1953,8.14,8.14,3.6,detected,0
15.0,15.0,75,76,person,0.9014,319,570,94,266,366.0,703.0,25004,160.87,160.87,3.2,detected,0
15.0,15.0,75,77,person,0.9349,415,566,102,292,466.0,712.0,29784,150.05,150.05,2.4,detected,0
15.0,15.0,75,83,person,0.8975,1416,815,151,262,1491.5,946.0,39562,141.92,141.92,1.6,detected,0
15.0,15.0,75,84,person,0.2026,1303,3,40,77,1323.0,41.5,3080,16.38,16.38,1.4,detected,0
16.0,16.0,80,14,person,0.8643,1537,106,70,139,1572.0,175.5,9730,36.5,36.5,16.0,detected,0
16.0,16.0,80,15,person,0.3656,15,280,75,156,52.5,358.0,11700,1.0,0.5,16.0,detected,0
16.0,16.0,80,17,person,0.494,112,287,59,132,141.5,353.0,7788,0.71,0.71,16.0,detected,0
16.0,16.0,80,33,person,0.8754,1097,101,61,150,1127.5,176.0,9150,58.12,58.12,14.2,detected,0
16.0,16.0,80,43,person,0.643,820,99,56,152,848.0,175.0,8512,64.1,64.1,11.2,detected,0
16.0,16.0,80,54,person,0.3305,738,147,56,98,766.0,196.0,5488,66.73,66.73,8.2,detected,0
16.0,16.0,80,56,person,0.8164,993,25,47,122,1016.5,86.0,5734,48.1,48.1,7.4,detected,0
16.0,16.0,80,61,person,0.8817,1558,326,85,231,1600.5,441.5,19635,92.71,92.71,6.2,detected,0
16.0,16.0,80,63,person,0.9219,791,395,83,198,832.5,494.0,16434,116.28,116.28,6.2,detected,0
16.0,16.0,80,68,person,0.8888,498,242,69,173,532.5,328.5,11937,78.77,78.77,5.2,detected,0
16.0,16.0,80,69,person,0.5897,1656,365,76,128,1694.0,429.0,9728,122.99,61.49,5.0,detected,0
16.0,16.0,80,74,person,0.8943,1711,546,95,252,1758.5,672.0,23940,98.18,98.18,4.6,detected,0
16.0,16.0,80,75,person,0.5701,1136,0,40,84,1156.0,42.0,3360,23.03,23.03,4.6,detected,0
16.0,16.0,80,76,person,0.816,440,502,87,249,483.5,626.5,21663,140.21,140.21,4.2,detected,0
16.0,16.0,80,77,person,0.9053,530,501,100,278,580.0,640.0,27800,134.83,134.83,3.4,detected,0
16.0,16.0,80,83,person,0.9032,1539,699,132,286,1605.0,842.0,37752,153.94,153.94,2.6,detected,0
16.0,16.0,80,84,person,0.6188,1321,1,48,93,1345.0,47.5,4464,22.8,22.8,2.4,detected,0
16.0,16.0,80,89,person,0.7681,1,530,72,238,37.0,649.0,17136,0.0,0.0,0.4,detected,0
16.0,16.0,80,90,person,0.3404,0,490,53,271,26.5,625.5,14363,0.0,0.0,0.4,detected,0
17.0,17.0,85,14,person,0.7747,1561,84,66,132,1594.0,150.0,8712,33.68,33.68,17.0,detected,0
17.0,17.0,85,15,person,0.3371,14,279,75,157,51.5,357.5,11775,1.12,1.12,17.0,detected,0
17.0,17.0,85,17,person,0.4698,112,287,59,131,141.5,352.5,7729,0.5,0.5,17.0,detected,0
17.0,17.0,85,33,person,0.8542,1049,123,63,154,1080.5,200.0,9702,52.77,52.77,15.2,detected,0
17.0,17.0,85,43,person,0.6429,883,76,53,150,909.5,151.0,7950,66.02,66.02,12.2,detected,0
17.0,17.0,85,54,person,0.8391,811,132,57,149,839.5,206.5,8493,74.25,74.25,9.2,detected,0
17.0,17.0,85,56,person,0.5371,942,48,47,115,965.5,105.5,5405,54.6,54.6,8.4,detected,0
17.0,17.0,85,58,person,0.1886,1560,562,78,144,1599.0,634.0,11232,177.38,88.69,7.6,predicted,1
17.0,17.0,85,61,person,0.8286,1638,272,81,178,1678.5,361.0,14418,112.09,112.09,7.2,detected,0
17.0,17.0,85,63,person,0.9126,875,356,79,184,914.5,448.0,14536,94.02,94.02,7.2,detected,0
17.0,17.0,85,68,person,0.6087,581,209,63,140,612.5,279.0,8820,94.08,94.08,6.2,detected,0
17.0,17.0,85,69,person,0.719,1611,415,77,133,1649.5,481.5,10241,68.82,68.82,6.0,detected,0
17.0,17.0,85,74,person,0.8412,1757,477,88,236,1801.0,595.0,20768,87.95,87.95,5.6,detected,0
17.0,17.0,85,75,person,0.4962,1090,0,50,101,1115.0,50.5,5050,41.87,41.87,5.6,detected,0
17.0,17.0,85,76,person,0.8669,531,443,84,232,573.0,559.0,19488,112.1,112.1,5.2,detected,0
17.0,17.0,85,77,person,0.9303,645,439,94,259,692.0,568.5,24346,132.88,132.88,4.4,detected,0
17.0,17.0,85,83,person,0.8818,1641,603,117,268,1699.5,737.0,31356,141.26,141.26,3.6,detected,0
17.0,17.0,85,84,person,0.6087,1341,0,47,108,1364.5,54.0,5076,20.55,20.55,3.4,detected,0
17.0,17.0,85,89,person,0.7196,68,430,74,211,105.0,535.5,15614,132.31,132.31,1.4,detected,0
17.0,17.0,85,90,person,0.8098,19,413,65,212,51.5,519.0,13780,109.39,109.39,1.4,detected,0
17.0,17.0,85,91,person,0.8928,168,503,120,252,228.0,629.0,30240,0.0,0.0,0.8,detected,0
18.0,18.0,90,14,person,0.4809,1573,63,66,126,1606.0,126.0,8316,26.83,26.83,18.0,detected,0
18.0,18.0,90,15,person,0.8408,37,356,81,210,77.5,461.0,17010,106.72,106.72,18.0,detected,0
18.0,18.0,90,17,person,0.2388,112,288,56,128,140.0,352.0,7168,1.58,1.58,18.0,detected,0
18.0,18.0,90,33,person,0.8595,994,144,65,158,1026.5,223.0,10270,58.69,58.69,16.2,detected,0
18.0,18.0,90,43,person,0.2772,924,49,79,148,963.5,123.0,11692,60.83,60.83,13.2,detected,0
18.0,18.0,90,54,person,0.777,901,126,69,149,935.5,200.5,10281,96.19,96.19,10.2,detected,0
18.0,18.0,90,56,person,0.4485,897,55,57,140,925.5,125.0,7980,44.5,44.5,9.4,detected,0
18.0,18.0,90,58,person,0.6181,1517,622,84,152,1559.0,698.0,12768,75.47,75.47,8.6,detected,0
18.0,18.0,90,61,person,0.8663,1714,229,81,207,1754.5,332.5,16767,81.17,81.17,8.2,detected,0
18.0,18.0,90,63,person,0.8572,958,315,72,177,994.0,403.5,12744,91.11,91.11,8.2,detected,0
18.0,18.0,90,65,person,0.4614,1563,468,85,197,1605.5,566.5,16745,214.27,71.42,7.6,detected,0
18.0,18.0,90,68,person,0.6935,668,180,59,100,697.5,230.0,5900,98.11,98.11,7.2,detected,0
18.0,18.0,90,69,person,0.3859,1566,471,83,126,1607.5,534.0,10458,67.23,67.23,7.0,detected,0
18.0,18.0,90,74,person,0.599,1796,433,68,205,1830.0,535.5,13940,66.19,66.19,6.6,detected,0
18.0,18.0,90,75,person,0.4901,1043,8,46,112,1066.0,64.0,5152,50.83,50.83,6.6,detected,0
18.0,18.0,90,76,person,0.8589,638,392,76,220,676.0,502.0,16720,117.72,117.72,6.2,detected,0
18.0,18.0,90,77,person,0.9036,753,389,89,245,797.5,511.5,21805,119.91,119.91,5.4,detected,0
18.0,18.0,90,83,person,0.8984,1701,521,113,245,1757.5,643.5,27685,110.03,110.03,4.6,detected,0
18.0,18.0,90,84,person,0.6649,1367,5,50,120,1392.0,65.0,6000,29.62,29.62,4.4,detected,0
18.0,18.0,90,89,person,0.7544,147,367,69,205,181.5,469.5,14145,101.04,101.04,2.4,detected,0
18.0,18.0,90,90,person,0.8565,0,352,54,220,27.0,462.0,11880,62.04,62.04,2.4,detected,0
18.0,18.0,90,91,person,0.9029,313,427,101,232,363.5,543.0,23432,160.49,160.49,1.8,detected,0
18.0,18.0,90,96,person,0.866,187,405,87,185,230.5,497.5,16095,0.0,0.0,0.8,detected,0
19.0,19.0,95,14,person,0.6121,1589,44,63,120,1620.5,104.0,7560,26.35,26.35,19.0,detected,0
19.0,19.0,95,15,person,0.8656,125,339,77,222,163.5,450.0,17094,86.7,86.7,19.0,detected,0
19.0,19.0,95,33,person,0.8748,941,166,67,164,974.5,248.0,10988,57.7,57.7,17.2,detected,0
19.0,19.0,95,43,person,0.621,993,29,63,141,1024.5,99.5,8883,65.37,65.37,14.2,detected,0
19.0,19.0,95,54,person,0.7786,1023,126,68,148,1057.0,200.0,10064,121.5,121.5,11.2,detected,0
19.0,19.0,95,56,person,0.6832,830,71,48,131,854.0,136.5,6288,72.42,72.42,10.4,detected,0
19.0,19.0,95,58,person,0.452,1478,695,82,148,1519.0,769.0,12136,81.49,81.49,9.6,predicted,1
19.0,19.0,95,61,person,0.77,1774,188,80,197,1814.0,286.5,15760,75.21,75.21,9.2,detected,0
19.0,19.0,95,63,person,0.8551,1044,285,69,170,1078.5,370.0,11730,90.9,90.9,9.2,detected,0
19.0,19.0,95,65,person,0.8362,1510,570,87,190,1553.5,665.0,16530,111.38,111.38,8.6,detected,0
19.0,19.0,95,68,person,0.5395,749,151,59,94,778.5,198.0,5546,87.09,87.09,8.2,detected,0
19.0,19.0,95,76,person,0.8285,745,349,76,209,783.0,453.5,15884,117.48,117.48,7.2,detected,0
19.0,19.0,95,77,person,0.906,836,347,87,235,879.5,464.5,20445,94.51,94.51,6.4,detected,0
19.0,19.0,95,83,person,0.894,1716,444,116,229,1774.0,558.5,26564,86.59,86.59,5.6,detected,0
19.0,19.0,95,84,person,0.5629,1394,14,50,124,1419.0,76.0,6200,29.15,29.15,5.4,detected,0
19.0,19.0,95,89,person,0.7466,234,334,69,196,268.5,432.0,13524,94.74,94.74,3.4,detected,0
19.0,19.0,95,90,person,0.8439,32,314,82,214,73.0,421.0,17548,61.62,61.62,3.4,detected,0
19.0,19.0,95,91,person,0.8792,436,366,91,217,481.5,474.5,19747,136.44,136.44,2.8,detected,0
19.0,19.0,95,96,person,0.8121,278,367,72,177,314.0,455.5,12744,93.47,93.47,1.8,detected,0
19.0,19.0,95,99,person,0.3514,1169,1,36,70,1187.0,36.0,2520,0.0,0.0,0.8,detected,0
20.0,20.0,100,14,person,0.5956,1604,26,59,116,1633.5,84.0,6844,23.85,23.85,20.0,detected,0
20.0,20.0,100,15,person,0.8534,199,301,76,204,237.0,403.0,15504,87.24,87.24,20.0,detected,0
20.0,20.0,100,17,person,0.2932,17,284,77,159,55.5,363.5,12243,85.28,42.64,20.0,detected,0
20.0,20.0,100,33,person,0.8171,898,194,70,164,933.0,276.0,11480,50.06,50.06,18.2,detected,0
20.0,20.0,100,43,person,0.7103,1039,13,57,136,1067.5,81.0,7752,46.81,46.81,15.2,detected,0
20.0,20.0,100,54,person,0.7319,1148,129,61,148,1178.5,203.0,9028,121.54,121.54,12.2,detected,0
20.0,20.0,100,56,person,0.7041,772,85,44,126,794.0,148.0,5544,61.09,61.09,11.4,detected,0
20.0,20.0,100,58,person,0.4587,1450,782,83,147,1491.5,855.5,12201,90.77,90.77,10.6,detected,0
20.0,20.0,100,61,person,0.4364,1821,150,70,182,1856.0,241.0,12740,61.92,61.92,10.2,detected,0
20.0,20.0,100,63,person,0.8722,1122,253,65,166,1154.5,336.0,10790,83.26,83.26,10.2,detected,0
20.0,20.0,100,68,person,0.8042,821,125,55,147,848.5,198.5,8085,70.0,70.0,9.2,detected,0
20.0,20.0,100,69,person,0.7392,1478,607,106,142,1531.0,678.0,15052,163.06,81.53,9.0,detected,0
20.0,20.0,100,75,person,0.465,950,47,41,111,970.5,102.5,4551,102.97,51.48,8.6,detected,0
20.0,20.0,100,76,person,0.754,835,306,70,201,870.0,406.5,14070,98.88,98.88,8.2,detected,0
20.0,20.0,100,77,person,0.8893,921,303,76,223,959.0,414.5,16948,93.92,93.92,7.4,detected,0
20.0,20.0,100,83,person,0.8936,1722,375,108,212,1776.0,481.0,22896,77.53,77.53,6.6,detected,0
20.0,20.0,100,84,person,0.6992,1427,24,51,129,1452.5,88.5,6579,35.76,35.76,6.4,detected,0
20.0,20.0,100,89,person,0.7799,315,298,69,187,349.5,391.5,12903,90.56,90.56,4.4,detected,0
20.0,20.0,100,90,person,0.7994,118,283,75,201,155.5,383.5,15075,90.62,90.62,4.4,detected,0
20.0,20.0,100,91,person,0.8786,542,313,88,203,586.0,414.5,17864,120.5,120.5,3.8,detected,0
20.0,20.0,100,96,person,0.773,355,329,72,172,391.0,415.0,12384,87.0,87.0,2.8,detected,0
20.0,20.0,100,99,person,0.2329,1120,1,41,89,1140.5,45.5,3649,47.46,47.46,1.8,detected,0
20.0,20.0,100,102,person,0.2993,1885,866,34,214,1902.0,973.0,7276,0.0,0.0,0.8,detected,0
20.0,20.0,100,103,person,0.3797,1736,1,55,47,1763.5,24.5,2585,0.0,0.0,0.2,detected,0
21.0,21.0,105,14,person,0.6953,1621,9,50,113,1646.0,65.5,5650,22.33,22.33,21.0,detected,0
21.0,21.0,105,15,person,0.8643,277,268,84,195,319.0,365.5,16380,90.17,90.17,21.0,detected,0
21.0,21.0,105,17,person,0.4781,13,280,75,156,50.5,358.0,11700,7.43,7.43,21.0,detected,0
21.0,21.0,105,33,person,0.8971,848,220,73,166,884.5,303.0,12118,55.51,55.51,19.2,detected,0
21.0,21.0,105,43,person,0.593,1084,0,55,126,1111.5,63.0,6930,47.54,47.54,16.2,detected,0
21.0,21.0,105,54,person,0.8554,1257,132,57,155,1285.5,209.5,8835,107.2,107.2,13.2,detected,0
21.0,21.0,105,56,person,0.6021,713,95,49,145,737.5,167.5,7105,59.77,59.77,12.4,detected,0
21.0,21.0,105,63,person,0.8964,1180,222,66,160,1213.0,302.0,10560,67.66,67.66,11.2,detected,0
21.0,21.0,105,68,person,0.6641,886,99,56,138,914.0,168.0,7728,72.25,72.25,10.2,detected,0
21.0,21.0,105,69,person,0.8046,1449,683,112,164,1505.0,765.0,18368,90.8,90.8,10.0,detected,0
21.0,21.0,105,76,person,0.89,908,270,69,192,942.5,366.0,13248,83.05,83.05,9.2,detected,0
21.0,21.0,105,77,person,0.8819,991,262,67,212,1024.5,368.0,14204,80.33,80.33,8.4,detected,0
21.0,21.0,105,83,person,0.9022,1726,316,96,197,1774.0,414.5,18912,66.53,66.53,7.6,detected,0
21.0,21.0,105,84,person,0.784,1468,37,48,133,1492.0,103.5,6384,42.25,42.25,7.4,detected,0
21.0,21.0,105,89,person,0.7071,383,264,64,180,415.0,354.0,11520,75.48,75.48,5.4,detected,0
21.0,21.0,105,90,person,0.8409,212,253,73,193,248.5,349.5,14089,99.02,99.02,5.4,detected,0
21.0,21.0,105,91,person,0.8738,640,267,80,191,680.0,362.5,15280,107.42,107.42,4.8,detected,0
21.0,21.0,105,96,person,0.7614,422,294,67,167,455.5,377.5,11189,74.61,74.61,3.8,detected,0
21.0,21.0,105,99,person,0.2109,1066,2,40,105,1086.0,54.5,4200,55.24,55.24,2.8,detected,0
21.0,21.0,105,101,person,0.3367,1613,21,29,97,1627.5,69.5,2813,0.0,0.0,2.6,detected,0
21.0,21.0,105,102,person,0.1717,1885,866,34,213,1902.0,972.5,7242,0.5,0.5,1.8,detected,0
21.0,21.0,105,103,person,0.4193,1713,10,48,129,1737.0,74.5,6192,56.59,56.59,1.2,detected,0
21.0,21.0,105,105,person,0.419,112,287,59,131,141.5,352.5,7729,0.0,0.0,0.6,detected,0
22.0,22.0,110,14,person,0.5367,1638,0,52,104,1664.0,52.0,5408,22.5,22.5,22.0,detected,0
22.0,22.0,110,15,person,0.823,356,244,80,193,396.0,340.5,15440,80.96,80.96,22.0,detected,0
22.0,22.0,110,17,person,0.3755,14,279,75,157,51.5,357.5,11775,1.12,1.12,22.0,detected,0
22.0,22.0,110,33,person,0.8267,777,249,76,186,815.0,342.0,14136,79.69,79.69,20.2,detected,0
22.0,22.0,110,43,person,0.5059,1123,0,57,104,1151.5,52.0,5928,41.48,41.48,17.2,detected,0
22.0,22.0,110,54,person,0.8769,1354,144,65,157,1386.5,222.5,10205,101.83,101.83,14.2,detected,0
22.0,22.0,110,56,person,0.6732,655,121,47,142,678.5,192.0,6674,63.88,63.88,13.4,detected,0
22.0,22.0,110,63,person,0.9046,1233,196,67,151,1266.5,271.5,10117,61.58,61.58,12.2,detected,0
22.0,22.0,110,68,person,0.6729,960,83,53,133,986.5,149.5,7049,74.82,74.82,11.2,detected,0
22.0,22.0,110,69,person,0.8551,1454,775,116,221,1512.0,885.5,25636,120.7,120.7,11.0,detected,0
22.0,22.0,110,75,person,0.2408,847,82,41,122,867.5,143.0,5002,110.68,55.34,10.6,detected,0
22.0,22.0,110,76,person,0.8569,967,232,65,186,999.5,325.0,12090,70.21,70.21,10.2,detected,0
22.0,22.0,110,77,person,0.8756,1044,228,77,204,1082.5,330.0,15708,69.34,69.34,9.4,detected,0
22.0,22.0,110,83,person,0.8526,1745,268,81,186,1785.5,361.0,15066,54.72,54.72,8.6,detected,0
22.0,22.0,110,84,person,0.732,1505,52,51,135,1530.5,119.5,6885,41.69,41.69,8.4,detected,0
22.0,22.0,110,89,person,0.7718,441,233,63,177,472.5,321.5,11151,66.05,66.05,6.4,detected,0
22.0,22.0,110,90,person,0.8295,294,228,76,187,332.0,321.5,14212,88.07,88.07,6.4,detected,0
22.0,22.0,110,91,person,0.7645,727,224,72,182,763.0,315.0,13104,95.63,95.63,5.8,detected,0
22.0,22.0,110,96,person,0.8042,478,263,67,160,511.5,343.0,10720,65.77,65.77,4.8,detected,0
22.0,22.0,110,99,person,0.7207,1021,15,43,115,1042.5,72.5,4945,47.08,47.08,3.8,detected,0
22.0,22.0,110,103,person,0.68,1688,29,51,145,1713.5,101.5,7395,35.79,35.79,2.2,detected,0
22.0,22.0,110,105,person,0.2522,111,287,61,131,141.5,352.5,7991,0.0,0.0,1.6,detected,0
23.0,23.0,115,15,person,0.8465,432,221,65,189,464.5,315.5,12285,72.92,72.92,23.0,detected,0
23.0,23.0,115,17,person,0.4167,14,279,74,157,51.0,357.5,11618,0.5,0.5,23.0,detected,0
23.0,23.0,115,33,person,0.8576,697,280,77,189,735.5,374.5,14553,85.89,85.89,21.2,detected,0
23.0,23.0,115,43,person,0.2374,1155,0,54,83,1182.0,41.5,4482,32.26,32.26,18.2,detected,0
23.0,23.0,115,54,person,0.8233,1451,154,64,153,1483.0,230.5,9792,96.83,96.83,15.2,detected,0
23.0,23.0,115,56,person,0.6602,595,142,50,148,620.0,216.0,7400,63.23,63.23,14.4,detected,0
23.0,23.0,115,63,person,0.8995,1286,171,64,147,1318.0,244.5,9408,58.15,58.15,13.2,detected,0
23.0,23.0,115,68,person,0.7008,1032,61,51,133,1057.5,127.5,6783,74.33,74.33,12.2,detected,0
23.0,23.0,115,69,person,0.9211,1504,890,124,189,1566.0,984.5,23436,112.77,112.77,12.0,detected,0
23.0,23.0,115,75,person,0.6017,777,100,53,118,803.5,159.0,6254,65.97,65.97,11.6,detected,0
23.0,23.0,115,76,person,0.8399,1021,201,62,178,1052.0,290.0,11036,63.1,63.1,11.2,detected,0
23.0,23.0,115,77,person,0.8837,1097,196,74,198,1134.0,295.0,14652,62.27,62.27,10.4,detected,0
23.0,23.0,115,83,person,0.8285,1761,224,82,174,1802.0,311.0,14268,52.65,52.65,9.6,detected,0
23.0,23.0,115,84,person,0.7251,1537,73,52,135,1563.0,140.5,7020,38.69,38.69,9.4,detected,0
23.0,23.0,115,89,person,0.7964,501,208,58,167,530.0,291.5,9686,64.86,64.86,7.4,detected,0
23.0,23.0,115,90,person,0.8314,376,205,76,184,414.0,297.0,13984,85.58,85.58,7.4,detected,0
23.0,23.0,115,91,person,0.8568,805,181,72,175,841.0,268.5,12600,90.81,90.81,6.8,detected,0
23.0,23.0,115,96,person,0.7776,538,235,66,153,571.0,311.5,10098,67.32,67.32,5.8,detected,0
23.0,23.0,115,99,person,0.7105,972,36,43,119,993.5,95.5,5117,54.13,54.13,4.8,detected,0
23.0,23.0,115,102,person,0.2665,1887,866,32,211,1903.0,971.5,6752,1.41,0.71,3.8,predicted,1
23.0,23.0,115,103,person,0.6636,1652,43,53,147,1678.5,116.5,7791,38.08,38.08,3.2,detected,0
23.0,23.0,115,105,person,0.2541,112,287,59,131,141.5,352.5,7729,0.0,0.0,2.6,detected,0
24.0,24.0,120,14,person,0.3615,1696,0,43,69,1717.5,34.5,2967,56.29,28.14,24.0,detected,0
24.0,24.0,120,15,person,0.8707,511,197,64,188,543.0,291.0,12032,82.23,82.23,24.0,detected,0
24.0,24.0,120,17,person,0.4985,14,277,75,159,51.5,356.5,11925,1.12,1.12,24.0,detected,0
24.0,24.0,120,33,person,0.7156,582,305,81,195,622.5,402.5,15795,116.42,116.42,22.2,detected,0
24.0,24.0,120,54,person,0.6643,1566,146,48,122,1590.0,207.0,5856,109.55,109.55,16.2,detected,0
24.0,24.0,120,56,person,0.3995,532,169,45,112,554.5,225.0,5040,66.12,66.12,15.4,detected,0
24.0,24.0,120,63,person,0.9229,1324,146,65,144,1356.5,218.0,9360,46.74,46.74,14.2,detected,0
24.0,24.0,120,68,person,0.6992,1095,42,50,129,1120.0,106.5,6450,65.93,65.93,13.2,detected,0
24.0,24.0,120,75,person,0.7361,704,123,53,130,730.5,188.0,6890,78.55,78.55,12.6,detected,0
24.0,24.0,120,76,person,0.878,1082,171,58,170,1111.0,256.0,9860,68.1,68.1,12.2,detected,0
24.0,24.0,120,77,person,0.8404,1154,163,66,189,1187.0,257.5,12474,64.92,64.92,11.4,detected,0
24.0,24.0,120,83,person,0.8526,1771,186,79,165,1810.5,268.5,13035,43.34,43.34,10.6,detected,0
24.0,24.0,120,84,person,0.4473,1575,89,52,126,1601.0,152.0,6552,39.7,39.7,10.4,detected,0
24.0,24.0,120,89,person,0.7645,564,182,55,155,591.5,259.5,8525,69.33,69.33,8.4,detected,0
24.0,24.0,120,90,person,0.8196,460,187,60,179,490.0,276.5,10740,78.72,78.72,8.4,detected,0
24.0,24.0,120,91,person,0.8778,880,152,72,167,916.0,235.5,12024,81.94,81.94,7.8,detected,0
24.0,24.0,120,96,person,0.3179,600,207,64,126,632.0,270.0,8064,73.78,73.78,6.8,detected,0
24.0,24.0,120,99,person,0.8125,918,59,47,121,941.5,119.5,5687,57.27,57.27,5.8,detected,0
24.0,24.0,120,103,person,0.5317,1590,65,50,105,1615.0,117.5,5250,63.51,63.51,4.2,detected,0
24.0,24.0,120,105,person,0.379,112,287,59,131,141.5,352.5,7729,0.0,0.0,3.6,detected,0
25.0,25.0,125,17,person,0.4546,14,277,75,159,51.5,356.5,11925,0.0,0.0,25.0,detected,0
25.0,25.0,125,33,person,0.8613,462,337,85,195,504.5,434.5,16575,122.26,122.26,23.2,detected,0
25.0,25.0,125,54,person,0.8468,1658,172,60,152,1688.0,248.0,9120,106.23,106.23,17.2,detected,0
25.0,25.0,125,56,person,0.864,464,187,52,160,490.0,267.0,8320,76.97,76.97,16.4,detected,0
25.0,25.0,125,63,person,0.9001,1369,126,58,137,1398.0,194.5,7946,47.69,47.69,15.2,detected,0
25.0,25.0,125,68,person,0.6473,1151,25,50,124,1176.0,87.0,6200,59.3,59.3,14.2,detected,0
25.0,25.0,125,75,person,0.6916,605,166,55,135,632.5,233.5,7425,108.05,108.05,13.6,detected,0
25.0,25.0,125,76,person,0.8843,1133,146,55,163,1160.5,227.5,8965,57.12,57.12,13.2,detected,0
25.0,25.0,125,77,person,0.6452,1208,138,64,178,1240.0,227.0,11392,61.15,61.15,12.4,detected,0
25.0,25.0,125,83,person,0.8153,1752,150,74,160,1789.0,230.0,11840,44.1,44.1,11.6,detected,0
25.0,25.0,125,84,person,0.788,1606,110,57,140,1634.5,180.0,7980,43.66,43.66,11.4,detected,0
25.0,25.0,125,89,person,0.6107,616,167,52,144,642.0,239.0,7488,54.5,54.5,9.4,detected,0
25.0,25.0,125,90,person,0.8733,542,171,56,176,570.0,259.0,9856,81.89,81.89,9.4,detected,0
25.0,25.0,125,91,person,0.8229,937,125,65,153,969.5,201.5,9945,63.39,63.39,8.8,detected,0
25.0,25.0,125,96,person,0.7007,659,184,61,102,689.5,235.0,6222,67.31,67.31,7.8,detected,0
25.0,25.0,125,99,person,0.7692,836,81,56,125,864.0,143.5,7000,81.13,81.13,6.8,detected,0
25.0,25.0,125,103,person,0.8342,1532,86,60,149,1562.0,160.5,8940,68.25,68.25,5.2,detected,0
25.0,25.0,125,105,person,0.3619,112,287,59,131,141.5,352.5,7729,0.0,0.0,4.6,detected,0
26.0,26.0,130,15,person,0.7914,652,160,57,134,680.5,227.0,7638,151.66,75.83,26.0,detected,0
26.0,26.0,130,17,person,0.496,15,280,74,156,52.0,358.0,11544,1.58,1.58,26.0,detected,0
26.0,26.0,130,33,person,0.9062,342,378,97,203,390.5,479.5,19691,122.56,122.56,24.2,detected,0
26.0,26.0,130,54,person,0.851,1734,184,74,167,1771.0,267.5,12358,85.26,85.26,18.2,detected,0
26.0,26.0,130,56,person,0.8514,404,217,60,170,434.0,302.0,10200,66.04,66.04,17.4,detected,0
26.0,26.0,130,63,person,0.8238,1419,107,55,134,1446.5,174.0,7370,52.65,52.65,16.2,detected,0
26.0,26.0,130,68,person,0.5336,1212,8,45,122,1234.5,69.0,5490,61.21,61.21,15.2,detected,0
26.0,26.0,130,75,person,0.8361,535,176,56,140,563.0,246.0,7840,70.62,70.62,14.6,detected,0
26.0,26.0,130,76,person,0.7934,1176,122,61,158,1206.5,201.0,9638,53.09,53.09,14.2,detected,0
26.0,26.0,130,77,person,0.8345,1254,114,60,175,1284.0,201.5,10500,50.86,50.86,13.4,detected,0
26.0,26.0,130,83,person,0.5724,1708,120,67,149,1741.5,194.5,9983,59.3,59.3,12.6,detected,0
26.0,26.0,130,84,person,0.7317,1637,130,55,148,1664.5,204.0,8140,38.42,38.42,12.4,detected,0
26.0,26.0,130,89,person,0.6282,695,142,48,126,719.0,205.0,6048,84.17,84.17,10.4,detected,0
26.0,26.0,130,90,person,0.8743,607,153,55,161,634.5,233.5,8855,69.36,69.36,10.4,detected,0
26.0,26.0,130,91,person,0.836,985,95,65,149,1017.5,169.5,9685,57.69,57.69,9.8,detected,0
26.0,26.0,130,96,person,0.6463,719,166,53,93,745.5,212.5,4929,60.35,60.35,8.8,detected,0
26.0,26.0,130,99,person,0.5634,756,101,52,129,782.0,165.5,6708,84.9,84.9,7.8,detected,0
26.0,26.0,130,102,person,0.165,1885,876,34,210,1902.0,981.0,7140,9.55,3.18,6.8,predicted,1
26.0,26.0,130,103,person,0.9118,1494,111,62,158,1525.0,190.0,9796,47.32,47.32,6.2,detected,0
26.0,26.0,130,105,person,0.4316,111,287,60,131,141.0,352.5,7860,0.5,0.5,5.6,detected,0
26.0,26.0,130,122,person,0.8752,608,929,112,151,664.0,1004.5,16912,0.0,0.0,0.2,detected,0
27.0,27.0,135,15,person,0.7618,706,137,52,104,732.0,189.0,5408,64.0,64.0,27.0,detected,0
27.0,27.0,135,17,person,0.4822,16,281,73,155,52.5,358.5,11315,0.71,0.71,27.0,detected,0
27.0,27.0,135,33,person,0.9093,221,416,95,215,268.5,523.5,20425,129.69,129.69,25.2,detected,0
27.0,27.0,135,54,person,0.6672,1817,195,70,154,1852.0,272.0,10780,81.12,81.12,19.2,detected,0
27.0,27.0,135,56,person,0.8468,346,245,65,175,378.5,332.5,11375,63.33,63.33,18.4,detected,0
27.0,27.0,135,63,person,0.3679,1473,88,51,88,1498.5,132.0,4488,66.84,66.84,17.2,detected,0
27.0,27.0,135,68,person,0.41,1273,0,44,112,1295.0,56.0,4928,61.88,61.88,16.2,detected,0
27.0,27.0,135,75,person,0.9065,465,200,70,147,500.0,273.5,10290,68.74,68.74,15.6,detected,0
27.0,27.0,135,76,person,0.6573,1221,99,57,154,1249.5,176.0,8778,49.74,49.74,15.2,detected,0
27.0,27.0,135,77,person,0.8833,1295,90,58,171,1324.0,175.5,9918,47.71,47.71,14.4,detected,0
27.0,27.0,135,84,person,0.8312,1662,143,64,159,1694.0,222.5,10176,34.82,34.82,13.4,detected,0
27.0,27.0,135,89,person,0.5003,756,126,45,101,778.5,176.5,4545,65.97,65.97,11.4,detected,0
27.0,27.0,135,90,person,0.8464,662,136,53,153,688.5,212.5,8109,57.94,57.94,11.4,detected,0
27.0,27.0,135,91,person,0.8428,1038,68,62,145,1069.0,140.5,8990,59.1,59.1,10.8,detected,0
27.0,27.0,135,96,person,0.7267,780,145,60,130,810.0,210.0,7800,64.55,64.55,9.8,detected,0
27.0,27.0,135,103,person,0.8847,1460,134,67,171,1493.5,219.5,11457,43.16,43.16,7.2,detected,0
27.0,27.0,135,105,person,0.4202,111,287,60,130,141.0,352.0,7800,0.5,0.5,6.6,detected,0
27.0,27.0,135,122,person,0.9152,811,773,115,304,868.5,925.0,34960,219.41,219.41,1.2,detected,0
27.0,27.0,135,125,person,0.5834,1650,94,58,88,1679.0,138.0,5104,0.0,0.0,0.4,detected,0
28.0,28.0,140,15,person,0.4964,768,123,57,123,796.5,184.5,7011,64.66,64.66,28.0,detected,0
28.0,28.0,140,17,person,0.4412,16,281,74,155,53.0,358.5,11470,0.5,0.5,28.0,detected,0
28.0,28.0,140,33,person,0.8024,85,460,98,222,134.0,571.0,21756,142.64,142.64,26.2,detected,0
28.0,28.0,140,56,person,0.8388,273,278,65,179,305.5,367.5,11635,80.96,80.96,19.4,detected,0
28.0,28.0,140,63,person,0.7074,1516,73,52,128,1542.0,137.0,6656,43.79,43.79,18.2,detected,0
28.0,28.0,140,68,person,0.2699,1339,0,45,89,1361.5,44.5,4005,67.49,67.49,17.2,detected,0
28.0,28.0,140,75,person,0.8342,408,238,74,154,445.0,315.0,11396,68.9,68.9,16.6,detected,0
28.0,28.0,140,76,person,0.8588,1257,77,55,149,1284.5,151.5,8195,42.72,42.72,16.2,detected,0
28.0,28.0,140,77,person,0.7637,1336,69,58,164,1365.0,151.0,9512,47.76,47.76,15.4,detected,0
28.0,28.0,140,84,person,0.8278,1681,165,63,161,1712.5,245.5,10143,29.52,29.52,14.4,detected,0
28.0,28.0,140,89,person,0.2161,820,103,41,126,840.5,166.0,5166,62.88,62.88,12.4,detected,0
28.0,28.0,140,90,person,0.6687,719,119,49,140,743.5,189.0,6860,59.81,59.81,12.4,detected,0
28.0,28.0,140,91,person,0.7348,1085,45,61,139,1115.5,114.5,8479,53.28,53.28,11.8,detected,0
28.0,28.0,140,96,person,0.8561,840,126,59,136,869.5,194.0,8024,61.61,61.61,10.8,detected,0
28.0,28.0,140,99,person,0.7898,587,158,56,143,615.0,229.5,8008,178.84,89.42,9.8,detected,0
28.0,28.0,140,103,person,0.8814,1428,174,69,172,1462.5,260.0,11868,51.0,51.0,8.2,detected,0
28.0,28.0,140,105,person,0.4323,112,287,59,131,141.5,352.5,7729,0.71,0.71,7.6,detected,0
28.0,28.0,140,122,person,0.926,960,650,108,316,1014.0,808.0,34128,186.71,186.71,2.2,detected,0
28.0,28.0,140,125,person,0.6294,1636,67,62,138,1667.0,136.0,8556,12.17,12.17,1.4,detected,0
29.0,29.0,145,15,person,0.771,834,109,62,166,865.0,192.0,10292,68.91,68.91,29.0,detected,0
29.0,29.0,145,17,person,0.4641,16,282,74,155,53.0,359.5,11470,1.0,1.0,29.0,detected,0
29.0,29.0,145,33,person,0.5885,0,536,54,180,27.0,626.0,9720,120.31,120.31,27.2,detected,0
29.0,29.0,145,54,person,0.313,1802,288,64,101,1834.0,338.5,6464,68.89,34.45,21.2,detected,0
29.0,29.0,145,56,person,0.8384,177,312,72,187,213.0,405.5,13464,100.0,100.0,20.4,detected,0
29.0,29.0,145,63,person,0.7249,1568,60,52,124,1594.0,122.0,6448,54.12,54.12,19.2,detected,0
29.0,29.0,145,68,person,0.274,1410,0,43,78,1431.5,39.0,3354,70.22,70.22,18.2,detected,0
29.0,29.0,145,75,person,0.8351,345,279,86,162,388.0,360.0,13932,72.62,72.62,17.6,detected,0
29.0,29.0,145,76,person,0.8163,1295,57,53,145,1321.5,129.5,7685,43.05,43.05,17.2,detected,0
29.0,29.0,145,77,person,0.6506,1368,48,55,159,1395.5,127.5,8745,38.5,38.5,16.4,detected,0
29.0,29.0,145,84,person,0.8761,1682,190,64,167,1714.0,273.5,10688,28.04,28.04,15.4,detected,0
29.0,29.0,145,89,person,0.3145,880,85,44,149,902.0,159.5,6556,61.84,61.84,13.4,detected,0
29.0,29.0,145,90,person,0.2487,790,107,45,130,812.5,172.0,5850,71.06,71.06,13.4,detected,0
29.0,29.0,145,91,person,0.6921,1127,24,57,133,1155.5,90.5,7581,46.65,46.65,12.8,detected,0
29.0,29.0,145,96,person,0.5896,903,112,48,130,927.0,177.0,6240,59.96,59.96,11.8,detected,0
29.0,29.0,145,99,person,0.891,511,189,57,151,539.5,264.5,8607,83.22,83.22,10.8,detected,0
29.0,29.0,145,103,person,0.8996,1390,206,72,183,1426.0,297.5,13176,52.33,52.33,9.2,detected,0
29.0,29.0,145,105,person,0.3732,112,288,60,131,142.0,353.5,7860,1.12,1.12,8.6,detected,0
29.0,29.0,145,122,person,0.908,1077,554,107,280,1130.5,694.0,29960,163.0,163.0,3.2,detected,0
29.0,29.0,145,125,person,0.7229,1634,44,65,133,1666.5,110.5,8645,25.5,25.5,2.4,detected,0
29.0,29.0,145,130,person,0.1795,1822,195,65,104,1854.5,247.0,6760,0.0,0.0,0.4,detected,0
29.0,29.0,145,132,person,0.157,1827,195,59,91,1856.5,240.5,5369,0.0,0.0,0.0,detected,0
30.0,30.0,150,15,person,0.7757,901,97,57,157,929.5,175.5,8949,66.58,66.58,30.0,detected,0
30.0,30.0,150,17,person,0.3446,16,282,72,154,52.0,359.0,11088,1.12,1.12,30.0,predicted,1
30.0,30.0,150,54,person,0.5204,1774,317,71,131,1809.5,382.5,9301,50.36,50.36,22.2,detected,0
30.0,30.0,150,56,person,0.8543,78,350,73,191,114.5,445.5,13943,106.31,106.31,21.4,detected,0
30.0,30.0,150,63,person,0.5974,1627,45,52,126,1653.0,108.0,6552,60.64,60.64,20.2,detected,0
30.0,30.0,150,68,person,0.217,1475,0,39,65,1494.5,32.5,2535,63.33,63.33,19.2,detected,0
30.0,30.0,150,75,person,0.8727,271,320,83,170,312.5,405.0,14110,87.89,87.89,18.6,detected,0
30.0,30.0,150,76,person,0.7792,1334,39,50,139,1359.0,108.5,6950,42.98,42.98,18.2,detected,0
30.0,30.0,150,77,person,0.823,1395,29,54,154,1422.0,106.0,8316,34.12,34.12,17.4,detected,0
30.0,30.0,150,84,person,0.8799,1677,217,68,171,1711.0,302.5,11628,29.15,29.15,16.4,detected,0
30.0,30.0,150,90,person,0.8145,850,95,51,154,875.5,172.0,7854,63.0,63.0,14.4,detected,0
30.0,30.0,150,91,person,0.7317,1169,5,56,128,1197.0,69.0,7168,46.74,46.74,13.8,detected,0
30.0,30.0,150,96,person,0.5098,949,95,51,127,974.5,158.5,6477,50.98,50.98,12.8,detected,0
30.0,30.0,150,99,person,0.8167,430,228,64,159,462.0,307.5,10176,88.63,88.63,11.8,detected,0
30.0,30.0,150,103,person,0.8987,1340,245,74,191,1377.0,340.5,14134,65.19,65.19,10.2,detected,0
30.0,30.0,150,105,person,0.3065,112,287,58,133,141.0,353.5,7714,1.0,1.0,9.6,detected,0
30.0,30.0,150,121,person,0.6204,783,107,47,124,806.5,169.0,5828,0.0,0.0,4.6,detected,0
30.0,30.0,150,122,person,0.9059,1181,475,99,257,1230.5,603.5,25443,134.87,134.87,4.2,detected,0
30.0,30.0,150,125,person,0.4509,1624,20,48,135,1648.0,87.5,6480,29.52,29.52,3.4,detected,0
30.0,30.0,150,132,person,0.6416,1786,235,81,113,1826.5,291.5,9153,59.17,59.17,1.0,detected,0
31.0,31.0,155,15,person,0.7556,951,79,56,155,979.0,156.5,8680,53.02,53.02,31.0,detected,0
31.0,31.0,155,17,person,0.3004,16,281,72,153,52.0,357.5,11016,1.5,1.5,31.0,detected,0
31.0,31.0,155,54,person,0.5607,1743,390,68,114,1777.0,447.0,7752,72.23,72.23,23.2,detected,0
31.0,31.0,155,56,person,0.7972,1,394,55,194,28.5,491.0,10670,97.29,97.29,22.4,detected,0
31.0,31.0,155,63,person,0.6535,1580,0,57,118,1608.5,59.0,6726,66.19,66.19,21.2,detected,0
31.0,31.0,155,68,person,0.3999,1546,-2,39,54,1565.5,25.0,2106,71.4,71.4,20.2,predicted,1
31.0,31.0,155,75,person,0.8878,177,367,90,182,222.0,458.0,16380,104.88,104.88,19.6,detected,0
31.0,31.0,155,76,person,0.8071,1360,21,49,137,1384.5,89.5,6713,31.8,31.8,19.2,detected,0
31.0,31.0,155,77,person,0.806,1423,13,53,147,1449.5,86.5,7791,33.71,33.71,18.4,detected,0
31.0,31.0,155,84,person,0.8648,1684,243,72,177,1720.0,331.5,12744,30.36,30.36,17.4,detected,0
31.0,31.0,155,89,person,0.3728,1058,-14,43,109,1079.5,40.5,4687,213.7,106.85,15.4,predicted,1
31.0,31.0,155,90,person,0.7747,905,82,49,153,929.5,158.5,7497,55.66,55.66,15.4,detected,0
31.0,31.0,155,91,person,0.6878,1212,0,55,110,1239.5,55.0,6050,44.75,44.75,14.8,detected,0
31.0,31.0,155,96,person,0.6389,993,77,49,124,1017.5,139.0,6076,47.21,47.21,13.8,detected,0
31.0,31.0,155,99,person,0.8735,340,273,75,168,377.5,357.0,12600,97.93,97.93,12.8,detected,0
31.0,31.0,155,103,person,0.8935,1284,289,78,172,1323.0,375.0,13416,64.08,64.08,11.2,detected,0
31.0,31.0,155,105,person,0.2359,112,287,59,132,141.5,353.0,7788,0.71,0.71,10.6,detected,0
31.0,31.0,155,121,person,0.6316,690,129,56,133,718.0,195.5,7448,92.38,92.38,5.6,detected,0
31.0,31.0,155,122,person,0.9039,1278,406,85,227,1320.5,519.5,19295,123.11,123.11,5.2,detected,0
31.0,31.0,155,125,person,0.3011,1686,34,51,120,1711.5,94.0,6120,63.83,63.83,4.4,detected,0
31.0,31.0,155,132,person,0.4795,1777,278,67,85,1810.5,320.5,5695,33.12,33.12,2.0,detected,0
32.0,32.0,160,15,person,0.7961,1004,63,58,149,1033.0,137.5,8642,57.25,57.25,32.0,detected,0
32.0,32.0,160,17,person,0.5211,15,280,73,155,51.5,357.5,11315,0.5,0.5,32.0,detected,0
32.0,32.0,160,54,person,0.1801,1710,445,67,98,1743.5,494.0,6566,57.72,57.72,24.2,detected,0
32.0,32.0,160,63,person,0.5924,1545,0,53,95,1571.5,47.5,5035,38.75,38.75,22.2,detected,0
32.0,32.0,160,68,person,0.1677,1601,-3,31,43,1616.5,18.5,1333,51.41,51.41,21.2,predicted,1
32.0,32.0,160,75,person,0.9092,71,426,97,189,119.5,520.5,18333,120.05,120.05,20.6,detected,0
32.0,32.0,160,76,person,0.7905,1381,4,47,130,1404.5,69.0,6110,28.64,28.64,20.2,detected,0
32.0,32.0,160,77,person,0.8558,1449,0,53,139,1475.5,69.5,7367,31.06,31.06,19.4,detected,0
32.0,32.0,160,84,person,0.85,1697,268,72,180,1733.0,358.0,12960,29.52,29.52,18.4,detected,0
32.0,32.0,160,90,person,0.1529,989,34,45,116,1011.5,92.0,5220,105.58,105.58,16.4,detected,0
32.0,32.0,160,91,person,0.3939,1248,0,59,88,1277.5,44.0,5192,39.56,39.56,15.8,detected,0
32.0,32.0,160,96,person,0.1974,1032,55,44,104,1054.0,107.0,4576,48.54,48.54,14.8,detected,0
32.0,32.0,160,99,person,0.8601,243,321,75,177,280.5,409.5,13275,110.3,110.3,13.8,detected,0
32.0,32.0,160,103,person,0.9084,1235,340,85,211,1277.5,445.5,17935,83.91,83.91,12.2,detected,0
32.0,32.0,160,105,person,0.4201,112,288,59,130,141.5,353.0,7670,0.0,0.0,11.6,detected,0
32.0,32.0,160,121,person,0.476,598,160,58,141,627.0,230.5,8178,97.5,97.5,6.6,detected,0
32.0,32.0,160,122,person,0.9012,1387,348,75,228,1424.5,462.0,17100,118.84,118.84,6.2,detected,0
32.0,32.0,160,130,person,0.6653,1748,325,69,155,1782.5,402.5,10695,171.36,57.12,3.4,detected,0
32.0,32.0,160,132,person,0.1908,1727,382,68,131,1761.0,447.5,8908,136.31,136.31,3.0,detected,0
32.0,32.0,160,133,person,0.8292,942,69,54,147,969.0,142.5,7938,0.0,0.0,1.2,detected,0
33.0,33.0,165,15,person,0.7371,1041,53,54,145,1068.0,125.5,7830,37.0,37.0,33.0,detected,0
33.0,33.0,165,17,person,0.4652,15,280,76,156,53.0,358.0,11856,1.58,1.58,33.0,detected,0
33.0,33.0,165,54,person,0.6379,1654,495,70,97,1689.0,543.5,6790,73.62,73.62,25.2,detected,0
33.0,33.0,165,63,person,0.2661,1537,0,37,72,1555.5,36.0,2664,19.7,19.7,23.2,detected,0
33.0,33.0,165,68,person,0.1892,1655,-1,30,29,1670.0,13.5,870,53.73,53.73,22.2,predicted,1
33.0,33.0,165,75,person,0.8167,0,497,49,188,24.5,591.0,9212,118.3,118.3,21.6,detected,0
33.0,33.0,165,76,person,0.7811,1410,0,45,116,1432.5,58.0,5220,30.08,30.08,21.2,detected,0
33.0,33.0,165,77,person,0.7949,1470,0,48,119,1494.0,59.5,5712,21.03,21.03,20.4,detected,0
33.0,33.0,165,84,person,0.4767,1710,297,77,118,1748.5,356.0,9086,15.63,15.63,19.4,detected,0
33.0,33.0,165,90,person,0.2735,1018,25,42,127,1039.0,88.5,5334,27.72,27.72,17.4,detected,0
33.0,33.0,165,91,person,0.4046,1290,0,44,68,1312.0,34.0,2992,35.92,35.92,16.8,detected,0
33.0,33.0,165,96,person,0.1573,1069,46,44,87,1091.0,89.5,3828,40.93,40.93,15.8,detected,0
33.0,33.0,165,99,person,0.8727,127,373,81,190,167.5,468.0,15390,127.24,127.24,14.8,detected,0
33.0,33.0,165,103,person,0.9201,1206,399,92,222,1252.0,510.0,20424,69.36,69.36,13.2,detected,0
33.0,33.0,165,105,person,0.1581,111,288,59,122,140.5,349.0,7198,4.12,4.12,12.6,detected,0
33.0,33.0,165,121,person,0.6384,508,191,64,140,540.0,261.0,8960,92.19,92.19,7.6,detected,0
33.0,33.0,165,122,person,0.8672,1489,299,76,216,1527.0,407.0,16416,116.32,116.32,7.2,detected,0
33.0,33.0,165,125,person,0.1663,1777,6,44,56,1799.0,34.0,2464,106.1,53.05,6.4,detected,0
33.0,33.0,165,130,person,0.633,1705,364,76,170,1743.0,449.0,12920,61.01,61.01,4.4,detected,0
33.0,33.0,165,132,person,0.3633,1685,413,82,141,1726.0,483.5,11562,50.21,50.21,4.0,detected,0
33.0,33.0,165,133,person,0.8243,968,50,54,146,995.0,123.0,7884,32.5,32.5,2.2,detected,0
33.0,33.0,165,154,person,0.5825,900,35,41,123,920.5,96.5,5043,0.0,0.0,0.2,detected,0
33.0,33.0,165,155,person,0.273,1890,865,30,173,1905.0,951.5,5190,0.0,0.0,0.2,detected,0
33.0,33.0,165,156,person,0.192,1714,752,74,164,1751.0,834.0,12136,0.0,0.0,0.0,detected,0
34.0,34.0,170,15,person,0.6259,1068,38,48,137,1092.0,106.5,6576,30.61,30.61,34.0,detected,0
34.0,34.0,170,17,person,0.4697,14,280,75,155,51.5,357.5,11625,1.58,1.58,34.0,detected,0
34.0,34.0,170,54,person,0.2952,1529,537,82,96,1570.0,585.0,7872,126.03,126.03,26.2,detected,0
34.0,34.0,170,63,person,0.7133,1512,0,39,81,1531.5,40.5,3159,24.42,24.42,24.2,detected,0
34.0,34.0,170,76,person,0.8129,1433,0,44,97,1455.0,48.5,4268,24.42,24.42,22.2,detected,0
34.0,34.0,170,84,person,0.8714,1718,334,79,201,1757.5,434.5,15879,79.01,79.01,20.4,detected,0
34.0,34.0,170,90,person,0.4066,1050,17,44,128,1072.0,81.0,5632,33.84,33.84,18.4,detected,0
34.0,34.0,170,91,person,0.6808,1331,0,29,50,1345.5,25.0,1450,34.69,34.69,17.8,detected,0
34.0,34.0,170,99,person,0.8805,5,431,81,205,45.5,533.5,16605,138.47,138.47,15.8,detected,0
34.0,34.0,170,103,person,0.9249,1168,460,99,243,1217.5,581.5,24057,79.39,79.39,14.2,detected,0
34.0,34.0,170,105,person,0.3549,112,287,59,130,141.5,352.0,7670,3.16,3.16,13.6,detected,0
34.0,34.0,170,121,person,0.649,416,222,68,146,450.0,295.0,9928,96.21,96.21,8.6,detected,0
34.0,34.0,170,122,person,0.7321,1571,251,74,210,1608.0,356.0,15540,95.72,95.72,8.2,detected,0
34.0,34.0,170,130,person,0.7417,1612,415,98,225,1661.0,527.5,22050,113.52,113.52,5.4,detected,0
34.0,34.0,170,133,person,0.8331,1000,35,49,145,1024.5,107.5,7105,33.32,33.32,3.2,detected,0
34.0,34.0,170,154,person,0.4307,842,54,46,132,865.0,120.0,6072,60.27,60.27,1.2,detected,0
34.0,34.0,170,155,person,0.2487,1890,865,30,171,1905.0,950.5,5130,1.0,1.0,1.2,detected,0
34.0,34.0,170,157,person,0.3317,874,48,44,146,896.0,121.0,6424,0.0,0.0,0.8,detected,0
34.0,34.0,170,158,person,0.8711,1668,853,87,197,1711.5,951.5,17139,0.0,0.0,0.8,detected,0
34.0,34.0,170,162,person,0.2574,1181,0,38,51,1200.0,25.5,1938,0.0,0.0,0.4,detected,0
35.0,35.0,175,15,person,0.7007,1079,8,60,151,1109.0,83.5,9060,28.6,28.6,35.0,detected,0
35.0,35.0,175,17,person,0.545,14,280,75,156,51.5,358.0,11700,0.5,0.5,35.0,detected,0
35.0,35.0,175,54,person,0.5322,1363,575,78,97,1402.0,623.5,7566,172.36,172.36,27.2,predicted,1
35.0,35.0,175,63,person,0.7916,1515,1,48,88,1539.0,45.0,4224,8.75,8.75,25.2,detected,0
35.0,35.0,175,76,person,0.7946,1458,0,38,83,1477.0,41.5,3154,23.09,23.09,23.2,detected,0
35.0,35.0,175,84,person,0.8439,1719,364,86,212,1762.0,470.0,18232,35.78,35.78,21.4,detected,0
35.0,35.0,175,90,person,0.62,1104,10,50,122,1129.0,71.0,6100,57.87,57.87,19.4,detected,0
35.0,35.0,175,96,person,0.1733,1120,16,42,87,1141.0,59.5,3654,58.31,29.15,17.8,detected,0
35.0,35.0,175,103,person,0.9274,1132,540,105,254,1184.5,667.0,26670,91.65,91.65,15.2,detected,0
35.0,35.0,175,105,person,0.3597,111,287,59,131,140.5,352.5,7729,1.12,1.12,14.6,detected,0
35.0,35.0,175,121,person,0.6867,316,269,68,143,350.0,340.5,9724,109.86,109.86,9.6,detected,0
35.0,35.0,175,122,person,0.8976,1643,217,65,196,1675.5,315.0,12740,78.98,78.98,9.2,detected,0
35.0,35.0,175,130,person,0.8605,1455,451,110,228,1510.0,565.0,25080,155.59,155.59,6.4,detected,0
35.0,35.0,175,133,person,0.8737,1026,22,52,140,1052.0,92.0,7280,31.57,31.57,4.2,detected,0
35.0,35.0,175,154,person,0.749,776,79,46,133,799.0,145.5,6118,70.75,70.75,2.2,detected,0
35.0,35.0,175,155,person,0.2611,1887,865,32,179,1903.0,954.5,5728,4.47,4.47,2.2,detected,0
35.0,35.0,175,156,person,0.836,1612,958,90,116,1657.0,1016.0,10440,204.84,102.42,2.0,detected,0
35.0,35.0,175,157,person,0.8212,814,79,43,144,835.5,151.0,6192,67.53,67.53,1.8,detected,0
35.0,35.0,175,162,person,0.3984,1144,0,32,64,1160.0,32.0,2048,40.52,40.52,1.4,detected,0
35.0,35.0,175,163,person,0.5074,1366,0,24,33,1378.0,16.5,792,0.0,0.0,0.6,detected,0
36.0,36.0,180,15,person,0.8775,1107,6,53,139,1133.5,75.5,7367,25.77,25.77,36.0,detected,0
36.0,36.0,180,17,person,0.5943,15,280,73,156,51.5,358.0,11388,0.0,0.0,36.0,detected,0
36.0,36.0,180,54,person,0.2117,1254,534,97,140,1302.5,604.0,13580,101.39,101.39,28.2,detected,0
36.0,36.0,180,63,person,0.6817,1542,0,37,69,1560.5,34.5,2553,23.93,23.93,26.2,detected,0
36.0,36.0,180,76,person,0.8211,1476,0,35,65,1493.5,32.5,2275,18.79,18.79,24.2,detected,0
36.0,36.0,180,84,person,0.8688,1719,404,89,217,1763.5,512.5,19313,42.53,42.53,22.4,detected,0
36.0,36.0,180,90,person,0.6651,1142,0,43,113,1163.5,56.5,4859,37.42,37.42,20.4,detected,0
36.0,36.0,180,96,person,0.2849,1144,0,38,95,1163.0,47.5,3610,25.06,25.06,18.8,detected,0
36.0,36.0,180,103,person,0.9255,1115,628,118,276,1174.0,766.0,32568,99.56,99.56,16.2,detected,0
36.0,36.0,180,105,person,0.3767,112,287,58,130,141.0,352.0,7540,0.71,0.71,15.6,detected,0
36.0,36.0,180,121,person,0.792,229,294,75,167,266.5,377.5,12525,91.33,91.33,10.6,detected,0
36.0,36.0,180,122,person,0.8977,1683,186,72,185,1719.0,278.5,13320,56.78,56.78,10.2,detected,0
36.0,36.0,180,130,person,0.8126,1291,482,97,195,1339.5,579.5,18915,171.12,171.12,7.4,detected,0
36.0,36.0,180,133,person,0.8989,1053,7,46,137,1076.0,75.5,6302,29.12,29.12,5.2,detected,0
36.0,36.0,180,154,person,0.7767,705,95,51,147,730.5,168.5,7497,72.26,72.26,3.2,detected,0
36.0,36.0,180,155,person,0.2413,1889,865,30,173,1904.0,951.5,5190,3.16,3.16,3.2,detected,0
36.0,36.0,180,157,person,0.7181,748,104,51,138,773.5,173.0,7038,65.79,65.79,2.8,detected,0
36.0,36.0,180,163,person,0.2797,1407,0,20,16,1417.0,8.0,320,39.92,39.92,1.6,detected,0
36.0,36.0,180,167,person,0.9237,0,670,99,284,49.5,812.0,28116,0.0,0.0,0.8,detected,0
37.0,37.0,185,15,person,0.8813,1133,0,57,128,1161.5,64.0,7296,30.27,30.27,37.0,detected,0
37.0,37.0,185,17,person,0.5623,15,280,74,156,52.0,358.0,11544,0.5,0.5,37.0,detected,0
37.0,37.0,185,63,person,0.7243,1557,0,28,52,1571.0,26.0,1456,13.51,13.51,27.2,detected,0
37.0,37.0,185,76,person,0.6641,1504,0,31,50,1519.5,25.0,1550,27.06,27.06,25.2,detected,0
37.0,37.0,185,84,person,0.8734,1715,448,92,221,1761.0,558.5,20332,46.07,46.07,23.4,detected,0
37.0,37.0,185,90,person,0.2725,1173,-3,43,94,1194.5,44.0,4042,33.43,33.43,21.4,detected,0
37.0,37.0,185,96,person,0.3223,1169,0,40,91,1189.0,45.5,3640,26.08,26.08,19.8,detected,0
37.0,37.0,185,103,person,0.9305,1107,733,128,299,1171.0,882.5,38272,116.54,116.54,17.2,detected,0
37.0,37.0,185,105,person,0.7916,114,317,74,161,151.0,397.5,11914,46.59,46.59,16.6,detected,0
37.0,37.0,185,121,person,0.2534,96,383,73,133,132.5,449.5,9709,152.12,152.12,11.6,detected,0
37.0,37.0,185,122,person,0.8613,1730,164,64,178,1762.0,253.0,11392,49.99,49.99,11.2,detected,0
37.0,37.0,185,130,person,0.8729,1082,508,100,236,1132.0,626.0,23600,212.65,212.65,8.4,detected,0
37.0,37.0,185,133,person,0.8958,1076,0,53,130,1102.5,65.0,6890,28.5,28.5,6.2,detected,0
37.0,37.0,185,154,person,0.7393,624,128,53,149,650.5,202.5,7897,86.93,86.93,4.2,detected,0
37.0,37.0,185,155,person,0.2931,1891,865,28,172,1905.0,951.0,4816,1.12,1.12,4.2,detected,0
37.0,37.0,185,157,person,0.7811,671,135,50,147,696.0,208.5,7350,85.24,85.24,3.8,detected,0
37.0,37.0,185,162,person,0.2579,1043,20,44,99,1065.0,69.5,4356,102.13,51.07,3.4,detected,0
37.0,37.0,185,167,person,0.9194,55,603,106,261,108.0,733.5,27666,97.9,97.9,1.8,detected,0
37.0,37.0,185,171,person,0.6484,959,629,86,108,1002.0,683.0,9288,0.0,0.0,1.4,detected,0
37.0,37.0,185,176,person,0.5204,1683,681,113,226,1739.5,794.0,25538,0.0,0.0,0.4,detected,0
38.0,38.0,190,15,person,0.8219,1179,0,50,113,1204.0,56.5,5650,43.16,43.16,38.0,detected,0
38.0,38.0,190,17,person,0.32,15,281,74,153,52.0,357.5,11322,0.5,0.5,38.0,detected,0
38.0,38.0,190,54,person,0.1906,816,580,96,159,864.0,659.5,15264,442.0,221.0,30.2,detected,0
38.0,38.0,190,63,person,0.5933,1575,0,24,39,1587.0,19.5,936,17.27,17.27,28.2,detected,0
38.0,38.0,190,76,person,0.5568,1525,0,17,35,1533.5,17.5,595,15.88,15.88,26.2,detected,0
38.0,38.0,190,84,person,0.825,1727,498,95,213,1774.5,604.5,20235,47.94,47.94,24.4,detected,0
38.0,38.0,190,90,person,0.3876,1164,1,27,78,1177.5,40.0,2106,17.46,17.46,22.4,detected,0
38.0,38.0,190,103,person,0.9209,1062,859,135,221,1129.5,969.5,29835,96.39,96.39,18.2,detected,0
38.0,38.0,190,105,person,0.3091,111,288,60,132,141.0,354.0,7920,44.63,44.63,17.6,detected,0
38.0,38.0,190,121,person,0.8839,6,379,90,186,51.0,472.0,16740,84.55,84.55,12.6,detected,0
38.0,38.0,190,122,person,0.8256,1758,146,65,172,1790.5,232.0,11180,35.4,35.4,12.2,detected,0
38.0,38.0,190,130,person,0.8896,852,532,116,230,910.0,647.0,26680,222.99,222.99,9.4,detected,0
38.0,38.0,190,133,person,0.8675,1108,0,50,114,1133.0,57.0,5700,31.53,31.53,7.2,detected,0
38.0,38.0,190,154,person,0.8081,541,161,54,157,568.0,239.5,8478,90.42,90.42,5.2,detected,0
38.0,38.0,190,155,person,0.2163,1890,866,29,173,1904.5,952.5,5017,1.58,1.58,5.2,detected,0
38.0,38.0,190,157,person,0.8354,582,171,58,154,611.0,248.0,8932,93.73,93.73,4.8,detected,0
38.0,38.0,190,162,person,0.8161,1019,1,52,99,1045.0,50.5,5148,27.59,27.59,4.4,detected,0
38.0,38.0,190,167,person,0.9124,91,548,105,243,143.5,669.5,25515,73.19,73.19,2.8,detected,0
38.0,38.0,190,171,person,0.2571,737,640,85,108,779.5,694.0,9180,222.77,222.77,2.4,detected,0
38.0,38.0,190,176,person,0.9037,1645,603,135,301,1712.5,753.5,40635,48.67,48.67,1.4,detected,0
38.0,38.0,190,181,person,0.3567,1247,0,30,21,1262.0,10.5,630,0.0,0.0,0.2,detected,0
39.0,39.0,195,15,person,0.8127,1215,0,45,104,1237.5,52.0,4680,33.8,33.8,39.0,detected,0
39.0,39.0,195,17,person,0.5206,13,280,75,156,50.5,358.0,11700,1.58,1.58,39.0,detected,0
39.0,39.0,195,54,person,0.159,579,615,71,162,614.5,696.0,11502,252.16,252.16,31.2,detected,0
39.0,39.0,195,63,person,0.4737,1594,0,24,24,1606.0,12.0,576,20.43,20.43,29.2,detected,0
39.0,39.0,195,76,person,0.2394,1545,0,15,22,1552.5,11.0,330,20.08,20.08,27.2,detected,0
39.0,39.0,195,84,person,0.9079,1749,553,95,216,1796.5,661.0,20520,60.63,60.63,25.4,detected,0
39.0,39.0,195,90,person,0.3089,1190,0,28,64,1204.0,32.0,1792,27.68,27.68,23.4,detected,0
39.0,39.0,195,103,person,0.7314,974,1006,127,74,1037.5,1043.0,9398,117.76,117.76,19.2,detected,0
39.0,39.0,195,105,person,0.383,112,287,59,135,141.5,354.5,7965,0.71,0.71,18.6,detected,0
39.0,39.0,195,121,person,0.9069,52,382,98,225,101.0,494.5,22050,54.83,54.83,13.6,detected,0
39.0,39.0,195,122,person,0.8457,1759,146,57,169,1787.5,230.5,9633,3.35,3.35,13.2,detected,0
39.0,39.0,195,130,person,0.8728,631,529,118,243,690.0,650.5,28674,220.03,220.03,10.4,detected,0
39.0,39.0,195,133,person,0.8728,1145,0,48,100,1169.0,50.0,4800,36.67,36.67,8.2,detected,0
39.0,39.0,195,154,person,0.8485,448,198,54,160,475.0,278.0,8640,100.65,100.65,6.2,detected,0
39.0,39.0,195,155,person,0.1673,1889,866,30,171,1904.0,951.5,5130,1.12,1.12,6.2,predicted,1
39.0,39.0,195,157,person,0.8215,493,200,58,171,522.0,285.5,9918,96.58,96.58,5.8,detected,0
39.0,39.0,195,162,person,0.6931,988,1,48,117,1012.0,59.5,5616,34.21,34.21,5.4,detected,0
39.0,39.0,195,167,person,0.914,147,507,85,239,189.5,626.5,20315,62.97,62.97,3.8,detected,0
39.0,39.0,195,171,person,0.2707,507,649,87,113,550.5,705.5,9831,229.29,229.29,3.4,detected,0
39.0,39.0,195,176,person,0.9279,1612,539,135,294,1679.5,686.0,39690,75.13,75.13,2.4,detected,0
40.0,40.0,200,15,person,0.7941,1243,0,45,89,1265.5,44.5,4005,28.99,28.99,40.0,detected,0
40.0,40.0,200,17,person,0.5511,15,280,72,156,51.0,358.0,11232,0.5,0.5,40.0,detected,0
40.0,40.0,200,54,person,0.4168,350,618,64,148,382.0,692.0,9472,232.53,232.53,32.2,detected,0
40.0,40.0,200,63,person,0.2979,1617,-1,25,15,1629.5,6.5,375,24.14,24.14,30.2,predicted,1
40.0,40.0,200,76,person,0.2641,1570,-2,18,11,1579.0,3.5,198,27.54,27.54,28.2,predicted,1
40.0,40.0,200,90,person,0.169,1217,0,21,50,1227.5,25.0,1050,24.52,24.52,24.4,detected,0
40.0,40.0,200,105,person,0.5478,112,287,59,131,141.5,352.5,7729,2.0,2.0,19.6,detected,0
40.0,40.0,200,121,person,0.8871,224,321,91,203,269.5,422.5,18473,183.24,183.24,14.6,detected,0
40.0,40.0,200,122,person,0.8383,1757,149,55,167,1784.5,232.5,9185,3.61,3.61,14.2,detected,0
40.0,40.0,200,130,person,0.8893,387,540,106,243,440.0,661.5,25758,250.24,250.24,11.4,detected,0
40.0,40.0,200,133,person,0.4112,1177,0,46,85,1200.0,42.5,3910,31.89,31.89,9.2,detected,0
40.0,40.0,200,154,person,0.7803,343,231,59,172,372.5,317.0,10148,109.67,109.67,7.2,detected,0
40.0,40.0,200,157,person,0.8114,386,237,71,180,421.5,327.0,12780,108.73,108.73,6.8,detected,0
40.0,40.0,200,162,person,0.7099,957,1,48,136,981.0,69.0,6528,32.42,32.42,6.4,detected,0
40.0,40.0,200,167,person,0.887,215,463,88,225,259.0,575.5,19800,86.2,86.2,4.8,detected,0
40.0,40.0,200,171,person,0.2185,269,660,79,104,308.5,712.0,8216,242.09,242.09,4.4,predicted,1
40.0,40.0,200,176,person,0.9222,1616,483,132,283,1682.0,624.5,37356,61.55,61.55,3.4,detected,0
40.0,40.0,200,186,person,0.5105,1760,610,81,136,1800.5,678.0,11016,0.0,0.0,0.2,detected,0
41.0,41.0,205,15,person,0.7577,1258,0,45,75,1280.5,37.5,3375,16.55,16.55,41.0,detected,0
41.0,41.0,205,17,person,0.4595,15,280,72,156,51.0,358.0,11232,0.0,0.0,41.0,detected,0
41.0,41.0,205,54,person,0.499,97,631,71,145,132.5,703.5,10295,249.76,249.76,33.2,detected,0
41.0,41.0,205,90,person,0.25,1233,-2,18,40,1242.0,18.0,720,16.1,16.1,25.4,predicted,1
41.0,41.0,205,105,person,0.4943,111,288,59,131,140.5,353.5,7729,1.41,1.41,20.6,detected,0
41.0,41.0,205,121,person,0.8971,369,266,89,199,413.5,365.5,17711,154.87,154.87,15.6,detected,0
41.0,41.0,205,122,person,0.8426,1757,146,57,170,1785.5,231.0,9690,1.8,1.8,15.2,detected,0
41.0,41.0,205,130,person,0.8535,135,549,136,246,203.0,672.0,33456,237.23,237.23,12.4,detected,0
41.0,41.0,205,133,person,0.3187,1197,0,48,74,1221.0,37.0,3552,21.71,21.71,10.2,detected,0
41.0,41.0,205,154,person,0.7812,224,273,66,177,257.0,361.5,11682,123.78,123.78,8.2,detected,0
41.0,41.0,205,157,person,0.7092,274,281,62,162,305.0,362.0,10044,121.64,121.64,7.8,detected,0
41.0,41.0,205,162,person,0.8324,929,13,48,143,953.0,84.5,6864,32.0,32.0,7.4,detected,0
41.0,41.0,205,167,person,0.9065,271,419,80,215,311.0,526.5,17200,71.45,71.45,5.8,detected,0
41.0,41.0,205,176,person,0.9359,1649,435,121,267,1709.5,568.5,32307,62.39,62.39,4.4,detected,0
41.0,41.0,205,190,person,0.635,1116,1,36,63,1134.0,32.5,2268,0.0,0.0,0.4,detected,0
42.0,42.0,210,15,person,0.3527,1270,0,38,61,1289.0,30.5,2318,11.01,11.01,42.0,detected,0
42.0,42.0,210,17,person,0.3904,16,281,74,155,53.0,358.5,11470,2.06,2.06,42.0,detected,0
42.0,42.0,210,121,person,0.9123,499,218,81,189,539.5,312.5,15309,136.69,136.69,16.6,detected,0
42.0,42.0,210,122,person,0.8399,1756,144,57,172,1784.5,230.0,9804,1.41,1.41,16.2,detected,0
42.0,42.0,210,130,person,0.2405,0,622,31,109,15.5,676.5,3379,187.55,187.55,13.4,detected,0
42.0,42.0,210,133,person,0.7475,1226,0,38,59,1245.0,29.5,2242,25.14,25.14,11.2,detected,0
42.0,42.0,210,154,person,0.7517,101,321,59,192,130.5,417.0,11328,138.14,138.14,9.2,detected,0
42.0,42.0,210,157,person,0.8216,145,327,68,201,179.0,427.5,13668,142.01,142.01,8.8,detected,0
42.0,42.0,210,162,person,0.6534,882,27,52,147,908.0,100.5,7644,47.76,47.76,8.4,detected,0
42.0,42.0,210,167,person,0.9152,310,380,88,212,354.0,486.0,18656,59.07,59.07,6.8,detected,0
42.0,42.0,210,176,person,0.9416,1673,391,115,253,1730.5,517.5,29095,55.15,55.15,5.4,detected,0
42.0,42.0,210,187,person,0.4094,1271,-2,42,64,1292.0,30.0,2688,0.0,0.0,2.0,detected,0
42.0,42.0,210,189,person,0.7647,1134,0,37,53,1152.5,26.5,1961,0.0,0.0,1.8,detected,0
42.0,42.0,210,190,person,0.8146,1067,0,47,80,1090.5,40.0,3760,44.14,44.14,1.4,detected,0
43.0,43.0,215,17,person,0.3815,23,321,77,160,61.5,401.0,12320,43.34,43.34,43.0,detected,0
43.0,43.0,215,105,person,0.3954,111,289,58,133,140.0,355.5,7714,2.06,1.03,22.6,detected,0
43.0,43.0,215,121,person,0.8535,606,179,65,156,638.5,257.0,10140,113.5,113.5,17.6,detected,0
43.0,43.0,215,122,person,0.8094,1755,140,57,177,1783.5,228.5,10089,1.8,1.8,17.2,detected,0
43.0,43.0,215,133,person,0.4196,1252,0,39,46,1271.5,23.0,1794,27.29,27.29,12.2,detected,0
43.0,43.0,215,154,person,0.2036,-24,368,54,158,3.0,447.0,8532,130.98,130.98,10.2,predicted,1
43.0,43.0,215,157,person,0.9065,19,422,100,213,69.0,528.5,21300,149.34,149.34,9.8,detected,0
43.0,43.0,215,162,person,0.6984,839,47,51,147,864.5,120.5,7497,47.88,47.88,9.4,detected,0
43.0,43.0,215,167,person,0.9163,341,342,77,204,379.5,444.0,15708,49.14,49.14,7.8,detected,0
43.0,43.0,215,176,person,0.9316,1694,350,105,242,1746.5,471.0,25410,49.18,49.18,6.4,detected,0
43.0,43.0,215,187,person,0.5303,1303,0,27,47,1316.5,23.5,1269,25.35,25.35,3.0,detected,0
43.0,43.0,215,188,person,0.7107,1028,2,47,97,1051.5,50.5,4559,0.0,0.0,2.8,detected,0
43.0,43.0,215,189,person,0.2015,1105,0,42,73,1126.0,36.5,3066,28.32,28.32,2.8,detected,0
43.0,43.0,215,199,person,0.9287,1326,910,139,170,1395.5,995.0,23630,0.0,0.0,0.8,detected,0
43.0,43.0,215,200,person,0.9136,1481,925,123,155,1542.5,1002.5,19065,0.0,0.0,0.8,detected,0
43.0,43.0,215,201,person,0.3958,1805,394,65,224,1837.5,506.0,14560,0.0,0.0,0.8,detected,0
43.0,43.0,215,202,person,0.812,10,387,76,213,48.0,493.5,16188,0.0,0.0,0.6,detected,0
44.0,44.0,220,17,person,0.4459,14,279,76,156,52.0,357.0,11856,45.01,45.01,44.0,detected,0
44.0,44.0,220,105,person,0.4656,112,288,57,128,140.5,352.0,7296,3.54,3.54,23.6,detected,0
44.0,44.0,220,121,person,0.729,703,146,61,118,733.5,205.0,7198,108.3,108.3,18.6,detected,0
44.0,44.0,220,122,person,0.7578,1755,144,53,173,1781.5,230.5,9169,2.83,2.83,18.2,detected,0
44.0,44.0,220,133,person,0.3015,1270,0,26,35,1283.0,17.5,910,12.75,12.75,13.2,detected,0
44.0,44.0,220,157,person,0.9172,119,395,93,208,165.5,499.0,19344,100.91,100.91,10.8,detected,0
44.0,44.0,220,162,person,0.8276,784,60,56,150,812.0,135.0,8400,54.47,54.47,10.4,detected,0
44.0,44.0,220,167,person,0.9014,381,320,64,190,413.0,415.0,12160,44.31,44.31,8.8,detected,0
44.0,44.0,220,176,person,0.9281,1712,314,101,237,1762.5,432.5,23937,41.69,41.69,7.4,detected,0
44.0,44.0,220,187,person,0.3552,1319,0,23,34,1330.5,17.0,782,15.44,15.44,4.0,detected,0
44.0,44.0,220,188,person,0.8076,993,7,47,111,1016.5,62.5,5217,37.0,37.0,3.8,detected,0
44.0,44.0,220,189,person,0.8084,1075,0,50,91,1100.0,45.5,4550,27.51,27.51,3.8,detected,0
44.0,44.0,220,199,person,0.8802,1369,816,129,209,1433.5,920.5,26961,83.63,83.63,1.8,detected,0
44.0,44.0,220,200,person,0.8895,1535,826,114,221,1592.0,936.5,25194,82.5,82.5,1.8,detected,0
44.0,44.0,220,201,person,0.8888,1786,451,73,229,1822.5,565.5,16717,61.36,61.36,1.8,detected,0
44.0,44.0,220,203,person,0.2963,1886,867,33,211,1902.5,972.5,6963,0.0,0.0,1.6,predicted,1
44.0,44.0,220,205,person,0.3346,1751,0,46,38,1774.0,19.0,1748,0.0,0.0,0.8,detected,0
44.0,44.0,220,206,person,0.5908,1832,200,56,142,1860.0,271.0,7952,0.0,0.0,0.6,detected,0
44.0,44.0,220,208,person,0.8908,1356,976,133,104,1422.5,1028.0,13832,0.0,0.0,0.4,detected,0
44.0,44.0,220,211,person,0.838,1522,980,127,100,1585.5,1030.0,12700,0.0,0.0,0.0,detected,0
45.0,45.0,225,17,person,0.4713,15,279,75,156,52.5,357.0,11700,0.5,0.5,45.0,detected,0
45.0,45.0,225,105,person,0.5497,112,287,60,131,142.0,352.5,7860,1.58,1.58,24.6,detected,0
45.0,45.0,225,121,person,0.8861,780,112,61,142,810.5,183.0,8662,80.08,80.08,19.6,detected,0
45.0,45.0,225,133,person,0.2269,1284,0,20,24,1294.0,12.0,480,12.3,12.3,14.2,detected,0
45.0,45.0,225,157,person,0.8989,213,351,88,198,257.0,450.0,17424,103.79,103.79,11.8,detected,0
45.0,45.0,225,162,person,0.8505,722,74,57,156,750.5,152.0,8892,63.81,63.81,11.4,detected,0
45.0,45.0,225,167,person,0.9161,388,320,63,187,419.5,413.5,11781,6.67,6.67,9.8,detected,0
45.0,45.0,225,176,person,0.8886,1755,287,89,226,1799.5,400.0,20114,49.25,49.25,8.4,detected,0
45.0,45.0,225,187,person,0.1506,1332,0,22,22,1343.0,11.0,484,13.87,13.87,5.0,detected,0
45.0,45.0,225,188,person,0.8058,947,25,50,115,972.0,82.5,5750,48.79,48.79,4.8,detected,0
45.0,45.0,225,189,person,0.84,1041,0,50,111,1066.0,55.5,5550,35.44,35.44,4.8,detected,0
45.0,45.0,225,199,person,0.3951,1422,771,121,214,1482.5,878.0,25894,64.86,64.86,2.8,detected,0
45.0,45.0,225,200,person,0.8912,1565,740,109,193,1619.5,836.5,21037,103.71,103.71,2.8,detected,0
45.0,45.0,225,201,person,0.7852,1774,519,78,218,1813.0,628.0,17004,63.22,63.22,2.8,detected,0
45.0,45.0,225,203,person,0.2007,1886,865,34,211,1903.0,970.5,7174,2.06,2.06,2.6,detected,0
45.0,45.0,225,205,person,0.2781,1739,10,41,39,1759.5,29.5,1599,17.9,17.9,1.8,detected,0
45.0,45.0,225,206,person,0.6374,1822,224,63,119,1853.5,283.5,7497,14.09,14.09,1.6,detected,0
45.0,45.0,225,208,person,0.469,1416,767,123,262,1477.5,898.0,32226,141.16,141.16,1.4,detected,0
45.0,45.0,225,211,person,0.8567,1548,881,117,199,1606.5,980.5,23283,53.77,53.77,1.0,detected,0
45.0,45.0,225,212,person,0.7898,1753,182,67,150,1786.5,257.0,10050,0.0,0.0,0.8,detected,0
45.0,45.0,225,217,person,0.8513,0,615,71,254,35.5,742.0,18034,0.0,0.0,0.0,detected,0
46.0,46.0,230,17,person,0.4774,15,280,75,155,52.5,357.5,11625,0.5,0.5,46.0,detected,0
46.0,46.0,230,105,person,0.5074,112,287,59,131,141.5,352.5,7729,0.5,0.5,25.6,detected,0
46.0,46.0,230,121,person,0.88,853,82,61,156,883.5,160.0,9516,76.54,76.54,20.6,detected,0
46.0,46.0,230,122,person,0.7796,1756,144,52,172,1782.0,230.0,8944,0.71,0.35,20.2,detected,0
46.0,46.0,230,157,person,0.9077,297,311,78,190,336.0,406.0,14820,90.43,90.43,12.8,detected,0
46.0,46.0,230,162,person,0.8317,672,91,49,159,696.5,170.5,7791,57.08,57.08,12.4,detected,0
46.0,46.0,230,167,person,0.9139,386,325,71,183,421.5,416.5,12993,3.61,3.61,10.8,detected,0
46.0,46.0,230,176,person,0.3406,1804,260,68,148,1838.0,334.0,10064,76.41,76.41,9.4,detected,0
46.0,46.0,230,188,person,0.8317,901,42,51,120,926.5,102.0,6120,49.5,49.5,5.8,detected,0
46.0,46.0,230,189,person,0.8477,1001,10,50,120,1026.0,70.0,6000,42.55,42.55,5.8,detected,0
46.0,46.0,230,199,person,0.8682,1471,654,108,166,1525.0,737.0,17928,147.27,147.27,3.8,detected,0
46.0,46.0,230,200,person,0.8925,1585,664,104,170,1637.0,749.0,17680,89.23,89.23,3.8,detected,0
46.0,46.0,230,203,person,0.176,1886,865,33,205,1902.5,967.5,6765,3.04,3.04,3.6,detected,0
46.0,46.0,230,205,person,0.6905,1703,27,43,114,1724.5,84.0,4902,64.77,64.77,2.8,detected,0
46.0,46.0,230,206,person,0.2488,1808,250,61,85,1838.5,292.5,5185,17.49,17.49,2.6,detected,0
46.0,46.0,230,208,person,0.9143,1448,770,126,283,1511.0,911.5,35658,36.12,36.12,2.4,detected,0
46.0,46.0,230,211,person,0.9009,1584,795,116,265,1642.0,927.5,30740,63.79,63.79,2.0,detected,0
46.0,46.0,230,212,person,0.8937,1694,215,75,187,1731.5,308.5,14025,75.35,75.35,1.8,detected,0
46.0,46.0,230,217,person,0.8979,51,542,93,254,97.5,669.0,23622,95.78,95.78,1.0,detected,0
46.0,46.0,230,219,person,0.7609,1779,592,70,140,1814.0,662.0,9800,0.0,0.0,0.6,detected,0
46.0,46.0,230,222,person,0.8973,12,539,102,261,63.0,669.5,26622,0.0,0.0,0.0,detected,0
47.0,47.0,235,17,person,0.5398,12,276,78,159,51.0,355.5,12402,2.5,2.5,47.0,detected,0
47.0,47.0,235,105,person,0.6118,112,287,59,132,141.5,353.0,7788,0.5,0.5,26.6,detected,0
47.0,47.0,235,121,person,0.8154,924,58,60,145,954.0,130.5,8700,76.42,76.42,21.6,detected,0
47.0,47.0,235,122,person,0.7977,1754,141,53,177,1780.5,229.5,9381,1.58,1.58,21.2,detected,0
47.0,47.0,235,157,person,0.4533,378,275,75,117,415.5,333.5,8775,107.59,107.59,13.8,detected,0
47.0,47.0,235,162,person,0.6815,616,122,55,156,643.5,200.0,8580,60.66,60.66,13.4,detected,0
47.0,47.0,235,167,person,0.8468,386,328,79,181,425.5,418.5,14299,4.47,4.47,11.8,detected,0
47.0,47.0,235,176,person,0.7615,1774,270,80,176,1814.0,358.0,14080,33.94,33.94,10.4,detected,0
47.0,47.0,235,188,person,0.8352,852,63,49,119,876.5,122.5,5831,54.04,54.04,6.8,detected,0
47.0,47.0,235,199,person,0.8808,1521,591,105,262,1573.5,722.0,27510,50.77,50.77,4.8,detected,0
47.0,47.0,235,200,person,0.8523,1615,601,97,213,1663.5,707.5,20661,49.24,49.24,4.8,detected,0
47.0,47.0,235,208,person,0.865,1477,689,102,265,1528.0,821.5,27030,91.59,91.59,3.4,detected,0
47.0,47.0,235,211,person,0.8549,1631,699,108,265,1685.0,831.5,28620,105.19,105.19,3.0,detected,0
47.0,47.0,235,212,person,0.9184,1650,248,78,196,1689.0,346.0,15288,56.68,56.68,2.8,detected,0
47.0,47.0,235,217,person,0.8896,196,487,89,240,240.5,607.0,21360,155.86,155.86,2.0,detected,0
47.0,47.0,235,220,person,0.8124,1677,45,62,145,1708.0,117.5,8990,0.0,0.0,1.6,detected,0
47.0,47.0,235,222,person,0.8957,76,476,96,245,124.0,598.5,23520,93.61,93.61,1.0,detected,0
47.0,47.0,235,229,person,0.7741,0,488,86,204,43.0,590.0,17544,0.0,0.0,0.4,detected,0
48.0,48.0,240,17,person,0.3059,12,277,78,157,51.0,355.5,12246,0.0,0.0,48.0,detected,0
48.0,48.0,240,105,person,0.315,112,287,59,131,141.5,352.5,7729,0.5,0.5,27.6,detected,0
48.0,48.0,240,121,person,0.7927,990,38,54,137,1017.0,106.5,7398,67.42,67.42,22.6,detected,0
48.0,48.0,240,122,person,0.7381,1754,138,54,179,1781.0,227.5,9666,2.06,2.06,22.2,detected,0
48.0,48.0,240,157,person,0.8752,455,242,77,174,493.5,329.0,13398,78.13,78.13,14.8,detected,0
48.0,48.0,240,162,person,0.5362,549,136,55,170,576.5,221.0,9350,70.21,70.21,14.4,detected,0
48.0,48.0,240,167,person,0.8355,385,336,78,173,424.0,422.5,13494,4.27,4.27,12.8,detected,0
48.0,48.0,240,176,person,0.8361,1746,304,85,176,1788.5,392.0,14960,42.5,42.5,11.4,detected,0
48.0,48.0,240,188,person,0.8038,801,86,54,125,828.0,148.5,6750,55.03,55.03,7.8,detected,0
48.0,48.0,240,189,person,0.6866,920,51,49,123,944.5,112.5,6027,91.92,45.96,7.8,detected,0
48.0,48.0,240,199,person,0.6362,1564,535,96,196,1612.0,633.0,18816,96.97,96.97,5.8,detected,0
48.0,48.0,240,200,person,0.878,1646,545,91,215,1691.5,652.5,19565,61.72,61.72,5.8,detected,0
48.0,48.0,240,201,person,0.9302,1543,701,129,308,1607.5,855.0,39732,306.2,102.07,5.8,detected,0
48.0,48.0,240,208,person,0.7018,1535,656,123,226,1596.5,769.0,27798,86.3,86.3,4.4,detected,0
48.0,48.0,240,211,person,0.8667,1689,623,103,250,1740.5,748.0,25750,100.26,100.26,4.0,detected,0
48.0,48.0,240,212,person,0.8925,1609,281,80,207,1649.0,384.5,16560,55.52,55.52,3.8,detected,0
48.0,48.0,240,217,person,0.9054,307,434,80,224,347.0,546.0,17920,122.73,122.73,3.0,detected,0
48.0,48.0,240,220,person,0.8107,1662,64,63,151,1693.5,139.5,9513,26.35,26.35,2.6,detected,0
48.0,48.0,240,222,person,0.8892,176,424,79,233,215.5,540.5,18407,108.33,108.33,2.0,detected,0
48.0,48.0,240,229,person,0.8859,0,397,74,217,37.0,505.5,16058,84.71,84.71,1.4,detected,0
48.0,48.0,240,231,person,0.8732,90,427,94,204,137.0,529.0,19176,0.0,0.0,0.4,detected,0
49.0,49.0,245,17,person,0.2278,15,281,72,157,51.0,359.5,11304,4.0,4.0,49.0,detected,0
49.0,49.0,245,105,person,0.2328,112,287,60,132,142.0,353.0,7920,0.71,0.71,28.6,detected,0
49.0,49.0,245,121,person,0.797,1039,12,52,136,1065.0,80.0,7072,54.83,54.83,23.6,detected,0
49.0,49.0,245,122,person,0.7,1747,136,60,175,1777.0,223.5,10500,5.66,5.66,23.2,detected,0
49.0,49.0,245,157,person,0.5706,528,208,75,171,565.5,293.5,12825,80.28,80.28,15.8,detected,0
49.0,49.0,245,162,person,0.7811,477,158,62,160,508.0,238.0,9920,70.58,70.58,15.4,detected,0
49.0,49.0,245,167,person,0.7599,381,331,72,160,417.0,411.0,11520,13.46,13.46,13.8,detected,0
49.0,49.0,245,176,person,0.7965,1708,334,87,179,1751.5,423.5,15573,48.59,48.59,12.4,detected,0
49.0,49.0,245,188,person,0.8048,741,107,55,124,768.5,169.0,6820,62.93,62.93,8.8,detected,0
49.0,49.0,245,189,person,0.6789,861,71,53,128,887.5,135.0,6784,61.28,61.28,8.8,detected,0
49.0,49.0,245,199,person,0.7114,1585,483,97,162,1633.5,564.0,15714,72.27,72.27,6.8,detected,0
49.0,49.0,245,200,person,0.8755,1682,494,91,226,1727.5,607.0,20566,58.02,58.02,6.8,detected,0
49.0,49.0,245,201,person,0.9186,1331,748,144,323,1403.0,909.5,46512,211.64,211.64,6.8,detected,0
49.0,49.0,245,208,person,0.8799,1585,566,91,234,1630.5,683.0,21294,92.48,92.48,5.4,detected,0
49.0,49.0,245,211,person,0.8929,1742,563,90,239,1787.0,682.5,21510,80.33,80.33,5.0,detected,0
49.0,49.0,245,212,person,0.838,1568,325,83,209,1609.5,429.5,17347,59.88,59.88,4.8,detected,0
49.0,49.0,245,217,person,0.8378,396,384,75,217,433.5,492.5,16275,101.71,101.71,4.0,detected,0
49.0,49.0,245,220,person,0.7855,1655,84,60,156,1685.0,162.0,9360,24.05,24.05,3.6,detected,0
49.0,49.0,245,222,person,0.8659,280,379,74,225,317.0,491.5,16650,112.71,112.71,3.0,detected,0
49.0,49.0,245,229,person,0.7997,76,351,85,207,118.5,454.5,17595,96.14,96.14,2.4,detected,0
49.0,49.0,245,231,person,0.7879,183,370,91,200,228.5,470.0,18200,108.87,108.87,1.4,detected,0
49.0,49.0,245,232,person,0.2851,516,219,73,170,552.5,304.0,12410,0.0,0.0,0.6,detected,0
49.0,49.0,245,233,person,0.2767,1849,135,45,160,1871.5,215.0,7200,0.0,0.0,0.0,detected,0
50.0,50.0,250,17,person,0.2951,14,279,74,158,51.0,358.0,11692,1.5,1.5,50.0,detected,0
50.0,50.0,250,105,person,0.1937,112,287,58,130,141.0,352.0,7540,1.41,1.41,29.6,detected,0
50.0,50.0,250,121,person,0.7925,1080,0,49,121,1104.5,60.5,5929,44.05,44.05,24.6,detected,0
50.0,50.0,250,122,person,0.4137,1758,135,67,170,1791.5,220.0,11390,14.92,14.92,24.2,detected,0
50.0,50.0,250,157,person,0.7875,600,187,67,135,633.5,254.5,9045,78.39,78.39,16.8,detected,0
50.0,50.0,250,162,person,0.7251,401,186,73,171,437.5,271.5,12483,78.05,78.05,16.4,detected,0
50.0,50.0,250,176,person,0.6798,1649,366,89,129,1693.5,430.5,11481,58.42,58.42,13.4,detected,0
50.0,50.0,250,188,person,0.8298,675,130,54,136,702.0,198.0,7344,72.55,72.55,9.8,detected,0
50.0,50.0,250,189,person,0.6328,794,91,56,131,822.0,156.5,7336,68.94,68.94,9.8,detected,0
50.0,50.0,250,199,person,0.8845,1639,437,87,210,1682.5,542.0,18270,53.71,53.71,7.8,detected,0
50.0,50.0,250,200,person,0.8183,1746,468,83,201,1787.5,568.5,16683,71.29,71.29,7.8,detected,0
50.0,50.0,250,201,person,0.7623,1135,770,130,310,1200.0,925.0,40300,203.59,203.59,7.8,detected,0
50.0,50.0,250,208,person,0.8781,1598,516,86,220,1641.0,626.0,18920,57.96,57.96,6.4,detected,0
50.0,50.0,250,211,person,0.7638,1784,511,74,212,1821.0,617.0,15688,73.8,73.8,6.0,detected,0
50.0,50.0,250,212,person,0.8618,1531,372,91,222,1576.5,483.0,20202,62.86,62.86,5.8,detected,0
50.0,50.0,250,217,person,0.905,488,341,68,206,522.0,444.0,14008,100.92,100.92,5.0,detected,0
50.0,50.0,250,220,person,0.7225,1645,107,60,162,1675.0,188.0,9720,27.86,27.86,4.6,detected,0
50.0,50.0,250,222,person,0.8553,378,341,76,213,416.0,447.5,16188,108.34,108.34,4.0,detected,0
50.0,50.0,250,229,person,0.8011,163,313,76,198,201.0,412.0,15048,92.8,92.8,3.4,detected,0
50.0,50.0,250,231,person,0.8822,265,336,88,184,309.0,428.0,16192,90.8,90.8,2.4,detected,0
50.0,50.0,250,233,person,0.6298,1804,161,60,170,1834.0,246.0,10200,48.65,48.65,1.0,detected,0
51.0,51.0,255,17,person,0.2502,15,281,74,155,52.0,358.5,11470,1.12,1.12,51.0,detected,0
51.0,51.0,255,105,person,0.2727,112,287,59,132,141.5,353.0,7788,1.12,1.12,30.6,detected,0
51.0,51.0,255,121,person,0.6805,1120,0,50,96,1145.0,48.0,4800,42.39,42.39,25.6,detected,0
51.0,51.0,255,122,person,0.6934,1753,190,63,182,1784.5,281.0,11466,61.4,61.4,25.2,detected,0
51.0,51.0,255,157,person,0.7818,667,163,65,118,699.5,222.0,7670,73.57,73.57,17.8,detected,0
51.0,51.0,255,162,person,0.1611,316,209,70,188,351.0,303.0,13160,92.06,92.06,17.4,detected,0
51.0,51.0,255,167,person,0.8252,389,322,66,190,422.0,417.0,12540,7.81,3.91,15.8,detected,0
51.0,51.0,255,176,person,0.8714,1600,404,86,183,1643.0,495.5,15738,82.31,82.31,14.4,detected,0
51.0,51.0,255,188,person,0.6734,606,155,57,131,634.5,220.5,7467,71.15,71.15,10.8,detected,0
51.0,51.0,255,189,person,0.6051,724,112,53,137,750.5,180.5,7261,75.42,75.42,10.8,detected,0
51.0,51.0,255,199,person,0.8512,1699,399,78,209,1738.0,503.5,16302,67.55,67.55,8.8,detected,0
51.0,51.0,255,200,person,0.7214,1774,410,81,190,1814.5,505.0,15390,69.0,69.0,8.8,detected,0
51.0,51.0,255,201,person,0.6278,911,807,131,273,976.5,943.5,35763,224.26,224.26,8.8,detected,0
51.0,51.0,255,208,person,0.8486,1653,473,75,212,1690.5,579.0,15900,68.26,68.26,7.4,detected,0
51.0,51.0,255,211,person,0.2975,1820,471,42,153,1841.0,547.5,6426,72.32,72.32,7.0,detected,0
51.0,51.0,255,212,person,0.9211,1511,428,96,237,1559.0,546.5,22752,65.87,65.87,6.8,detected,0
51.0,51.0,255,217,person,0.8729,585,302,67,199,618.5,401.5,13333,105.44,105.44,6.0,detected,0
51.0,51.0,255,220,person,0.7353,1644,133,69,164,1678.5,215.0,11316,27.23,27.23,5.6,detected,0
51.0,51.0,255,222,person,0.8431,473,305,67,202,506.5,406.0,13534,99.56,99.56,5.0,detected,0
51.0,51.0,255,229,person,0.5548,263,289,65,181,295.5,379.5,11765,99.93,99.93,4.4,detected,0
51.0,51.0,255,231,person,0.5169,340,308,65,167,372.5,391.5,10855,73.24,73.24,3.4,detected,0
51.0,51.0,255,233,person,0.5792,1817,203,65,141,1849.5,273.5,9165,31.57,31.57,2.0,detected,0
51.0,51.0,255,235,person,0.8535,66,398,101,235,116.5,515.5,23735,0.0,0.0,0.8,detected,0
51.0,51.0,255,236,person,0.1507,107,811,169,201,191.5,911.5,33969,0.0,0.0,0.6,detected,0
51.0,51.0,255,238,person,0.1591,1329,0,26,46,1342.0,23.0,1196,0.0,0.0,0.2,detected,0
52.0,52.0,260,17,person,0.2176,14,281,75,155,51.5,358.5,11625,0.5,0.5,52.0,detected,0
52.0,52.0,260,105,person,0.2208,111,287,60,131,141.0,352.5,7860,0.71,0.71,31.6,detected,0
52.0,52.0,260,121,person,0.2925,1162,0,45,75,1184.5,37.5,3375,40.87,40.87,26.6,detected,0
52.0,52.0,260,122,person,0.7867,1705,226,64,190,1737.0,321.0,12160,62.1,62.1,26.2,detected,0
52.0,52.0,260,157,person,0.7517,730,141,62,112,761.0,197.0,6944,66.39,66.39,18.8,detected,0
52.0,52.0,260,162,person,0.1676,225,242,76,163,263.0,323.5,12388,90.36,90.36,18.4,detected,0
52.0,52.0,260,167,person,0.4383,412,287,69,148,446.5,361.0,10212,61.12,61.12,16.8,detected,0
52.0,52.0,260,176,person,0.4432,1579,438,72,201,1615.0,538.5,14472,51.31,51.31,15.4,detected,0
52.0,52.0,260,188,person,0.7638,532,186,58,145,561.0,258.5,8410,82.74,82.74,11.8,detected,0
52.0,52.0,260,189,person,0.5675,641,141,62,138,672.0,210.0,8556,83.86,83.86,11.8,detected,0
52.0,52.0,260,199,person,0.847,1733,360,78,208,1772.0,464.0,16224,52.12,52.12,9.8,detected,0
52.0,52.0,260,200,person,0.7145,1781,244,72,173,1817.0,330.5,12456,174.52,174.52,9.8,detected,0
52.0,52.0,260,201,person,0.8677,680,843,105,237,732.5,961.5,24885,244.66,244.66,9.8,detected,0
52.0,52.0,260,208,person,0.8561,1699,435,65,205,1731.5,537.5,13325,58.34,58.34,8.4,detected,0
52.0,52.0,260,211,person,0.2821,1802,365,68,205,1836.0,467.5,13940,80.16,80.16,8.0,detected,0
52.0,52.0,260,212,person,0.9253,1506,489,104,244,1558.0,611.0,25376,64.51,64.51,7.8,detected,0
52.0,52.0,260,217,person,0.7495,668,266,63,193,699.5,362.5,12159,89.9,89.9,7.0,detected,0
52.0,52.0,260,220,person,0.5508,1658,161,73,172,1694.5,247.0,12556,35.78,35.78,6.6,detected,0
52.0,52.0,260,222,person,0.8487,571,272,78,197,610.0,370.5,15366,109.42,109.42,6.0,detected,0
52.0,52.0,260,229,person,0.5839,359,250,62,182,390.0,341.0,11284,102.04,102.04,5.4,detected,0
52.0,52.0,260,231,person,0.8856,421,302,77,188,459.5,396.0,14476,87.12,87.12,4.4,detected,0
52.0,52.0,260,233,person,0.5577,1806,213,61,151,1836.5,288.5,9211,19.85,19.85,3.0,detected,0
52.0,52.0,260,235,person,0.714,204,327,88,219,248.0,436.5,19272,153.41,153.41,1.8,detected,0
52.0,52.0,260,241,person,0.2304,1787,131,54,145,1814.0,203.5,7830,0.0,0.0,0.6,detected,0
52.0,52.0,260,243,person,0.6352,313,669,154,252,390.0,795.0,38808,0.0,0.0,0.2,detected,0
52.0,52.0,260,245,person,0.7366,0,490,45,178,22.5,579.0,8010,0.0,0.0,0.0,detected,0
53.0,53.0,265,17,person,0.3217,14,280,78,157,53.0,358.5,12246,1.5,1.5,53.0,detected,0
53.0,53.0,265,121,person,0.526,1196,-1,48,72,1220.0,35.0,3456,35.59,35.59,27.6,detected,0
53.0,53.0,265,122,person,0.7709,1657,264,67,201,1690.5,364.5,13467,63.67,63.67,27.2,detected,0
53.0,53.0,265,157,person,0.7001,794,122,63,139,825.5,191.5,8757,64.73,64.73,19.8,detected,0
53.0,53.0,265,162,person,0.6551,137,275,81,204,177.5,377.0,16524,100.86,100.86,19.4,detected,0
53.0,53.0,265,167,person,0.8266,466,272,73,179,502.5,361.5,13067,56.0,56.0,17.8,detected,0
53.0,53.0,265,176,person,0.283,1504,477,114,165,1561.0,559.5,18810,57.94,57.94,16.4,detected,0
53.0,53.0,265,188,person,0.4258,493,238,61,154,523.5,315.0,9394,67.81,67.81,12.8,detected,0
53.0,53.0,265,189,person,0.4944,562,169,62,143,593.0,240.5,8866,84.68,84.68,12.8,detected,0
53.0,53.0,265,199,person,0.5007,1760,330,77,205,1798.5,432.5,15785,41.16,41.16,10.8,detected,0
53.0,53.0,265,200,person,0.6829,1721,268,75,157,1758.5,346.5,11775,60.65,60.65,10.8,detected,0
53.0,53.0,265,201,person,0.8666,453,873,82,205,494.0,975.5,16810,238.91,238.91,10.8,detected,0
53.0,53.0,265,208,person,0.3333,1728,397,67,200,1761.5,497.0,13400,50.4,50.4,9.4,detected,0
53.0,53.0,265,212,person,0.9219,1502,556,114,266,1559.0,689.0,30324,78.01,78.01,8.8,detected,0
53.0,53.0,265,217,person,0.7978,739,235,63,184,770.5,327.0,11592,79.38,79.38,8.0,detected,0
53.0,53.0,265,220,person,0.5453,1658,192,74,118,1695.0,251.0,8732,4.03,4.03,7.6,detected,0
53.0,53.0,265,222,person,0.7791,664,245,63,193,695.5,341.5,12159,90.28,90.28,7.0,detected,0
53.0,53.0,265,229,person,0.3108,442,222,57,124,470.5,284.0,7068,98.64,98.64,6.4,detected,0
53.0,53.0,265,233,person,0.6685,1790,225,56,116,1818.0,283.0,6496,19.3,19.3,4.0,detected,0
53.0,53.0,265,235,person,0.6947,306,274,79,205,345.5,376.5,16195,114.48,114.48,2.8,detected,0
53.0,53.0,265,241,person,0.2909,1786,128,52,153,1812.0,204.5,7956,2.24,2.24,1.6,detected,0
53.0,53.0,265,243,person,0.7662,490,552,140,250,560.0,677.0,35000,206.94,206.94,1.2,detected,0
53.0,53.0,265,245,person,0.8787,48,424,91,206,93.5,527.0,18746,88.01,88.01,1.0,detected,0
53.0,53.0,265,249,person,0.5115,1272,1,52,80,1298.0,41.0,4160,0.0,0.0,0.6,detected,0
53.0,53.0,265,250,person,0.5327,1509,476,114,141,1566.0,546.5,16074,0.0,0.0,0.4,detected,0
54.0,54.0,270,105,person,0.1687,110,286,58,127,139.0,349.5,7366,3.61,1.8,33.6,predicted,1
54.0,54.0,270,121,person,0.4861,1151,0,58,93,1180.0,46.5,5394,41.62,41.62,28.6,detected,0
54.0,54.0,270,122,person,0.7845,1611,311,70,206,1646.0,414.0,14420,66.56,66.56,28.2,detected,0
54.0,54.0,270,157,person,0.8066,851,103,55,145,878.5,175.5,7975,55.36,55.36,20.8,detected,0
54.0,54.0,270,162,person,0.5938,49,308,89,209,93.5,412.5,18601,91.19,91.19,20.4,detected,0
54.0,54.0,270,167,person,0.1615,519,188,59,122,548.5,249.0,7198,121.54,121.54,18.8,detected,0
54.0,54.0,270,188,person,0.1743,566,215,61,141,596.5,285.5,8601,78.74,78.74,13.8,detected,0
54.0,54.0,270,189,person,0.3751,473,194,52,139,499.0,263.5,7228,96.77,96.77,13.8,detected,0
54.0,54.0,270,199,person,0.1897,1784,299,63,152,1815.5,375.0,9576,59.96,59.96,11.8,detected,0
54.0,54.0,270,200,person,0.8471,1674,314,83,194,1715.5,411.0,16102,77.52,77.52,11.8,detected,0
54.0,54.0,270,201,person,0.857,198,913,84,167,240.0,996.5,14028,254.87,254.87,11.8,detected,0
54.0,54.0,270,208,person,0.7459,1758,369,74,196,1795.0,467.0,14504,44.97,44.97,10.4,detected,0
54.0,54.0,270,212,person,0.9276,1481,635,117,282,1539.5,776.0,32994,89.16,89.16,9.8,detected,0
54.0,54.0,270,217,person,0.8396,803,207,59,175,832.5,294.5,10325,70.0,70.0,9.0,detected,0
54.0,54.0,270,220,person,0.5512,1640,220,78,153,1679.0,296.5,11934,48.23,48.23,8.6,detected,0
54.0,54.0,270,222,person,0.6403,729,216,64,183,761.0,307.5,11712,73.8,73.8,8.0,detected,0
54.0,54.0,270,229,person,0.8177,357,244,65,166,389.5,327.0,10790,91.71,91.71,7.4,detected,0
54.0,54.0,270,231,person,0.7695,506,265,68,186,540.0,358.0,12648,89.02,44.51,6.4,detected,0
54.0,54.0,270,233,person,0.4992,1739,264,60,155,1769.0,341.5,9300,76.31,76.31,5.0,detected,0
54.0,54.0,270,235,person,0.7738,410,229,76,188,448.0,323.0,14288,115.62,115.62,3.8,detected,0
54.0,54.0,270,241,person,0.3361,1785,127,52,167,1811.0,210.5,8684,6.08,6.08,2.6,detected,0
54.0,54.0,270,243,person,0.8383,636,459,126,232,699.0,575.0,29232,172.41,172.41,2.2,detected,0
54.0,54.0,270,245,person,0.8608,153,375,84,194,195.0,472.0,16296,115.44,115.44,2.0,detected,0
54.0,54.0,270,249,person,0.7197,1239,1,59,96,1268.5,49.0,5664,30.57,30.57,1.6,detected,0
54.0,54.0,270,250,person,0.7065,1486,525,117,150,1544.5,600.0,17550,57.66,57.66,1.4,detected,0
54.0,54.0,270,251,person,0.1905,1889,866,30,174,1904.0,953.0,5220,0.0,0.0,0.4,detected,0
55.0,55.0,275,105,person,0.179,111,287,60,131,141.0,352.5,7860,3.61,3.61,34.6,detected,0
55.0,55.0,275,121,person,0.4509,1087,0,50,112,1112.0,56.0,5600,68.66,68.66,29.6,detected,0
55.0,55.0,275,122,person,0.7408,1560,358,72,218,1596.0,467.0,15696,72.86,72.86,29.2,detected,0
55.0,55.0,275,157,person,0.6557,903,84,57,142,931.5,155.0,8094,56.83,56.83,21.8,detected,0
55.0,55.0,275,162,person,0.5147,0,352,49,208,24.5,456.0,10192,81.57,81.57,21.4,detected,0
55.0,55.0,275,167,person,0.5015,588,166,59,159,617.5,245.5,9381,69.09,69.09,19.8,detected,0
55.0,55.0,275,176,person,0.8807,1466,572,121,189,1526.5,666.5,22869,112.42,56.21,18.4,detected,0
55.0,55.0,275,188,person,0.3974,646,184,64,105,678.0,236.5,6720,95.1,95.1,14.8,detected,0
55.0,55.0,275,189,person,0.5885,372,225,69,161,406.5,305.5,11109,101.59,101.59,14.8,detected,0
55.0,55.0,275,199,person,0.4327,1780,270,76,222,1818.0,381.0,16872,6.5,6.5,12.8,detected,0
55.0,55.0,275,200,person,0.8584,1645,365,85,206,1687.5,468.0,17510,63.51,63.51,12.8,detected,0
55.0,55.0,275,201,person,0.7605,-53,933,70,150,-18.0,1008.0,10500,258.26,258.26,12.8,predicted,1
55.0,55.0,275,211,person,0.2975,1694,297,61,191,1724.5,392.5,11651,134.38,44.79,11.0,detected,0
55.0,55.0,275,212,person,0.653,1466,860,123,191,1527.5,955.5,23493,179.9,179.9,10.8,detected,0
55.0,55.0,275,217,person,0.7668,875,154,56,155,903.0,231.5,8680,94.55,94.55,10.0,detected,0
55.0,55.0,275,220,person,0.5663,1638,252,80,163,1678.0,333.5,13040,37.01,37.01,9.6,detected,0
55.0,55.0,275,222,person,0.7258,794,189,57,175,822.5,276.5,9975,68.87,68.87,9.0,detected,0
55.0,55.0,275,229,person,0.2428,257,278,65,127,289.5,341.5,8255,101.05,101.05,8.4,detected,0
55.0,55.0,275,231,person,0.8514,524,249,61,175,554.5,336.5,10675,25.93,25.93,7.4,detected,0
55.0,55.0,275,233,person,0.4515,1693,305,61,156,1723.5,383.0,9516,61.58,61.58,6.0,detected,0
55.0,55.0,275,235,person,0.1786,516,194,66,162,549.0,275.0,10692,111.83,111.83,4.8,detected,0
55.0,55.0,275,241,person,0.2853,1786,128,51,172,1811.5,214.0,8772,3.54,3.54,3.6,detected,0
55.0,55.0,275,243,person,0.8277,748,383,122,219,809.0,492.5,26718,137.5,137.5,3.2,detected,0
55.0,55.0,275,245,person,0.7709,250,328,79,185,289.5,420.5,14615,107.62,107.62,3.0,detected,0
55.0,55.0,275,249,person,0.6153,1218,1,58,114,1247.0,58.0,6612,23.31,23.31,2.6,detected,0
55.0,55.0,275,250,person,0.9233,1460,653,123,247,1521.5,776.5,30381,177.99,177.99,2.4,detected,0
55.0,55.0,275,251,person,0.2201,1890,865,29,174,1904.5,952.0,5046,1.12,1.12,1.4,detected,0
55.0,55.0,275,255,person,0.9128,1580,823,125,255,1642.5,950.5,31875,0.0,0.0,0.8,detected,0
55.0,55.0,275,258,person,0.3082,1692,0,48,94,1716.0,47.0,4512,0.0,0.0,0.0,detected,0
56.0,56.0,280,17,person,0.2217,12,278,78,158,51.0,357.0,12324,2.5,0.83,56.0,detected,0
56.0,56.0,280,121,person,0.6389,1021,0,51,134,1046.5,67.0,6834,66.42,66.42,30.6,detected,0
56.0,56.0,280,122,person,0.8601,1520,410,75,234,1557.5,527.0,17550,71.29,71.29,30.2,detected,0
56.0,56.0,280,157,person,0.7342,952,68,56,134,980.0,135.0,7504,52.46,52.46,22.8,detected,0
56.0,56.0,280,167,person,0.4915,658,145,55,146,685.5,218.0,8030,73.35,73.35,20.8,detected,0
56.0,56.0,280,176,person,0.9212,1540,874,121,205,1600.5,976.5,24805,318.71,318.71,19.4,detected,0
56.0,56.0,280,188,person,0.4196,714,160,60,91,744.0,205.5,5460,72.92,72.92,15.8,detected,0
56.0,56.0,280,189,person,0.5459,288,263,56,155,316.0,340.5,8680,97.03,97.03,15.8,detected,0
56.0,56.0,280,199,person,0.3978,1774,243,72,134,1810.0,310.0,9648,71.45,71.45,13.8,detected,0
56.0,56.0,280,200,person,0.8817,1594,425,94,216,1641.0,533.0,20304,79.92,79.92,13.8,detected,0
56.0,56.0,280,208,person,0.1794,1834,241,46,96,1857.0,289.0,4416,188.49,94.24,12.4,detected,0
56.0,56.0,280,212,person,0.9149,1412,828,133,252,1478.5,954.0,33516,49.02,49.02,11.8,detected,0
56.0,56.0,280,217,person,0.7882,916,154,56,168,944.0,238.0,9408,41.51,41.51,11.0,detected,0
56.0,56.0,280,220,person,0.7246,1646,291,90,116,1691.0,349.0,10440,20.23,20.23,10.6,detected,0
56.0,56.0,280,222,person,0.7386,847,163,55,169,874.5,247.5,9295,59.54,59.54,10.0,detected,0
56.0,56.0,280,229,person,0.8299,151,327,79,173,190.5,413.5,13667,122.41,122.41,9.4,detected,0
56.0,56.0,280,231,person,0.8278,528,229,67,172,561.5,315.0,11524,22.61,22.61,8.4,detected,0
56.0,56.0,280,233,person,0.7265,1659,355,62,195,1690.0,452.5,12090,77.15,77.15,7.0,detected,0
56.0,56.0,280,235,person,0.3394,586,163,64,161,618.0,243.5,10304,75.85,75.85,5.8,detected,0
56.0,56.0,280,241,person,0.171,1774,190,60,103,1804.0,241.5,6180,28.5,28.5,4.6,detected,0
56.0,56.0,280,243,person,0.8613,856,314,107,201,909.5,414.5,21507,127.22,127.22,4.2,detected,0
56.0,56.0,280,245,person,0.8449,323,288,74,178,360.0,377.0,13172,82.84,82.84,4.0,detected,0
56.0,56.0,280,249,person,0.8237,1190,12,57,125,1218.5,74.5,7125,32.93,32.93,3.6,detected,0
56.0,56.0,280,250,person,0.9026,1464,640,129,235,1528.5,757.5,30315,20.25,20.25,3.4,detected,0
56.0,56.0,280,251,person,0.2141,1890,865,30,177,1905.0,953.5,5310,1.58,1.58,2.4,detected,0
56.0,56.0,280,255,person,0.878,1594,687,100,251,1644.0,812.5,25100,138.01,138.01,1.8,detected,0
56.0,56.0,280,258,person,0.5188,1662,0,43,109,1683.5,54.5,4687,33.35,33.35,1.0,detected,0
56.0,56.0,280,261,person,0.4113,1787,298,60,178,1817.0,387.0,10680,0.0,0.0,0.2,detected,0
56.0,56.0,280,264,person,0.3193,1093,0,38,73,1112.0,36.5,2774,0.0,0.0,0.2,detected,0
57.0,57.0,285,121,person,0.3422,950,18,51,133,975.5,84.5,6783,73.12,73.12,31.6,detected,0
57.0,57.0,285,122,person,0.8819,1472,473,81,232,1512.5,589.0,18792,76.61,76.61,31.2,detected,0
57.0,57.0,285,157,person,0.6612,1000,51,54,131,1027.0,116.5,7074,50.51,50.51,23.8,detected,0
57.0,57.0,285,167,person,0.4007,722,125,54,133,749.0,191.5,7182,68.81,68.81,21.8,detected,0
57.0,57.0,285,176,person,0.8133,1628,766,116,274,1686.0,903.0,31784,112.75,112.75,20.4,detected,0
57.0,57.0,285,188,person,0.4908,778,136,72,148,814.0,210.0,10656,70.14,70.14,16.8,detected,0
57.0,57.0,285,189,person,0.4288,182,301,75,175,219.5,388.5,13125,107.78,107.78,16.8,detected,0
57.0,57.0,285,199,person,0.2709,1770,224,63,186,1801.5,317.0,11718,11.01,11.01,14.8,detected,0
57.0,57.0,285,200,person,0.9002,1553,492,96,225,1601.0,604.5,21600,81.93,81.93,14.8,detected,0
57.0,57.0,285,208,person,0.1728,1836,221,49,116,1860.5,279.0,5684,10.59,10.59,13.4,detected,0
57.0,57.0,285,211,person,0.5014,1699,247,70,154,1734.0,324.0,10780,69.16,34.58,13.0,detected,0
57.0,57.0,285,212,person,0.9069,1457,941,140,139,1527.0,1010.5,19460,74.46,74.46,12.8,detected,0
57.0,57.0,285,217,person,0.5032,963,135,55,155,990.5,212.5,8525,53.03,53.03,12.0,detected,0
57.0,57.0,285,220,person,0.5928,1679,322,91,209,1724.5,426.5,19019,84.43,84.43,11.6,detected,0
57.0,57.0,285,222,person,0.8031,891,139,53,163,917.5,220.5,8639,50.77,50.77,11.0,detected,0
57.0,57.0,285,229,person,0.8189,37,372,82,185,78.0,464.5,15170,123.52,123.52,10.4,detected,0
57.0,57.0,285,231,person,0.799,571,206,61,169,601.5,290.5,10309,46.91,46.91,9.4,detected,0
57.0,57.0,285,233,person,0.7455,1620,407,68,203,1654.0,508.5,13804,66.57,66.57,8.0,detected,0
57.0,57.0,285,235,person,0.2307,636,133,61,152,666.5,209.0,9272,59.52,59.52,6.8,detected,0
57.0,57.0,285,243,person,0.769,940,258,103,190,991.5,353.0,19570,102.5,102.5,5.2,detected,0
57.0,57.0,285,245,person,0.1672,390,254,73,168,426.5,338.0,12264,77.09,77.09,5.0,detected,0
57.0,57.0,285,249,person,0.7349,1160,32,61,127,1190.5,95.5,7747,35.0,35.0,4.6,detected,0
57.0,57.0,285,250,person,0.913,1434,701,135,253,1501.5,827.5,34155,75.03,75.03,4.4,detected,0
57.0,57.0,285,251,person,0.2369,1890,865,29,176,1904.5,953.0,5104,0.71,0.71,3.4,detected,0
57.0,57.0,285,255,person,0.7592,1630,583,96,208,1678.0,687.0,19968,130.02,130.02,2.8,detected,0
57.0,57.0,285,258,person,0.7502,1634,0,47,130,1657.5,65.0,6110,28.04,28.04,2.0,detected,0
57.0,57.0,285,261,person,0.2613,1789,268,68,155,1823.0,345.5,10540,41.93,41.93,1.2,detected,0
57.0,57.0,285,265,person,0.8819,888,944,123,136,949.5,1012.0,16728,0.0,0.0,0.8,detected,0
58.0,58.0,290,17,person,0.226,13,278,81,157,53.5,356.5,12717,2.55,1.27,58.0,predicted,1
58.0,58.0,290,105,person,0.2603,111,287,60,132,141.0,353.0,7920,0.5,0.17,37.6,detected,0
58.0,58.0,290,121,person,0.1662,885,43,50,134,910.0,110.0,6700,70.29,70.29,32.6,predicted,1
58.0,58.0,290,122,person,0.8948,1427,540,85,266,1469.5,673.0,22610,94.37,94.37,32.2,detected,0
58.0,58.0,290,157,person,0.7244,1044,32,55,131,1071.5,97.5,7205,48.39,48.39,24.8,detected,0
58.0,58.0,290,167,person,0.7622,787,106,51,133,812.5,172.5,6783,66.28,66.28,22.8,detected,0
58.0,58.0,290,176,person,0.9215,1670,651,106,271,1723.0,786.5,28726,122.23,122.23,21.4,detected,0
58.0,58.0,290,188,person,0.6532,841,115,63,142,872.5,186.0,8946,63.23,63.23,17.8,detected,0
58.0,58.0,290,189,person,0.7378,74,343,79,184,113.5,435.0,14536,115.75,115.75,17.8,detected,0
58.0,58.0,290,199,person,0.7084,1748,207,72,177,1784.0,295.5,12744,27.72,27.72,15.8,detected,0
58.0,58.0,290,200,person,0.8767,1513,561,100,248,1563.0,685.0,24800,89.02,89.02,15.8,detected,0
58.0,58.0,290,208,person,0.174,1807,239,73,100,1843.5,289.0,7300,19.72,19.72,14.4,detected,0
58.0,58.0,290,211,person,0.5877,1681,267,81,137,1721.5,335.5,11097,16.99,16.99,14.0,detected,0
58.0,58.0,290,217,person,0.6503,1003,114,53,124,1029.5,176.0,6572,53.42,53.42,13.0,detected,0
58.0,58.0,290,220,person,0.8044,1666,389,95,184,1713.5,481.0,17480,55.6,55.6,12.6,detected,0
58.0,58.0,290,222,person,0.8505,929,113,50,160,954.0,193.0,8000,45.7,45.7,12.0,detected,0
58.0,58.0,290,231,person,0.6727,626,184,63,117,657.5,242.5,7371,73.76,73.76,10.4,detected,0
58.0,58.0,290,233,person,0.6379,1573,472,72,223,1609.0,583.5,16056,87.46,87.46,9.0,detected,0
58.0,58.0,290,235,person,0.5361,690,89,59,155,719.5,166.5,9145,67.94,67.94,7.8,detected,0
58.0,58.0,290,243,person,0.764,1016,208,95,179,1063.5,297.5,17005,90.91,90.91,6.2,detected,0
58.0,58.0,290,245,person,0.8283,455,220,64,161,487.0,300.5,10304,71.18,71.18,6.0,detected,0
58.0,58.0,290,249,person,0.8423,1139,50,64,133,1171.0,116.5,8512,28.66,28.66,5.6,detected,0
58.0,58.0,290,250,person,0.9292,1418,779,147,263,1491.5,910.5,38661,83.6,83.6,5.4,detected,0
58.0,58.0,290,255,person,0.7512,1687,499,96,185,1735.0,591.5,17760,111.22,111.22,3.8,detected,0
58.0,58.0,290,258,person,0.7446,1611,13,47,139,1634.5,82.5,6533,28.9,28.9,3.0,detected,0
58.0,58.0,290,264,person,0.1504,1031,-4,39,63,1050.5,27.5,2457,62.16,31.08,2.2,predicted,1
58.0,58.0,290,265,person,0.8934,826,816,131,262,891.5,947.0,34322,87.11,87.11,1.8,detected,0
58.0,58.0,290,273,person,0.3717,1573,473,72,179,1609.0,562.5,12888,0.0,0.0,0.6,detected,0
59.0,59.0,295,17,person,0.2138,11,277,80,158,51.0,356.0,12640,2.55,2.55,59.0,detected,0
59.0,59.0,295,105,person,0.2195,111,286,60,133,141.0,352.5,7980,0.5,0.5,38.6,detected,0
59.0,59.0,295,121,person,0.251,820,68,52,142,846.0,139.0,7384,70.26,70.26,33.6,detected,0
59.0,59.0,295,122,person,0.9076,1375,618,90,290,1420.0,763.0,26100,102.71,102.71,33.2,detected,0
59.0,59.0,295,157,person,0.6034,1083,19,58,127,1112.0,82.5,7366,43.19,43.19,25.8,detected,0
59.0,59.0,295,167,person,0.5204,841,85,55,140,868.5,155.0,7700,58.67,58.67,23.8,detected,0
59.0,59.0,295,176,person,0.9154,1704,557,108,252,1758.0,683.0,27216,109.26,109.26,22.4,detected,0
59.0,59.0,295,188,person,0.6266,898,93,60,138,928.0,162.0,8280,60.47,60.47,18.8,detected,0
59.0,59.0,295,189,person,0.2631,0,407,38,176,19.0,495.0,6688,111.94,111.94,18.8,detected,0
59.0,59.0,295,199,person,0.603,1717,190,70,165,1752.0,272.5,11550,39.41,39.41,16.8,detected,0
59.0,59.0,295,200,person,0.9072,1455,644,109,256,1509.5,772.0,27904,102.13,102.13,16.8,detected,0
59.0,59.0,295,208,person,0.2164,1768,182,53,144,1794.5,254.0,7632,60.22,60.22,15.4,detected,0
59.0,59.0,295,211,person,0.7849,1673,312,85,170,1715.5,397.0,14450,61.79,61.79,15.0,detected,0
59.0,59.0,295,217,person,0.7537,1033,91,52,151,1059.0,166.5,7852,30.99,30.99,14.0,detected,0
59.0,59.0,295,220,person,0.8993,1628,428,102,247,1679.0,551.5,25194,78.49,78.49,13.6,detected,0
59.0,59.0,295,222,person,0.6913,962,88,53,156,988.5,166.0,8268,43.81,43.81,13.0,detected,0
59.0,59.0,295,231,person,0.5351,685,165,53,113,711.5,221.5,5989,57.94,57.94,11.4,detected,0
59.0,59.0,295,233,person,0.8821,1532,547,78,236,1571.0,665.0,18408,89.92,89.92,10.0,detected,0
59.0,59.0,295,235,person,0.6072,752,60,57,147,780.5,133.5,8379,69.35,69.35,8.8,detected,0
59.0,59.0,295,241,person,0.4942,1798,212,66,149,1831.0,286.5,9834,52.48,17.49,7.6,detected,0
59.0,59.0,295,243,person,0.7462,1098,167,87,168,1141.5,251.0,14616,90.81,90.81,7.2,detected,0
59.0,59.0,295,245,person,0.8178,505,187,63,155,536.5,264.5,9765,61.21,61.21,7.0,detected,0
59.0,59.0,295,249,person,0.7869,1130,72,63,135,1161.5,139.5,8505,24.88,24.88,6.6,detected,0
59.0,59.0,295,250,person,0.9095,1448,867,153,213,1524.5,973.5,32589,71.12,71.12,6.4,detected,0
59.0,59.0,295,251,person,0.1846,1888,865,31,182,1903.5,956.0,5642,3.16,1.58,5.4,detected,0
59.0,59.0,295,255,person,0.7603,1752,430,84,187,1794.0,523.5,15708,90.03,90.03,4.8,detected,0
59.0,59.0,295,258,person,0.7767,1580,31,50,144,1605.0,103.0,7200,35.92,35.92,4.0,detected,0
59.0,59.0,295,264,person,0.3098,990,17,41,109,1010.5,71.5,4469,59.46,59.46,3.2,detected,0
59.0,59.0,295,265,person,0.9155,793,705,115,286,850.5,848.0,32890,107.15,107.15,2.8,detected,0
60.0,60.0,300,17,person,0.2815,10,276,83,160,51.5,356.0,13280,0.5,0.5,60.0,detected,0
60.0,60.0,300,105,person,0.2228,111,286,60,132,141.0,352.0,7920,0.5,0.5,39.6,detected,0
60.0,60.0,300,121,person,0.5802,744,85,63,114,775.5,142.0,7182,70.56,70.56,34.6,detected,0
60.0,60.0,300,122,person,0.8935,1318,712,95,311,1365.5,867.5,29545,117.86,117.86,34.2,detected,0
60.0,60.0,300,157,person,0.3326,1120,6,57,120,1148.5,66.0,6840,40.06,40.06,26.8,detected,0
60.0,60.0,300,167,person,0.4789,900,69,56,136,928.0,137.0,7616,62.16,62.16,24.8,detected,0
60.0,60.0,300,176,person,0.8981,1742,481,92,234,1788.0,598.0,21528,90.14,90.14,23.4,detected,0
60.0,60.0,300,188,person,0.4276,946,74,54,135,973.0,141.5,7290,49.45,49.45,19.8,detected,0
60.0,60.0,300,199,person,0.6925,1674,162,68,162,1708.0,243.0,11016,52.97,52.97,17.8,detected,0
60.0,60.0,300,200,person,0.8836,1409,739,115,286,1466.5,882.0,32890,118.11,118.11,17.8,detected,0
60.0,60.0,300,208,person,0.345,1722,150,45,137,1744.5,218.5,6165,61.32,61.32,16.4,detected,0
60.0,60.0,300,211,person,0.8594,1664,363,86,184,1707.0,455.0,15824,58.62,58.62,16.0,detected,0
60.0,60.0,300,217,person,0.4942,1080,35,43,117,1101.5,93.5,5031,84.47,84.47,15.0,detected,0
60.0,60.0,300,220,person,0.9272,1600,487,108,258,1654.0,616.0,27864,69.18,69.18,14.6,detected,0
60.0,60.0,300,222,person,0.765,1002,72,45,147,1024.5,145.5,6615,41.43,41.43,14.0,detected,0
60.0,60.0,300,231,person,0.4365,744,150,58,95,773.0,197.5,5510,66.02,66.02,12.4,detected,0
60.0,60.0,300,233,person,0.9192,1504,635,87,274,1547.5,772.0,23838,109.55,109.55,11.0,detected,0
60.0,60.0,300,235,person,0.4803,818,34,50,147,843.0,107.5,7350,67.69,67.69,9.8,detected,0
60.0,60.0,300,241,person,0.6955,1770,198,70,158,1805.0,277.0,11060,27.68,27.68,8.6,detected,0
60.0,60.0,300,243,person,0.6962,1170,133,83,148,1211.5,207.0,12284,82.68,82.68,8.2,detected,0
60.0,60.0,300,245,person,0.7018,545,153,59,155,574.5,230.5,9145,50.99,50.99,8.0,detected,0
60.0,60.0,300,249,person,0.6644,1096,83,56,140,1124.0,153.0,7840,39.86,39.86,7.6,detected,0
60.0,60.0,300,250,person,0.9003,1534,972,139,108,1603.5,1026.0,15012,94.85,94.85,7.4,detected,0
60.0,60.0,300,251,person,0.1912,1887,865,33,199,1903.5,964.5,6567,8.5,8.5,6.4,detected,0
60.0,60.0,300,255,person,0.3248,1803,370,74,188,1840.0,464.0,13912,75.21,75.21,5.8,predicted,1
60.0,60.0,300,258,person,0.8384,1549,52,50,148,1574.0,126.0,7400,38.6,38.6,5.0,detected,0
60.0,60.0,300,265,person,0.9208,766,610,107,260,819.5,740.0,27820,112.36,112.36,3.8,detected,0
60.0,60.0,300,274,person,0.4932,1836,200,51,141,1861.5,270.5,7191,0.0,0.0,0.4,detected,0
60.0,60.0,300,276,person,0.7592,1111,97,62,142,1142.0,168.0,8804,0.0,0.0,0.0,detected,0
61.0,61.0,305,17,person,0.2869,9,276,84,160,51.0,356.0,13440,0.5,0.5,61.0,detected,0
61.0,61.0,305,105,person,0.21,111,287,60,131,141.0,352.5,7860,0.5,0.5,40.6,detected,0
61.0,61.0,305,121,person,0.6942,682,113,62,155,713.0,190.5,9610,79.11,79.11,35.6,detected,0
61.0,61.0,305,122,person,0.9034,1230,827,101,253,1280.5,953.5,25553,120.92,120.92,35.2,detected,0
61.0,61.0,305,157,person,0.5384,1158,0,57,113,1186.5,56.5,6441,39.17,39.17,27.8,detected,0
61.0,61.0,305,167,person,0.6164,947,51,50,135,972.0,118.5,6750,47.73,47.73,25.8,detected,0
61.0,61.0,305,176,person,0.5284,1771,412,87,221,1814.5,522.5,19227,80.02,80.02,24.4,detected,0
61.0,61.0,305,188,person,0.1996,1000,72,48,117,1024.0,130.5,5616,52.17,52.17,20.8,predicted,1
61.0,61.0,305,199,person,0.6486,1633,138,64,158,1665.0,217.0,10112,50.25,50.25,18.8,detected,0
61.0,61.0,305,200,person,0.896,1353,851,122,229,1414.0,965.5,27938,98.63,98.63,18.8,detected,0
61.0,61.0,305,208,person,0.3195,1678,134,54,141,1705.0,204.5,7614,41.91,41.91,17.4,detected,0
61.0,61.0,305,211,person,0.34,1644,421,90,169,1689.0,505.5,15210,53.61,53.61,17.0,detected,0
61.0,61.0,305,217,person,0.7296,1124,54,47,139,1147.5,123.5,6533,54.92,54.92,16.0,detected,0
61.0,61.0,305,220,person,0.9202,1615,557,116,268,1673.0,691.0,31088,77.37,77.37,15.6,detected,0
61.0,61.0,305,222,person,0.5722,1041,52,46,148,1064.0,126.0,6808,44.05,44.05,15.0,detected,0
61.0,61.0,305,231,person,0.7734,798,134,47,125,821.5,196.5,5875,48.51,48.51,13.4,detected,0
61.0,61.0,305,233,person,0.8581,1468,742,93,306,1514.5,895.0,28458,127.35,127.35,12.0,detected,0
61.0,61.0,305,235,person,0.3674,877,86,43,101,898.5,136.5,4343,62.62,62.62,10.8,detected,0
61.0,61.0,305,241,person,0.656,1734,170,68,154,1768.0,247.0,10472,47.63,47.63,9.6,detected,0
61.0,61.0,305,243,person,0.696,1220,94,77,150,1258.5,169.0,11550,60.44,60.44,9.2,detected,0
61.0,61.0,305,245,person,0.7011,592,130,56,146,620.0,203.0,8176,53.16,53.16,9.0,detected,0
61.0,61.0,305,249,person,0.7445,1068,119,68,146,1102.0,192.0,9928,44.78,44.78,8.6,detected,0
61.0,61.0,305,251,person,0.2384,1885,865,34,215,1902.0,972.5,7310,8.14,8.14,7.4,detected,0
61.0,61.0,305,258,person,0.8255,1511,75,52,153,1537.0,151.5,7956,44.94,44.94,6.0,detected,0
61.0,61.0,305,264,person,0.2255,895,67,50,114,920.0,124.0,5700,104.63,52.31,5.2,detected,0
61.0,61.0,305,265,person,0.915,762,531,98,240,811.0,651.0,23520,89.4,89.4,4.8,detected,0
61.0,61.0,305,274,person,0.6423,1798,178,61,155,1828.5,255.5,9455,36.25,36.25,1.4,detected,0
61.0,61.0,305,282,person,0.2642,0,672,104,274,52.0,809.0,28496,0.0,0.0,0.0,detected,0
61.0,61.0,305,283,person,0.1888,0,705,65,291,32.5,850.5,18915,0.0,0.0,0.0,detected,0
62.0,62.0,310,105,person,0.2181,111,287,60,130,141.0,352.0,7800,0.5,0.5,41.6,detected,0
62.0,62.0,310,121,person,0.655,593,146,73,163,629.5,227.5,11899,91.33,91.33,36.6,detected,0
62.0,62.0,310,122,person,0.8939,1122,964,106,116,1175.0,1022.0,12296,125.79,125.79,36.2,detected,0
62.0,62.0,310,157,person,0.4077,1191,0,57,99,1219.5,49.5,5643,33.73,33.73,28.8,detected,0
62.0,62.0,310,167,person,0.5082,989,37,49,129,1013.5,101.5,6321,44.85,44.85,26.8,detected,0
62.0,62.0,310,176,person,0.3368,1784,356,72,201,1820.0,456.5,14472,66.23,66.23,25.4,detected,0
62.0,62.0,310,188,person,0.3332,1034,39,57,121,1062.5,99.5,6897,49.43,49.43,21.8,detected,0
62.0,62.0,310,199,person,0.6922,1591,121,62,137,1622.0,189.5,8494,51.04,51.04,19.8,detected,0
62.0,62.0,310,200,person,0.8751,1265,985,112,95,1321.0,1032.5,10640,114.62,114.62,19.8,detected,0
62.0,62.0,310,208,person,0.4957,1644,116,53,133,1670.5,182.5,7049,40.92,40.92,18.4,detected,0
62.0,62.0,310,211,person,0.9149,1620,487,94,219,1667.0,596.5,20586,93.62,93.62,18.0,detected,0
62.0,62.0,310,217,person,0.7579,1162,38,47,142,1185.5,109.0,6674,40.67,40.67,17.0,detected,0
62.0,62.0,310,220,person,0.917,1651,638,123,288,1712.5,782.0,35424,99.2,99.2,16.6,detected,0
62.0,62.0,310,222,person,0.5644,1091,33,43,140,1112.5,103.0,6020,53.68,53.68,16.0,detected,0
62.0,62.0,310,231,person,0.7735,845,117,51,152,870.5,193.0,7752,49.12,49.12,14.4,detected,0
62.0,62.0,310,233,person,0.9216,1418,872,98,208,1467.0,976.0,20384,93.9,93.9,13.0,detected,0
62.0,62.0,310,235,person,0.1874,944,2,46,129,967.0,66.5,5934,97.94,97.94,11.8,detected,0
62.0,62.0,310,241,person,0.7102,1691,149,61,146,1721.5,222.0,8906,52.79,52.79,10.6,detected,0
62.0,62.0,310,243,person,0.7688,1267,67,77,141,1305.5,137.5,10857,56.58,56.58,10.2,detected,0
62.0,62.0,310,245,person,0.5685,645,109,53,137,671.5,177.5,7261,57.47,57.47,10.0,detected,0
62.0,62.0,310,249,person,0.8817,1010,146,73,150,1046.5,221.0,10950,62.62,62.62,9.6,detected,0
62.0,62.0,310,251,person,0.2353,1886,865,33,197,1902.5,963.5,6501,9.01,9.01,8.4,detected,0
62.0,62.0,310,255,person,0.4081,1826,203,61,131,1856.5,268.5,7991,196.2,98.1,7.8,detected,0
62.0,62.0,310,258,person,0.8675,1471,100,55,159,1498.5,179.5,8745,47.61,47.61,7.0,detected,0
62.0,62.0,310,265,person,0.9045,748,464,92,225,794.0,576.5,20700,76.41,76.41,5.8,detected,0
62.0,62.0,310,274,person,0.5919,1764,158,58,145,1793.0,230.5,8410,43.42,43.42,2.4,detected,0
62.0,62.0,310,282,person,0.7921,20,358,83,243,61.5,479.5,20169,329.64,329.64,1.0,detected,0
62.0,62.0,310,283,person,0.6847,111,610,149,284,185.5,752.0,42316,181.96,181.96,1.0,detected,0
62.0,62.0,310,284,person,0.8874,100,445,99,222,149.5,556.0,21978,0.0,0.0,0.6,detected,0
63.0,63.0,315,17,person,0.3331,14,281,76,155,52.0,358.5,11780,2.69,1.35,63.0,detected,0
63.0,63.0,315,121,person,0.8396,498,173,77,179,536.5,262.5,13783,99.37,99.37,37.6,detected,0
63.0,63.0,315,157,person,0.3415,1215,8,50,102,1240.0,59.0,5100,22.59,22.59,29.8,detected,0
63.0,63.0,315,167,person,0.4073,1029,29,47,118,1052.5,88.0,5546,41.27,41.27,27.8,detected,0
63.0,63.0,315,176,person,0.1895,1812,329,55,169,1839.5,413.5,9295,47.21,47.21,26.4,predicted,1
63.0,63.0,315,188,person,0.173,1073,31,52,118,1099.0,90.0,6136,37.72,37.72,22.8,detected,0
63.0,63.0,315,199,person,0.702,1546,105,60,149,1576.0,179.5,8940,47.07,47.07,20.8,detected,0
63.0,63.0,315,208,person,0.4345,1606,99,59,133,1635.5,165.5,7847,38.91,38.91,19.4,detected,0
63.0,63.0,315,211,person,0.9149,1592,559,98,243,1641.0,680.5,23814,87.93,87.93,19.0,detected,0
63.0,63.0,315,217,person,0.6961,1198,23,46,134,1221.0,90.0,6164,40.26,40.26,18.0,detected,0
63.0,63.0,315,220,person,0.5164,1685,716,114,235,1742.0,833.5,26790,59.35,59.35,17.6,predicted,1
63.0,63.0,315,222,person,0.4663,1131,21,44,135,1153.0,88.5,5940,43.02,43.02,17.0,detected,0
63.0,63.0,315,231,person,0.8218,874,99,64,148,906.0,173.0,9472,40.75,40.75,15.4,detected,0
63.0,63.0,315,233,person,0.8046,1367,1021,97,80,1415.5,1061.0,7760,99.38,99.38,14.0,predicted,1
63.0,63.0,315,241,person,0.6595,1651,135,54,142,1678.0,206.0,7668,46.35,46.35,11.6,detected,0
63.0,63.0,315,243,person,0.5551,1319,39,75,137,1356.5,107.5,10275,59.17,59.17,11.2,detected,0
63.0,63.0,315,245,person,0.5112,705,88,51,134,730.5,155.0,6834,63.14,63.14,11.0,detected,0
63.0,63.0,315,249,person,0.8907,958,170,76,157,996.0,248.5,11932,57.5,57.5,10.6,detected,0
63.0,63.0,315,251,person,0.2086,1887,865,33,194,1903.5,962.0,6402,1.8,1.8,9.4,detected,0
63.0,63.0,315,255,person,0.446,1790,235,63,141,1821.5,305.5,8883,50.93,50.93,8.8,detected,0
63.0,63.0,315,258,person,0.9029,1430,125,59,165,1459.5,207.5,9735,48.01,48.01,8.0,detected,0
63.0,63.0,315,264,person,0.1725,757,140,49,88,781.5,184.0,4312,150.94,75.47,7.2,detected,0
63.0,63.0,315,265,person,0.9157,740,407,81,213,780.5,513.5,17253,64.43,64.43,6.8,detected,0
63.0,63.0,315,274,person,0.8281,1712,129,57,145,1740.5,201.5,8265,59.98,59.98,3.4,detected,0
63.0,63.0,315,276,person,0.2564,945,34,44,134,967.0,101.0,5896,187.39,62.46,3.0,detected,0
63.0,63.0,315,281,person,0.393,781,104,48,115,805.0,161.5,5520,0.0,0.0,2.4,detected,0
63.0,63.0,315,282,person,0.5826,146,316,90,223,191.0,427.5,20070,139.55,139.55,2.0,detected,0
63.0,63.0,315,283,person,0.8659,285,524,129,266,349.5,657.0,34314,189.53,189.53,2.0,detected,0
63.0,63.0,315,284,person,0.8759,255,387,92,228,301.0,501.0,20976,161.17,161.17,1.6,detected,0
64.0,64.0,320,17,person,0.4258,8,276,83,160,49.5,356.0,13280,3.54,3.54,64.0,detected,0
64.0,64.0,320,105,person,0.3166,111,286,60,132,141.0,352.0,7920,0.0,0.0,43.6,detected,0
64.0,64.0,320,121,person,0.7464,391,210,78,164,430.0,292.0,12792,110.51,110.51,38.6,detected,0
64.0,64.0,320,167,person,0.2731,1066,9,46,121,1089.0,69.5,5566,40.92,40.92,28.8,detected,0
64.0,64.0,320,176,person,0.8718,1725,258,78,178,1764.0,347.0,13884,100.61,100.61,27.4,detected,0
64.0,64.0,320,188,person,0.4745,1107,13,51,119,1132.5,72.5,6069,37.8,37.8,23.8,detected,0
64.0,64.0,320,199,person,0.8217,1494,83,60,142,1524.0,154.0,8520,57.92,57.92,21.8,detected,0
64.0,64.0,320,208,person,0.4151,1572,81,56,124,1600.0,143.0,6944,42.03,42.03,20.4,detected,0
64.0,64.0,320,211,person,0.9119,1587,646,111,262,1642.5,777.0,29082,96.51,96.51,20.0,detected,0
64.0,64.0,320,217,person,0.713,1230,7,48,130,1254.0,72.0,6240,37.59,37.59,19.0,detected,0
64.0,64.0,320,222,person,0.6542,1173,6,41,130,1193.5,71.0,5330,44.12,44.12,18.0,detected,0
64.0,64.0,320,231,person,0.7675,907,82,62,139,938.0,151.5,8618,38.55,38.55,16.4,detected,0
64.0,64.0,320,241,person,0.7567,1593,119,57,130,1621.5,184.0,7410,60.63,60.63,12.6,detected,0
64.0,64.0,320,243,person,0.3684,1366,14,72,130,1402.0,79.0,9360,53.69,53.69,12.2,detected,0
64.0,64.0,320,245,person,0.7108,762,72,52,126,788.0,135.0,6552,60.88,60.88,12.0,detected,0
64.0,64.0,320,249,person,0.9314,900,200,80,162,940.0,281.0,12960,64.75,64.75,11.6,detected,0
64.0,64.0,320,251,person,0.2306,1885,866,35,212,1902.5,972.0,7420,10.05,10.05,10.4,detected,0
64.0,64.0,320,255,person,0.5784,1826,259,54,82,1853.0,300.0,4428,31.98,31.98,9.8,detected,0
64.0,64.0,320,258,person,0.9019,1388,155,61,171,1418.5,240.5,10431,52.63,52.63,9.0,detected,0
64.0,64.0,320,265,person,0.888,766,357,73,200,802.5,457.0,14600,60.63,60.63,7.8,detected,0
64.0,64.0,320,274,person,0.8244,1656,109,55,143,1683.5,180.5,7865,60.75,60.75,4.4,detected,0
64.0,64.0,320,276,person,0.4321,896,56,42,126,917.0,119.0,5292,53.14,53.14,4.0,detected,0
64.0,64.0,320,281,person,0.6373,707,127,52,124,733.0,189.0,6448,77.07,77.07,3.4,detected,0
64.0,64.0,320,282,person,0.8615,271,273,86,215,314.0,380.5,18490,131.67,131.67,3.0,detected,0
64.0,64.0,320,283,person,0.8554,434,453,118,245,493.0,575.5,28910,165.03,165.03,3.0,detected,0
64.0,64.0,320,284,person,0.8654,393,343,88,213,437.0,449.5,18744,145.42,145.42,2.6,detected,0
65.0,65.0,325,17,person,0.3647,11,276,80,160,51.0,356.0,12800,1.5,1.5,65.0,detected,0
65.0,65.0,325,105,person,0.3516,111,286,60,132,141.0,352.0,7920,0.0,0.0,44.6,detected,0
65.0,65.0,325,121,person,0.8135,284,251,77,189,322.5,345.5,14553,120.08,120.08,39.6,detected,0
65.0,65.0,325,167,person,0.2017,1099,1,42,113,1120.0,57.5,4746,33.24,33.24,29.8,detected,0
65.0,65.0,325,176,person,0.834,1693,297,68,184,1727.0,389.0,12512,55.97,55.97,28.4,detected,0
65.0,65.0,325,188,person,0.425,1140,0,46,116,1163.0,58.0,5336,33.77,33.77,24.8,detected,0
65.0,65.0,325,199,person,0.7632,1459,65,59,139,1488.5,134.5,8201,40.5,40.5,22.8,detected,0
65.0,65.0,325,208,person,0.4796,1536,63,54,70,1563.0,98.0,3780,58.26,58.26,21.4,detected,0
65.0,65.0,325,211,person,0.9182,1612,750,123,277,1673.5,888.5,34071,115.73,115.73,21.0,detected,0
65.0,65.0,325,217,person,0.5454,1258,0,46,119,1281.0,59.5,5474,29.75,29.75,20.0,detected,0
65.0,65.0,325,222,person,0.6227,1207,0,42,121,1228.0,60.5,5082,36.06,36.06,19.0,detected,0
65.0,65.0,325,231,person,0.6971,955,66,53,138,981.5,135.0,7314,46.52,46.52,17.4,detected,0
65.0,65.0,325,235,person,0.2335,1045,6,46,116,1068.0,64.0,5336,101.03,33.68,14.8,detected,0
65.0,65.0,325,241,person,0.6945,1539,101,59,134,1568.5,168.0,7906,55.36,55.36,13.6,detected,0
65.0,65.0,325,243,person,0.4885,1408,0,66,117,1441.0,58.5,7722,44.06,44.06,13.2,detected,0
65.0,65.0,325,249,person,0.7349,835,231,82,139,876.0,300.5,11398,66.9,66.9,12.6,detected,0
65.0,65.0,325,251,person,0.2489,1886,865,34,214,1903.0,972.0,7276,0.5,0.5,11.4,detected,0
65.0,65.0,325,255,person,0.1542,1853,230,37,107,1871.5,283.5,3959,24.79,24.79,10.8,predicted,1
65.0,65.0,325,258,person,0.8944,1339,185,62,177,1370.0,273.5,10974,58.66,58.66,10.0,detected,0
65.0,65.0,325,264,person,0.1867,578,197,69,119,612.5,256.5,8211,183.89,91.95,9.2,detected,0
65.0,65.0,325,265,person,0.8129,818,319,72,184,854.0,411.0,13248,69.05,69.05,8.8,detected,0
65.0,65.0,325,274,person,0.7807,1598,95,50,141,1623.0,165.5,7050,62.33,62.33,5.4,detected,0
65.0,65.0,325,276,person,0.5716,837,87,53,124,863.5,149.0,6572,61.34,61.34,5.0,detected,0
65.0,65.0,325,281,person,0.5035,629,155,51,142,654.5,226.0,7242,86.78,86.78,4.4,detected,0
65.0,65.0,325,282,person,0.8789,382,233,88,206,426.0,336.0,18128,120.52,120.52,4.0,detected,0
65.0,65.0,325,283,person,0.7904,565,390,105,231,617.5,505.5,24255,142.83,142.83,4.0,detected,0
65.0,65.0,325,284,person,0.8521,512,301,84,202,554.0,402.0,16968,126.27,126.27,3.6,detected,0
66.0,66.0,330,17,person,0.3527,13,279,78,157,52.0,357.5,12246,1.8,1.8,66.0,detected,0
66.0,66.0,330,105,person,0.2192,111,287,60,130,141.0,352.0,7800,0.0,0.0,45.6,predicted,1
66.0,66.0,330,121,person,0.8329,167,290,83,209,208.5,394.5,17347,124.08,124.08,40.6,detected,0
66.0,66.0,330,167,person,0.5566,1124,0,43,100,1145.5,50.0,4300,26.58,26.58,30.8,detected,0
66.0,66.0,330,176,person,0.9006,1643,333,83,196,1684.5,431.0,16268,59.75,59.75,29.4,detected,0
66.0,66.0,330,188,person,0.4786,1168,0,40,101,1188.0,50.5,4040,26.1,26.1,25.8,detected,0
66.0,66.0,330,199,person,0.7715,1426,45,55,138,1453.5,114.0,7590,40.56,40.56,23.8,detected,0
66.0,66.0,330,208,person,0.3164,1506,45,49,59,1530.5,74.5,2891,40.11,40.11,22.4,detected,0
66.0,66.0,330,211,person,0.8871,1650,870,112,230,1706.0,985.0,25760,101.83,101.83,22.0,predicted,1
66.0,66.0,330,217,person,0.3698,1280,0,53,103,1306.5,51.5,5459,26.73,26.73,21.0,detected,0
66.0,66.0,330,222,person,0.3648,1235,0,40,104,1255.0,52.0,4160,28.31,28.31,20.0,detected,0
66.0,66.0,330,231,person,0.2893,973,33,46,124,996.0,95.0,5704,42.55,42.55,18.4,detected,0
66.0,66.0,330,235,person,0.6486,1009,38,48,132,1033.0,104.0,6336,53.15,53.15,15.8,detected,0
66.0,66.0,330,241,person,0.7276,1492,83,59,132,1521.5,149.0,7788,50.7,50.7,14.6,detected,0
66.0,66.0,330,245,person,0.5397,856,35,50,125,881.0,97.5,6250,100.28,50.14,14.0,detected,0
66.0,66.0,330,249,person,0.8776,763,265,77,178,801.5,354.0,13706,91.72,91.72,13.6,detected,0
66.0,66.0,330,251,person,0.1541,1885,865,34,214,1902.0,972.0,7276,1.0,1.0,12.4,predicted,1
66.0,66.0,330,255,person,0.5138,1832,142,60,163,1862.0,223.5,9780,60.75,60.75,11.8,detected,0
66.0,66.0,330,258,person,0.8901,1285,215,65,186,1317.5,308.0,12090,62.82,62.82,11.0,detected,0
66.0,66.0,330,265,person,0.879,874,273,66,182,907.0,364.0,12012,70.84,70.84,9.8,detected,0
66.0,66.0,330,274,person,0.7776,1544,79,46,138,1567.0,148.0,6348,58.67,58.67,6.4,detected,0
66.0,66.0,330,276,person,0.2081,768,107,50,128,793.0,171.0,6400,73.85,73.85,6.0,detected,0
66.0,66.0,330,281,person,0.6375,542,187,47,145,565.5,259.5,6815,95.1,95.1,5.4,detected,0
66.0,66.0,330,283,person,0.8269,678,333,97,222,726.5,444.0,21534,125.15,125.15,5.0,detected,0
66.0,66.0,330,284,person,0.7777,630,264,72,196,666.0,362.0,14112,118.93,118.93,4.6,detected,0
66.0,66.0,330,290,person,0.8477,481,204,81,197,521.5,302.5,15957,0.0,0.0,0.2,detected,0
67.0,67.0,335,105,person,0.1665,111,286,60,132,141.0,352.0,7920,0.0,0.0,46.6,detected,0
67.0,67.0,335,121,person,0.8954,34,351,95,212,81.5,457.0,20140,141.55,141.55,41.6,detected,0
67.0,67.0,335,167,person,0.3179,1149,0,40,84,1169.0,42.0,3360,24.82,24.82,31.8,detected,0
67.0,67.0,335,176,person,0.9026,1597,379,97,209,1645.5,483.5,20273,65.4,65.4,30.4,detected,0
67.0,67.0,335,188,person,0.28,1195,-2,41,89,1215.5,42.5,3649,28.64,28.64,26.8,predicted,1
67.0,67.0,335,199,person,0.753,1401,25,53,136,1427.5,93.0,7208,33.42,33.42,24.8,detected,0
67.0,67.0,335,222,person,0.2424,1263,0,36,88,1281.0,44.0,3168,27.2,27.2,21.0,detected,0
67.0,67.0,335,231,person,0.6834,1039,34,54,132,1066.0,100.0,7128,70.18,70.18,19.4,detected,0
67.0,67.0,335,235,person,0.5442,982,11,49,134,1006.5,78.0,6566,37.12,37.12,16.8,detected,0
67.0,67.0,335,241,person,0.7108,1467,64,57,129,1495.5,128.5,7353,33.11,33.11,15.6,detected,0
67.0,67.0,335,245,person,0.2911,898,22,52,121,924.0,82.5,6292,45.54,45.54,15.0,predicted,1
67.0,67.0,335,249,person,0.859,678,302,72,185,714.0,394.5,13320,96.42,96.42,14.6,detected,0
67.0,67.0,335,255,person,0.6607,1813,172,71,168,1848.5,256.0,11928,35.19,35.19,12.8,detected,0
67.0,67.0,335,258,person,0.8801,1221,250,69,196,1255.5,348.0,13524,73.78,73.78,12.0,detected,0
67.0,67.0,335,264,person,0.6459,394,266,70,137,429.0,334.5,9590,199.39,99.69,11.2,detected,0
67.0,67.0,335,265,person,0.8346,928,237,59,173,957.5,323.5,10207,64.73,64.73,10.8,detected,0
67.0,67.0,335,274,person,0.765,1532,59,43,134,1553.5,126.0,5762,25.81,25.81,7.4,detected,0
67.0,67.0,335,276,person,0.5024,691,133,52,136,717.0,201.0,7072,81.71,81.71,7.0,detected,0
67.0,67.0,335,281,person,0.6597,434,223,61,156,464.5,301.0,9516,109.19,109.19,6.4,detected,0
67.0,67.0,335,282,person,0.6939,580,168,61,192,610.5,264.0,11712,198.05,99.03,6.0,detected,0
67.0,67.0,335,283,person,0.831,776,284,87,209,819.5,388.5,18183,108.3,108.3,6.0,detected,0
67.0,67.0,335,284,person,0.722,732,228,72,189,768.0,322.5,13608,109.38,109.38,5.6,detected,0
67.0,67.0,335,300,person,0.2783,1680,0,47,92,1703.5,46.0,4324,0.0,0.0,0.8,detected,0
68.0,68.0,340,17,person,0.3115,14,279,77,156,52.5,357.0,12012,0.71,0.35,68.0,detected,0
68.0,68.0,340,105,person,0.2218,111,286,60,133,141.0,352.5,7980,0.5,0.5,47.6,detected,0
68.0,68.0,340,167,person,0.3524,1170,0,34,69,1187.0,34.5,2346,19.5,19.5,32.8,detected,0
68.0,68.0,340,176,person,0.9206,1562,431,95,216,1609.5,539.0,20520,66.15,66.15,31.4,detected,0
68.0,68.0,340,188,person,0.2744,1224,-2,41,74,1244.5,35.0,3034,29.95,29.95,27.8,predicted,1
68.0,68.0,340,199,person,0.6805,1383,16,53,125,1409.5,78.5,6625,23.11,23.11,25.8,detected,0
68.0,68.0,340,208,person,0.2735,1449,16,49,51,1473.5,41.5,2499,65.86,32.93,24.4,detected,0
68.0,68.0,340,217,person,0.2241,1338,-2,37,75,1356.5,35.5,2775,52.5,26.25,23.0,predicted,1
68.0,68.0,340,222,person,0.1538,1287,0,37,71,1305.5,35.5,2627,25.93,25.93,22.0,detected,0
68.0,68.0,340,231,person,0.7023,1068,20,47,127,1091.5,83.5,5969,30.37,30.37,20.4,detected,0
68.0,68.0,340,235,person,0.4988,938,28,54,137,965.0,96.5,7398,45.44,45.44,17.8,detected,0
68.0,68.0,340,241,person,0.8376,1443,45,56,124,1471.0,107.0,6944,32.6,32.6,16.6,detected,0
68.0,68.0,340,245,person,0.1516,883,71,48,122,907.0,132.0,5856,52.34,52.34,16.0,predicted,1
68.0,68.0,340,249,person,0.9216,588,348,94,192,635.0,444.0,18048,93.23,93.23,15.6,detected,0
68.0,68.0,340,255,person,0.4725,1815,208,68,135,1849.0,275.5,9180,19.51,19.51,13.8,detected,0
68.0,68.0,340,258,person,0.902,1150,288,72,201,1186.0,388.5,14472,80.44,80.44,13.0,detected,0
68.0,68.0,340,264,person,0.3517,284,311,81,141,324.5,381.5,11421,114.58,114.58,12.2,detected,0
68.0,68.0,340,265,person,0.8584,974,204,56,165,1002.0,286.5,9240,57.87,57.87,11.8,detected,0
68.0,68.0,340,274,person,0.8527,1513,39,43,131,1534.5,104.5,5633,28.69,28.69,8.4,detected,0
68.0,68.0,340,276,person,0.7094,608,160,50,150,633.0,235.0,7500,90.62,90.62,8.0,detected,0
68.0,68.0,340,281,person,0.2812,317,286,65,153,349.5,362.5,9945,130.41,130.41,7.4,detected,0
68.0,68.0,340,282,person,0.7106,663,138,54,152,690.0,214.0,8208,93.92,93.92,7.0,detected,0
68.0,68.0,340,283,person,0.7311,846,242,88,196,890.0,340.0,17248,85.57,85.57,7.0,detected,0
68.0,68.0,340,284,person,0.4999,818,195,65,163,850.5,276.5,10595,94.46,94.46,6.6,detected,0
68.0,68.0,340,290,person,0.6847,342,263,73,148,378.5,337.0,10804,147.1,73.55,2.2,detected,0
68.0,68.0,340,300,person,0.3782,1650,0,48,106,1674.0,53.0,5088,30.32,30.32,1.8,detected,0
69.0,69.0,345,17,person,0.2928,13,277,77,158,51.5,356.0,12166,1.41,1.41,69.0,detected,0
69.0,69.0,345,105,person,0.3381,112,286,60,132,142.0,352.0,7920,1.12,1.12,48.6,detected,0
69.0,69.0,345,167,person,0.1633,1193,0,30,55,1208.0,27.5,1650,22.14,22.14,33.8,detected,0
69.0,69.0,345,176,person,0.9108,1521,486,103,224,1572.5,598.0,23072,69.64,69.64,32.4,detected,0
69.0,69.0,345,188,person,0.2309,1243,-1,38,60,1262.0,29.0,2280,18.5,18.5,28.8,predicted,1
69.0,69.0,345,199,person,0.6865,1374,3,51,122,1399.5,64.0,6222,17.61,17.61,26.8,detected,0
69.0,69.0,345,222,person,0.1997,1316,-2,28,61,1330.0,28.5,1708,25.48,25.48,23.0,predicted,1
69.0,69.0,345,231,person,0.6367,1090,9,45,124,1112.5,71.0,5580,24.44,24.44,21.4,detected,0
69.0,69.0,345,235,person,0.243,898,46,50,135,923.0,113.5,6750,45.31,45.31,18.8,detected,0
69.0,69.0,345,241,person,0.6621,1431,28,49,121,1455.5,88.5,5929,24.14,24.14,17.6,detected,0
69.0,69.0,345,249,person,0.9104,494,394,97,204,542.5,496.0,19788,106.11,106.11,16.6,detected,0
69.0,69.0,345,255,person,0.4157,1804,246,76,144,1842.0,318.0,10944,43.07,43.07,14.8,detected,0
69.0,69.0,345,258,person,0.911,1074,330,73,210,1110.5,435.0,15330,88.67,88.67,14.0,detected,0
69.0,69.0,345,264,person,0.5503,165,363,85,146,207.5,436.0,12410,129.07,129.07,13.2,detected,0
69.0,69.0,345,265,person,0.834,1013,174,55,158,1040.5,253.0,8690,51.03,51.03,12.8,detected,0
69.0,69.0,345,274,person,0.8113,1486,23,41,128,1506.5,87.0,5248,33.02,33.02,9.4,detected,0
69.0,69.0,345,276,person,0.7664,517,195,56,155,545.0,272.5,8680,95.66,95.66,9.0,detected,0
69.0,69.0,345,281,person,0.6336,221,310,81,163,261.5,391.5,13203,92.66,92.66,8.4,detected,0
69.0,69.0,345,282,person,0.5584,742,111,50,133,767.0,177.5,6650,85.21,85.21,8.0,detected,0
69.0,69.0,345,283,person,0.8044,907,202,75,188,944.5,296.0,14100,70.04,70.04,8.0,detected,0
69.0,69.0,345,284,person,0.1817,885,158,56,131,913.0,223.5,7336,81.95,81.95,7.6,detected,0
69.0,69.0,345,300,person,0.6067,1619,0,52,124,1645.0,62.0,6448,30.36,30.36,2.8,detected,0
69.0,69.0,345,302,person,0.3317,0,544,79,202,39.5,645.0,15958,0.0,0.0,0.4,detected,0
69.0,69.0,345,303,person,0.318,990,0,46,107,1013.0,53.5,4922,0.0,0.0,0.4,detected,0
69.0,69.0,345,304,person,0.1532,813,74,51,133,838.5,140.5,6783,0.0,0.0,0.0,detected,0
69.0,69.0,345,305,person,0.3677,0,454,61,114,30.5,511.0,6954,0.0,0.0,0.0,detected,0
70.0,70.0,350,17,person,0.2857,14,280,78,156,53.0,358.0,12168,2.5,2.5,70.0,predicted,1
70.0,70.0,350,105,person,0.8213,85,406,82,195,126.0,503.5,15990,152.34,152.34,49.6,detected,0
70.0,70.0,350,176,person,0.9285,1488,546,103,236,1539.5,664.0,24308,73.79,73.79,33.4,detected,0
70.0,70.0,350,199,person,0.5614,1371,0,49,111,1395.5,55.5,5439,9.39,9.39,27.8,detected,0
70.0,70.0,350,222,person,0.2199,1337,0,29,44,1351.5,22.0,1276,22.46,22.46,24.0,detected,0
70.0,70.0,350,231,person,0.6464,1119,0,52,115,1145.0,57.5,5980,35.19,35.19,22.4,detected,0
70.0,70.0,350,241,person,0.5585,1413,7,47,123,1436.5,68.5,5781,27.59,27.59,18.6,detected,0
70.0,70.0,350,249,person,0.8997,387,447,101,213,437.5,553.5,21513,119.71,119.71,17.6,detected,0
70.0,70.0,350,255,person,0.4472,1790,288,83,174,1831.5,375.0,14442,57.96,57.96,15.8,detected,0
70.0,70.0,350,258,person,0.9129,985,379,80,222,1025.0,490.0,17760,101.66,101.66,15.0,detected,0
70.0,70.0,350,264,person,0.1557,39,428,73,134,75.5,495.0,9782,144.59,144.59,14.2,detected,0
70.0,70.0,350,265,person,0.8826,1043,146,59,151,1072.5,221.5,8909,44.9,44.9,13.8,detected,0
70.0,70.0,350,274,person,0.8396,1467,7,40,123,1487.0,68.5,4920,26.88,26.88,10.4,detected,0
70.0,70.0,350,276,person,0.7322,418,233,72,162,454.0,314.0,11664,100.02,100.02,10.0,detected,0
70.0,70.0,350,281,person,0.1998,108,318,66,140,141.0,388.0,9240,120.55,120.55,9.4,detected,0
70.0,70.0,350,282,person,0.6028,818,88,61,161,848.5,168.5,9821,82.0,82.0,9.0,detected,0
70.0,70.0,350,283,person,0.6851,950,162,73,181,986.5,252.5,13213,60.47,60.47,9.0,detected,0
70.0,70.0,350,284,person,0.1869,938,130,50,118,963.0,189.0,5900,60.75,60.75,8.6,detected,0
70.0,70.0,350,290,person,0.1629,175,410,83,246,216.5,533.0,20418,254.28,127.14,4.2,detected,0
70.0,70.0,350,300,person,0.6732,1593,12,59,131,1622.5,77.5,7729,27.32,27.32,3.8,detected,0
70.0,70.0,350,302,person,0.2662,147,438,84,147,189.0,511.5,12348,200.43,200.43,1.4,detected,0
70.0,70.0,350,303,person,0.2145,1033,0,47,91,1056.5,45.5,4277,44.23,44.23,1.4,detected,0
70.0,70.0,350,304,person,0.5906,765,93,48,124,789.0,155.0,5952,51.58,51.58,1.0,detected,0
70.0,70.0,350,306,person,0.8851,154,475,105,241,206.5,595.5,25305,0.0,0.0,0.8,detected,0
71.0,71.0,355,17,person,0.3251,11,300,79,160,50.5,380.0,12640,22.14,22.14,71.0,detected,0
71.0,71.0,355,105,person,0.3589,1,440,43,164,22.5,522.0,7052,105.14,105.14,50.6,detected,0
71.0,71.0,355,176,person,0.932,1446,612,113,251,1502.5,737.5,28363,82.29,82.29,34.4,detected,0
71.0,71.0,355,231,person,0.6758,1154,0,57,101,1182.5,50.5,5757,38.15,38.15,23.4,detected,0
71.0,71.0,355,235,person,0.5931,780,83,63,148,811.5,157.0,9324,119.69,59.84,20.8,detected,0
71.0,71.0,355,241,person,0.6073,1385,0,45,105,1407.5,52.5,4725,33.12,33.12,19.6,detected,0
71.0,71.0,355,249,person,0.898,276,508,110,224,331.0,620.0,24640,125.56,125.56,18.6,detected,0
71.0,71.0,355,255,person,0.757,1769,334,74,206,1806.0,437.0,15244,67.04,67.04,16.8,detected,0
71.0,71.0,355,258,person,0.9186,890,435,85,230,932.5,550.0,19550,110.26,110.26,16.0,detected,0
71.0,71.0,355,265,person,0.8753,1075,122,56,146,1103.0,195.0,8176,40.4,40.4,14.8,detected,0
71.0,71.0,355,274,person,0.8218,1451,0,47,115,1474.5,57.5,5405,16.65,16.65,11.4,detected,0
71.0,71.0,355,276,person,0.6517,317,272,76,156,355.0,350.0,11856,105.34,105.34,11.0,detected,0
71.0,71.0,355,281,person,0.2696,97,279,60,132,127.0,345.0,7920,45.22,45.22,10.4,detected,0
71.0,71.0,355,282,person,0.5755,880,64,55,161,907.5,144.5,8855,63.69,63.69,10.0,detected,0
71.0,71.0,355,283,person,0.5915,984,141,68,163,1018.0,222.5,11084,43.5,43.5,10.0,detected,0
71.0,71.0,355,290,person,0.8527,168,365,83,206,209.5,468.0,17098,65.38,65.38,5.2,detected,0
71.0,71.0,355,300,person,0.8254,1571,35,63,132,1602.5,101.0,8316,30.86,30.86,4.8,detected,0
71.0,71.0,355,302,person,0.6005,301,401,76,147,339.0,474.5,11172,154.5,154.5,2.4,detected,0
71.0,71.0,355,303,person,0.5095,1071,0,46,76,1094.0,38.0,3496,38.24,38.24,2.4,detected,0
71.0,71.0,355,304,person,0.4645,712,113,54,124,739.0,175.0,6696,53.85,53.85,2.0,detected,0
71.0,71.0,355,306,person,0.1813,298,419,80,194,338.0,516.0,15520,153.66,153.66,1.8,detected,0
71.0,71.0,355,307,person,0.9103,361,877,110,203,416.0,978.5,22330,0.0,0.0,0.8,detected,0
71.0,71.0,355,308,person,0.9122,454,960,121,120,514.5,1020.0,14520,0.0,0.0,0.6,detected,0
71.0,71.0,355,310,person,0.1966,1887,865,32,180,1903.0,955.0,5760,0.0,0.0,0.6,detected,0
72.0,72.0,360,17,person,0.3599,11,276,80,159,51.0,355.5,12720,24.51,24.51,72.0,detected,0
72.0,72.0,360,105,person,0.7702,0,517,75,258,37.5,646.0,19350,124.9,124.9,51.6,detected,0
72.0,72.0,360,176,person,0.9165,1396,689,115,268,1453.5,823.0,30820,98.55,98.55,35.4,detected,0
72.0,72.0,360,208,person,0.3501,1372,0,29,80,1386.5,40.0,2320,87.01,21.75,28.4,detected,0
72.0,72.0,360,231,person,0.1746,1189,-2,47,89,1212.5,42.5,4183,31.05,31.05,24.4,predicted,1
72.0,72.0,360,235,person,0.2456,720,101,66,141,753.0,171.5,9306,60.27,60.27,21.8,detected,0
72.0,72.0,360,241,person,0.5041,1388,0,42,98,1409.0,49.0,4116,3.81,3.81,20.6,detected,0
72.0,72.0,360,249,person,0.9069,165,575,106,239,218.0,694.5,25334,135.35,135.35,19.6,detected,0
72.0,72.0,360,255,person,0.8948,1741,382,86,220,1784.0,492.0,18920,59.24,59.24,17.8,detected,0
72.0,72.0,360,258,person,0.9224,769,493,101,243,819.5,614.5,24543,130.11,130.11,17.0,detected,0
72.0,72.0,360,265,person,0.6501,1066,87,61,158,1096.5,166.0,9638,29.72,29.72,15.8,detected,0
72.0,72.0,360,274,person,0.7498,1431,0,45,100,1453.5,50.0,4500,22.3,22.3,12.4,detected,0
72.0,72.0,360,276,person,0.7421,211,318,69,178,245.5,407.0,12282,123.45,123.45,12.0,detected,0
72.0,72.0,360,281,person,0.3487,111,286,60,133,141.0,352.5,7980,15.88,15.88,11.4,detected,0
72.0,72.0,360,282,person,0.3733,907,41,67,157,940.5,119.5,10519,41.4,41.4,11.0,detected,0
72.0,72.0,360,283,person,0.7671,1003,106,64,161,1035.0,186.5,10304,39.81,39.81,11.0,detected,0
72.0,72.0,360,290,person,0.8733,265,317,80,198,305.0,416.0,15840,108.74,108.74,6.2,detected,0
72.0,72.0,360,300,person,0.8001,1551,46,58,141,1580.0,116.5,8178,27.32,27.32,5.8,detected,0
72.0,72.0,360,302,person,0.7061,458,338,70,192,493.0,434.0,13440,159.24,159.24,3.4,detected,0
72.0,72.0,360,303,person,0.3396,1102,0,43,61,1123.5,30.5,2623,30.44,30.44,3.4,detected,0
72.0,72.0,360,304,person,0.2754,648,137,57,139,676.5,206.5,7923,69.99,69.99,3.0,detected,0
72.0,72.0,360,306,person,0.7846,420,369,83,216,461.5,477.0,17928,129.51,129.51,2.8,detected,0
72.0,72.0,360,307,person,0.8999,523,765,114,302,580.0,916.0,34428,175.51,175.51,1.8,detected,0
72.0,72.0,360,308,person,0.8647,608,830,137,247,676.5,953.5,33839,175.12,175.12,1.6,detected,0
72.0,72.0,360,310,person,0.1999,1885,865,34,198,1902.0,964.0,6732,9.06,9.06,1.6,detected,0
72.0,72.0,360,314,person,0.2519,1652,0,52,78,1678.0,39.0,4056,0.0,0.0,0.6,detected,0
73.0,73.0,365,17,person,0.5184,5,273,86,164,48.0,355.0,14104,3.04,3.04,73.0,detected,0
73.0,73.0,365,105,person,0.8196,81,402,82,219,122.0,511.5,17958,158.84,158.84,52.6,detected,0
73.0,73.0,365,176,person,0.8162,1333,777,117,282,1391.5,918.0,32994,113.44,113.44,36.4,detected,0
73.0,73.0,365,208,person,0.2468,1366,2,26,69,1379.0,36.5,1794,8.28,8.28,29.4,detected,0
73.0,73.0,365,231,person,0.5675,1208,0,45,75,1230.5,37.5,3375,18.68,18.68,25.4,detected,0
73.0,73.0,365,235,person,0.697,651,143,61,144,681.5,215.0,8784,83.69,83.69,22.8,detected,0
73.0,73.0,365,241,person,0.3298,1366,0,62,85,1397.0,42.5,5270,13.65,13.65,21.6,detected,0
73.0,73.0,365,249,person,0.8959,22,654,111,251,77.5,779.5,27861,164.21,164.21,20.6,detected,0
73.0,73.0,365,255,person,0.8806,1722,446,89,228,1766.5,560.0,20292,70.22,70.22,18.8,detected,0
73.0,73.0,365,258,person,0.8827,634,556,93,245,680.5,678.5,22785,153.03,153.03,18.0,detected,0
73.0,73.0,365,265,person,0.8005,1036,75,66,143,1069.0,146.5,9438,33.71,33.71,16.8,detected,0
73.0,73.0,365,274,person,0.7351,1426,0,39,87,1445.5,43.5,3393,10.31,10.31,13.4,detected,0
73.0,73.0,365,276,person,0.2203,88,372,70,184,123.0,464.0,12880,135.11,135.11,13.0,detected,0
73.0,73.0,365,281,person,0.4644,111,287,60,131,141.0,352.5,7860,0.0,0.0,12.4,detected,0
73.0,73.0,365,282,person,0.6353,931,16,49,153,955.5,92.5,7497,30.89,30.89,12.0,detected,0
73.0,73.0,365,290,person,0.8216,364,281,75,187,401.5,374.5,14025,105.05,105.05,7.2,detected,0
73.0,73.0,365,300,person,0.8687,1522,66,59,146,1551.5,139.0,8614,36.31,36.31,6.8,detected,0
73.0,73.0,365,302,person,0.6848,582,295,70,186,617.0,388.0,13020,132.26,132.26,4.4,detected,0
73.0,73.0,365,303,person,0.2422,1128,0,39,47,1147.5,23.5,1833,25.0,25.0,4.4,detected,0
73.0,73.0,365,304,person,0.2848,583,161,55,134,610.5,228.0,7370,69.41,69.41,4.0,detected,0
73.0,73.0,365,306,person,0.5784,528,325,81,209,568.5,429.5,16929,117.07,117.07,3.8,detected,0
73.0,73.0,365,307,person,0.8867,658,674,102,292,709.0,820.0,29784,160.8,160.8,2.8,detected,0
73.0,73.0,365,308,person,0.8508,741,727,125,313,803.5,883.5,39125,145.01,145.01,2.6,detected,0
73.0,73.0,365,310,person,0.169,1885,866,34,196,1902.0,964.0,6664,0.0,0.0,2.6,detected,0
73.0,73.0,365,311,person,0.8944,1118,52,57,138,1146.5,121.0,7866,0.0,0.0,1.8,predicted,1
73.0,73.0,365,314,person,0.6505,1628,0,63,101,1659.5,50.5,6363,21.78,21.78,1.6,detected,0
73.0,73.0,365,321,person,0.8928,141,481,94,246,188.0,604.0,23124,0.0,0.0,0.6,detected,0
74.0,74.0,370,17,person,0.3349,11,279,79,156,50.5,357.0,12324,3.2,3.2,74.0,detected,0
74.0,74.0,370,105,person,0.8233,204,347,76,201,242.0,447.5,15276,136.0,136.0,53.6,detected,0
74.0,74.0,370,176,person,0.9244,1264,876,131,204,1329.5,978.0,26724,86.28,86.28,37.4,detected,0
74.0,74.0,370,235,person,0.6865,559,176,62,172,590.0,262.0,10664,102.87,102.87,23.8,detected,0
74.0,74.0,370,241,person,0.162,1355,-2,70,76,1390.0,36.0,5320,9.55,9.55,22.6,predicted,1
74.0,74.0,370,255,person,0.9158,1702,513,101,244,1752.5,635.0,24644,76.3,76.3,19.8,detected,0
74.0,74.0,370,258,person,0.9229,474,621,114,269,531.0,755.5,30666,168.16,168.16,19.0,detected,0
74.0,74.0,370,265,person,0.7106,1048,59,53,136,1074.5,127.0,7208,20.26,20.26,17.8,detected,0
74.0,74.0,370,274,person,0.4882,1416,0,37,74,1434.5,37.0,2738,12.78,12.78,14.4,detected,0
74.0,74.0,370,276,person,0.3646,0,450,56,180,28.0,540.0,10080,121.66,121.66,14.0,detected,0
74.0,74.0,370,281,person,0.304,111,287,60,132,141.0,353.0,7920,0.5,0.5,13.4,detected,0
74.0,74.0,370,282,person,0.2999,958,0,44,141,980.0,70.5,6204,32.93,32.93,13.0,detected,0
74.0,74.0,370,283,person,0.7336,1082,56,56,147,1110.0,129.5,8232,94.2,47.1,13.0,detected,0
74.0,74.0,370,290,person,0.8594,459,249,73,178,495.5,338.0,12994,100.84,100.84,8.2,detected,0
74.0,74.0,370,300,person,0.8337,1481,89,63,149,1512.5,163.5,9387,46.06,46.06,7.8,detected,0
74.0,74.0,370,302,person,0.6844,686,258,72,185,722.0,350.5,13320,111.5,111.5,5.4,detected,0
74.0,74.0,370,304,person,0.3667,511,178,53,121,537.5,238.5,6413,73.75,73.75,5.0,detected,0
74.0,74.0,370,306,person,0.4059,618,284,68,198,652.0,383.0,13464,95.57,95.57,4.8,detected,0
74.0,74.0,370,307,person,0.9149,769,594,91,272,814.5,730.0,24752,138.67,138.67,3.8,detected,0
74.0,74.0,370,308,person,0.9024,859,636,114,292,916.0,782.0,33288,151.52,151.52,3.6,detected,0
74.0,74.0,370,311,person,0.7616,1156,29,55,138,1183.5,98.0,7590,43.57,43.57,2.8,detected,0
74.0,74.0,370,314,person,0.7224,1611,0,64,124,1643.0,62.0,7936,20.11,20.11,2.6,detected,0
74.0,74.0,370,321,person,0.8766,270,419,89,242,314.5,540.0,21538,141.77,141.77,1.6,detected,0
74.0,74.0,370,322,person,0.4618,597,153,52,138,623.0,222.0,7176,0.0,0.0,1.4,detected,0
75.0,75.0,375,17,person,0.3803,11,278,78,158,50.0,357.0,12324,0.5,0.5,75.0,detected,0
75.0,75.0,375,105,person,0.755,316,307,73,184,352.5,399.0,13432,120.68,120.68,54.6,detected,0
75.0,75.0,375,176,person,0.7508,1218,998,120,82,1278.0,1039.0,9840,79.83,79.83,38.4,detected,0
75.0,75.0,375,208,person,0.2107,1369,0,35,65,1386.5,32.5,2275,8.5,4.25,31.4,predicted,1
75.0,75.0,375,235,person,0.8043,458,206,67,181,491.5,296.5,12127,104.37,104.37,24.8,detected,0
75.0,75.0,375,255,person,0.9089,1691,591,113,262,1747.5,722.0,29606,87.14,87.14,20.8,detected,0
75.0,75.0,375,258,person,0.9323,290,697,120,286,350.0,840.0,34320,199.75,199.75,20.0,detected,0
75.0,75.0,375,265,person,0.7845,1062,37,52,129,1088.0,101.5,6708,28.85,28.85,18.8,detected,0
75.0,75.0,375,274,person,0.4331,1405,0,32,62,1421.0,31.0,1984,14.77,14.77,15.4,detected,0
75.0,75.0,375,281,person,0.3569,111,286,60,132,141.0,352.0,7920,1.0,1.0,14.4,detected,0
75.0,75.0,375,283,person,0.859,1139,36,60,143,1169.0,107.5,8580,62.97,62.97,14.0,detected,0
75.0,75.0,375,290,person,0.7684,535,215,72,174,571.0,302.0,12528,83.64,83.64,9.2,detected,0
75.0,75.0,375,300,person,0.8215,1434,108,64,159,1466.0,187.5,10176,52.33,52.33,8.8,detected,0
75.0,75.0,375,302,person,0.7627,765,219,69,175,799.5,306.5,12075,89.12,89.12,6.4,detected,0
75.0,75.0,375,304,person,0.321,432,202,47,152,455.5,278.0,7144,91.02,91.02,6.0,detected,0
75.0,75.0,375,306,person,0.6138,689,243,68,189,723.0,337.5,12852,84.33,84.33,5.8,detected,0
75.0,75.0,375,307,person,0.9158,847,522,80,259,887.0,651.5,20720,106.86,106.86,4.8,detected,0
75.0,75.0,375,308,person,0.9318,960,553,104,278,1012.0,692.0,28912,131.59,131.59,4.6,detected,0
75.0,75.0,375,310,person,0.2088,1888,866,32,175,1904.0,953.5,5600,10.69,5.34,4.6,detected,0
75.0,75.0,375,311,person,0.6726,1197,4,53,136,1223.5,72.0,7208,47.71,47.71,3.8,detected,0
75.0,75.0,375,314,person,0.8316,1592,2,63,141,1623.5,72.5,8883,22.15,22.15,3.6,detected,0
75.0,75.0,375,321,person,0.9024,405,366,81,229,445.5,480.5,18549,143.88,143.88,2.6,detected,0
76.0,76.0,380,17,person,0.427,9,277,80,160,49.0,357.0,12800,1.0,1.0,76.0,detected,0
76.0,76.0,380,105,person,0.8833,417,254,80,190,457.0,349.0,15200,115.85,115.85,55.6,detected,0
76.0,76.0,380,208,person,0.4347,1399,0,29,50,1413.5,25.0,1450,28.02,28.02,32.4,detected,0
76.0,76.0,380,235,person,0.8321,354,237,69,197,388.5,335.5,13593,110.14,110.14,25.8,detected,0
76.0,76.0,380,255,person,0.5151,1701,685,109,223,1755.5,796.5,24307,74.93,74.93,21.8,detected,0
76.0,76.0,380,258,person,0.9067,96,786,119,292,155.5,932.0,34748,215.16,215.16,21.0,detected,0
76.0,76.0,380,265,person,0.85,1075,20,50,123,1100.0,81.5,6150,23.32,23.32,19.8,detected,0
76.0,76.0,380,281,person,0.4686,111,287,60,132,141.0,353.0,7920,1.0,1.0,15.4,detected,0
76.0,76.0,380,282,person,0.5119,1031,0,44,96,1053.0,48.0,4224,76.39,38.19,15.0,detected,0
76.0,76.0,380,283,person,0.2555,1191,13,57,139,1219.5,82.5,7923,56.35,56.35,15.0,predicted,1
76.0,76.0,380,290,person,0.7983,601,189,67,128,634.5,253.0,8576,80.21,80.21,10.2,detected,0
76.0,76.0,380,300,person,0.8589,1388,135,66,164,1421.0,217.0,10824,53.81,53.81,9.8,detected,0
76.0,76.0,380,302,person,0.7847,829,185,62,167,860.0,268.5,10354,71.44,71.44,7.4,detected,0
76.0,76.0,380,306,person,0.7819,761,208,68,181,795.0,298.5,12308,81.88,81.88,6.8,detected,0
76.0,76.0,380,307,person,0.9216,915,458,79,242,954.5,579.0,19118,99.06,99.06,5.8,detected,0
76.0,76.0,380,308,person,0.8656,1034,490,96,249,1082.0,614.5,23904,104.43,104.43,5.6,detected,0
76.0,76.0,380,310,person,0.3206,1888,866,31,175,1903.5,953.5,5425,0.5,0.5,5.6,predicted,1
76.0,76.0,380,311,person,0.6033,1238,0,48,114,1262.0,57.0,5472,41.32,41.32,4.8,detected,0
76.0,76.0,380,314,person,0.8679,1563,19,66,148,1596.0,93.0,9768,34.3,34.3,4.6,detected,0
76.0,76.0,380,315,person,0.6963,451,197,59,133,480.5,263.5,7847,0.0,0.0,4.4,detected,0
76.0,76.0,380,321,person,0.9151,522,319,77,218,560.5,428.0,16786,126.42,126.42,3.6,detected,0
77.0,77.0,385,17,person,0.4118,8,275,82,161,49.0,355.5,13202,1.5,1.5,77.0,detected,0
77.0,77.0,385,105,person,0.8771,501,226,65,172,533.5,312.0,11180,84.98,84.98,56.6,detected,0
77.0,77.0,385,208,person,0.1963,1388,0,26,38,1401.0,19.0,988,13.87,13.87,33.4,detected,0
77.0,77.0,385,235,person,0.8613,264,278,80,207,304.0,381.5,16560,96.21,96.21,26.8,detected,0
77.0,77.0,385,265,person,0.6297,1089,2,46,119,1112.0,61.5,5474,23.32,23.32,20.8,detected,0
77.0,77.0,385,281,person,0.4337,111,287,60,131,141.0,352.5,7860,0.5,0.5,16.4,detected,0
77.0,77.0,385,290,person,0.8268,659,164,66,118,692.0,223.0,7788,64.86,64.86,11.2,detected,0
77.0,77.0,385,300,person,0.8606,1362,165,73,167,1398.5,248.5,12191,38.71,38.71,10.8,detected,0
77.0,77.0,385,302,person,0.7623,874,154,58,156,903.0,232.0,9048,56.4,56.4,8.4,detected,0
77.0,77.0,385,306,person,0.7989,825,176,60,169,855.0,260.5,10140,71.02,71.02,7.8,detected,0
77.0,77.0,385,307,person,0.9123,981,400,73,229,1017.5,514.5,16717,90.16,90.16,6.8,detected,0
77.0,77.0,385,308,person,0.909,1103,429,89,237,1147.5,547.5,21093,93.7,93.7,6.6,detected,0
77.0,77.0,385,311,person,0.6964,1273,0,49,93,1297.5,46.5,4557,37.02,37.02,5.8,detected,0
77.0,77.0,385,314,person,0.8813,1530,39,68,152,1564.0,115.0,10336,38.83,38.83,5.6,detected,0
77.0,77.0,385,315,person,0.8157,372,231,66,165,405.0,313.5,10890,90.56,90.56,5.4,detected,0
77.0,77.0,385,321,person,0.8833,616,276,80,205,656.0,378.5,16400,107.57,107.57,4.6,detected,0
77.0,77.0,385,324,person,0.7546,1222,0,54,127,1249.0,63.5,6858,0.0,0.0,1.2,detected,0
78.0,78.0,390,17,person,0.5215,10,275,79,161,49.5,355.5,12719,0.5,0.5,78.0,detected,0
78.0,78.0,390,105,person,0.8464,567,190,59,168,596.5,274.0,9912,73.57,73.57,57.6,detected,0
78.0,78.0,390,235,person,0.8577,150,329,90,209,195.0,433.5,18810,120.77,120.77,27.8,detected,0
78.0,78.0,390,265,person,0.7124,1098,0,46,101,1121.0,50.5,4646,14.21,14.21,21.8,detected,0
78.0,78.0,390,290,person,0.7109,719,137,62,113,750.0,193.5,7006,65.07,65.07,12.2,detected,0
78.0,78.0,390,300,person,0.8706,1345,196,74,172,1382.0,282.0,12728,37.34,37.34,11.8,detected,0
78.0,78.0,390,302,person,0.5707,923,123,53,147,949.5,196.5,7791,58.5,58.5,9.4,detected,0
78.0,78.0,390,304,person,0.1744,208,285,71,151,243.5,360.5,10721,227.49,75.83,9.0,detected,0
78.0,78.0,390,306,person,0.6528,883,146,59,162,912.5,227.0,9558,66.55,66.55,8.8,detected,0
78.0,78.0,390,307,person,0.896,1025,345,70,217,1060.0,453.5,15190,74.35,74.35,7.8,detected,0
78.0,78.0,390,308,person,0.9298,1156,373,89,225,1200.5,485.5,20025,81.57,81.57,7.6,detected,0
78.0,78.0,390,311,person,0.3564,1310,0,34,72,1327.0,36.0,2448,31.31,31.31,6.8,detected,0
78.0,78.0,390,314,person,0.7843,1490,61,71,158,1525.5,140.0,11218,45.9,45.9,6.6,detected,0
78.0,78.0,390,315,person,0.7868,299,275,61,157,329.5,353.5,9577,85.44,85.44,6.4,detected,0
78.0,78.0,390,321,person,0.8347,708,237,78,198,747.0,336.0,15444,100.44,100.44,5.6,detected,0
78.0,78.0,390,324,person,0.4113,1257,0,57,105,1285.5,52.5,5985,38.12,38.12,2.2,detected,0
78.0,78.0,390,334,person,0.3724,1793,291,83,141,1834.5,361.5,11703,0.0,0.0,0.2,detected,0
79.0,79.0,395,17,person,0.1984,17,360,87,152,60.5,436.0,13224,81.25,81.25,79.0,detected,0
79.0,79.0,395,105,person,0.7794,629,160,56,144,657.0,232.0,8064,73.65,73.65,58.6,detected,0
79.0,79.0,395,235,person,0.8788,15,426,93,221,61.5,536.5,20553,168.62,168.62,28.8,detected,0
79.0,79.0,395,265,person,0.3906,1121,0,51,83,1146.5,41.5,4233,27.04,27.04,22.8,detected,0
79.0,79.0,395,290,person,0.6148,770,116,61,112,800.5,172.0,6832,54.89,54.89,13.2,detected,0
79.0,79.0,395,300,person,0.8564,1329,227,75,182,1366.5,318.0,13650,39.2,39.2,12.8,detected,0
79.0,79.0,395,302,person,0.6522,973,99,49,138,997.5,168.0,6762,55.82,55.82,10.4,detected,0
79.0,79.0,395,304,person,0.2729,116,320,60,194,146.0,417.0,11640,112.69,112.69,10.0,detected,0
79.0,79.0,395,306,person,0.5967,935,117,56,158,963.0,196.0,8848,59.26,59.26,9.8,detected,0
79.0,79.0,395,307,person,0.8757,1065,296,64,206,1097.0,399.0,13184,65.87,65.87,8.8,detected,0
79.0,79.0,395,308,person,0.8973,1186,324,85,211,1228.5,429.5,17935,62.61,62.61,8.6,detected,0
79.0,79.0,395,314,person,0.8753,1447,87,79,164,1486.5,169.0,12956,48.6,48.6,7.6,detected,0
79.0,79.0,395,315,person,0.7046,212,306,64,166,244.0,389.0,10624,92.58,92.58,7.4,detected,0
79.0,79.0,395,321,person,0.8594,782,207,72,183,818.0,298.5,13176,80.29,80.29,6.6,detected,0
79.0,79.0,395,324,person,0.229,1286,0,51,81,1311.5,40.5,4131,28.64,28.64,3.2,detected,0
79.0,79.0,395,334,person,0.7189,1787,258,72,161,1823.0,338.5,11592,25.71,25.71,1.2,detected,0
79.0,79.0,395,339,person,0.8806,1,692,94,250,48.0,817.0,23500,0.0,0.0,0.2,detected,0
80.0,80.0,400,105,person,0.4998,682,137,57,137,710.5,205.5,7809,59.7,59.7,59.6,detected,0
80.0,80.0,400,208,person,0.2628,1368,0,21,35,1378.5,17.5,735,22.55,7.52,36.4,detected,0
80.0,80.0,400,265,person,0.4191,1150,0,37,66,1168.5,33.0,2442,23.58,23.58,23.8,detected,0
80.0,80.0,400,274,person,0.3688,1207,0,39,77,1226.5,38.5,3003,194.64,38.93,20.4,detected,0
80.0,80.0,400,281,person,0.7136,24,365,65,184,56.5,457.0,11960,134.39,44.8,19.4,detected,0
80.0,80.0,400,290,person,0.6825,822,88,60,144,852.0,160.0,8640,52.88,52.88,14.2,detected,0
80.0,80.0,400,300,person,0.9116,1321,270,78,188,1360.0,364.0,14664,46.46,46.46,13.8,detected,0
80.0,80.0,400,302,person,0.5815,1028,75,48,136,1052.0,143.0,6528,59.96,59.96,11.4,detected,0
80.0,80.0,400,304,person,0.8806,156,410,100,212,206.0,516.0,21200,115.76,115.76,11.0,detected,0
80.0,80.0,400,306,person,0.5971,986,91,54,151,1013.0,166.5,8154,58.05,58.05,10.8,detected,0
80.0,80.0,400,307,person,0.8824,1104,255,59,193,1133.5,351.5,11387,59.9,59.9,9.8,detected,0
80.0,80.0,400,308,person,0.9186,1206,278,75,198,1243.5,377.0,14850,54.6,54.6,9.6,detected,0
80.0,80.0,400,314,person,0.9281,1415,112,83,170,1456.5,197.0,14110,41.04,41.04,8.6,detected,0
80.0,80.0,400,315,person,0.7265,122,335,65,178,154.5,424.0,11570,96.1,96.1,8.4,detected,0
80.0,80.0,400,321,person,0.8771,849,169,66,180,882.0,259.0,11880,75.21,75.21,7.6,detected,0
80.0,80.0,400,324,person,0.17,1324,-2,43,69,1345.5,32.5,2967,34.93,34.93,4.2,predicted,1
80.0,80.0,400,334,person,0.8266,1757,227,66,165,1790.0,309.5,10890,43.93,43.93,2.2,detected,0
80.0,80.0,400,339,person,0.8453,166,612,116,253,224.0,738.5,29348,192.71,192.71,1.2,detected,0
81.0,81.0,405,17,person,0.337,111,290,60,133,141.0,356.5,7980,113.14,56.57,81.0,detected,0
81.0,81.0,405,105,person,0.8234,731,108,52,136,757.0,176.0,7072,55.07,55.07,60.6,detected,0
81.0,81.0,405,265,person,0.3575,1176,-1,38,84,1195.0,41.0,3192,27.68,27.68,24.8,detected,0
81.0,81.0,405,274,person,0.4394,1175,0,45,93,1197.5,46.5,4185,30.08,30.08,21.4,detected,0
81.0,81.0,405,290,person,0.7915,866,73,54,139,893.0,142.5,7506,44.58,44.58,15.2,detected,0
81.0,81.0,405,300,person,0.8842,1307,310,80,200,1347.0,410.0,16000,47.8,47.8,14.8,detected,0
81.0,81.0,405,302,person,0.7423,1079,53,46,132,1102.0,119.0,6072,55.46,55.46,12.4,detected,0
81.0,81.0,405,304,person,0.898,330,370,95,205,377.5,472.5,19475,176.93,176.93,12.0,detected,0
81.0,81.0,405,306,person,0.6605,1037,69,49,144,1061.5,141.0,7056,54.8,54.8,11.8,detected,0
81.0,81.0,405,307,person,0.8956,1146,217,57,186,1174.5,310.0,10602,58.34,58.34,10.8,detected,0
81.0,81.0,405,308,person,0.9218,1222,238,76,188,1260.0,332.0,14288,47.93,47.93,10.6,detected,0
81.0,81.0,405,314,person,0.9098,1389,143,85,180,1431.5,233.0,15300,43.83,43.83,9.6,detected,0
81.0,81.0,405,315,person,0.8162,24,371,72,187,60.0,464.5,13464,102.81,102.81,9.4,detected,0
81.0,81.0,405,321,person,0.8947,917,142,61,171,947.5,227.5,10431,72.68,72.68,8.6,detected,0
81.0,81.0,405,324,person,0.1601,1345,-3,39,50,1364.5,22.0,1950,21.71,21.71,5.2,predicted,1
81.0,81.0,405,334,person,0.8729,1717,203,60,156,1747.0,281.0,9360,51.59,51.59,3.2,detected,0
81.0,81.0,405,339,person,0.9122,354,553,102,239,405.0,672.5,24378,192.66,192.66,2.2,detected,0
81.0,81.0,405,346,person,0.2257,1767,1,36,36,1785.0,19.0,1296,0.0,0.0,0.0,detected,0
82.0,82.0,410,17,person,0.3754,113,286,60,130,143.0,351.0,7800,5.85,5.85,82.0,detected,0
82.0,82.0,410,105,person,0.8042,771,84,52,133,797.0,150.5,6916,47.44,47.44,61.6,detected,0
82.0,82.0,410,265,person,0.1984,1204,1,28,41,1218.0,21.5,1148,30.15,30.15,25.8,detected,0
82.0,82.0,410,274,person,0.3043,1145,0,40,106,1165.0,53.0,4240,33.14,33.14,22.4,detected,0
82.0,82.0,410,281,person,0.3863,11,280,78,156,50.0,358.0,12168,99.21,49.61,21.4,detected,0
82.0,82.0,410,290,person,0.622,896,57,59,132,925.5,123.0,7788,37.9,37.9,16.2,detected,0
82.0,82.0,410,300,person,0.8844,1281,350,85,216,1323.5,458.0,18360,53.44,53.44,15.8,detected,0
82.0,82.0,410,302,person,0.6607,1123,33,47,126,1146.5,96.0,5922,50.09,50.09,13.4,detected,0
82.0,82.0,410,304,person,0.8762,488,331,81,197,528.5,429.5,15957,157.0,157.0,13.0,detected,0
82.0,82.0,410,306,person,0.5652,1082,48,46,140,1105.0,118.0,6440,49.21,49.21,12.8,detected,0
82.0,82.0,410,307,person,0.8653,1193,186,57,177,1221.5,274.5,10089,58.9,58.9,11.8,detected,0
82.0,82.0,410,308,person,0.9174,1255,200,68,184,1289.0,292.0,12512,49.41,49.41,11.6,detected,0
82.0,82.0,410,314,person,0.9305,1354,176,86,185,1397.0,268.5,15910,49.5,49.5,10.6,detected,0
82.0,82.0,410,321,person,0.8964,987,116,58,164,1016.0,198.0,9512,74.58,74.58,9.6,detected,0
82.0,82.0,410,334,person,0.8056,1669,175,62,153,1700.0,251.5,9486,55.49,55.49,4.2,detected,0
82.0,82.0,410,339,person,0.8958,521,499,96,227,569.0,612.5,21792,174.63,174.63,3.2,detected,0
82.0,82.0,410,346,person,0.3425,1813,1,45,40,1835.5,21.0,1800,50.54,50.54,1.0,detected,0
82.0,82.0,410,347,person,0.8489,1639,7,70,140,1674.0,77.0,9800,0.0,0.0,0.4,detected,0
83.0,83.0,415,17,person,0.3852,112,286,60,130,142.0,351.0,7800,1.0,1.0,83.0,detected,0
83.0,83.0,415,105,person,0.8248,801,65,55,131,828.5,130.5,7205,37.31,37.31,62.6,detected,0
83.0,83.0,415,274,person,0.1637,1110,5,32,63,1126.0,36.5,2016,42.35,42.35,23.4,detected,0
83.0,83.0,415,281,person,0.4518,12,276,78,157,51.0,354.5,12246,3.64,3.64,22.4,detected,0
83.0,83.0,415,290,person,0.747,940,35,51,131,965.5,100.5,6681,45.89,45.89,17.2,detected,0
83.0,83.0,415,300,person,0.8767,1240,404,93,223,1286.5,515.5,20739,68.38,68.38,16.8,detected,0
83.0,83.0,415,302,person,0.5277,1159,15,41,122,1179.5,76.0,5002,38.59,38.59,14.4,detected,0
83.0,83.0,415,304,person,0.8345,631,297,80,192,671.0,393.0,15360,147.1,147.1,14.0,detected,0
83.0,83.0,415,306,person,0.6216,1116,29,46,135,1139.0,96.5,6210,40.23,40.23,13.8,detected,0
83.0,83.0,415,307,person,0.8518,1245,158,53,171,1271.5,243.5,9063,58.83,58.83,12.8,detected,0
83.0,83.0,415,308,person,0.6389,1294,192,75,184,1331.5,284.0,13800,43.25,43.25,12.6,detected,0
83.0,83.0,415,314,person,0.1727,1306,209,82,193,1347.0,305.5,15826,62.2,62.2,11.6,detected,0
83.0,83.0,415,321,person,0.877,1056,92,56,158,1084.0,171.0,8848,73.16,73.16,10.6,detected,0
83.0,83.0,415,334,person,0.8273,1630,153,65,139,1662.5,222.5,9035,47.41,47.41,5.2,detected,0
83.0,83.0,415,339,person,0.8593,665,447,87,223,708.5,558.5,19401,149.59,149.59,4.2,detected,0
83.0,83.0,415,347,person,0.8559,1535,15,67,143,1568.5,86.5,9581,105.93,105.93,1.4,detected,0
83.0,83.0,415,352,person,0.8517,1784,190,75,149,1821.5,264.5,11175,0.0,0.0,0.6,detected,0
84.0,84.0,420,17,person,0.3968,111,286,61,132,141.5,352.0,8052,1.12,1.12,84.0,detected,0
84.0,84.0,420,105,person,0.6315,792,51,48,124,816.0,113.0,5952,21.51,21.51,63.6,detected,0
84.0,84.0,420,274,person,0.8268,1062,21,47,126,1085.5,84.0,5922,62.42,62.42,24.4,detected,0
84.0,84.0,420,281,person,0.5411,10,275,80,160,50.0,355.0,12800,1.12,1.12,23.4,detected,0
84.0,84.0,420,290,person,0.8314,976,21,53,123,1002.5,82.5,6519,41.15,41.15,18.2,detected,0
84.0,84.0,420,300,person,0.8289,1185,462,93,235,1231.5,579.5,21855,84.39,84.39,17.8,detected,0
84.0,84.0,420,302,person,0.3326,1185,0,42,114,1206.0,57.0,4788,32.61,32.61,15.4,detected,0
84.0,84.0,420,304,person,0.8181,766,267,79,189,805.5,361.5,14931,138.14,138.14,15.0,detected,0
84.0,84.0,420,306,person,0.3003,1149,9,41,129,1169.5,73.5,5289,38.2,38.2,14.8,detected,0
84.0,84.0,420,307,person,0.8386,1289,130,55,145,1316.5,202.5,7975,60.88,60.88,13.8,detected,0
84.0,84.0,420,308,person,0.8874,1342,142,63,166,1373.5,225.0,10458,72.42,72.42,13.6,detected,0
84.0,84.0,420,314,person,0.8955,1245,257,94,197,1292.0,355.5,18518,74.33,74.33,12.6,detected,0
84.0,84.0,420,321,person,0.8668,1107,68,57,154,1135.5,145.0,8778,57.69,57.69,11.6,detected,0
84.0,84.0,420,334,person,0.7956,1607,132,63,140,1638.5,202.0,8820,31.56,31.56,6.2,detected,0
84.0,84.0,420,339,person,0.8914,787,400,78,210,826.0,505.0,16380,129.11,129.11,5.2,detected,0
84.0,84.0,420,347,person,0.8015,1442,23,59,147,1471.5,96.5,8673,97.51,97.51,2.4,detected,0
84.0,84.0,420,352,person,0.8775,1734,162,71,147,1769.5,235.5,10437,59.54,59.54,1.6,detected,0
84.0,84.0,420,353,person,0.2031,1152,16,35,117,1169.5,74.5,4095,0.0,0.0,0.8,detected,0
84.0,84.0,420,354,person,0.1507,1181,9,44,105,1203.0,61.5,4620,0.0,0.0,0.0,detected,0
85.0,85.0,425,17,person,0.4035,111,287,60,131,141.0,352.5,7860,0.71,0.71,85.0,predicted,1
85.0,85.0,425,274,person,0.6986,1009,40,51,134,1034.5,107.0,6834,55.95,55.95,25.4,detected,0
85.0,85.0,425,281,person,0.5197,9,274,81,161,49.5,354.5,13041,0.71,0.71,24.4,predicted,1
85.0,85.0,425,290,person,0.3694,1016,2,49,121,1040.5,62.5,5929,42.94,42.94,19.2,detected,0
85.0,85.0,425,300,person,0.8964,1111,534,100,252,1161.0,660.0,25200,107.01,107.01,18.8,detected,0
85.0,85.0,425,304,person,0.6304,905,238,71,147,940.5,311.5,10437,143.96,143.96,16.0,detected,0
85.0,85.0,425,306,person,0.1876,1174,0,42,115,1195.0,57.5,4830,30.1,30.1,15.8,detected,0
85.0,85.0,425,307,person,0.8431,1327,104,54,156,1354.0,182.0,8424,42.74,42.74,14.8,detected,0
85.0,85.0,425,308,person,0.9006,1383,113,61,165,1413.5,195.5,10065,49.7,49.7,14.6,detected,0
85.0,85.0,425,314,person,0.8775,1202,298,99,209,1251.5,402.5,20691,62.04,62.04,13.6,detected,0
85.0,85.0,425,321,person,0.8631,1144,47,51,150,1169.5,122.0,7650,41.05,41.05,12.6,detected,0
85.0,85.0,425,334,person,0.8005,1596,118,55,137,1623.5,186.5,7535,21.57,21.57,7.2,detected,0
85.0,85.0,425,339,person,0.846,894,357,74,204,931.0,459.0,15096,114.63,114.63,6.2,detected,0
85.0,85.0,425,347,person,0.3435,1354,36,49,139,1378.5,105.5,6811,93.43,93.43,3.4,detected,0
85.0,85.0,425,352,person,0.8079,1702,139,68,141,1736.0,209.5,9588,42.41,42.41,2.6,detected,0
85.0,85.0,425,354,person,0.1796,1179,1,38,110,1198.0,56.0,4180,7.43,7.43,1.0,detected,0
85.0,85.0,425,356,person,0.4753,1847,180,43,148,1868.5,254.0,6364,0.0,0.0,0.0,detected,0
85.0,85.0,425,357,person,0.2315,1709,55,30,108,1724.0,109.0,3240,0.0,0.0,0.0,detected,0
86.0,86.0,430,17,person,0.3801,111,287,60,131,141.0,352.5,7860,0.0,0.0,86.0,detected,0
86.0,86.0,430,274,person,0.7619,950,60,51,136,975.5,128.0,6936,62.63,62.63,26.4,detected,0
86.0,86.0,430,281,person,0.3525,12,278,78,157,51.0,356.5,12246,2.5,2.5,25.4,detected,0
86.0,86.0,430,290,person,0.622,1049,0,50,107,1074.0,53.5,5350,34.69,34.69,20.2,detected,0
86.0,86.0,430,300,person,0.8082,1022,611,98,261,1071.0,741.5,25578,121.42,121.42,19.8,detected,0
86.0,86.0,430,304,person,0.7984,999,212,80,154,1039.0,289.0,12320,101.04,101.04,17.0,detected,0
86.0,86.0,430,307,person,0.8757,1359,80,53,152,1385.5,156.0,8056,40.84,40.84,15.8,detected,0
86.0,86.0,430,308,person,0.8925,1417,91,60,157,1447.0,169.5,9420,42.41,42.41,15.6,detected,0
86.0,86.0,430,314,person,0.9176,1149,347,105,224,1201.5,459.0,23520,75.45,75.45,14.6,detected,0
86.0,86.0,430,321,person,0.8117,1167,26,50,142,1192.0,97.0,7100,33.63,33.63,13.6,detected,0
86.0,86.0,430,334,person,0.8147,1583,103,55,136,1610.5,171.0,7480,20.23,20.23,8.2,detected,0
86.0,86.0,430,339,person,0.8844,994,319,71,197,1029.5,417.5,13987,106.89,106.89,7.2,detected,0
86.0,86.0,430,347,person,0.8483,1249,53,56,155,1277.0,130.5,8680,104.53,104.53,4.4,detected,0
86.0,86.0,430,352,person,0.7657,1667,127,61,127,1697.5,190.5,7747,42.93,42.93,3.6,detected,0
86.0,86.0,430,356,person,0.6941,1815,206,65,136,1847.5,274.0,8840,29.0,29.0,1.0,detected,0
86.0,86.0,430,357,person,0.2224,1686,74,48,106,1710.0,127.0,5088,22.8,22.8,1.0,detected,0
86.0,86.0,430,358,person,0.888,101,558,103,266,152.5,691.0,27398,0.0,0.0,0.8,detected,0
87.0,87.0,435,17,person,0.3183,111,287,60,130,141.0,352.0,7800,0.5,0.5,87.0,detected,0
87.0,87.0,435,274,person,0.8235,885,75,50,141,910.0,145.5,7050,67.8,67.8,27.4,detected,0
87.0,87.0,435,281,person,0.3103,5,275,85,160,47.5,355.0,13600,3.81,3.81,26.4,detected,0
87.0,87.0,435,290,person,0.1672,1083,0,48,90,1107.0,45.0,4320,34.08,34.08,21.2,detected,0
87.0,87.0,435,300,person,0.8645,922,695,106,285,975.0,837.5,30210,135.76,135.76,20.8,detected,0
87.0,87.0,435,304,person,0.7886,1088,179,63,171,1119.5,264.5,10773,84.15,84.15,18.0,detected,0
87.0,87.0,435,306,person,0.6404,1108,4,44,95,1130.0,51.5,4180,65.28,32.64,17.8,detected,0
87.0,87.0,435,307,person,0.8483,1392,58,49,146,1416.5,131.0,7154,39.82,39.82,16.8,detected,0
87.0,87.0,435,308,person,0.8711,1451,69,57,150,1479.5,144.0,8550,41.31,41.31,16.6,detected,0
87.0,87.0,435,314,person,0.9202,1079,401,107,238,1132.5,520.0,25466,92.1,92.1,15.6,detected,0
87.0,87.0,435,321,person,0.7837,1189,13,50,139,1214.0,82.5,6950,26.35,26.35,14.6,detected,0
87.0,87.0,435,334,person,0.7768,1570,87,60,137,1600.0,155.5,8220,18.72,18.72,9.2,detected,0
87.0,87.0,435,339,person,0.7981,1099,285,61,152,1129.5,361.0,9272,114.86,114.86,8.2,detected,0
87.0,87.0,435,347,person,0.7746,1132,66,67,145,1165.5,138.5,9715,111.79,111.79,5.4,detected,0
87.0,87.0,435,352,person,0.8778,1626,101,59,130,1655.5,166.0,7670,48.62,48.62,4.6,detected,0
87.0,87.0,435,356,person,0.8449,1790,239,77,139,1828.5,308.5,10703,39.39,39.39,2.0,detected,0
87.0,87.0,435,357,person,0.8615,1681,90,47,139,1704.5,159.5,6533,32.96,32.96,2.0,detected,0
87.0,87.0,435,358,person,0.8517,270,477,90,250,315.0,602.0,22500,185.28,185.28,1.8,detected,0
87.0,87.0,435,360,person,0.3409,1372,0,34,48,1389.0,24.0,1632,0.0,0.0,0.8,detected,0
87.0,87.0,435,361,person,0.1936,1419,0,28,49,1433.0,24.5,1372,0.0,0.0,0.2,detected,0
88.0,88.0,440,17,person,0.3041,111,287,60,130,141.0,352.0,7800,0.0,0.0,88.0,detected,0
88.0,88.0,440,274,person,0.8457,814,93,51,146,839.5,166.0,7446,73.42,73.42,28.4,detected,0
88.0,88.0,440,281,person,0.3739,7,276,83,159,48.5,355.5,13197,1.12,1.12,27.4,detected,0
88.0,88.0,440,290,person,0.5563,1118,0,48,76,1142.0,38.0,3648,35.69,35.69,22.2,detected,0
88.0,88.0,440,300,person,0.8358,812,801,112,278,868.0,940.0,31136,148.17,148.17,21.8,detected,0
88.0,88.0,440,304,person,0.8361,1161,153,58,166,1190.0,236.0,9628,76.04,76.04,19.0,detected,0
88.0,88.0,440,307,person,0.8422,1419,37,48,141,1443.0,107.5,6768,35.42,35.42,17.8,detected,0
88.0,88.0,440,308,person,0.8838,1481,47,55,147,1508.5,120.5,8085,37.33,37.33,17.6,detected,0
88.0,88.0,440,314,person,0.9215,998,464,114,258,1055.0,593.0,29412,106.47,106.47,16.6,detected,0
88.0,88.0,440,321,person,0.6818,1208,0,49,120,1232.5,60.0,5880,29.13,29.13,15.6,detected,0
88.0,88.0,440,334,person,0.7421,1575,70,57,138,1603.5,139.0,7866,16.87,16.87,10.2,detected,0
88.0,88.0,440,339,person,0.8796,1181,252,65,180,1213.5,342.0,11700,86.12,86.12,9.2,detected,0
88.0,88.0,440,347,person,0.8647,1016,86,68,156,1050.0,164.0,10608,118.28,118.28,6.4,detected,0
88.0,88.0,440,352,person,0.684,1607,88,58,127,1636.0,151.5,7366,24.3,24.3,5.6,detected,0
88.0,88.0,440,356,person,0.8391,1758,273,78,170,1797.0,358.0,13260,58.67,58.67,3.0,detected,0
88.0,88.0,440,357,person,0.8062,1669,111,58,144,1698.0,183.0,8352,24.38,24.38,3.0,detected,0
88.0,88.0,440,358,person,0.9053,410,411,82,227,451.0,524.5,18614,156.53,156.53,2.8,detected,0
88.0,88.0,440,360,person,0.4991,1335,0,41,63,1355.5,31.5,2583,34.33,34.33,1.8,detected,0
88.0,88.0,440,361,person,0.1918,1393,1,32,63,1409.0,32.5,2016,25.3,25.3,1.2,detected,0
88.0,88.0,440,367,person,0.8687,1448,987,120,93,1508.0,1033.5,11160,0.0,0.0,0.2,detected,0
88.0,88.0,440,368,person,0.2072,1888,865,31,177,1903.5,953.5,5487,0.0,0.0,0.0,detected,0
89.0,89.0,445,17,person,0.3602,111,287,60,131,141.0,352.5,7860,0.5,0.5,89.0,detected,0
89.0,89.0,445,274,person,0.8251,741,116,52,123,767.0,177.5,6396,73.41,73.41,29.4,detected,0
89.0,89.0,445,281,person,0.4059,7,275,83,161,48.5,355.5,13363,0.0,0.0,28.4,detected,0
89.0,89.0,445,290,person,0.3205,1154,0,37,60,1172.5,30.0,2220,31.53,31.53,23.2,detected,0
89.0,89.0,445,300,person,0.8766,666,928,125,152,728.5,1004.0,19000,153.48,153.48,22.8,detected,0
89.0,89.0,445,304,person,0.871,1231,129,61,164,1261.5,211.0,10004,75.74,75.74,20.0,detected,0
89.0,89.0,445,307,person,0.8593,1445,18,49,138,1469.5,87.0,6762,33.5,33.5,18.8,detected,0
89.0,89.0,445,308,person,0.8522,1503,27,54,141,1530.0,97.5,7614,31.48,31.48,18.6,detected,0
89.0,89.0,445,314,person,0.9073,908,535,126,278,971.0,674.0,35028,116.69,116.69,17.6,detected,0
89.0,89.0,445,321,person,0.5334,1225,0,44,99,1247.0,49.5,4356,17.9,17.9,16.6,detected,0
89.0,89.0,445,334,person,0.6839,1595,57,49,129,1619.5,121.5,6321,23.71,23.71,11.2,detected,0
89.0,89.0,445,339,person,0.8903,1257,222,61,175,1287.5,309.5,10675,80.82,80.82,10.2,detected,0
89.0,89.0,445,347,person,0.8712,912,102,62,161,943.0,182.5,9982,108.59,108.59,7.4,detected,0
89.0,89.0,445,352,person,0.5621,1625,71,53,124,1651.5,133.0,6572,24.14,24.14,6.6,detected,0
89.0,89.0,445,356,person,0.8961,1717,310,80,174,1757.0,397.0,13920,55.87,55.87,4.0,detected,0
89.0,89.0,445,357,person,0.8262,1673,139,64,149,1705.0,213.5,9536,31.29,31.29,4.0,detected,0
89.0,89.0,445,358,person,0.8984,539,354,77,214,577.5,461.0,16478,141.54,141.54,3.8,detected,0
89.0,89.0,445,360,person,0.5725,1305,0,39,77,1324.5,38.5,3003,31.78,31.78,2.8,detected,0
89.0,89.0,445,361,person,0.5537,1361,0,40,79,1381.0,39.5,3160,28.86,28.86,2.2,detected,0
89.0,89.0,445,367,person,0.9129,1472,867,146,213,1545.0,973.5,31098,70.49,70.49,1.2,detected,0
89.0,89.0,445,368,person,0.2649,1889,866,30,176,1904.0,954.0,5280,0.71,0.71,1.0,detected,0
90.0,90.0,450,17,person,0.3368,111,286,60,132,141.0,352.0,7920,0.5,0.5,90.0,detected,0
90.0,90.0,450,274,person,0.7762,662,141,55,138,689.5,210.0,7590,84.04,84.04,30.4,detected,0
90.0,90.0,450,281,person,0.4291,9,273,83,163,50.5,354.5,13529,2.24,2.24,29.4,detected,0
90.0,90.0,450,290,person,0.2033,1187,-2,31,50,1202.5,23.0,1550,30.81,30.81,24.2,predicted,1
90.0,90.0,450,304,person,0.7691,1298,105,58,157,1327.0,183.5,9106,71.04,71.04,21.0,detected,0
90.0,90.0,450,307,person,0.7394,1470,1,46,132,1493.0,67.0,6072,30.86,30.86,19.8,detected,0
90.0,90.0,450,308,person,0.8746,1528,9,55,137,1555.5,77.5,7535,32.41,32.41,19.6,detected,0
90.0,90.0,450,314,person,0.9074,807,625,150,285,882.0,767.5,42750,129.09,129.09,18.6,detected,0
90.0,90.0,450,321,person,0.2412,1242,0,39,79,1261.5,39.5,3081,17.61,17.61,17.6,detected,0
90.0,90.0,450,334,person,0.6677,1614,46,52,125,1640.0,108.5,6500,24.27,24.27,12.2,detected,0
90.0,90.0,450,339,person,0.8618,1333,196,62,167,1364.0,279.5,10354,82.17,82.17,11.2,detected,0
90.0,90.0,450,347,person,0.7955,812,121,60,166,842.0,204.0,9960,103.26,103.26,8.4,detected,0
90.0,90.0,450,352,person,0.6637,1662,55,51,121,1687.5,115.5,6171,40.03,40.03,7.6,detected,0
90.0,90.0,450,356,person,0.8872,1693,352,80,184,1733.0,444.0,14720,52.77,52.77,5.0,detected,0
90.0,90.0,450,357,person,0.7925,1690,169,66,157,1723.0,247.5,10362,38.47,38.47,5.0,detected,0
90.0,90.0,450,358,person,0.8644,660,302,69,208,694.5,406.0,14352,129.28,129.28,4.8,detected,0
90.0,90.0,450,360,person,0.4524,1279,0,40,91,1299.0,45.5,3640,26.44,26.44,3.8,detected,0
90.0,90.0,450,361,person,0.6002,1333,0,42,94,1354.0,47.0,3948,28.02,28.02,3.2,detected,0
90.0,90.0,450,367,person,0.9017,1538,767,134,305,1605.0,919.5,40870,80.72,80.72,2.2,detected,0
90.0,90.0,450,368,person,0.2283,1888,865,31,182,1903.5,956.0,5642,2.06,2.06,2.0,detected,0
90.0,90.0,450,373,person,0.5815,1797,343,55,184,1824.5,435.0,10120,0.0,0.0,0.6,detected,0
90.0,90.0,450,374,person,0.9195,0,478,84,213,42.0,584.5,17892,0.0,0.0,0.4,detected,0
91.0,91.0,455,17,person,0.2509,111,286,60,132,141.0,352.0,7920,0.0,0.0,91.0,detected,0
91.0,91.0,455,274,person,0.8448,578,170,55,156,605.5,248.0,8580,92.2,92.2,31.4,detected,0
91.0,91.0,455,281,person,0.3434,8,274,83,162,49.5,355.0,13446,1.12,1.12,30.4,detected,0
91.0,91.0,455,290,person,0.2221,1211,-2,30,35,1226.0,15.5,1050,24.67,24.67,25.2,detected,0
91.0,91.0,455,304,person,0.802,1348,83,55,150,1375.5,158.0,8250,54.8,54.8,22.0,detected,0
91.0,91.0,455,307,person,0.7045,1491,0,45,111,1513.5,55.5,4995,23.51,23.51,20.8,detected,0
91.0,91.0,455,308,person,0.7455,1549,0,52,125,1575.0,62.5,6500,24.6,24.6,20.6,detected,0
91.0,91.0,455,314,person,0.9008,696,717,155,317,773.5,875.5,49135,153.09,153.09,19.6,detected,0
91.0,91.0,455,334,person,0.6626,1644,34,48,126,1668.0,97.0,6048,30.27,30.27,13.2,detected,0
91.0,91.0,455,339,person,0.8794,1421,176,60,161,1451.0,256.5,9660,89.99,89.99,12.2,detected,0
91.0,91.0,455,347,person,0.787,720,145,57,112,748.5,201.0,6384,93.55,93.55,9.4,detected,0
91.0,91.0,455,352,person,0.6018,1685,40,50,121,1710.0,100.5,6050,27.04,27.04,8.6,detected,0
91.0,91.0,455,356,person,0.9152,1665,397,86,193,1708.0,493.5,16598,55.45,55.45,6.0,detected,0
91.0,91.0,455,357,person,0.7856,1706,202,66,164,1739.0,284.0,10824,39.85,39.85,6.0,detected,0
91.0,91.0,455,358,person,0.8172,756,258,64,196,788.0,356.0,12544,106.03,106.03,5.8,detected,0
91.0,91.0,455,360,person,0.5119,1250,0,43,107,1271.5,53.5,4601,28.64,28.64,4.8,detected,0
91.0,91.0,455,361,person,0.5282,1301,0,43,111,1322.5,55.5,4773,32.63,32.63,4.2,detected,0
91.0,91.0,455,367,person,0.9216,1601,686,125,292,1663.5,832.0,36500,105.25,105.25,3.2,detected,0
91.0,91.0,455,368,person,0.2154,1887,865,32,183,1903.0,956.5,5856,0.71,0.71,3.0,detected,0
91.0,91.0,455,373,person,0.8272,1762,379,69,203,1796.5,480.5,14007,53.43,53.43,1.6,detected,0
91.0,91.0,455,374,person,0.8758,114,408,102,211,165.0,513.5,21522,142.02,142.02,1.4,detected,0
91.0,91.0,455,376,person,0.8792,4,804,117,276,62.5,942.0,32292,0.0,0.0,0.6,detected,0
92.0,92.0,460,17,person,0.243,111,286,60,131,141.0,351.5,7860,0.5,0.5,92.0,detected,0
92.0,92.0,460,274,person,0.8989,481,195,56,167,509.0,278.5,9352,101.21,101.21,32.4,detected,0
92.0,92.0,460,281,person,0.3795,15,280,76,156,53.0,358.0,11856,4.61,4.61,31.4,detected,0
92.0,92.0,460,304,person,0.8535,1387,61,50,144,1412.0,133.0,7200,44.24,44.24,23.0,detected,0
92.0,92.0,460,307,person,0.3662,1513,0,43,93,1534.5,46.5,3999,22.85,22.85,21.8,detected,0
92.0,92.0,460,308,person,0.6011,1563,0,50,104,1588.0,52.0,5200,16.71,16.71,21.6,detected,0
92.0,92.0,460,314,person,0.9047,538,824,163,256,619.5,952.0,41728,171.95,171.95,20.6,detected,0
92.0,92.0,460,334,person,0.2409,1683,21,43,122,1704.5,82.0,5246,39.46,39.46,14.2,detected,0
92.0,92.0,460,339,person,0.8367,1492,154,58,163,1521.0,235.5,9454,73.08,73.08,13.2,detected,0
92.0,92.0,460,347,person,0.8565,630,169,58,132,659.0,235.0,7656,95.74,95.74,10.4,detected,0
92.0,92.0,460,356,person,0.9118,1624,448,92,202,1670.0,549.0,18584,67.26,67.26,7.0,detected,0
92.0,92.0,460,357,person,0.878,1708,238,68,171,1742.0,323.5,11628,39.61,39.61,7.0,detected,0
92.0,92.0,460,358,person,0.8799,845,217,63,186,876.5,310.0,11718,99.74,99.74,6.8,detected,0
92.0,92.0,460,360,person,0.7247,1214,5,45,119,1236.5,64.5,5355,36.69,36.69,5.8,detected,0
92.0,92.0,460,361,person,0.7158,1268,4,46,124,1291.0,66.0,5704,33.2,33.2,5.2,detected,0
92.0,92.0,460,367,person,0.9329,1661,615,117,276,1719.5,753.0,32292,96.83,96.83,4.2,detected,0
92.0,92.0,460,368,person,0.1509,1887,865,33,194,1903.5,962.0,6402,5.52,5.52,4.0,detected,0
92.0,92.0,460,373,person,0.9136,1736,430,81,214,1776.5,537.0,17334,59.94,59.94,2.6,detected,0
92.0,92.0,460,374,person,0.8932,246,355,88,198,290.0,454.0,17424,138.44,138.44,2.4,detected,0
92.0,92.0,460,376,person,0.9021,109,695,134,326,176.0,858.0,43684,141.2,141.2,1.6,detected,0
92.0,92.0,460,379,person,0.5201,1658,0,42,73,1679.0,36.5,3066,0.0,0.0,0.8,detected,0
93.0,93.0,465,17,person,0.3165,111,286,60,130,141.0,351.0,7800,0.5,0.5,93.0,detected,0
93.0,93.0,465,274,person,0.4976,385,230,59,150,414.5,305.0,8850,98.15,98.15,33.4,detected,0
93.0,93.0,465,281,person,0.4129,14,279,77,157,52.5,357.5,12089,0.71,0.71,32.4,detected,0
93.0,93.0,465,304,person,0.834,1408,38,47,140,1431.5,108.0,6580,31.71,31.71,24.0,detected,0
93.0,93.0,465,307,person,0.4455,1535,0,38,75,1554.0,37.5,2850,21.48,21.48,22.8,detected,0
93.0,93.0,465,308,person,0.4807,1574,0,38,84,1593.0,42.0,3192,11.18,11.18,22.6,detected,0
93.0,93.0,465,314,person,0.8461,391,966,149,114,465.5,1023.0,16986,169.58,169.58,21.6,detected,0
93.0,93.0,465,334,person,0.5461,1671,1,51,106,1696.5,54.0,5406,29.12,29.12,15.2,detected,0
93.0,93.0,465,339,person,0.7932,1548,129,57,147,1576.5,202.5,8379,64.57,64.57,14.2,detected,0
93.0,93.0,465,347,person,0.8949,527,199,79,184,566.5,291.0,14536,108.13,108.13,11.4,detected,0
93.0,93.0,465,352,person,0.4859,1709,7,43,117,1730.5,65.5,5031,40.56,20.28,10.6,detected,0
93.0,93.0,465,356,person,0.9119,1588,501,95,213,1635.5,607.5,20235,67.92,67.92,8.0,detected,0
93.0,93.0,465,357,person,0.8865,1699,273,70,181,1734.0,363.5,12670,40.79,40.79,8.0,detected,0
93.0,93.0,465,358,person,0.8678,928,181,62,177,959.0,269.5,10974,91.9,91.9,7.8,detected,0
93.0,93.0,465,360,person,0.7658,1187,22,42,122,1208.0,83.0,5124,33.98,33.98,6.8,detected,0
93.0,93.0,465,361,person,0.8143,1243,17,47,131,1266.5,82.5,6157,29.54,29.54,6.2,detected,0
93.0,93.0,465,367,person,0.8666,1729,559,101,248,1779.5,683.0,25048,92.2,92.2,5.2,detected,0
93.0,93.0,465,368,person,0.1934,1888,865,32,181,1904.0,955.5,5792,6.52,6.52,5.0,detected,0
93.0,93.0,465,373,person,0.9032,1688,484,84,218,1730.0,593.0,18312,72.79,72.79,3.6,detected,0
93.0,93.0,465,374,person,0.8743,353,314,84,186,395.0,407.0,15624,115.04,115.04,3.4,detected,0
93.0,93.0,465,376,person,0.9169,238,613,121,299,298.5,762.5,36179,155.33,155.33,2.6,detected,0
93.0,93.0,465,379,person,0.6403,1618,0,46,99,1641.0,49.5,4554,40.16,40.16,1.8,detected,0
94.0,94.0,470,17,person,0.2072,111,285,60,131,141.0,350.5,7860,0.5,0.5,94.0,detected,0
94.0,94.0,470,274,person,0.8217,297,265,64,183,329.0,356.5,11712,99.81,99.81,34.4,detected,0
94.0,94.0,470,281,person,0.4065,13,278,78,158,52.0,357.0,12324,0.71,0.71,33.4,detected,0
94.0,94.0,470,304,person,0.8352,1429,24,48,130,1453.0,89.0,6240,28.69,28.69,25.0,detected,0
94.0,94.0,470,334,person,0.676,1635,0,46,117,1658.0,58.5,5382,38.76,38.76,16.2,detected,0
94.0,94.0,470,339,person,0.8125,1603,107,55,135,1630.5,174.5,7425,60.83,60.83,15.2,detected,0
94.0,94.0,470,347,person,0.8461,428,231,69,178,462.5,320.0,12282,107.97,107.97,12.4,detected,0
94.0,94.0,470,352,person,0.2893,1719,0,52,80,1745.0,40.0,4160,29.33,29.33,11.6,detected,0
94.0,94.0,470,356,person,0.9203,1535,563,102,223,1586.0,674.5,22746,83.3,83.3,9.0,detected,0
94.0,94.0,470,357,person,0.9034,1679,312,74,190,1716.0,407.0,14060,47.08,47.08,9.0,detected,0
94.0,94.0,470,358,person,0.8583,1012,149,63,168,1043.5,233.0,10584,92.05,92.05,8.8,detected,0
94.0,94.0,470,360,person,0.7749,1161,38,48,128,1185.0,102.0,6144,29.83,29.83,7.8,detected,0
94.0,94.0,470,361,person,0.834,1214,34,44,132,1236.0,100.0,5808,35.16,35.16,7.2,detected,0
94.0,94.0,470,367,person,0.7918,1790,505,70,162,1825.0,586.0,11340,107.14,107.14,6.2,detected,0
94.0,94.0,470,373,person,0.9183,1645,546,93,238,1691.5,665.0,22134,81.65,81.65,4.6,detected,0
94.0,94.0,470,374,person,0.8409,448,281,68,181,482.0,371.5,12308,93.96,93.96,4.4,detected,0
94.0,94.0,470,376,person,0.8887,358,542,108,278,412.0,681.0,30024,139.73,139.73,3.6,detected,0
94.0,94.0,470,379,person,0.743,1584,0,50,119,1609.0,59.5,5950,33.53,33.53,2.8,detected,0
94.0,94.0,470,381,person,0.3443,1672,0,36,74,1690.0,37.0,2664,0.0,0.0,0.6,detected,0
95.0,95.0,475,17,person,0.4179,112,286,60,131,142.0,351.5,7860,1.41,1.41,95.0,detected,0
95.0,95.0,475,274,person,0.8283,207,310,65,190,239.5,405.0,12350,101.8,101.8,35.4,detected,0
95.0,95.0,475,281,person,0.5173,14,276,76,160,52.0,356.0,12160,1.0,1.0,34.4,detected,0
95.0,95.0,475,304,person,0.7575,1467,4,48,129,1491.0,68.5,6192,43.18,43.18,26.0,detected,0
95.0,95.0,475,334,person,0.6582,1611,13,47,133,1634.5,79.5,6251,31.52,31.52,17.2,detected,0
95.0,95.0,475,339,person,0.8645,1652,88,55,142,1679.5,159.0,7810,51.39,51.39,16.2,detected,0
95.0,95.0,475,347,person,0.89,337,263,67,209,370.5,367.5,14003,103.54,103.54,13.4,detected,0
95.0,95.0,475,356,person,0.9377,1470,635,116,232,1528.0,751.0,26912,96.0,96.0,10.0,detected,0
95.0,95.0,475,357,person,0.8894,1649,357,75,199,1686.5,456.5,14925,57.62,57.62,10.0,detected,0
95.0,95.0,475,358,person,0.7645,1091,119,57,161,1119.5,199.5,9177,83.06,83.06,9.8,detected,0
95.0,95.0,475,360,person,0.8247,1132,55,45,128,1154.5,119.0,5760,34.92,34.92,8.8,detected,0
95.0,95.0,475,361,person,0.8396,1186,49,44,137,1208.0,117.5,6028,33.02,33.02,8.2,detected,0
95.0,95.0,475,367,person,0.188,1833,488,34,113,1850.0,544.5,3842,48.45,48.45,7.2,predicted,1
95.0,95.0,475,368,person,0.1741,1889,865,30,174,1904.0,952.0,5220,3.5,1.75,7.0,detected,0
95.0,95.0,475,373,person,0.9235,1638,621,100,253,1688.0,747.5,25300,82.57,82.57,5.6,detected,0
95.0,95.0,475,374,person,0.884,508,241,76,175,546.0,328.5,13300,77.1,77.1,5.4,detected,0
95.0,95.0,475,376,person,0.8976,460,478,94,256,507.0,606.0,24064,121.04,121.04,4.6,detected,0
95.0,95.0,475,379,person,0.8139,1556,15,58,131,1585.0,80.5,7598,31.89,31.89,3.8,detected,0
95.0,95.0,475,381,person,0.441,1649,0,43,90,1670.5,45.0,3870,21.08,21.08,1.6,detected,0
95.0,95.0,475,383,person,0.91,1379,892,126,186,1442.0,985.0,23436,0.0,0.0,0.8,detected,0
95.0,95.0,475,384,person,0.7729,936,1025,88,55,980.0,1052.5,4840,0.0,0.0,0.4,detected,0
96.0,96.0,480,274,person,0.8862,101,353,76,205,139.0,455.5,15580,112.47,112.47,36.4,detected,0
96.0,96.0,480,281,person,0.4191,15,280,77,155,53.5,357.5,11935,2.12,2.12,35.4,detected,0
96.0,96.0,480,304,person,0.4253,1526,0,38,87,1545.0,43.5,3306,59.51,59.51,27.0,detected,0
96.0,96.0,480,308,person,0.3117,1599,0,21,23,1609.5,11.5,483,34.68,11.56,25.6,detected,0
96.0,96.0,480,334,person,0.8348,1589,34,53,140,1615.5,104.0,7420,31.0,31.0,18.2,detected,0
96.0,96.0,480,339,person,0.5385,1696,69,45,138,1718.5,138.0,6210,44.29,44.29,17.2,detected,0
96.0,96.0,480,347,person,0.849,246,302,74,219,283.0,411.5,16206,97.94,97.94,14.4,detected,0
96.0,96.0,480,356,person,0.9346,1412,715,109,248,1466.5,839.0,27032,107.36,107.36,11.0,detected,0
96.0,96.0,480,357,person,0.8774,1617,408,79,208,1656.5,512.0,16432,63.09,63.09,11.0,detected,0
96.0,96.0,480,358,person,0.8594,1151,92,54,155,1178.0,169.5,8370,65.74,65.74,10.8,detected,0
96.0,96.0,480,360,person,0.7934,1091,73,48,132,1115.0,139.0,6336,44.27,44.27,9.8,detected,0
96.0,96.0,480,361,person,0.1974,1160,66,37,90,1178.5,111.0,3330,30.21,30.21,9.2,detected,0
96.0,96.0,480,368,person,0.2082,1890,865,29,174,1904.5,952.0,5046,0.5,0.5,8.0,detected,0
96.0,96.0,480,373,person,0.9298,1640,709,109,238,1694.5,828.0,25942,80.76,80.76,6.6,detected,0
96.0,96.0,480,374,person,0.7851,578,204,73,136,614.5,272.0,9928,88.79,88.79,6.4,detected,0
96.0,96.0,480,376,person,0.9264,544,421,83,247,585.5,544.5,20501,99.72,99.72,5.6,detected,0
96.0,96.0,480,379,person,0.7792,1535,35,58,133,1564.0,101.5,7714,29.7,29.7,4.8,detected,0
96.0,96.0,480,381,person,0.7688,1634,0,45,118,1656.5,59.0,5310,19.8,19.8,2.6,detected,0
96.0,96.0,480,383,person,0.9269,1489,762,116,300,1547.0,912.0,34800,127.88,127.88,1.8,detected,0
96.0,96.0,480,384,person,0.8044,919,966,139,114,988.5,1023.0,15846,30.7,30.7,1.4,detected,0
96.0,96.0,480,388,person,0.3747,1397,0,34,44,1414.0,22.0,1496,0.0,0.0,0.4,detected,0
97.0,97.0,485,274,person,0.886,3,403,68,218,37.0,512.0,14824,116.6,116.6,37.4,detected,0
97.0,97.0,485,281,person,0.5044,12,277,79,157,51.5,355.5,12403,2.83,2.83,36.4,detected,0
97.0,97.0,485,334,person,0.8402,1565,53,56,148,1593.0,127.0,8288,32.18,32.18,19.2,detected,0
97.0,97.0,485,347,person,0.8721,121,342,99,227,170.5,455.5,22473,120.8,120.8,15.4,detected,0
97.0,97.0,485,356,person,0.9483,1351,804,124,268,1413.0,938.0,33232,112.53,112.53,12.0,detected,0
97.0,97.0,485,357,person,0.8607,1563,462,83,218,1604.5,571.0,18094,78.64,78.64,12.0,detected,0
97.0,97.0,485,358,person,0.8721,1198,67,54,150,1225.0,142.0,8100,54.45,54.45,11.8,detected,0
97.0,97.0,485,360,person,0.8554,1047,91,50,143,1072.0,162.5,7150,49.0,49.0,10.8,detected,0
97.0,97.0,485,361,person,0.9015,1112,86,45,143,1134.5,157.5,6435,64.02,64.02,10.2,detected,0
97.0,97.0,485,368,person,0.2162,1890,865,29,174,1904.5,952.0,5046,0.0,0.0,9.0,detected,0
97.0,97.0,485,373,person,0.8834,1641,808,104,256,1693.0,936.0,26624,108.01,108.01,7.6,detected,0
97.0,97.0,485,374,person,0.8061,657,170,69,106,691.5,223.0,7314,91.27,91.27,7.4,detected,0
97.0,97.0,485,376,person,0.9105,615,370,77,231,653.5,485.5,17787,90.03,90.03,6.6,detected,0
97.0,97.0,485,379,person,0.7806,1518,57,51,138,1543.5,126.0,7038,31.95,31.95,5.8,detected,0
97.0,97.0,485,381,person,0.6767,1610,9,46,130,1633.0,74.0,5980,27.88,27.88,3.6,detected,0
97.0,97.0,485,383,person,0.9021,1569,651,107,295,1622.5,798.5,31565,136.32,136.32,2.8,detected,0
97.0,97.0,485,384,person,0.6569,987,910,116,169,1045.0,994.5,19604,63.28,63.28,2.4,detected,0
97.0,97.0,485,388,person,0.4585,1367,2,32,61,1383.0,32.5,1952,32.73,32.73,1.4,detected,0
97.0,97.0,485,396,person,0.5111,789,47,35,127,806.5,110.5,4445,0.0,0.0,0.0,detected,0
98.0,98.0,490,17,person,0.3826,112,286,60,132,142.0,352.0,7920,0.5,0.17,98.0,detected,0
98.0,98.0,490,281,person,0.4411,12,276,78,158,51.0,355.0,12324,0.71,0.71,37.4,detected,0
98.0,98.0,490,304,person,0.7506,1674,0,55,99,1701.5,49.5,5445,156.61,78.31,29.0,detected,0
98.0,98.0,490,334,person,0.9099,1537,79,63,152,1568.5,155.0,9576,37.21,37.21,20.2,detected,0
98.0,98.0,490,347,person,0.8155,1,387,64,219,33.0,496.5,14016,143.48,143.48,16.4,detected,0
98.0,98.0,490,356,person,0.9329,1314,903,130,177,1379.0,991.5,23010,63.39,63.39,13.0,detected,0
98.0,98.0,490,357,person,0.8868,1496,519,85,232,1538.5,635.0,19720,91.93,91.93,13.0,detected,0
98.0,98.0,490,358,person,0.8809,1234,43,53,144,1260.5,115.0,7632,44.6,44.6,12.8,detected,0
98.0,98.0,490,360,person,0.8384,999,114,53,142,1025.5,185.0,7526,51.66,51.66,11.8,detected,0
98.0,98.0,490,361,person,0.8775,1070,106,45,151,1092.5,181.5,6795,48.37,48.37,11.2,detected,0
98.0,98.0,490,368,person,0.2392,1890,865,29,175,1904.5,952.5,5075,0.5,0.5,10.0,detected,0
98.0,98.0,490,373,person,0.8325,1588,904,121,176,1648.5,992.0,21296,71.53,71.53,8.6,detected,0
98.0,98.0,490,374,person,0.6406,738,140,67,97,771.5,188.5,6499,87.12,87.12,8.4,detected,0
98.0,98.0,490,376,person,0.8981,677,327,72,221,713.0,437.5,15912,76.45,76.45,7.6,detected,0
98.0,98.0,490,379,person,0.8831,1486,81,56,143,1514.0,152.5,8008,39.65,39.65,6.8,detected,0
98.0,98.0,490,381,person,0.8316,1584,29,44,134,1606.0,96.0,5896,34.83,34.83,4.6,detected,0
98.0,98.0,490,383,person,0.9267,1642,563,102,267,1693.0,696.5,27234,123.99,123.99,3.8,detected,0
98.0,98.0,490,384,person,0.8486,1028,853,105,227,1080.5,966.5,23835,45.21,45.21,3.4,detected,0
98.0,98.0,490,388,person,0.6039,1329,1,49,82,1353.5,42.0,4018,30.99,30.99,2.4,detected,0
98.0,98.0,490,396,person,0.756,795,62,55,132,822.5,128.0,7260,23.71,23.71,1.0,detected,0
99.0,99.0,495,17,person,0.3722,112,286,60,132,142.0,352.0,7920,0.0,0.0,99.0,detected,0
99.0,99.0,495,281,person,0.5113,14,278,77,157,52.5,356.5,12089,2.12,2.12,38.4,detected,0
99.0,99.0,495,334,person,0.2212,1542,74,78,137,1581.0,142.5,10686,17.68,17.68,21.2,detected,0
99.0,99.0,495,356,person,0.8379,1283,1019,111,61,1338.5,1049.5,6771,70.74,70.74,14.0,detected,0
99.0,99.0,495,357,person,0.9222,1407,589,94,245,1454.0,711.5,23030,113.98,113.98,14.0,detected,0
99.0,99.0,495,358,person,0.767,1270,22,50,137,1295.0,90.5,6850,42.31,42.31,13.8,detected,0
99.0,99.0,495,360,person,0.8893,959,138,56,147,987.0,211.5,8232,46.74,46.74,12.8,detected,0
99.0,99.0,495,361,person,0.8471,1028,127,50,155,1053.0,204.5,7750,45.71,45.71,12.2,detected,0
99.0,99.0,495,368,person,0.2958,1891,865,28,175,1905.0,952.5,4900,0.5,0.5,11.0,detected,0
99.0,99.0,495,373,person,0.6289,1516,986,118,94,1575.0,1033.0,11092,84.16,84.16,9.6,detected,0
99.0,99.0,495,374,person,0.889,819,110,61,144,849.5,182.0,8784,78.27,78.27,9.4,detected,0
99.0,99.0,495,376,person,0.85,756,290,66,210,789.0,395.0,13860,87.08,87.08,8.6,detected,0
99.0,99.0,495,379,person,0.8604,1455,106,68,151,1489.0,181.5,10268,38.29,38.29,7.8,detected,0
99.0,99.0,495,381,person,0.6311,1560,52,43,126,1581.5,115.0,5418,31.0,31.0,5.6,detected,0
99.0,99.0,495,383,person,0.9103,1712,486,95,251,1759.5,611.5,23845,107.92,107.92,4.8,detected,0
99.0,99.0,495,388,person,0.2989,1291,1,59,98,1320.5,50.0,5782,33.96,33.96,3.4,detected,0
99.0,99.0,495,396,person,0.8434,764,81,54,134,791.0,148.0,7236,37.31,37.31,2.0,detected,0
99.0,99.0,495,403,person,0.6042,1851,158,44,153,1873.0,234.5,6732,0.0,0.0,0.6,detected,0
99.0,99.0,495,404,person,0.9289,1512,106,71,158,1547.5,185.0,11218,0.0,0.0,0.6,detected,0
99.0,99.0,495,406,person,0.8203,1025,794,111,275,1080.5,931.5,30525,0.0,0.0,0.2,detected,0
100.0,100.0,500,17,person,0.3377,112,286,60,132,142.0,352.0,7920,0.0,0.0,100.0,detected,0
100.0,100.0,500,281,person,0.55,11,275,79,161,50.5,355.5,12719,2.24,2.24,39.4,detected,0
100.0,100.0,500,334,person,0.9011,1492,136,72,165,1528.0,218.5,11880,92.66,92.66,22.2,detected,0
100.0,100.0,500,357,person,0.8741,1300,665,92,262,1346.0,796.0,24104,137.13,137.13,15.0,detected,0
100.0,100.0,500,358,person,0.8079,1301,1,48,133,1325.0,67.5,6384,37.8,37.8,14.8,detected,0
100.0,100.0,500,360,person,0.8487,918,162,58,152,947.0,238.0,8816,47.98,47.98,13.8,detected,0
100.0,100.0,500,361,person,0.8846,988,153,53,159,1014.5,232.5,8427,47.61,47.61,13.2,detected,0
100.0,100.0,500,374,person,0.6473,887,84,61,132,917.5,150.0,8052,75.15,75.15,10.4,detected,0
100.0,100.0,500,376,person,0.8756,844,256,65,203,876.5,357.5,13195,95.2,95.2,9.6,detected,0
100.0,100.0,500,379,person,0.7664,1435,139,65,157,1467.5,217.5,10205,41.93,41.93,8.8,detected,0
100.0,100.0,500,381,person,0.823,1532,74,56,135,1560.0,141.5,7560,34.12,34.12,6.6,detected,0
100.0,100.0,500,383,person,0.8108,1777,420,86,232,1820.0,536.0,19952,96.75,96.75,5.8,detected,0
100.0,100.0,500,388,person,0.7193,1254,1,50,123,1279.0,62.5,6150,43.34,43.34,4.4,detected,0
100.0,100.0,500,396,person,0.7963,696,102,62,144,727.0,174.0,8928,69.08,69.08,3.0,detected,0
100.0,100.0,500,403,person,0.7233,1823,175,66,168,1856.0,259.0,11088,29.82,29.82,1.6,detected,0
100.0,100.0,500,406,person,0.7759,1051,748,110,273,1106.0,884.5,30030,53.47,53.47,1.2,detected,0
101.0,101.0,505,17,person,0.4286,112,286,60,132,142.0,352.0,7920,0.0,0.0,101.0,detected,0
101.0,101.0,505,281,person,0.6111,13,275,77,161,51.5,355.5,12397,1.0,1.0,40.4,detected,0
101.0,101.0,505,334,person,0.9131,1463,169,65,173,1495.5,255.5,11245,49.25,49.25,23.2,detected,0
101.0,101.0,505,357,person,0.872,1169,753,98,278,1218.0,892.0,27244,160.0,160.0,16.0,detected,0
101.0,101.0,505,358,person,0.8387,1320,0,48,111,1344.0,55.5,5328,22.47,22.47,15.8,detected,0
101.0,101.0,505,360,person,0.8208,869,189,56,146,897.0,262.0,8176,55.46,55.46,14.8,detected,0
101.0,101.0,505,361,person,0.2122,937,181,54,118,964.0,240.0,6372,51.05,51.05,14.2,detected,0
101.0,101.0,505,368,person,0.2422,1889,865,31,176,1904.5,953.0,5456,0.71,0.35,13.0,detected,0
101.0,101.0,505,374,person,0.7976,949,64,58,132,978.0,130.0,7656,63.72,63.72,11.4,detected,0
101.0,101.0,505,376,person,0.8585,930,223,66,198,963.0,322.0,13068,93.5,93.5,10.6,detected,0
101.0,101.0,505,379,person,0.8929,1408,173,60,162,1438.0,254.0,9720,46.93,46.93,9.8,detected,0
101.0,101.0,505,381,person,0.842,1491,99,51,129,1516.5,163.5,6579,48.75,48.75,7.6,detected,0
101.0,101.0,505,388,person,0.8432,1215,11,55,135,1242.5,78.5,7425,39.85,39.85,5.4,detected,0
101.0,101.0,505,396,person,0.8169,619,132,64,147,651.0,205.5,9408,82.27,82.27,4.0,detected,0
101.0,101.0,505,403,person,0.7956,1799,207,81,159,1839.5,286.5,12879,32.07,32.07,2.6,detected,0
101.0,101.0,505,406,person,0.7637,1073,700,106,274,1126.0,837.0,29044,51.54,51.54,2.2,detected,0
101.0,101.0,505,409,person,0.7278,1610,986,79,94,1649.5,1033.0,7426,0.0,0.0,0.2,detected,0
101.0,101.0,505,411,person,0.2493,933,182,54,160,960.0,262.0,8640,0.0,0.0,0.0,detected,0
102.0,102.0,510,17,person,0.4248,112,286,60,132,142.0,352.0,7920,0.0,0.0,102.0,detected,0
102.0,102.0,510,281,person,0.6069,15,277,74,159,52.0,356.5,11766,1.12,1.12,41.4,detected,0
102.0,102.0,510,334,person,0.9064,1419,202,64,183,1451.0,293.5,11712,58.52,58.52,24.2,detected,0
102.0,102.0,510,357,person,0.8687,1019,850,94,230,1066.0,965.0,21620,168.62,168.62,17.0,detected,0
102.0,102.0,510,358,person,0.6895,1335,0,47,90,1358.5,45.0,4230,17.9,17.9,16.8,detected,0
102.0,102.0,510,360,person,0.8631,812,218,63,162,843.5,299.0,10206,65.05,65.05,15.8,detected,0
102.0,102.0,510,361,person,0.8801,890,208,56,174,918.0,295.0,9744,71.7,71.7,15.2,detected,0
102.0,102.0,510,368,person,0.2923,1890,866,29,174,1904.5,953.0,5046,0.0,0.0,14.0,detected,0
102.0,102.0,510,374,person,0.7728,1004,39,54,128,1031.0,103.0,6912,59.48,59.48,12.4,detected,0
102.0,102.0,510,376,person,0.8793,1000,199,62,185,1031.0,291.5,11470,74.53,74.53,11.6,detected,0
102.0,102.0,510,379,person,0.8586,1365,204,59,171,1394.5,289.5,10089,56.15,56.15,10.8,detected,0
102.0,102.0,510,381,person,0.8092,1443,126,53,128,1469.5,190.0,6784,53.96,53.96,8.6,detected,0
102.0,102.0,510,384,person,0.8046,1079,657,108,241,1133.0,777.5,26028,196.16,49.04,7.4,detected,0
102.0,102.0,510,388,person,0.8176,1171,30,55,145,1198.5,102.5,7975,50.12,50.12,6.4,detected,0
102.0,102.0,510,396,person,0.8869,536,162,72,154,572.0,239.0,11088,85.81,85.81,5.0,detected,0
102.0,102.0,510,403,person,0.8384,1772,237,83,177,1813.5,325.5,14691,46.87,46.87,3.6,detected,0
102.0,102.0,510,409,person,0.8319,1515,873,158,207,1594.0,976.5,32706,79.2,79.2,1.2,detected,0
103.0,103.0,515,17,person,0.3584,112,286,60,131,142.0,351.5,7860,0.5,0.5,103.0,detected,0
103.0,103.0,515,281,person,0.513,12,275,79,161,51.5,355.5,12719,1.12,1.12,42.4,detected,0
103.0,103.0,515,334,person,0.9036,1364,243,70,189,1399.0,337.5,13230,68.12,68.12,25.2,detected,0
103.0,103.0,515,357,person,0.7576,803,948,112,132,859.0,1014.0,14784,212.72,212.72,18.0,detected,0
103.0,103.0,515,358,person,0.2086,1356,0,36,71,1374.0,35.5,2556,18.18,18.18,17.8,detected,0
103.0,103.0,515,360,person,0.8592,747,247,64,171,779.0,332.5,10944,72.68,72.68,16.8,detected,0
103.0,103.0,515,361,person,0.892,835,240,63,179,866.5,329.5,11277,61.99,61.99,16.2,detected,0
103.0,103.0,515,368,person,0.2668,1889,865,30,174,1904.0,952.0,5220,1.12,1.12,15.0,detected,0
103.0,103.0,515,374,person,0.775,1050,20,51,120,1075.5,80.0,6120,50.09,50.09,13.4,detected,0
103.0,103.0,515,376,person,0.7861,1057,173,58,175,1086.0,260.5,10150,63.13,63.13,12.6,detected,0
103.0,103.0,515,379,person,0.8829,1304,240,65,181,1336.5,330.5,11765,71.03,71.03,11.8,detected,0
103.0,103.0,515,381,person,0.8061,1387,155,53,129,1413.5,219.5,6837,63.29,63.29,9.6,detected,0
103.0,103.0,515,384,person,0.3547,1092,619,106,249,1145.0,743.5,26394,36.06,36.06,8.4,detected,0
103.0,103.0,515,388,person,0.7204,1123,53,59,149,1152.5,127.5,8791,52.35,52.35,7.4,detected,0
103.0,103.0,515,396,person,0.8626,448,191,69,160,482.5,271.0,11040,95.05,95.05,6.0,detected,0
103.0,103.0,515,403,person,0.8722,1739,269,84,185,1781.0,361.5,15540,48.5,48.5,4.6,detected,0
103.0,103.0,515,409,person,0.8854,1478,750,148,328,1552.0,914.0,48544,75.3,75.3,2.2,detected,0
103.0,103.0,515,415,person,0.773,1840,132,54,145,1867.0,204.5,7830,0.0,0.0,0.4,detected,0
104.0,104.0,520,17,person,0.3962,112,286,60,131,142.0,351.5,7860,0.0,0.0,104.0,detected,0
104.0,104.0,520,281,person,0.4906,15,277,76,159,53.0,356.5,12084,1.8,1.8,43.4,detected,0
104.0,104.0,520,334,person,0.8733,1313,285,70,198,1348.0,384.0,13860,69.02,69.02,26.2,detected,0
104.0,104.0,520,357,person,0.3536,573,1022,86,58,616.0,1051.0,4988,245.8,245.8,19.0,detected,0
104.0,104.0,520,358,person,0.1874,1386,-3,32,55,1402.0,24.5,1760,30.08,30.08,18.8,predicted,1
104.0,104.0,520,360,person,0.809,667,279,67,178,700.5,368.0,11926,86.15,86.15,17.8,detected,0
104.0,104.0,520,361,person,0.8968,758,274,66,187,791.0,367.5,12342,84.52,84.52,17.2,detected,0
104.0,104.0,520,368,person,0.1652,1886,865,33,195,1902.5,962.5,6435,10.61,10.61,16.0,detected,0
104.0,104.0,520,374,person,0.6569,1088,0,51,99,1113.5,49.5,5049,48.73,48.73,14.4,detected,0
104.0,104.0,520,376,person,0.7701,1118,141,57,174,1146.5,228.0,9918,68.68,68.68,13.6,detected,0
104.0,104.0,520,379,person,0.8877,1249,285,68,189,1283.0,379.5,12852,72.55,72.55,12.8,detected,0
104.0,104.0,520,381,person,0.8062,1330,185,55,133,1357.5,251.5,7315,64.5,64.5,10.6,detected,0
104.0,104.0,520,384,person,0.8778,1146,581,87,242,1189.5,702.0,21054,60.85,60.85,9.4,detected,0
104.0,104.0,520,388,person,0.7295,1077,77,70,139,1112.0,146.5,9730,44.74,44.74,8.4,detected,0
104.0,104.0,520,396,person,0.8642,351,228,73,168,387.5,312.0,12264,103.47,103.47,7.0,detected,0
104.0,104.0,520,403,person,0.1549,1710,308,86,190,1753.0,403.0,16340,50.06,50.06,5.6,detected,0
104.0,104.0,520,409,person,0.9323,1505,640,116,314,1563.0,797.0,36424,117.52,117.52,3.2,detected,0
104.0,104.0,520,414,person,0.3268,1809,211,66,112,1842.0,267.0,7392,0.0,0.0,1.4,detected,0
104.0,104.0,520,415,person,0.6328,1800,177,72,168,1836.0,261.0,12096,64.45,64.45,1.4,detected,0
105.0,105.0,525,17,person,0.3705,112,287,60,131,142.0,352.5,7860,1.0,1.0,105.0,detected,0
105.0,105.0,525,281,person,0.3782,15,279,76,157,53.0,357.5,11932,1.0,1.0,44.4,detected,0
105.0,105.0,525,334,person,0.8945,1246,335,86,207,1289.0,438.5,17802,80.32,80.32,27.2,detected,0
105.0,105.0,525,358,person,0.1639,1419,-3,29,39,1433.5,16.5,1131,32.5,32.5,19.8,predicted,1
105.0,105.0,525,360,person,0.8427,591,313,69,184,625.5,405.0,12696,83.63,83.63,18.8,detected,0
105.0,105.0,525,361,person,0.8675,672,309,71,196,707.5,407.0,13916,92.37,92.37,18.2,detected,0
105.0,105.0,525,374,person,0.6754,1126,0,48,93,1150.0,46.5,4464,36.62,36.62,15.4,detected,0
105.0,105.0,525,376,person,0.8279,1173,117,57,168,1201.5,201.0,9576,61.27,61.27,14.6,detected,0
105.0,105.0,525,379,person,0.8822,1180,329,82,199,1221.0,428.5,16318,79.03,79.03,13.8,detected,0
105.0,105.0,525,381,person,0.8818,1272,218,60,145,1302.0,290.5,8700,67.83,67.83,11.6,detected,0
105.0,105.0,525,384,person,0.7977,1191,545,81,233,1231.5,661.5,18873,58.35,58.35,10.4,detected,0
105.0,105.0,525,388,person,0.6361,1021,99,65,161,1053.5,179.5,10465,67.17,67.17,9.4,detected,0
105.0,105.0,525,396,person,0.7752,252,270,78,176,291.0,358.0,13728,106.9,106.9,8.0,detected,0
105.0,105.0,525,403,person,0.882,1683,351,95,197,1730.5,449.5,18715,51.66,51.66,6.6,detected,0
105.0,105.0,525,409,person,0.9379,1481,548,115,285,1538.5,690.5,32775,109.28,109.28,4.2,detected,0
105.0,105.0,525,414,person,0.6686,1768,182,65,130,1800.5,247.0,8450,46.07,46.07,2.4,detected,0
105.0,105.0,525,415,person,0.3167,1822,241,56,112,1850.0,297.0,6272,38.63,38.63,2.4,detected,0
105.0,105.0,525,418,person,0.1514,1789,257,70,168,1824.0,341.0,11760,0.0,0.0,0.4,detected,0
105.0,105.0,525,419,person,0.3006,1813,358,58,180,1842.0,448.0,10440,0.0,0.0,0.4,detected,0
105.0,105.0,525,421,person,0.8602,15,505,89,233,59.5,621.5,20737,0.0,0.0,0.2,detected,0
106.0,106.0,530,17,person,0.1604,111,287,58,131,140.0,352.5,7598,2.0,2.0,106.0,predicted,1
106.0,106.0,530,281,person,0.412,8,273,84,163,50.0,354.5,13692,4.24,4.24,45.4,detected,0
106.0,106.0,530,334,person,0.1674,1190,388,87,220,1233.5,498.0,19140,81.37,81.37,28.2,detected,0
106.0,106.0,530,360,person,0.8289,512,352,73,192,548.5,448.0,14016,88.19,88.19,19.8,detected,0
106.0,106.0,530,361,person,0.8723,588,354,83,201,629.5,454.5,16683,91.32,91.32,19.2,detected,0
106.0,106.0,530,374,person,0.4293,1158,0,44,74,1180.0,37.0,3256,31.47,31.47,16.4,detected,0
106.0,106.0,530,376,person,0.8161,1206,94,55,162,1233.5,175.0,8910,41.23,41.23,15.6,detected,0
106.0,106.0,530,379,person,0.8723,1126,382,74,206,1163.0,485.0,15244,80.97,80.97,14.8,detected,0
106.0,106.0,530,381,person,0.8785,1213,257,62,157,1244.0,335.5,9734,73.41,73.41,12.6,detected,0
106.0,106.0,530,384,person,0.8023,1239,517,83,134,1280.5,584.0,11122,91.69,91.69,11.4,detected,0
106.0,106.0,530,388,person,0.7036,961,125,66,169,994.0,209.5,11154,66.64,66.64,10.4,detected,0
106.0,106.0,530,396,person,0.4461,144,312,86,175,187.0,399.5,15050,111.97,111.97,9.0,detected,0
106.0,106.0,530,403,person,0.8764,1661,396,94,208,1708.0,500.0,19552,55.29,55.29,7.6,detected,0
106.0,106.0,530,409,person,0.912,1485,477,95,267,1532.5,610.5,25365,80.22,80.22,5.2,detected,0
106.0,106.0,530,414,person,0.7494,1739,217,67,161,1772.5,297.5,10787,57.74,57.74,3.4,detected,0
106.0,106.0,530,415,person,0.7724,1795,370,67,169,1828.5,454.5,11323,158.96,158.96,3.4,detected,0
106.0,106.0,530,418,person,0.596,1780,281,63,163,1811.5,362.5,10269,24.87,24.87,1.4,detected,0
106.0,106.0,530,421,person,0.7023,142,438,103,224,193.5,550.0,23072,151.88,151.88,1.2,detected,0
106.0,106.0,530,422,person,0.6097,1699,334,89,127,1743.5,397.5,11303,0.0,0.0,0.8,detected,0
107.0,107.0,535,17,person,0.3208,112,286,60,131,142.0,351.5,7860,2.24,2.24,107.0,detected,0
107.0,107.0,535,334,person,0.9087,1122,448,93,233,1168.5,564.5,21669,92.99,92.99,29.2,detected,0
107.0,107.0,535,360,person,0.8223,422,398,81,197,462.5,496.5,15957,98.73,98.73,20.8,detected,0
107.0,107.0,535,361,person,0.8504,502,399,77,211,540.5,504.5,16247,102.08,102.08,20.2,detected,0
107.0,107.0,535,374,person,0.336,1188,0,35,53,1205.5,26.5,1855,27.58,27.58,17.4,detected,0
107.0,107.0,535,376,person,0.7729,1245,74,52,155,1271.0,151.5,8060,44.25,44.25,16.6,detected,0
107.0,107.0,535,379,person,0.8735,1052,448,79,219,1091.5,557.5,17301,101.83,101.83,15.8,detected,0
107.0,107.0,535,381,person,0.8772,1148,299,66,172,1181.0,385.0,11352,80.12,80.12,13.6,detected,0
107.0,107.0,535,384,person,0.8558,1266,489,89,147,1310.5,562.5,13083,36.91,36.91,12.4,detected,0
107.0,107.0,535,388,person,0.7632,891,155,67,174,924.5,242.0,11658,76.72,76.72,11.4,detected,0
107.0,107.0,535,396,person,0.7909,35,367,85,196,77.5,465.0,16660,127.6,127.6,10.0,detected,0
107.0,107.0,535,403,person,0.8806,1635,443,103,223,1686.5,554.5,22969,58.59,58.59,8.6,detected,0
107.0,107.0,535,409,person,0.9134,1495,414,90,248,1540.0,538.0,22320,72.89,72.89,6.2,detected,0
107.0,107.0,535,414,person,0.6965,1718,250,68,179,1752.0,339.5,12172,46.74,46.74,4.4,detected,0
107.0,107.0,535,415,person,0.9012,1774,448,81,201,1814.5,548.5,16281,95.04,95.04,4.4,detected,0
107.0,107.0,535,418,person,0.7472,1734,334,71,191,1769.5,429.5,13561,79.08,79.08,2.4,detected,0
107.0,107.0,535,421,person,0.8291,240,381,84,210,282.0,486.0,17640,109.22,109.22,2.2,detected,0
107.0,107.0,535,422,person,0.2813,1625,394,98,167,1674.0,477.5,16366,105.97,105.97,1.8,detected,0
107.0,107.0,535,423,person,0.418,1622,401,87,111,1665.5,456.5,9657,0.0,0.0,0.0,detected,0
108.0,108.0,540,17,person,0.4083,111,286,61,133,141.5,352.5,8113,1.12,1.12,108.0,detected,0
108.0,108.0,540,281,person,0.3682,10,275,80,161,50.0,355.5,12880,1.0,0.5,47.4,detected,0
108.0,108.0,540,334,person,0.9252,1041,517,105,247,1093.5,640.5,25935,106.78,106.78,30.2,detected,0
108.0,108.0,540,360,person,0.8188,321,446,88,207,365.0,549.5,18216,110.97,110.97,21.8,detected,0
108.0,108.0,540,361,person,0.8293,409,450,85,220,451.5,560.0,18700,104.89,104.89,21.2,detected,0
108.0,108.0,540,374,person,0.156,1221,0,24,36,1233.0,18.0,864,28.78,28.78,18.4,detected,0
108.0,108.0,540,376,person,0.8174,1291,54,56,152,1319.0,130.0,8512,52.6,52.6,17.6,detected,0
108.0,108.0,540,379,person,0.8744,963,520,87,238,1006.5,639.0,20706,117.76,117.76,16.8,detected,0
108.0,108.0,540,381,person,0.8845,1080,344,69,190,1114.5,439.0,13110,85.66,85.66,14.6,detected,0
108.0,108.0,540,384,person,0.8535,1291,462,89,179,1335.5,551.5,15931,27.31,27.31,13.4,detected,0
108.0,108.0,540,388,person,0.6967,816,186,75,182,853.5,277.0,13650,79.16,79.16,12.4,detected,0
108.0,108.0,540,396,person,0.4049,-20,495,30,136,-5.0,563.0,4080,128.1,128.1,11.0,predicted,1
108.0,108.0,540,403,person,0.9243,1600,496,112,226,1656.0,609.0,25312,62.45,62.45,9.6,detected,0
108.0,108.0,540,409,person,0.8632,1528,359,83,192,1569.5,455.0,15936,88.09,88.09,7.2,detected,0
108.0,108.0,540,414,person,0.7808,1692,288,73,146,1728.5,361.0,10658,31.85,31.85,5.4,detected,0
108.0,108.0,540,415,person,0.9163,1753,491,90,211,1798.0,596.5,18990,50.76,50.76,5.4,detected,0
108.0,108.0,540,418,person,0.8457,1697,389,70,208,1732.0,493.0,14560,73.75,73.75,3.4,detected,0
108.0,108.0,540,421,person,0.5625,316,333,80,173,356.0,419.5,13840,99.49,99.49,3.2,detected,0
108.0,108.0,540,422,person,0.8943,1546,461,88,239,1590.0,580.5,21032,132.91,132.91,2.8,detected,0
109.0,109.0,545,17,person,0.3769,112,286,60,132,142.0,352.0,7920,0.71,0.71,109.0,detected,0
109.0,109.0,545,281,person,0.3701,14,279,76,157,52.0,357.5,11932,2.83,2.83,48.4,detected,0
109.0,109.0,545,334,person,0.8992,952,594,114,272,1009.0,730.0,31008,123.09,123.09,31.2,detected,0
109.0,109.0,545,360,person,0.1638,213,500,95,216,260.5,608.0,20520,119.76,119.76,22.8,detected,0
109.0,109.0,545,361,person,0.9055,307,503,106,234,360.0,620.0,24804,109.42,109.42,22.2,detected,0
109.0,109.0,545,374,person,0.2326,1242,0,30,18,1257.0,9.0,540,25.63,25.63,19.4,detected,0
109.0,109.0,545,376,person,0.8076,1332,36,50,150,1357.0,111.0,7500,42.49,42.49,18.6,detected,0
109.0,109.0,545,379,person,0.8941,866,595,98,258,915.0,724.0,25284,124.89,124.89,17.8,detected,0
109.0,109.0,545,381,person,0.88,1000,402,71,203,1035.5,503.5,14413,101.99,101.99,15.6,detected,0
109.0,109.0,545,384,person,0.8418,1317,440,84,205,1359.0,542.5,17220,25.16,25.16,14.4,detected,0
109.0,109.0,545,388,person,0.7823,746,222,75,194,783.5,319.0,14550,81.63,81.63,13.4,detected,0
109.0,109.0,545,403,person,0.9197,1572,544,117,236,1630.5,662.0,27612,58.82,58.82,10.6,detected,0
109.0,109.0,545,409,person,0.8776,1570,314,83,217,1611.5,422.5,18011,53.11,53.11,8.2,detected,0
109.0,109.0,545,414,person,0.6995,1667,328,77,167,1705.5,411.5,12859,55.49,55.49,6.4,detected,0
109.0,109.0,545,415,person,0.922,1731,541,93,224,1777.5,653.0,20832,60.1,60.1,6.4,detected,0
109.0,109.0,545,418,person,0.6193,1653,455,69,186,1687.5,548.0,12834,70.75,70.75,4.4,detected,0
109.0,109.0,545,421,person,0.7772,388,285,74,186,425.0,378.0,13764,80.52,80.52,4.2,detected,0
109.0,109.0,545,422,person,0.923,1457,540,114,255,1514.0,667.5,29070,115.52,115.52,3.8,detected,0
109.0,109.0,545,423,person,0.177,1659,348,78,201,1698.0,448.5,15678,33.47,16.74,2.0,detected,0
110.0,110.0,550,17,person,0.3772,112,286,60,132,142.0,352.0,7920,0.0,0.0,110.0,detected,0
110.0,110.0,550,281,person,0.4503,16,280,74,156,53.0,358.0,11544,1.12,1.12,49.4,detected,0
110.0,110.0,550,334,person,0.9007,865,691,115,290,922.5,836.0,33350,136.81,136.81,32.2,detected,0
110.0,110.0,550,360,person,0.8421,84,560,101,232,134.5,676.0,23432,143.18,143.18,23.8,detected,0
110.0,110.0,550,361,person,0.8566,186,567,122,251,247.0,692.5,30622,134.26,134.26,23.2,detected,0
110.0,110.0,550,376,person,0.7571,1351,18,51,144,1376.5,90.0,7344,28.66,28.66,19.6,detected,0
110.0,110.0,550,379,person,0.8845,766,686,115,280,823.5,826.0,32200,137.03,137.03,18.8,detected,0
110.0,110.0,550,381,person,0.8859,920,464,77,231,958.5,579.5,17787,108.19,108.19,16.6,detected,0
110.0,110.0,550,384,person,0.8139,1326,422,87,210,1369.5,527.0,18270,18.72,18.72,15.4,detected,0
110.0,110.0,550,388,person,0.1638,661,266,80,201,701.0,366.5,16080,95.2,95.2,14.4,detected,0
110.0,110.0,550,403,person,0.9103,1555,603,107,254,1608.5,730.0,27178,71.47,71.47,11.6,detected,0
110.0,110.0,550,409,person,0.7638,1621,274,74,214,1658.0,381.0,15836,62.33,62.33,9.2,detected,0
110.0,110.0,550,414,person,0.8769,1622,406,81,187,1662.5,499.5,15147,97.94,97.94,7.4,detected,0
110.0,110.0,550,415,person,0.9163,1702,608,100,237,1752.0,726.5,23700,77.8,77.8,7.4,detected,0
110.0,110.0,550,418,person,0.8328,1580,523,82,135,1621.0,590.5,11070,78.92,78.92,5.4,detected,0
110.0,110.0,550,421,person,0.7811,460,243,74,179,497.0,332.5,13246,85.17,85.17,5.2,detected,0
110.0,110.0,550,422,person,0.9158,1438,637,132,281,1504.0,777.5,37092,110.45,110.45,4.8,detected,0
111.0,111.0,555,17,person,0.5073,112,287,60,130,142.0,352.0,7800,0.0,0.0,111.0,detected,0
111.0,111.0,555,281,person,0.5569,15,279,76,157,53.0,357.5,11932,0.5,0.5,50.4,detected,0
111.0,111.0,555,334,person,0.9125,770,805,125,272,832.5,941.0,34000,138.29,138.29,33.2,detected,0
111.0,111.0,555,360,person,0.6953,0,650,61,207,30.5,753.5,12627,129.7,129.7,24.8,detected,0
111.0,111.0,555,361,person,0.897,38,636,127,263,101.5,767.5,33401,163.69,163.69,24.2,detected,0
111.0,111.0,555,376,person,0.8618,1363,2,48,138,1387.0,71.0,6624,21.71,21.71,20.6,detected,0
111.0,111.0,555,379,person,0.872,661,794,125,282,723.5,935.0,35250,147.92,147.92,19.8,detected,0
111.0,111.0,555,381,person,0.908,835,535,85,248,877.5,659.0,21080,113.5,113.5,17.6,detected,0
111.0,111.0,555,384,person,0.898,1340,402,91,203,1385.5,503.5,18473,28.43,28.43,16.4,detected,0
111.0,111.0,555,388,person,0.8378,567,306,84,217,609.0,414.5,18228,103.77,103.77,15.4,detected,0
111.0,111.0,555,403,person,0.2646,1535,678,121,236,1595.5,796.0,28556,67.27,67.27,12.6,detected,0
111.0,111.0,555,409,person,0.9041,1672,236,71,198,1707.5,335.0,14058,67.57,67.57,10.2,detected,0
111.0,111.0,555,414,person,0.8945,1572,412,89,221,1616.5,522.5,19669,51.43,51.43,8.4,detected,0
111.0,111.0,555,415,person,0.8854,1693,680,100,235,1743.0,797.5,23500,71.57,71.57,8.4,detected,0
111.0,111.0,555,418,person,0.9013,1497,604,85,176,1539.5,692.0,14960,130.17,130.17,6.4,detected,0
111.0,111.0,555,421,person,0.7236,532,206,65,170,564.5,291.0,11050,79.24,79.24,6.2,detected,0
111.0,111.0,555,422,person,0.9017,1472,762,148,303,1546.0,913.5,44844,142.34,142.34,5.8,detected,0
111.0,111.0,555,425,person,0.298,1885,865,34,210,1902.0,970.0,7140,0.0,0.0,1.4,detected,0
111.0,111.0,555,428,person,0.1988,1309,0,30,60,1324.0,30.0,1800,0.0,0.0,0.2,detected,0
112.0,112.0,560,17,person,0.5497,112,287,60,130,142.0,352.0,7800,0.0,0.0,112.0,detected,0
112.0,112.0,560,281,person,0.6123,15,279,75,157,52.5,357.5,11775,0.5,0.5,51.4,detected,0
112.0,112.0,560,334,person,0.8923,651,941,131,139,716.5,1010.5,18209,135.23,135.23,34.2,detected,0
112.0,112.0,560,376,person,0.8879,1382,0,47,120,1405.5,60.0,5640,21.52,21.52,21.6,detected,0
112.0,112.0,560,379,person,0.8904,539,923,115,157,596.5,1001.5,18055,143.36,143.36,20.8,detected,0
112.0,112.0,560,381,person,0.9166,730,618,93,264,776.5,750.0,24552,135.95,135.95,18.6,detected,0
112.0,112.0,560,384,person,0.842,1371,379,80,198,1411.0,478.0,15840,36.06,36.06,17.4,detected,0
112.0,112.0,560,388,person,0.8978,458,362,93,221,504.5,472.5,20553,119.52,119.52,16.4,detected,0
112.0,112.0,560,403,person,0.9109,1510,763,133,259,1576.5,892.5,34447,98.35,98.35,13.6,detected,0
112.0,112.0,560,409,person,0.8296,1717,200,69,195,1751.5,297.5,13455,57.81,57.81,11.2,detected,0
112.0,112.0,560,414,person,0.919,1450,445,97,227,1498.5,558.5,22019,123.37,123.37,9.4,detected,0
112.0,112.0,560,415,person,0.1808,1662,768,102,188,1713.0,862.0,19176,71.14,71.14,9.4,detected,0
112.0,112.0,560,418,person,0.89,1404,692,94,265,1451.0,824.5,24910,159.34,159.34,7.4,detected,0
112.0,112.0,560,421,person,0.7835,607,174,60,153,637.0,250.5,9180,83.05,83.05,7.2,detected,0
112.0,112.0,560,422,person,0.8271,1556,911,155,169,1633.5,995.5,26195,119.92,119.92,6.8,detected,0
112.0,112.0,560,425,person,0.2425,1888,865,31,207,1903.5,968.5,6417,2.12,2.12,2.4,detected,0
112.0,112.0,560,428,person,0.4836,1285,0,43,75,1306.5,37.5,3225,19.04,19.04,1.2,detected,0
112.0,112.0,560,431,person,0.7447,1663,766,103,233,1714.5,882.5,23999,0.0,0.0,0.6,detected,0
113.0,113.0,565,17,person,0.5859,112,287,60,130,142.0,352.0,7800,0.0,0.0,113.0,detected,0
113.0,113.0,565,281,person,0.5618,15,280,75,156,52.5,358.0,11700,0.5,0.5,52.4,detected,0
113.0,113.0,565,376,person,0.8263,1408,0,45,101,1430.5,50.5,4545,26.74,26.74,22.6,detected,0
113.0,113.0,565,381,person,0.919,595,715,106,280,648.0,855.0,29680,165.94,165.94,19.6,detected,0
113.0,113.0,565,384,person,0.873,1394,358,77,183,1432.5,449.5,14091,35.7,35.7,18.4,detected,0
113.0,113.0,565,388,person,0.8984,330,414,110,242,385.0,535.0,26620,134.86,134.86,17.4,detected,0
113.0,113.0,565,403,person,0.9423,1471,862,141,218,1541.5,971.0,30738,85.95,85.95,14.6,detected,0
113.0,113.0,565,409,person,0.8982,1740,171,66,187,1773.0,264.5,12342,39.39,39.39,12.2,detected,0
113.0,113.0,565,414,person,0.7676,1298,470,91,194,1343.5,567.0,17654,155.23,155.23,10.4,detected,0
113.0,113.0,565,415,person,0.7488,1621,872,115,207,1678.5,975.5,23805,118.63,118.63,10.4,detected,0
113.0,113.0,565,418,person,0.9093,1310,805,95,271,1357.5,940.5,25745,148.99,148.99,8.4,detected,0
113.0,113.0,565,421,person,0.8514,683,145,74,133,720.0,211.5,9842,91.71,91.71,8.2,detected,0
113.0,113.0,565,425,person,0.2664,1888,866,31,192,1903.5,962.0,5952,6.5,6.5,3.4,detected,0
113.0,113.0,565,428,person,0.5795,1278,0,41,92,1298.5,46.0,3772,11.67,11.67,2.2,detected,0
113.0,113.0,565,434,person,0.4932,1264,0,54,94,1291.0,47.0,5076,0.0,0.0,0.6,detected,0
114.0,114.0,570,17,person,0.5217,112,287,60,130,142.0,352.0,7800,0.0,0.0,114.0,detected,0
114.0,114.0,570,281,person,0.5801,15,281,75,155,52.5,358.5,11625,0.5,0.5,53.4,detected,0
114.0,114.0,570,376,person,0.5705,1433,0,48,84,1457.0,42.0,4032,27.83,27.83,23.6,detected,0
114.0,114.0,570,381,person,0.919,445,823,112,257,501.0,951.5,28784,175.84,175.84,20.6,detected,0
114.0,114.0,570,384,person,0.8803,1407,337,79,193,1446.5,433.5,15247,21.26,21.26,19.4,detected,0
114.0,114.0,570,388,person,0.9252,165,469,120,256,225.0,597.0,30720,171.59,171.59,18.4,detected,0
114.0,114.0,570,403,person,0.9137,1416,976,138,104,1485.0,1028.0,14352,80.26,80.26,15.6,detected,0
114.0,114.0,570,409,person,0.8972,1729,141,65,177,1761.5,229.5,11505,36.84,36.84,13.2,detected,0
114.0,114.0,570,414,person,0.7956,1135,494,87,227,1178.5,607.5,19749,169.9,169.9,11.4,detected,0
114.0,114.0,570,415,person,0.8822,1598,987,97,93,1646.5,1033.5,9021,66.24,66.24,11.4,detected,0
114.0,114.0,570,418,person,0.892,1198,949,96,131,1246.0,1014.5,12576,133.82,133.82,9.4,detected,0
114.0,114.0,570,421,person,0.2607,750,124,55,107,777.5,177.5,5885,66.8,66.8,9.2,detected,0
114.0,114.0,570,425,person,0.2913,1887,866,32,212,1903.0,972.0,6784,10.01,10.01,4.4,detected,0
114.0,114.0,570,428,person,0.8203,1265,0,45,109,1287.5,54.5,4905,13.9,13.9,3.2,detected,0
114.0,114.0,570,439,person,0.5787,1189,0,33,35,1205.5,17.5,1155,0.0,0.0,0.6,detected,0
115.0,115.0,575,17,person,0.569,112,287,60,130,142.0,352.0,7800,0.0,0.0,115.0,detected,0
115.0,115.0,575,281,person,0.6073,15,281,75,155,52.5,358.5,11625,0.0,0.0,54.4,detected,0
115.0,115.0,575,381,person,0.8211,269,960,108,120,323.0,1020.0,12960,190.73,190.73,21.6,detected,0
115.0,115.0,575,384,person,0.8912,1414,316,77,182,1452.5,407.0,14014,27.17,27.17,20.4,detected,0
115.0,115.0,575,388,person,0.2977,4,535,107,263,57.5,666.5,28141,181.35,181.35,19.4,detected,0
115.0,115.0,575,409,person,0.899,1703,113,63,168,1734.5,197.0,10584,42.25,42.25,14.2,detected,0
115.0,115.0,575,414,person,0.9026,967,518,106,237,1020.0,636.5,25122,161.13,161.13,12.4,detected,0
115.0,115.0,575,421,person,0.79,810,99,57,140,838.5,169.0,7980,61.59,61.59,10.2,detected,0
115.0,115.0,575,428,person,0.8408,1251,8,51,123,1276.5,69.5,6273,18.6,18.6,4.2,detected,0
115.0,115.0,575,439,person,0.5696,1125,0,42,42,1146.0,21.0,1764,59.6,59.6,1.6,detected,0
115.0,115.0,575,443,person,0.489,1469,0,30,67,1484.0,33.5,2010,0.0,0.0,0.8,detected,0
115.0,115.0,575,445,person,0.2019,1410,0,26,18,1423.0,9.0,468,0.0,0.0,0.4,detected,0
115.0,115.0,575,446,person,0.2235,1385,0,18,15,1394.0,7.5,270,0.0,0.0,0.2,detected,0
116.0,116.0,580,17,person,0.4002,112,287,60,133,142.0,353.5,7980,1.5,1.5,116.0,detected,0
116.0,116.0,580,281,person,0.5469,15,281,74,155,52.0,358.5,11470,0.5,0.5,55.4,detected,0
116.0,116.0,580,384,person,0.8846,1404,297,77,184,1442.5,389.0,14168,20.59,20.59,21.4,detected,0
116.0,116.0,580,388,person,0.9034,56,393,99,205,105.5,495.5,20295,177.61,177.61,20.4,detected,0
116.0,116.0,580,409,person,0.8999,1666,92,62,163,1697.0,173.5,10106,44.25,44.25,15.2,detected,0
116.0,116.0,580,414,person,0.678,795,551,117,242,853.5,672.0,28314,170.24,170.24,13.4,detected,0
116.0,116.0,580,421,person,0.8094,871,76,54,141,898.0,146.5,7614,63.61,63.61,11.2,detected,0
116.0,116.0,580,428,person,0.9031,1240,25,53,127,1266.5,88.5,6731,21.47,21.47,5.2,detected,0
116.0,116.0,580,439,person,0.1825,1062,0,38,43,1081.0,21.5,1634,65.0,65.0,2.6,detected,0
116.0,116.0,580,443,person,0.7536,1490,0,29,49,1504.5,24.5,1421,22.39,22.39,1.8,detected,0
116.0,116.0,580,445,person,0.6845,1382,0,27,30,1395.5,15.0,810,28.15,28.15,1.4,detected,0
116.0,116.0,580,446,person,0.5604,1353,0,21,29,1363.5,14.5,609,31.29,31.29,1.2,detected,0
116.0,116.0,580,450,person,0.2727,1207,0,22,32,1218.0,16.0,704,0.0,0.0,0.6,detected,0
117.0,117.0,585,17,person,0.5198,112,286,58,131,141.0,351.5,7598,2.24,2.24,117.0,detected,0
117.0,117.0,585,281,person,0.6166,14,279,78,157,53.0,357.5,12246,1.41,1.41,56.4,detected,0
117.0,117.0,585,384,person,0.9051,1413,280,77,179,1451.5,369.5,13783,21.48,21.48,22.4,detected,0
117.0,117.0,585,388,person,0.9176,163,345,91,199,208.5,444.5,18109,114.93,114.93,21.4,detected,0
117.0,117.0,585,409,person,0.9131,1642,72,62,157,1673.0,150.5,9734,33.24,33.24,16.2,detected,0
117.0,117.0,585,414,person,0.8562,611,586,126,252,674.0,712.0,31752,183.9,183.9,14.4,detected,0
117.0,117.0,585,428,person,0.8387,1226,42,51,131,1251.5,107.5,6681,24.21,24.21,6.2,detected,0
117.0,117.0,585,443,person,0.6994,1508,0,25,33,1520.5,16.5,825,17.89,17.89,2.8,detected,0
117.0,117.0,585,444,person,0.3532,912,71,87,130,955.5,136.0,11310,0.0,0.0,2.8,detected,0
117.0,117.0,585,445,person,0.6779,1354,0,30,46,1369.0,23.0,1380,27.68,27.68,2.4,detected,0
117.0,117.0,585,446,person,0.6995,1322,0,22,45,1333.0,22.5,990,31.53,31.53,2.2,detected,0
117.0,117.0,585,450,person,0.2728,1184,0,20,43,1194.0,21.5,860,24.62,24.62,1.6,detected,0
117.0,117.0,585,453,person,0.722,1165,0,31,50,1180.5,25.0,1550,0.0,0.0,0.0,detected,0
118.0,118.0,590,17,person,0.5235,112,286,60,131,142.0,351.5,7860,1.0,1.0,118.0,detected,0
118.0,118.0,590,281,person,0.638,14,279,78,157,53.0,357.5,12246,0.0,0.0,57.4,detected,0
118.0,118.0,590,384,person,0.8546,1425,262,71,172,1460.5,348.0,12212,23.31,23.31,23.4,detected,0
118.0,118.0,590,388,person,0.9009,250,310,89,191,294.5,405.5,16999,94.43,94.43,22.4,detected,0
118.0,118.0,590,409,person,0.9045,1642,53,58,153,1671.0,129.5,8874,21.1,21.1,17.2,detected,0
118.0,118.0,590,414,person,0.9042,405,625,130,261,470.0,755.5,33930,208.59,208.59,15.4,detected,0
118.0,118.0,590,421,person,0.8406,978,37,51,129,1003.5,101.5,6579,114.7,57.35,13.2,detected,0
118.0,118.0,590,428,person,0.8601,1204,62,51,133,1229.5,128.5,6783,30.41,30.41,7.2,detected,0
118.0,118.0,590,443,person,0.3307,1515,0,22,19,1526.0,9.5,418,8.9,8.9,3.8,detected,0
118.0,118.0,590,445,person,0.4505,1316,0,36,61,1334.0,30.5,2196,35.79,35.79,3.4,detected,0
118.0,118.0,590,446,person,0.7019,1287,0,31,61,1302.5,30.5,1891,31.53,31.53,3.2,detected,0
118.0,118.0,590,453,person,0.6766,1126,0,34,69,1143.0,34.5,2346,38.68,38.68,1.0,detected,0
118.0,118.0,590,454,person,0.5838,1280,940,111,139,1335.5,1009.5,15429,0.0,0.0,0.4,detected,0
118.0,118.0,590,455,person,0.1709,1888,866,31,177,1903.5,954.5,5487,0.0,0.0,0.0,detected,0
119.0,119.0,595,17,person,0.5052,112,287,61,131,142.5,352.5,7991,1.12,1.12,119.0,detected,0
119.0,119.0,595,281,person,0.5063,15,280,77,156,53.5,358.0,12012,0.71,0.71,58.4,detected,0
119.0,119.0,595,384,person,0.8595,1423,247,69,169,1457.5,331.5,11661,16.77,16.77,24.4,detected,0
119.0,119.0,595,388,person,0.8943,332,280,93,186,378.5,373.0,17298,90.07,90.07,23.4,detected,0
119.0,119.0,595,409,person,0.8888,1665,38,52,149,1691.0,112.5,7748,26.25,26.25,18.2,detected,0
119.0,119.0,595,414,person,0.1756,183,675,120,272,243.0,811.0,32640,233.69,233.69,16.4,detected,0
119.0,119.0,595,421,person,0.8435,1027,18,52,125,1053.0,80.5,6500,53.77,53.77,14.2,detected,0
119.0,119.0,595,428,person,0.8766,1170,82,53,138,1196.5,151.0,7314,39.94,39.94,8.2,detected,0
119.0,119.0,595,445,person,0.6575,1281,0,45,77,1303.5,38.5,3465,31.53,31.53,4.4,detected,0
119.0,119.0,595,446,person,0.5811,1245,0,37,77,1263.5,38.5,2849,39.81,39.81,4.2,detected,0
119.0,119.0,595,454,person,0.9029,1357,822,110,256,1412.0,950.0,28160,96.91,96.91,1.4,detected,0
119.0,119.0,595,455,person,0.3026,1890,866,30,173,1905.0,952.5,5190,2.5,2.5,1.0,detected,0
119.0,119.0,595,456,person,0.7213,1068,0,51,87,1093.5,43.5,4437,0.0,0.0,0.6,detected,0
119.0,119.0,595,459,person,0.7113,1702,674,95,246,1749.5,797.0,23370,0.0,0.0,0.4,detected,0
119.0,119.0,595,460,person,0.1868,1696,673,102,325,1747.0,835.5,33150,0.0,0.0,0.4,detected,0
120.0,120.0,600,17,person,0.57,112,286,61,132,142.5,352.0,8052,0.5,0.5,120.0,detected,0
120.0,120.0,600,281,person,0.6035,15,279,77,157,53.5,357.5,12089,0.5,0.5,59.4,detected,0
120.0,120.0,600,384,person,0.8258,1434,229,66,165,1467.0,311.5,10890,22.14,22.14,25.4,detected,0
120.0,120.0,600,388,person,0.9166,416,248,89,179,460.5,337.5,15931,89.35,89.35,24.4,detected,0
120.0,120.0,600,409,person,0.8504,1685,20,52,143,1711.0,91.5,7436,29.0,29.0,19.2,detected,0
120.0,120.0,600,414,person,0.3888,4,732,108,271,58.0,867.5,29268,193.44,193.44,17.4,detected,0
120.0,120.0,600,421,person,0.8388,1069,0,48,121,1093.0,60.5,5808,44.72,44.72,15.2,detected,0
120.0,120.0,600,428,person,0.8077,1127,101,60,140,1157.0,171.0,8400,44.27,44.27,9.2,detected,0
120.0,120.0,600,445,person,0.7417,1238,0,44,95,1260.0,47.5,4180,44.42,44.42,5.4,detected,0
120.0,120.0,600,446,person,0.8054,1203,0,44,93,1225.0,46.5,4092,39.32,39.32,5.2,detected,0
120.0,120.0,600,454,person,0.9316,1411,723,109,301,1465.5,873.5,32809,93.35,93.35,2.4,detected,0
120.0,120.0,600,455,person,0.2601,1888,865,31,194,1903.5,962.0,6014,9.62,9.62,2.0,detected,0
120.0,120.0,600,456,person,0.8628,1017,0,54,110,1044.0,55.0,5940,50.82,50.82,1.6,detected,0
120.0,120.0,600,459,person,0.9258,1703,585,107,259,1756.5,714.5,27713,82.8,82.8,1.4,detected,0
120.0,120.0,600,461,person,0.459,1286,0,28,46,1300.0,23.0,1288,0.0,0.0,0.6,detected,0
120.0,120.0,600,465,person,0.2469,1178,0,22,32,1189.0,16.0,704,0.0,0.0,0.2,detected,0
120.0,120.0,600,467,person,0.5434,0,735,50,270,25.0,870.0,13500,0.0,0.0,0.0,detected,0
121.0,121.0,605,17,person,0.5418,112,286,61,132,142.5,352.0,8052,0.0,0.0,121.0,detected,0
121.0,121.0,605,281,person,0.6309,15,280,78,156,54.0,358.0,12168,0.71,0.71,60.4,detected,0
121.0,121.0,605,384,person,0.8696,1449,214,69,162,1483.5,295.0,11178,23.33,23.33,26.4,detected,0
121.0,121.0,605,388,person,0.9134,488,221,84,170,530.0,306.0,14280,76.31,76.31,25.4,detected,0
121.0,121.0,605,409,person,0.6743,1716,5,47,137,1739.5,73.5,6439,33.71,33.71,20.2,detected,0
121.0,121.0,605,421,person,0.6991,1107,0,48,101,1131.0,50.5,4848,39.29,39.29,16.2,detected,0
121.0,121.0,605,428,person,0.871,1103,122,55,145,1130.5,194.5,7975,35.42,35.42,10.2,detected,0
121.0,121.0,605,445,person,0.2009,1220,0,33,84,1236.5,42.0,2772,24.14,24.14,6.4,detected,0
121.0,121.0,605,446,person,0.8713,1183,0,45,113,1205.5,56.5,5085,21.91,21.91,6.2,detected,0
121.0,121.0,605,454,person,0.8761,1460,637,97,283,1508.5,778.5,27451,104.28,104.28,3.4,detected,0
121.0,121.0,605,455,person,0.1622,1888,866,31,182,1903.5,957.0,5642,5.0,5.0,3.0,detected,0
121.0,121.0,605,456,person,0.8123,976,2,53,134,1002.5,69.0,7102,43.8,43.8,2.6,detected,0
121.0,121.0,605,459,person,0.9298,1725,512,97,258,1773.5,641.0,25026,75.44,75.44,2.4,detected,0
121.0,121.0,605,461,person,0.5073,1279,0,29,56,1293.5,28.0,1624,8.2,8.2,1.6,detected,0
121.0,121.0,605,465,person,0.816,1157,0,39,86,1176.5,43.0,3354,29.75,29.75,1.2,detected,0
122.0,122.0,610,17,person,0.4751,112,286,60,132,142.0,352.0,7920,0.5,0.5,122.0,detected,0
122.0,122.0,610,281,person,0.6746,15,279,75,157,52.5,357.5,11775,1.58,1.58,61.4,detected,0
122.0,122.0,610,384,person,0.8254,1462,202,70,160,1497.0,282.0,11200,18.74,18.74,27.4,detected,0
122.0,122.0,610,388,person,0.909,558,193,73,169,594.5,277.5,12337,70.52,70.52,26.4,detected,0
122.0,122.0,610,409,person,0.2758,1752,-11,46,42,1775.0,10.0,1932,72.75,72.75,21.2,predicted,1
122.0,122.0,610,421,person,0.8334,1135,0,45,127,1157.5,63.5,5715,29.52,29.52,17.2,detected,0
122.0,122.0,610,428,person,0.8807,1074,148,57,155,1102.5,225.5,8835,41.77,41.77,11.2,detected,0
122.0,122.0,610,445,person,0.7282,1218,0,32,70,1234.0,35.0,2240,7.43,7.43,7.4,detected,0
122.0,122.0,610,446,person,0.864,1167,7,44,128,1189.0,71.0,5632,21.97,21.97,7.2,detected,0
122.0,122.0,610,454,person,0.9064,1494,562,88,264,1538.0,694.0,23232,89.5,89.5,4.4,detected,0
122.0,122.0,610,456,person,0.8558,924,22,55,140,951.5,92.0,7700,55.95,55.95,3.6,detected,0
122.0,122.0,610,459,person,0.9242,1760,450,90,240,1805.0,570.0,21600,77.67,77.67,3.4,detected,0
122.0,122.0,610,461,person,0.3496,1260,0,35,73,1277.5,36.5,2555,18.12,18.12,2.6,detected,0
122.0,122.0,610,469,person,0.1747,1246,3,37,73,1264.5,39.5,2701,0.0,0.0,0.0,detected,0
123.0,123.0,615,17,person,0.552,112,286,60,132,142.0,352.0,7920,0.0,0.0,123.0,detected,0
123.0,123.0,615,281,person,0.7017,14,278,76,158,52.0,357.0,12008,0.71,0.71,62.4,detected,0
123.0,123.0,615,384,person,0.8666,1475,188,70,162,1510.0,269.0,11340,18.38,18.38,28.4,detected,0
123.0,123.0,615,388,person,0.9061,622,169,67,144,655.5,241.0,9648,71.09,71.09,27.4,detected,0
123.0,123.0,615,421,person,0.6965,1091,10,48,140,1115.0,80.0,6720,45.59,45.59,18.2,detected,0
123.0,123.0,615,428,person,0.8927,1040,176,61,162,1070.5,257.0,9882,44.9,44.9,12.2,detected,0
123.0,123.0,615,445,person,0.6361,1178,0,43,89,1199.5,44.5,3827,35.78,35.78,8.4,detected,0
123.0,123.0,615,446,person,0.8667,1127,17,47,138,1150.5,86.0,6486,41.32,41.32,8.2,detected,0
123.0,123.0,615,454,person,0.9292,1516,495,85,244,1558.5,617.0,20740,79.68,79.68,5.4,detected,0
123.0,123.0,615,456,person,0.8281,862,43,54,144,889.0,115.0,7776,66.6,66.6,4.6,detected,0
123.0,123.0,615,459,person,0.3617,1804,421,64,202,1836.0,522.0,12928,57.14,57.14,4.4,detected,0
123.0,123.0,615,465,person,0.2317,1089,23,45,126,1111.5,86.0,5670,77.94,38.97,3.2,detected,0
123.0,123.0,615,469,person,0.6349,1209,0,48,93,1233.0,46.5,4464,32.27,32.27,1.0,detected,0
123.0,123.0,615,470,person,0.6097,1845,166,46,164,1868.0,248.0,7544,0.0,0.0,0.6,detected,0
