data_split,source_second,target_second,zone_id,zone,current_count,pixel_projected_count,ground_projected_count,actual_next_count,raw_gnn_count,predicted_next_count,predicted_rounded_count,correction_alpha,gate,absolute_error
train,7.8,8.8,0,far_left,4,4,4,3,4.102196,4.102196,4,1.0,0.246313,1.102196
train,7.8,8.8,1,far_center,3,3,3,3,2.758029,3.0,3,0.0,0.33946,0.0
train,7.8,8.8,2,far_right,0,0,0,0,0.0,0.0,0,0.0,0.120834,0.0
train,7.8,8.8,3,near_left,4,4,4,3,3.937335,4.0,4,0.0,0.312955,1.0
train,7.8,8.8,4,near_center,1,1,1,1,1.08723,1.0,1,0.0,0.216043,0.0
train,7.8,8.8,5,near_right,3,3,3,3,3.068626,3.0,3,0.0,0.349049,0.0
train,8.0,9.0,0,far_left,4,4,4,3,4.03916,4.03916,4,1.0,0.214714,1.03916
train,8.0,9.0,1,far_center,2,2,2,3,2.445716,2.0,2,0.0,0.3211,1.0
train,8.0,9.0,2,far_right,0,0,0,0,0.0,0.0,0,0.0,0.105756,0.0
train,8.0,9.0,3,near_left,4,4,4,4,4.014233,4.0,4,0.0,0.295703,0.0
train,8.0,9.0,4,near_center,1,1,1,1,1.038402,1.0,1,0.0,0.208131,0.0
train,8.0,9.0,5,near_right,3,3,3,3,3.045753,3.0,3,0.0,0.353503,0.0
train,8.2,9.2,0,far_left,4,4,4,3,4.03747,4.03747,4,1.0,0.211927,1.03747
train,8.2,9.2,1,far_center,2,2,2,3,2.372377,2.0,2,0.0,0.310362,1.0
train,8.2,9.2,2,far_right,0,0,0,0,0.0,0.0,0,0.0,0.104326,0.0
train,8.2,9.2,3,near_left,3,3,3,4,3.133084,3.0,3,0.0,0.26111,1.0
train,8.2,9.2,4,near_center,1,1,1,1,1.0267,1.0,1,0.0,0.211668,0.0
train,8.2,9.2,5,near_right,3,3,3,3,3.056291,3.0,3,0.0,0.34422,0.0
train,8.4,9.4,0,far_left,4,3,3,3,3.241316,3.241316,3,1.0,0.236177,0.241316
train,8.4,9.4,1,far_center,2,3,3,3,2.986912,3.0,3,0.0,0.291519,0.0
train,8.4,9.4,2,far_right,0,0,0,1,0.0,0.0,0,0.0,0.099893,1.0
train,8.4,9.4,3,near_left,3,3,3,4,3.087368,3.0,3,0.0,0.232034,1.0
train,8.4,9.4,4,near_center,1,1,1,1,1.026507,1.0,1,0.0,0.216021,0.0
train,8.4,9.4,5,near_right,3,3,3,3,3.051144,3.0,3,0.0,0.348845,0.0
train,8.6,9.6,0,far_left,3,3,3,3,3.057072,3.057072,3,1.0,0.243846,0.057072
train,8.6,9.6,1,far_center,3,4,4,4,3.90853,4.0,4,0.0,0.272926,0.0
train,8.6,9.6,2,far_right,0,0,0,0,0.0,0.0,0,0.0,0.103567,0.0
train,8.6,9.6,3,near_left,3,3,3,4,3.09331,3.0,3,0.0,0.216149,1.0
train,8.6,9.6,4,near_center,1,0,0,0,0.252397,0.0,0,0.0,0.223068,0.0
train,8.6,9.6,5,near_right,3,3,3,1,3.074267,3.0,3,0.0,0.348217,2.0
train,8.8,9.8,0,far_left,3,3,3,3,3.047141,3.047141,3,1.0,0.245618,0.047141
train,8.8,9.8,1,far_center,3,4,4,4,3.884354,4.0,4,0.0,0.270276,0.0
train,8.8,9.8,2,far_right,0,0,0,0,0.0,0.0,0,0.0,0.098868,0.0
train,8.8,9.8,3,near_left,3,3,3,5,3.092944,3.0,3,0.0,0.207654,2.0
train,8.8,9.8,4,near_center,1,0,0,0,0.252952,0.0,0,0.0,0.220409,0.0
train,8.8,9.8,5,near_right,3,3,3,3,3.068868,3.0,3,0.0,0.342198,0.0
train,9.0,10.0,0,far_left,3,3,3,4,3.054639,3.054639,3,1.0,0.257447,0.945361
train,9.0,10.0,1,far_center,3,4,4,4,3.867175,4.0,4,0.0,0.264014,0.0
train,9.0,10.0,2,far_right,0,0,0,0,0.0,0.0,0,0.0,0.096363,0.0
train,9.0,10.0,3,near_left,4,4,4,5,4.021109,4.0,4,0.0,0.223401,1.0
train,9.0,10.0,4,near_center,1,0,0,0,0.265874,0.0,0,0.0,0.223561,0.0
train,9.0,10.0,5,near_right,3,3,3,3,3.068548,3.0,3,0.0,0.338384,0.0
train,9.2,10.2,0,far_left,3,3,2,3,3.041536,3.041536,3,1.0,0.265834,0.041536
train,9.2,10.2,1,far_center,3,4,4,4,3.85156,4.0,4,0.0,0.26501,0.0
train,9.2,10.2,2,far_right,0,0,0,1,0.0,0.0,0,0.0,0.09523,1.0
train,9.2,10.2,3,near_left,4,4,5,6,4.070879,4.0,4,0.0,0.224467,2.0
train,9.2,10.2,4,near_center,1,0,0,0,0.267163,0.0,0,0.0,0.226588,0.0
train,9.2,10.2,5,near_right,3,3,3,3,3.040394,3.0,3,0.0,0.338041,0.0
train,9.4,10.4,0,far_left,3,2,2,3,2.3326,2.3326,2,1.0,0.277081,0.6674
train,9.4,10.4,1,far_center,3,4,4,3,3.859479,4.0,4,0.0,0.261457,1.0
train,9.4,10.4,2,far_right,1,1,1,2,0.95408,1.0,1,0.0,0.139935,1.0
train,9.4,10.4,3,near_left,4,5,5,6,4.867445,5.0,5,0.0,0.213565,1.0
train,9.4,10.4,4,near_center,1,0,0,0,0.321552,0.0,0,0.0,0.226729,0.0
train,9.4,10.4,5,near_right,3,3,3,3,1.467038,3.0,3,0.0,0.652963,0.0
train,9.6,10.6,0,far_left,3,2,2,3,2.333662,2.333662,2,1.0,0.283032,0.666338
train,9.6,10.6,1,far_center,4,4,4,3,4.070084,4.0,4,0.0,0.267829,1.0
train,9.6,10.6,2,far_right,0,0,0,2,0.005859,0.0,0,0.0,0.091525,2.0
train,9.6,10.6,3,near_left,4,5,5,6,4.891776,5.0,5,0.0,0.222145,1.0
train,9.6,10.6,4,near_center,0,0,0,0,0.0,0.0,0,0.0,0.183145,0.0
train,9.6,10.6,5,near_right,1,1,1,3,1.135783,1.0,1,0.0,0.42797,2.0
train,9.8,10.8,0,far_left,3,2,2,4,2.332835,2.332835,2,1.0,0.277788,1.667165
train,9.8,10.8,1,far_center,4,4,4,4,4.111924,4.0,4,0.0,0.2821,0.0
train,9.8,10.8,2,far_right,0,0,0,2,0.0,0.0,0,0.0,0.089958,2.0
train,9.8,10.8,3,near_left,5,6,6,6,5.78879,6.0,6,0.0,0.28874,0.0
train,9.8,10.8,4,near_center,0,0,0,0,0.0,0.0,0,0.0,0.162658,0.0
train,9.8,10.8,5,near_right,3,3,3,3,2.871187,3.0,3,0.0,0.427284,0.0
train,10.0,11.0,0,far_left,4,3,3,4,3.218958,3.218958,3,1.0,0.262897,0.781042
train,10.0,11.0,1,far_center,4,4,4,4,4.126972,4.0,4,0.0,0.293508,0.0
train,10.0,11.0,2,far_right,0,0,0,2,0.0,0.0,0,0.0,0.090414,2.0
train,10.0,11.0,3,near_left,5,6,6,5,5.89437,6.0,6,0.0,0.286709,1.0
train,10.0,11.0,4,near_center,0,0,0,1,0.0,0.0,0,0.0,0.150504,1.0
train,10.0,11.0,5,near_right,3,3,3,3,3.215537,3.0,3,0.0,0.440369,0.0
train,10.2,11.2,0,far_left,3,3,3,3,3.031663,3.031663,3,1.0,0.230187,0.031663
train,10.2,11.2,1,far_center,4,4,4,3,4.079698,4.0,4,0.0,0.311251,1.0
train,10.2,11.2,2,far_right,1,1,1,3,0.898536,1.0,1,0.0,0.132521,2.0
train,10.2,11.2,3,near_left,6,6,6,6,6.063018,6.0,6,0.0,0.35023,0.0
train,10.2,11.2,4,near_center,0,0,0,1,0.0,0.0,0,0.0,0.145168,1.0
train,10.2,11.2,5,near_right,3,3,3,3,3.274691,3.0,3,0.0,0.44039,0.0
train,10.4,11.4,0,far_left,3,3,3,3,3.028585,3.028585,3,1.0,0.202594,0.028585
train,10.4,11.4,1,far_center,3,3,3,3,3.173369,3.0,3,0.0,0.322107,0.0
train,10.4,11.4,2,far_right,2,2,2,2,1.837013,2.0,2,0.0,0.159125,0.0
train,10.4,11.4,3,near_left,6,6,6,6,6.10948,6.0,6,0.0,0.367824,0.0
train,10.4,11.4,4,near_center,0,0,0,1,0.0,0.0,0,0.0,0.126259,1.0
train,10.4,11.4,5,near_right,3,3,3,4,3.231019,3.0,3,0.0,0.422219,1.0
train,10.6,11.6,0,far_left,3,3,3,2,2.631564,2.631564,3,1.0,0.299858,0.631564
train,10.6,11.6,1,far_center,3,3,3,4,3.183812,3.0,3,0.0,0.305713,1.0
train,10.6,11.6,2,far_right,2,2,2,3,1.924238,2.0,2,0.0,0.131311,1.0
train,10.6,11.6,3,near_left,6,6,5,6,6.141495,6.0,6,0.0,0.383093,0.0
train,10.6,11.6,4,near_center,0,0,1,1,0.0,0.0,0,0.0,0.122245,1.0
train,10.6,11.6,5,near_right,3,3,3,4,3.203284,3.0,3,0.0,0.381312,1.0
train,10.8,11.8,0,far_left,4,4,4,2,3.840658,3.840658,4,1.0,0.227202,1.840658
train,10.8,11.8,1,far_center,4,4,4,4,3.85658,4.0,4,0.0,0.350453,0.0
train,10.8,11.8,2,far_right,2,2,2,3,1.987052,2.0,2,0.0,0.0966,1.0
train,10.8,11.8,3,near_left,6,5,5,6,5.506021,5.0,5,0.0,0.40499,1.0
train,10.8,11.8,4,near_center,0,1,1,2,0.89263,1.0,1,0.0,0.10737,1.0
train,10.8,11.8,5,near_right,3,3,3,4,3.18741,3.0,3,0.0,0.340128,1.0
train,11.0,12.0,0,far_left,4,5,5,3,4.746327,4.746327,5,1.0,0.178834,1.746327
train,11.0,12.0,1,far_center,4,3,3,4,3.25977,3.0,3,0.0,0.311772,1.0
train,11.0,12.0,2,far_right,2,2,2,3,1.978756,2.0,2,0.0,0.089003,1.0
train,11.0,12.0,3,near_left,5,5,5,6,5.153451,5.0,5,0.0,0.299516,1.0
train,11.0,12.0,4,near_center,1,1,1,2,1.044309,1.0,1,0.0,0.130965,1.0
train,11.0,12.0,5,near_right,3,3,3,4,3.089886,3.0,3,0.0,0.276056,1.0
train,11.2,12.2,0,far_left,3,3,3,2,2.840017,2.840017,3,1.0,0.158966,0.840017
train,11.2,12.2,1,far_center,3,3,3,4,3.165402,3.0,3,0.0,0.29635,1.0
train,11.2,12.2,2,far_right,3,3,3,2,2.826038,3.0,3,0.0,0.141256,1.0
train,11.2,12.2,3,near_left,6,6,6,6,6.020649,6.0,6,0.0,0.252202,0.0
train,11.2,12.2,4,near_center,1,1,1,2,1.068447,1.0,1,0.0,0.164317,1.0
train,11.2,12.2,5,near_right,3,3,3,4,3.090203,3.0,3,0.0,0.229225,1.0
train,11.4,12.4,0,far_left,3,3,3,2,3.016302,3.016302,3,1.0,0.103734,1.016302
train,11.4,12.4,1,far_center,3,3,3,4,3.073038,3.0,3,0.0,0.275202,1.0
train,11.4,12.4,2,far_right,2,2,2,2,2.03958,2.0,2,0.0,0.097845,0.0
train,11.4,12.4,3,near_left,6,6,6,6,6.05144,6.0,6,0.0,0.241407,0.0
train,11.4,12.4,4,near_center,1,1,1,2,1.07254,1.0,1,0.0,0.184772,1.0
train,11.4,12.4,5,near_right,4,4,4,4,3.968688,4.0,4,0.0,0.189384,0.0
train,11.6,12.6,0,far_left,2,2,2,2,2.107424,2.107424,2,1.0,0.101525,0.107424
train,11.6,12.6,1,far_center,4,4,4,4,3.834336,4.0,4,0.0,0.317618,0.0
train,11.6,12.6,2,far_right,3,3,3,2,2.944284,3.0,3,0.0,0.118509,1.0
train,11.6,12.6,3,near_left,6,6,6,6,6.034016,6.0,6,0.0,0.260388,0.0
train,11.6,12.6,4,near_center,1,1,1,3,1.077934,1.0,1,0.0,0.195458,2.0
train,11.6,12.6,5,near_right,4,4,4,4,4.039701,4.0,4,0.0,0.187586,0.0
train,11.8,12.8,0,far_left,2,2,2,3,2.112077,2.112077,2,1.0,0.117323,0.887923
train,11.8,12.8,1,far_center,4,4,4,4,3.998087,4.0,4,0.0,0.294027,0.0
train,11.8,12.8,2,far_right,3,3,3,2,2.969222,3.0,3,0.0,0.095254,1.0
train,11.8,12.8,3,near_left,6,6,6,5,6.009167,6.0,6,0.0,0.302485,1.0
train,11.8,12.8,4,near_center,2,2,2,3,1.971294,2.0,2,0.0,0.191212,1.0
train,11.8,12.8,5,near_right,4,4,4,4,4.050264,4.0,4,0.0,0.179625,0.0
train,12.0,13.0,0,far_left,3,3,3,5,3.03763,3.03763,3,1.0,0.108948,1.96237
train,12.0,13.0,1,far_center,4,4,4,4,4.050316,4.0,4,0.0,0.288443,0.0
train,12.0,13.0,2,far_right,3,3,3,3,2.986708,3.0,3,0.0,0.076666,0.0
train,12.0,13.0,3,near_left,6,6,6,5,6.004507,6.0,6,0.0,0.304355,1.0
train,12.0,13.0,4,near_center,2,2,2,3,2.031133,2.0,2,0.0,0.196024,1.0
train,12.0,13.0,5,near_right,4,4,4,4,4.032865,4.0,4,0.0,0.173309,0.0
train,12.2,13.2,0,far_left,2,2,2,4,2.086329,2.086329,2,1.0,0.12603,1.913671
train,12.2,13.2,1,far_center,4,4,4,4,4.019024,4.0,4,0.0,0.284965,0.0
train,12.2,13.2,2,far_right,2,2,2,2,2.02533,2.0,2,0.0,0.065199,0.0
train,12.2,13.2,3,near_left,6,6,6,5,6.028125,6.0,6,0.0,0.306503,1.0
train,12.2,13.2,4,near_center,2,2,2,3,2.023474,2.0,2,0.0,0.201695,1.0
train,12.2,13.2,5,near_right,4,4,4,4,4.029182,4.0,4,0.0,0.175493,0.0
train,12.4,13.4,0,far_left,2,3,3,3,2.933108,2.933108,3,1.0,0.131689,0.066892
train,12.4,13.4,1,far_center,4,4,4,4,4.001589,4.0,4,0.0,0.287954,0.0
train,12.4,13.4,2,far_right,2,2,2,3,2.012406,2.0,2,0.0,0.060948,1.0
train,12.4,13.4,3,near_left,6,5,5,5,5.405606,5.0,5,0.0,0.307663,0.0
train,12.4,13.4,4,near_center,2,2,2,3,2.014155,2.0,2,0.0,0.203855,1.0
train,12.4,13.4,5,near_right,4,4,4,5,4.031358,4.0,4,0.0,0.183886,1.0
train,12.6,13.6,0,far_left,2,3,3,4,2.920448,2.920448,3,1.0,0.127205,1.079552
train,12.6,13.6,1,far_center,4,4,4,4,3.993361,4.0,4,0.0,0.292801,0.0
train,12.6,13.6,2,far_right,2,2,2,3,2.011979,2.0,2,0.0,0.061582,1.0
train,12.6,13.6,3,near_left,6,5,5,5,5.393862,5.0,5,0.0,0.291261,0.0
train,12.6,13.6,4,near_center,3,3,3,3,2.950229,3.0,3,0.0,0.2198,0.0
train,12.6,13.6,5,near_right,4,4,4,5,4.028362,4.0,4,0.0,0.182167,1.0
train,12.8,13.8,0,far_left,3,3,3,4,3.046866,3.046866,3,1.0,0.130489,0.953134
train,12.8,13.8,1,far_center,4,4,4,4,3.904563,4.0,4,0.0,0.310672,0.0
train,12.8,13.8,2,far_right,2,2,2,3,2.002611,2.0,2,0.0,0.067746,1.0
train,12.8,13.8,3,near_left,5,5,5,5,5.039943,5.0,5,0.0,0.281807,0.0
train,12.8,13.8,4,near_center,3,3,3,3,3.026091,3.0,3,0.0,0.222824,0.0
train,12.8,13.8,5,near_right,4,4,4,5,4.02814,4.0,4,0.0,0.201412,1.0
train,13.0,14.0,0,far_left,5,5,5,6,4.471864,4.471864,4,1.0,0.345538,1.528136
train,13.0,14.0,1,far_center,4,4,4,4,4.052773,4.0,4,0.0,0.318227,0.0
train,13.0,14.0,2,far_right,3,3,3,3,2.714186,3.0,3,0.0,0.202911,0.0
train,13.0,14.0,3,near_left,5,5,5,4,4.999992,5.0,5,0.0,0.27771,1.0
train,13.0,14.0,4,near_center,3,3,3,3,3.062137,3.0,3,0.0,0.227661,0.0
train,13.0,14.0,5,near_right,4,4,4,5,4.05646,4.0,4,0.0,0.214775,1.0
train,13.2,14.2,0,far_left,4,4,4,6,3.706705,3.706705,4,1.0,0.313033,2.293295
train,13.2,14.2,1,far_center,4,4,4,4,4.07265,4.0,4,0.0,0.296373,0.0
train,13.2,14.2,2,far_right,2,2,2,3,1.892174,2.0,2,0.0,0.153638,1.0
train,13.2,14.2,3,near_left,5,5,5,4,5.033501,5.0,5,0.0,0.250365,1.0
train,13.2,14.2,4,near_center,3,3,3,3,3.024326,3.0,3,0.0,0.231924,0.0
train,13.2,14.2,5,near_right,4,4,4,5,4.059867,4.0,4,0.0,0.251167,1.0
train,13.4,14.4,0,far_left,3,4,3,5,3.902199,3.902199,4,1.0,0.220543,1.097801
train,13.4,14.4,1,far_center,4,4,4,4,4.048048,4.0,4,0.0,0.291387,0.0
train,13.4,14.4,2,far_right,3,3,3,3,2.679312,3.0,3,0.0,0.237478,0.0
train,13.4,14.4,3,near_left,5,4,5,3,4.333392,4.0,4,0.0,0.249994,1.0
train,13.4,14.4,4,near_center,3,3,3,3,3.045189,3.0,3,0.0,0.231472,0.0
train,13.4,14.4,5,near_right,5,5,5,5,4.69803,5.0,5,0.0,0.375979,0.0
train,13.6,14.6,0,far_left,4,5,5,6,4.836394,4.836394,5,1.0,0.169305,1.163606
train,13.6,14.6,1,far_center,4,4,4,4,4.008252,4.0,4,0.0,0.304192,0.0
train,13.6,14.6,2,far_right,3,3,3,3,2.660243,3.0,3,0.0,0.241826,0.0
train,13.6,14.6,3,near_left,5,4,4,4,4.313286,4.0,4,0.0,0.231205,0.0
train,13.6,14.6,4,near_center,3,3,3,3,3.046539,3.0,3,0.0,0.235199,0.0
train,13.6,14.6,5,near_right,5,5,5,5,4.942038,5.0,5,0.0,0.32273,0.0
train,13.8,14.8,0,far_left,4,5,5,6,4.917098,4.917098,5,1.0,0.154491,1.082902
train,13.8,14.8,1,far_center,4,4,4,4,3.969178,4.0,4,0.0,0.310988,0.0
train,13.8,14.8,2,far_right,3,3,3,2,2.112185,3.0,3,0.0,0.423189,1.0
train,13.8,14.8,3,near_left,5,4,4,4,4.281646,4.0,4,0.0,0.21498,0.0
train,13.8,14.8,4,near_center,3,3,3,3,3.047792,3.0,3,0.0,0.238644,0.0
train,13.8,14.8,5,near_right,5,5,5,4,5.000667,5.0,5,0.0,0.296395,1.0
train,14.0,15.0,0,far_left,6,6,6,6,5.791524,5.791524,6,1.0,0.219494,0.208476
train,14.0,15.0,1,far_center,4,4,4,4,3.961395,4.0,4,0.0,0.32487,0.0
train,14.0,15.0,2,far_right,3,3,3,2,2.271551,3.0,3,0.0,0.390825,1.0
train,14.0,15.0,3,near_left,4,4,4,3,4.041632,4.0,4,0.0,0.206279,1.0
train,14.0,15.0,4,near_center,3,3,3,3,3.06664,3.0,3,0.0,0.243487,0.0
train,14.0,15.0,5,near_right,5,5,5,4,5.015407,5.0,5,0.0,0.286889,1.0
train,14.2,15.2,0,far_left,6,6,6,5,5.909581,5.909581,6,1.0,0.20837,0.909581
train,14.2,15.2,1,far_center,4,4,4,4,3.985641,4.0,4,0.0,0.308868,0.0
train,14.2,15.2,2,far_right,3,3,2,3,2.515697,3.0,3,0.0,0.314362,0.0
train,14.2,15.2,3,near_left,4,4,4,3,3.619289,4.0,4,0.0,0.34686,1.0
train,14.2,15.2,4,near_center,3,3,3,3,3.087421,3.0,3,0.0,0.243807,0.0
train,14.2,15.2,5,near_right,5,5,6,4,5.014786,5.0,5,0.0,0.279126,1.0
train,14.4,15.4,0,far_left,5,5,5,5,5.15771,5.15771,5,1.0,0.169689,0.15771
train,14.4,15.4,1,far_center,4,4,4,4,3.95369,4.0,4,0.0,0.291457,0.0
train,14.4,15.4,2,far_right,3,2,2,2,1.999398,2.0,2,0.0,0.213297,0.0
train,14.4,15.4,3,near_left,3,3,3,4,3.106817,3.0,3,0.0,0.266698,1.0
train,14.4,15.4,4,near_center,3,3,3,3,3.043656,3.0,3,0.0,0.238321,0.0
train,14.4,15.4,5,near_right,5,6,6,5,5.743173,6.0,6,0.0,0.257477,1.0
train,14.6,15.6,0,far_left,6,6,6,4,5.933263,5.933263,6,1.0,0.20401,1.933263
train,14.6,15.6,1,far_center,4,4,4,5,4.009165,4.0,4,0.0,0.285569,1.0
train,14.6,15.6,2,far_right,3,2,1,2,1.957115,2.0,2,0.0,0.253844,0.0
train,14.6,15.6,3,near_left,4,4,4,6,3.894598,4.0,4,0.0,0.281761,2.0
train,14.6,15.6,4,near_center,3,3,3,3,3.107391,3.0,3,0.0,0.240033,0.0
train,14.6,15.6,5,near_right,5,6,7,5,4.856475,6.0,6,0.0,0.44626,1.0
train,14.8,15.8,0,far_left,6,5,5,4,5.270901,5.270901,5,1.0,0.1925,1.270901
train,14.8,15.8,1,far_center,4,5,5,4,4.652729,5.0,5,0.0,0.276197,1.0
train,14.8,15.8,2,far_right,2,2,2,1,2.065369,2.0,2,0.0,0.142141,1.0
train,14.8,15.8,3,near_left,4,4,4,6,3.583974,4.0,4,0.0,0.349322,2.0
train,14.8,15.8,4,near_center,3,3,3,3,3.077538,3.0,3,0.0,0.247454,0.0
train,14.8,15.8,5,near_right,4,4,4,3,4.04574,4.0,4,0.0,0.295255,1.0
train,15.0,16.0,0,far_left,6,5,5,4,5.164678,5.164678,5,1.0,0.181909,1.164678
train,15.0,16.0,1,far_center,4,5,5,3,4.570308,5.0,5,0.0,0.284913,2.0
train,15.0,16.0,2,far_right,2,2,2,1,2.040088,2.0,2,0.0,0.107585,1.0
train,15.0,16.0,3,near_left,3,3,3,5,3.139706,3.0,3,0.0,0.259878,2.0
train,15.0,16.0,4,near_center,3,3,3,3,3.044866,3.0,3,0.0,0.253795,0.0
train,15.0,16.0,5,near_right,4,4,4,3,4.08414,4.0,4,0.0,0.282917,1.0
train,15.2,16.2,0,far_left,5,4,4,5,4.405797,4.405797,4,1.0,0.185186,0.594203
train,15.2,16.2,1,far_center,4,5,5,3,3.871259,5.0,5,0.0,0.410818,2.0
train,15.2,16.2,2,far_right,3,4,3,1,3.798254,4.0,4,0.0,0.142255,3.0
train,15.2,16.2,3,near_left,3,3,3,6,3.093961,3.0,3,0.0,0.216816,3.0
train,15.2,16.2,4,near_center,3,3,3,3,3.057882,3.0,3,0.0,0.25785,0.0
train,15.2,16.2,5,near_right,4,3,4,3,3.399354,3.0,3,0.0,0.270126,0.0
train,15.4,16.4,0,far_left,5,5,4,4,5.045251,5.045251,5,1.0,0.185577,1.045251
train,15.4,16.4,1,far_center,4,4,5,3,3.813673,4.0,4,0.0,0.306551,1.0
train,15.4,16.4,2,far_right,2,3,3,2,2.93735,3.0,3,0.0,0.087776,1.0
train,15.4,16.4,3,near_left,4,4,4,6,3.921739,4.0,4,0.0,0.252528,2.0
train,15.4,16.4,4,near_center,3,3,3,3,3.05633,3.0,3,0.0,0.253032,0.0
train,15.4,16.4,5,near_right,5,4,4,3,4.291731,4.0,4,0.0,0.239781,1.0
train,15.6,16.6,0,far_left,4,4,4,4,4.166786,4.166786,4,1.0,0.158218,0.166786
train,15.6,16.6,1,far_center,5,5,5,3,4.153039,5.0,5,0.0,0.429376,2.0
train,15.6,16.6,2,far_right,2,3,3,2,2.990995,3.0,3,0.0,0.062701,1.0
train,15.6,16.6,3,near_left,6,6,6,6,4.859443,6.0,6,0.0,0.544559,0.0
train,15.6,16.6,4,near_center,3,3,3,3,3.154825,3.0,3,0.0,0.238456,0.0
train,15.6,16.6,5,near_right,5,4,4,3,3.829268,4.0,4,0.0,0.3823,1.0
train,15.8,16.8,0,far_left,4,4,4,4,4.153926,4.153926,4,1.0,0.144162,0.153926
train,15.8,16.8,1,far_center,4,4,4,3,3.710315,4.0,4,0.0,0.344613,1.0
train,15.8,16.8,2,far_right,1,2,1,2,1.983683,2.0,2,0.0,0.065015,0.0
train,15.8,16.8,3,near_left,6,6,5,6,4.399987,6.0,6,0.0,0.634536,0.0
train,15.8,16.8,4,near_center,3,3,4,3,3.094801,3.0,3,0.0,0.229573,0.0
train,15.8,16.8,5,near_right,3,2,3,4,2.45566,2.0,2,0.0,0.31721,2.0
train,16.0,17.0,0,far_left,4,4,4,4,4.096534,4.096534,4,1.0,0.148227,0.096534
train,16.0,17.0,1,far_center,3,3,3,3,3.18447,3.0,3,0.0,0.301465,0.0
train,16.0,17.0,2,far_right,1,2,1,1,1.945468,2.0,2,0.0,0.077394,1.0
train,16.0,17.0,3,near_left,5,5,4,6,5.191827,5.0,5,0.0,0.418517,1.0
train,16.0,17.0,4,near_center,3,3,4,3,3.003315,3.0,3,0.0,0.238629,0.0
train,16.0,17.0,5,near_right,3,2,3,4,2.407491,2.0,2,0.0,0.290141,2.0
train,16.2,17.2,0,far_left,5,5,5,5,4.934484,4.934484,5,1.0,0.153911,0.065516
train,16.2,17.2,1,far_center,3,3,3,3,3.1634,3.0,3,0.0,0.262733,0.0
train,16.2,17.2,2,far_right,1,1,1,1,1.032127,1.0,1,0.0,0.099774,0.0
train,16.2,17.2,3,near_left,6,6,5,6,5.868085,6.0,6,0.0,0.400802,0.0
train,16.2,17.2,4,near_center,3,3,4,3,3.004869,3.0,3,0.0,0.245582,0.0
train,16.2,17.2,5,near_right,3,3,3,3,3.092799,3.0,3,0.0,0.25535,0.0
train,16.4,17.4,0,far_left,4,4,4,4,4.088391,4.088391,4,1.0,0.15166,0.088391
train,16.4,17.4,1,far_center,3,3,3,3,3.109611,3.0,3,0.0,0.243456,0.0
train,16.4,17.4,2,far_right,2,1,1,1,1.111091,1.0,1,0.0,0.107431,0.0
train,16.4,17.4,3,near_left,6,6,4,6,6.047825,6.0,6,0.0,0.340094,0.0
train,16.4,17.4,4,near_center,3,3,5,3,3.005157,3.0,3,0.0,0.245897,0.0
train,16.4,17.4,5,near_right,3,4,4,4,3.74654,4.0,4,0.0,0.250201,0.0
train,16.6,17.6,0,far_left,4,4,4,4,4.077201,4.077201,4,1.0,0.16336,0.077201
train,16.6,17.6,1,far_center,3,3,3,3,3.082207,3.0,3,0.0,0.234068,0.0
train,16.6,17.6,2,far_right,2,1,1,1,1.125416,1.0,1,0.0,0.119381,0.0
train,16.6,17.6,3,near_left,6,6,5,6,6.017271,6.0,6,0.0,0.305712,0.0
train,16.6,17.6,4,near_center,3,3,4,3,3.001955,3.0,3,0.0,0.244673,0.0
train,16.6,17.6,5,near_right,3,4,4,4,3.784063,4.0,4,0.0,0.255568,0.0
train,16.8,17.8,0,far_left,4,5,4,4,4.887148,4.887148,5,1.0,0.170719,0.887148
train,16.8,17.8,1,far_center,3,3,3,3,3.073857,3.0,3,0.0,0.2304,0.0
train,16.8,17.8,2,far_right,2,1,1,1,1.145755,1.0,1,0.0,0.126131,0.0
train,16.8,17.8,3,near_left,6,5,5,6,5.441593,5.0,5,0.0,0.277816,1.0
train,16.8,17.8,4,near_center,3,3,4,3,3.014224,3.0,3,0.0,0.243837,0.0
train,16.8,17.8,5,near_right,4,5,5,4,4.470043,5.0,5,0.0,0.324198,1.0
train,17.0,18.0,0,far_left,4,5,5,5,4.876205,4.876205,5,1.0,0.180687,0.123795
train,17.0,18.0,1,far_center,3,3,3,3,3.046124,3.0,3,0.0,0.234299,0.0
train,17.0,18.0,2,far_right,1,1,1,1,1.035151,1.0,1,0.0,0.14221,0.0
train,17.0,18.0,3,near_left,6,5,4,6,5.361791,5.0,5,0.0,0.238128,1.0
train,17.0,18.0,4,near_center,3,3,4,3,3.009828,3.0,3,0.0,0.240321,0.0
train,17.0,18.0,5,near_right,4,4,4,5,3.802844,4.0,4,0.0,0.371286,1.0
train,17.2,18.2,0,far_left,5,5,5,6,5.003968,5.003968,5,1.0,0.172813,0.996032
train,17.2,18.2,1,far_center,3,3,3,3,3.037479,3.0,3,0.0,0.237715,0.0
train,17.2,18.2,2,far_right,1,1,1,1,1.031756,1.0,1,0.0,0.156892,0.0
train,17.2,18.2,3,near_left,6,5,5,6,5.235299,5.0,5,0.0,0.276085,1.0
train,17.2,18.2,4,near_center,3,4,4,3,3.794897,4.0,4,0.0,0.23105,1.0
train,17.2,18.2,5,near_right,3,3,3,5,3.048493,3.0,3,0.0,0.358015,2.0
train,17.4,18.4,0,far_left,4,4,4,5,4.098778,4.098778,4,1.0,0.175629,0.901222
train,17.4,18.4,1,far_center,3,3,3,4,3.028202,3.0,3,0.0,0.240324,1.0
train,17.4,18.4,2,far_right,1,1,1,1,1.037099,1.0,1,0.0,0.157094,0.0
train,17.4,18.4,3,near_left,6,5,5,6,5.303606,5.0,5,0.0,0.269003,1.0
train,17.4,18.4,4,near_center,3,4,4,3,3.781439,4.0,4,0.0,0.228206,1.0
train,17.4,18.4,5,near_right,4,4,4,4,3.921679,4.0,4,0.0,0.35287,0.0
train,17.6,18.6,0,far_left,4,4,4,5,4.077167,4.077167,4,1.0,0.190509,0.922833
train,17.6,18.6,1,far_center,3,3,3,4,3.034698,3.0,3,0.0,0.241693,1.0
train,17.6,18.6,2,far_right,1,1,1,1,1.04272,1.0,1,0.0,0.162325,0.0
train,17.6,18.6,3,near_left,6,6,6,5,5.99266,6.0,6,0.0,0.231139,1.0
train,17.6,18.6,4,near_center,3,3,3,3,3.013405,3.0,3,0.0,0.233557,0.0
train,17.6,18.6,5,near_right,4,4,4,4,3.970321,4.0,4,0.0,0.322002,0.0
train,17.8,18.8,0,far_left,4,4,4,5,4.051295,4.051295,4,1.0,0.199126,0.948705
train,17.8,18.8,1,far_center,3,3,3,3,3.036491,3.0,3,0.0,0.244834,0.0
train,17.8,18.8,2,far_right,1,2,1,1,1.87212,2.0,2,0.0,0.163394,1.0
train,17.8,18.8,3,near_left,6,6,6,5,6.005909,6.0,6,0.0,0.25288,1.0
train,17.8,18.8,4,near_center,3,3,3,3,3.009003,3.0,3,0.0,0.232233,0.0
train,17.8,18.8,5,near_right,4,3,4,4,3.355657,3.0,3,0.0,0.327724,1.0
train,18.0,19.0,0,far_left,5,5,5,4,4.853644,4.853644,5,1.0,0.227286,0.853644
train,18.0,19.0,1,far_center,3,3,3,4,3.056932,3.0,3,0.0,0.24933,1.0
train,18.0,19.0,2,far_right,1,2,2,1,1.888303,2.0,2,0.0,0.158499,1.0
train,18.0,19.0,3,near_left,6,6,6,5,6.016916,6.0,6,0.0,0.276873,1.0
train,18.0,19.0,4,near_center,3,3,3,3,3.034532,3.0,3,0.0,0.225832,0.0
train,18.0,19.0,5,near_right,5,4,4,3,4.148293,4.0,4,0.0,0.370659,1.0
train,18.2,19.2,0,far_left,6,5,5,5,4.934811,4.934811,5,1.0,0.275999,0.065189
train,18.2,19.2,1,far_center,3,4,4,4,3.809319,4.0,4,0.0,0.258596,0.0
train,18.2,19.2,2,far_right,1,2,2,1,1.878493,2.0,2,0.0,0.159549,1.0
train,18.2,19.2,3,near_left,6,6,6,5,6.045044,6.0,6,0.0,0.293628,1.0
train,18.2,19.2,4,near_center,3,3,3,3,3.010894,3.0,3,0.0,0.217973,0.0
train,18.2,19.2,5,near_right,5,4,4,5,4.297582,4.0,4,0.0,0.357377,1.0
train,18.4,19.4,0,far_left,5,5,5,4,4.6537,4.6537,5,1.0,0.274714,0.6537
train,18.4,19.4,1,far_center,4,4,4,4,3.876173,4.0,4,0.0,0.311736,0.0
train,18.4,19.4,2,far_right,1,2,2,1,1.883805,2.0,2,0.0,0.16115,1.0
train,18.4,19.4,3,near_left,6,6,6,5,6.058462,6.0,6,0.0,0.288604,1.0
train,18.4,19.4,4,near_center,3,3,3,3,3.045467,3.0,3,0.0,0.212948,0.0
train,18.4,19.4,5,near_right,4,3,3,4,3.408483,3.0,3,0.0,0.362506,1.0
train,18.6,19.6,0,far_left,5,4,4,5,4.25809,4.25809,4,1.0,0.176152,0.74191
train,18.6,19.6,1,far_center,4,6,5,5,5.271092,6.0,6,0.0,0.296156,1.0
train,18.6,19.6,2,far_right,1,2,2,1,1.895567,2.0,2,0.0,0.16575,1.0
train,18.6,19.6,3,near_left,5,5,5,6,5.241882,5.0,5,0.0,0.26863,1.0
train,18.6,19.6,4,near_center,3,2,3,3,2.291911,2.0,2,0.0,0.223819,1.0
train,18.6,19.6,5,near_right,4,3,3,4,3.148776,3.0,3,0.0,0.398587,1.0
train,18.8,19.8,0,far_left,5,4,4,5,4.329042,4.329042,4,1.0,0.171657,0.670958
train,18.8,19.8,1,far_center,3,5,5,6,4.4743,5.0,5,0.0,0.276323,1.0
train,18.8,19.8,2,far_right,1,1,1,1,1.03817,1.0,1,0.0,0.167266,0.0
train,18.8,19.8,3,near_left,5,5,5,6,5.13366,5.0,5,0.0,0.261915,1.0
train,18.8,19.8,4,near_center,3,2,2,2,2.256047,2.0,2,0.0,0.215487,0.0
train,18.8,19.8,5,near_right,4,4,4,5,3.919209,4.0,4,0.0,0.379388,1.0
train,19.0,20.0,0,far_left,4,4,4,5,4.119421,4.119421,4,1.0,0.175528,0.880579
train,19.0,20.0,1,far_center,4,5,5,6,4.655305,5.0,5,0.0,0.287267,1.0
train,19.0,20.0,2,far_right,1,1,1,1,1.029609,1.0,1,0.0,0.167539,0.0
train,19.0,20.0,3,near_left,5,5,5,6,5.101381,5.0,5,0.0,0.25559,1.0
train,19.0,20.0,4,near_center,3,2,2,2,2.261876,2.0,2,0.0,0.219148,0.0
train,19.0,20.0,5,near_right,3,3,3,4,2.948525,3.0,3,0.0,0.383605,1.0
train,19.2,20.2,0,far_left,5,5,5,5,4.921946,4.921946,5,1.0,0.176378,0.078054
train,19.2,20.2,1,far_center,4,5,5,6,4.752019,5.0,5,0.0,0.282839,1.0
train,19.2,20.2,2,far_right,1,2,1,1,1.877856,2.0,2,0.0,0.163848,1.0
train,19.2,20.2,3,near_left,5,5,5,6,5.112823,5.0,5,0.0,0.248266,1.0
train,19.2,20.2,4,near_center,3,2,2,2,2.273948,2.0,2,0.0,0.21306,0.0
train,19.2,20.2,5,near_right,5,4,5,3,3.856624,4.0,4,0.0,0.478782,1.0
train,19.4,20.4,0,far_left,4,4,4,6,4.090405,4.090405,4,1.0,0.160325,1.909595
train,19.4,20.4,1,far_center,4,5,4,5,4.734554,5.0,5,0.0,0.277146,0.0
train,19.4,20.4,2,far_right,1,2,2,2,1.852935,2.0,2,0.0,0.167206,0.0
train,19.4,20.4,3,near_left,5,5,5,7,5.135046,5.0,5,0.0,0.249044,2.0
train,19.4,20.4,4,near_center,3,2,3,2,2.26416,2.0,2,0.0,0.22314,0.0
train,19.4,20.4,5,near_right,4,3,3,3,3.341056,3.0,3,0.0,0.41528,0.0
train,19.6,20.6,0,far_left,5,5,5,5,4.928818,4.928818,5,1.0,0.174553,0.071182
train,19.6,20.6,1,far_center,5,5,5,5,4.864446,5.0,5,0.0,0.323422,0.0
train,19.6,20.6,2,far_right,1,2,2,2,1.807868,2.0,2,0.0,0.193631,0.0
train,19.6,20.6,3,near_left,6,6,6,7,5.95523,6.0,6,0.0,0.291604,1.0
train,19.6,20.6,4,near_center,3,3,3,2,3.07533,3.0,3,0.0,0.222505,1.0
train,19.6,20.6,5,near_right,4,3,3,2,3.394281,3.0,3,0.0,0.396305,1.0
train,19.8,20.8,0,far_left,5,6,6,4,5.865706,5.865706,6,1.0,0.137181,1.865706
train,19.8,20.8,1,far_center,6,5,5,4,5.094339,5.0,5,0.0,0.355025,1.0
train,19.8,20.8,2,far_right,1,2,2,3,1.81715,2.0,2,0.0,0.188234,1.0
train,19.8,20.8,3,near_left,6,6,6,7,6.042629,6.0,6,0.0,0.239869,1.0
train,19.8,20.8,4,near_center,2,2,2,2,2.079188,2.0,2,0.0,0.2095,0.0
train,19.8,20.8,5,near_right,5,4,4,3,4.096698,4.0,4,0.0,0.423601,1.0
train,20.0,21.0,0,far_left,5,5,5,4,5.014857,5.014857,5,1.0,0.118175,1.014857
train,20.0,21.0,1,far_center,6,5,5,5,5.23912,5.0,5,0.0,0.324135,0.0
train,20.0,21.0,2,far_right,1,2,2,2,1.816844,2.0,2,0.0,0.172117,0.0
train,20.0,21.0,3,near_left,6,6,6,7,6.049798,6.0,6,0.0,0.220128,1.0
train,20.0,21.0,4,near_center,2,3,3,3,2.836743,3.0,3,0.0,0.198523,0.0
train,20.0,21.0,5,near_right,4,3,3,2,3.425205,3.0,3,0.0,0.404552,1.0
train,20.2,21.2,0,far_left,5,5,5,4,4.932226,4.932226,5,1.0,0.120539,0.932226
train,20.2,21.2,1,far_center,6,5,5,5,5.327644,5.0,5,0.0,0.308537,0.0
train,20.2,21.2,2,far_right,1,2,2,2,1.829432,2.0,2,0.0,0.160772,0.0
train,20.2,21.2,3,near_left,6,6,6,7,6.046175,6.0,6,0.0,0.223324,1.0
train,20.2,21.2,4,near_center,2,3,3,3,2.844641,3.0,3,0.0,0.195389,0.0
train,20.2,21.2,5,near_right,3,2,2,2,2.415133,2.0,2,0.0,0.400217,0.0
train,20.4,21.4,0,far_left,6,6,6,5,5.968587,5.968587,6,1.0,0.118837,0.968587
train,20.4,21.4,1,far_center,5,5,5,5,4.981592,5.0,5,0.0,0.301822,0.0
train,20.4,21.4,2,far_right,2,2,2,2,1.998808,2.0,2,0.0,0.158468,0.0
train,20.4,21.4,3,near_left,7,7,7,7,6.339193,7.0,7,0.0,0.43008,0.0
train,20.4,21.4,4,near_center,2,2,2,3,2.099657,2.0,2,0.0,0.19121,1.0
train,20.4,21.4,5,near_right,3,3,3,2,2.640828,3.0,3,0.0,0.414767,1.0
train,20.6,21.6,0,far_left,5,5,5,5,5.076248,5.076248,5,1.0,0.099762,0.076248
train,20.6,21.6,1,far_center,5,5,5,4,4.924552,5.0,5,0.0,0.286179,1.0
train,20.6,21.6,2,far_right,2,2,2,2,1.994825,2.0,2,0.0,0.146416,0.0
train,20.6,21.6,3,near_left,7,7,7,7,6.623564,7.0,7,0.0,0.390405,0.0
train,20.6,21.6,4,near_center,2,2,2,3,2.063564,2.0,2,0.0,0.191475,1.0
train,20.6,21.6,5,near_right,2,2,2,2,2.012584,2.0,2,0.0,0.370628,0.0
train,20.8,21.8,0,far_left,4,3,3,5,3.225898,3.225898,3,1.0,0.113525,1.774102
train,20.8,21.8,1,far_center,4,4,4,5,4.114076,4.0,4,0.0,0.266389,1.0
train,20.8,21.8,2,far_right,3,3,3,2,2.453476,3.0,3,0.0,0.34704,1.0
train,20.8,21.8,3,near_left,7,8,8,7,7.379966,8.0,8,0.0,0.378956,1.0
train,20.8,21.8,4,near_center,2,2,2,3,2.070632,2.0,2,0.0,0.189366,1.0
train,20.8,21.8,5,near_right,3,3,3,2,2.57407,3.0,3,0.0,0.419924,1.0
train,21.0,22.0,0,far_left,4,4,4,5,4.058964,4.058964,4,1.0,0.105811,0.941036
train,21.0,22.0,1,far_center,5,5,5,4,4.76935,5.0,5,0.0,0.298366,1.0
train,21.0,22.0,2,far_right,2,2,2,2,2.065575,2.0,2,0.0,0.202994,0.0
train,21.0,22.0,3,near_left,7,7,7,7,6.706397,7.0,7,0.0,0.36873,0.0
train,21.0,22.0,4,near_center,3,3,3,3,3.029829,3.0,3,0.0,0.196113,0.0
train,21.0,22.0,5,near_right,2,2,2,1,2.018534,2.0,2,0.0,0.31639,1.0
train,21.2,22.2,0,far_left,4,4,4,6,4.05609,4.05609,4,1.0,0.105209,1.94391
train,21.2,22.2,1,far_center,5,6,5,4,5.667105,6.0,6,0.0,0.260325,2.0
train,21.2,22.2,2,far_right,2,2,2,2,2.078951,2.0,2,0.0,0.143002,0.0
train,21.2,22.2,3,near_left,7,7,7,6,6.788484,7.0,7,0.0,0.348667,1.0
train,21.2,22.2,4,near_center,3,2,3,3,2.313215,2.0,2,0.0,0.214077,1.0
train,21.2,22.2,5,near_right,2,2,2,3,1.220327,2.0,2,0.0,0.44181,1.0
train,21.4,22.4,0,far_left,5,5,5,5,4.986723,4.986723,5,1.0,0.11986,0.013277
train,21.4,22.4,1,far_center,5,7,7,6,6.487523,7.0,7,0.0,0.248498,1.0
train,21.4,22.4,2,far_right,2,2,2,2,2.031424,2.0,2,0.0,0.123542,0.0
train,21.4,22.4,3,near_left,7,7,7,6,6.731273,7.0,7,0.0,0.357711,1.0
train,21.4,22.4,4,near_center,3,1,1,1,1.556194,1.0,1,0.0,0.229693,0.0
train,21.4,22.4,5,near_right,2,2,2,2,1.923108,2.0,2,0.0,0.2948,0.0
train,21.6,22.6,0,far_left,5,5,5,6,5.01818,5.01818,5,1.0,0.111854,0.98182
train,21.6,22.6,1,far_center,4,6,6,6,5.663502,6.0,6,0.0,0.225203,0.0
train,21.6,22.6,2,far_right,2,2,2,2,2.023598,2.0,2,0.0,0.12365,0.0
train,21.6,22.6,3,near_left,7,7,7,6,6.840659,7.0,7,0.0,0.316363,1.0
train,21.6,22.6,4,near_center,3,1,1,1,1.540039,1.0,1,0.0,0.237627,0.0
train,21.6,22.6,5,near_right,2,2,2,2,2.008951,2.0,2,0.0,0.243677,0.0
train,21.8,22.8,0,far_left,5,6,5,6,5.91935,5.91935,6,1.0,0.107002,0.08065
train,21.8,22.8,1,far_center,5,7,7,6,6.175675,7.0,7,0.0,0.29195,1.0
train,21.8,22.8,2,far_right,2,2,2,2,2.071069,2.0,2,0.0,0.117951,0.0
train,21.8,22.8,3,near_left,7,6,7,6,6.343697,6.0,6,0.0,0.285714,0.0
train,21.8,22.8,4,near_center,3,1,1,1,1.601851,1.0,1,0.0,0.239828,0.0
train,21.8,22.8,5,near_right,2,2,2,2,1.442895,2.0,2,0.0,0.37004,0.0
train,22.0,23.0,0,far_left,5,6,6,6,5.914386,5.914386,6,1.0,0.09779,0.085614
train,22.0,23.0,1,far_center,4,6,6,5,5.5949,6.0,6,0.0,0.247325,1.0
train,22.0,23.0,2,far_right,2,2,2,2,2.025407,2.0,2,0.0,0.127093,0.0
train,22.0,23.0,3,near_left,7,6,6,6,6.342994,6.0,6,0.0,0.272946,0.0
train,22.0,23.0,4,near_center,3,1,1,1,1.515931,1.0,1,0.0,0.235527,0.0
train,22.0,23.0,5,near_right,1,1,1,2,1.062054,1.0,1,0.0,0.294555,1.0
train,22.2,23.2,0,far_left,6,6,6,6,5.971784,5.971784,6,1.0,0.113727,0.028216
train,22.2,23.2,1,far_center,4,6,6,6,5.634254,6.0,6,0.0,0.230575,0.0
train,22.2,23.2,2,far_right,2,2,2,1,2.034065,2.0,2,0.0,0.123589,1.0
train,22.2,23.2,3,near_left,6,6,6,7,6.042254,6.0,6,0.0,0.264663,1.0
train,22.2,23.2,4,near_center,3,1,1,0,1.549847,1.0,1,0.0,0.233516,1.0
train,22.2,23.2,5,near_right,3,3,3,2,2.38848,3.0,3,0.0,0.42034,1.0
train,22.4,23.4,0,far_left,5,5,5,5,5.02178,5.02178,5,1.0,0.108656,0.02178
train,22.4,23.4,1,far_center,6,5,5,6,5.198546,5.0,5,0.0,0.229437,1.0
train,22.4,23.4,2,far_right,2,3,3,2,2.915235,3.0,3,0.0,0.116478,1.0
train,22.4,23.4,3,near_left,6,6,6,7,6.057065,6.0,6,0.0,0.219827,1.0
train,22.4,23.4,4,near_center,1,1,1,0,1.083924,1.0,1,0.0,0.234451,1.0
train,22.4,23.4,5,near_right,2,2,2,2,1.510296,2.0,2,0.0,0.36403,0.0
train,22.6,23.6,0,far_left,6,6,6,6,5.8928,5.8928,6,1.0,0.134521,0.1072
train,22.6,23.6,1,far_center,6,4,4,6,4.567671,4.0,4,0.0,0.230679,2.0
train,22.6,23.6,2,far_right,2,4,4,2,3.781758,4.0,4,0.0,0.109251,2.0
train,22.6,23.6,3,near_left,6,7,7,8,6.859979,7.0,7,0.0,0.207903,1.0
train,22.6,23.6,4,near_center,1,0,0,0,0.255225,0.0,0,0.0,0.219891,0.0
train,22.6,23.6,5,near_right,2,2,2,2,2.038107,2.0,2,0.0,0.278779,0.0
train,22.8,23.8,0,far_left,6,5,5,5,5.10652,5.10652,5,1.0,0.121896,0.10652
train,22.8,23.8,1,far_center,6,5,5,6,5.296681,5.0,5,0.0,0.232895,1.0
train,22.8,23.8,2,far_right,2,3,3,2,2.886262,3.0,3,0.0,0.109972,1.0
train,22.8,23.8,3,near_left,6,8,8,7,7.655378,8.0,8,0.0,0.20568,1.0
train,22.8,23.8,4,near_center,1,0,0,0,0.238903,0.0,0,0.0,0.217034,0.0
train,22.8,23.8,5,near_right,2,2,2,2,2.096195,2.0,2,0.0,0.245376,0.0
train,23.0,24.0,0,far_left,6,5,5,5,5.133588,5.133588,5,1.0,0.118006,0.133588
train,23.0,24.0,1,far_center,5,4,4,6,4.355414,4.0,4,0.0,0.237658,2.0
train,23.0,24.0,2,far_right,2,3,3,2,2.917474,3.0,3,0.0,0.10999,1.0
train,23.0,24.0,3,near_left,6,8,8,7,7.674145,8.0,8,0.0,0.194145,1.0
train,23.0,24.0,4,near_center,1,0,0,0,0.282604,0.0,0,0.0,0.221282,0.0
train,23.0,24.0,5,near_right,2,2,2,0,1.468891,2.0,2,0.0,0.373571,2.0
train,23.2,24.2,0,far_left,6,4,4,6,4.240664,4.240664,4,1.0,0.117856,1.759336
train,23.2,24.2,1,far_center,6,5,5,6,5.330168,5.0,5,0.0,0.266228,1.0
train,23.2,24.2,2,far_right,1,3,3,1,2.791771,3.0,3,0.0,0.120866,2.0
train,23.2,24.2,3,near_left,7,8,8,6,7.437828,8.0,8,0.0,0.337895,2.0
train,23.2,24.2,4,near_center,0,0,0,0,0.028099,0.0,0,0.0,0.177603,0.0
train,23.2,24.2,5,near_right,2,2,2,0,2.022152,2.0,2,0.0,0.323602,2.0
train,23.4,24.4,0,far_left,5,4,4,5,4.183182,4.183182,4,1.0,0.116428,0.816818
train,23.4,24.4,1,far_center,6,6,6,6,6.076601,6.0,6,0.0,0.271149,0.0
train,23.4,24.4,2,far_right,2,3,3,2,2.852901,3.0,3,0.0,0.128315,1.0
train,23.4,24.4,3,near_left,7,7,7,6,6.865409,7.0,7,0.0,0.378287,1.0
train,23.4,24.4,4,near_center,0,0,0,0,0.0,0.0,0,0.0,0.154979,0.0
train,23.4,24.4,5,near_right,2,2,2,0,2.123124,2.0,2,0.0,0.317427,2.0
train,23.6,24.6,0,far_left,6,7,6,6,6.640235,6.640235,7,1.0,0.204561,0.640235
train,23.6,24.6,1,far_center,6,5,5,5,5.290141,5.0,5,0.0,0.304477,0.0
train,23.6,24.6,2,far_right,2,3,3,3,2.834128,3.0,3,0.0,0.147362,0.0
train,23.6,24.6,3,near_left,8,7,8,6,6.803908,7.0,7,0.0,0.485708,1.0
train,23.6,24.6,4,near_center,0,0,0,0,0.024429,0.0,0,0.0,0.141869,0.0
train,23.6,24.6,5,near_right,2,2,2,0,2.116066,2.0,2,0.0,0.322966,2.0
train,23.8,24.8,0,far_left,5,7,7,5,6.781569,6.781569,7,1.0,0.120968,1.781569
train,23.8,24.8,1,far_center,6,5,5,5,5.240726,5.0,5,0.0,0.309192,0.0
train,23.8,24.8,2,far_right,2,3,3,3,2.888618,3.0,3,0.0,0.144417,0.0
train,23.8,24.8,3,near_left,7,5,5,7,6.347258,5.0,5,0.0,0.399708,2.0
train,23.8,24.8,4,near_center,0,0,0,0,0.024225,0.0,0,0.0,0.128429,0.0
train,23.8,24.8,5,near_right,2,2,2,0,0.824106,2.0,2,0.0,0.587947,2.0
train,24.0,25.0,0,far_left,5,7,7,6,6.838191,6.838191,7,1.0,0.099282,0.838191
train,24.0,25.0,1,far_center,6,5,5,4,5.147451,5.0,5,0.0,0.306672,1.0
train,24.0,25.0,2,far_right,2,3,3,3,2.883478,3.0,3,0.0,0.158755,0.0
train,24.0,25.0,3,near_left,7,5,5,5,6.246859,5.0,5,0.0,0.387985,0.0
train,24.0,25.0,4,near_center,0,0,0,0,0.001542,0.0,0,0.0,0.108756,0.0
train,24.0,25.0,5,near_right,0,0,0,0,0.08682,0.0,0,0.0,0.390993,0.0
train,24.2,25.2,0,far_left,6,8,8,6,7.766176,7.766176,8,1.0,0.104676,1.766176
train,24.2,25.2,1,far_center,6,5,5,4,5.122296,5.0,5,0.0,0.313888,1.0
train,24.2,25.2,2,far_right,1,2,2,3,1.911119,2.0,2,0.0,0.17574,1.0
train,24.2,25.2,3,near_left,6,4,4,5,5.037759,4.0,4,0.0,0.382874,1.0
train,24.2,25.2,4,near_center,0,0,0,0,0.000961,0.0,0,0.0,0.101714,0.0
train,24.2,25.2,5,near_right,0,0,0,0,0.060305,0.0,0,0.0,0.323491,0.0
train,24.4,25.4,0,far_left,5,7,7,7,6.891968,6.891968,7,1.0,0.089333,0.108032
train,24.4,25.4,1,far_center,6,5,5,4,5.192964,5.0,5,0.0,0.303602,1.0
train,24.4,25.4,2,far_right,2,3,3,3,2.623134,3.0,3,0.0,0.253886,0.0
train,24.4,25.4,3,near_left,6,4,4,5,5.027052,4.0,4,0.0,0.366281,1.0
train,24.4,25.4,4,near_center,0,0,0,0,0.002058,0.0,0,0.0,0.093204,0.0
train,24.4,25.4,5,near_right,0,0,0,0,0.036012,0.0,0,0.0,0.280921,0.0
train,24.6,25.6,0,far_left,6,7,7,7,6.936251,6.936251,7,1.0,0.091351,0.063749
train,24.6,25.6,1,far_center,5,5,5,4,4.93294,5.0,5,0.0,0.288277,1.0
train,24.6,25.6,2,far_right,3,3,3,2,2.91315,3.0,3,0.0,0.248226,1.0
train,24.6,25.6,3,near_left,6,5,5,5,5.245258,5.0,5,0.0,0.408181,0.0
train,24.6,25.6,4,near_center,0,0,0,0,0.020725,0.0,0,0.0,0.088124,0.0
train,24.6,25.6,5,near_right,0,0,0,1,0.0,0.0,0,0.0,0.221765,1.0
train,24.8,25.8,0,far_left,5,8,8,8,7.81928,7.81928,8,1.0,0.076661,0.18072
train,24.8,25.8,1,far_center,5,5,5,4,4.549305,5.0,5,0.0,0.336957,1.0
train,24.8,25.8,2,far_right,3,3,3,2,3.073588,3.0,3,0.0,0.234489,1.0
train,24.8,25.8,3,near_left,7,4,4,5,5.341076,4.0,4,0.0,0.405477,1.0
train,24.8,25.8,4,near_center,0,0,0,1,0.019816,0.0,0,0.0,0.083838,1.0
train,24.8,25.8,5,near_right,0,0,0,1,0.0,0.0,0,0.0,0.170088,1.0
train,25.0,26.0,0,far_left,6,6,6,7,6.038001,6.038001,6,1.0,0.070993,0.961999
train,25.0,26.0,1,far_center,4,4,4,4,4.054298,4.0,4,0.0,0.271897,0.0
train,25.0,26.0,2,far_right,3,3,3,3,3.068327,3.0,3,0.0,0.240136,0.0
train,25.0,26.0,3,near_left,5,5,5,5,5.394444,5.0,5,0.0,0.356669,0.0
train,25.0,26.0,4,near_center,0,0,0,1,0.011067,0.0,0,0.0,0.079532,1.0
train,25.0,26.0,5,near_right,0,0,0,1,0.0,0.0,0,0.0,0.148672,1.0
train,25.2,26.2,0,far_left,6,7,7,8,6.943604,6.943604,7,1.0,0.072225,1.056396
train,25.2,26.2,1,far_center,4,3,4,4,3.416653,3.0,3,0.0,0.264364,1.0
train,25.2,26.2,2,far_right,3,4,3,3,3.813351,4.0,4,0.0,0.239483,1.0
train,25.2,26.2,3,near_left,5,4,4,5,4.584628,4.0,4,0.0,0.364208,1.0
train,25.2,26.2,4,near_center,0,0,0,1,0.000965,0.0,0,0.0,0.081822,1.0
train,25.2,26.2,5,near_right,0,0,0,1,0.017512,0.0,0,0.0,0.135628,1.0
train,25.4,26.4,0,far_left,7,8,8,8,7.774199,7.774199,8,1.0,0.119187,0.225801
train,25.4,26.4,1,far_center,4,4,4,4,4.134977,4.0,4,0.0,0.247016,0.0
train,25.4,26.4,2,far_right,3,3,3,3,3.05307,3.0,3,0.0,0.248072,0.0
train,25.4,26.4,3,near_left,5,4,4,6,4.548218,4.0,4,0.0,0.366346,2.0
train,25.4,26.4,4,near_center,0,0,0,1,0.002555,0.0,0,0.0,0.082749,1.0
train,25.4,26.4,5,near_right,0,0,0,1,0.014306,0.0,0,0.0,0.138823,1.0
train,25.6,26.6,0,far_left,7,8,8,7,7.771592,7.771592,8,1.0,0.126077,0.771592
train,25.6,26.6,1,far_center,4,4,4,4,4.122252,4.0,4,0.0,0.238452,0.0
train,25.6,26.6,2,far_right,2,2,2,4,2.118375,2.0,2,0.0,0.247847,2.0
train,25.6,26.6,3,near_left,5,4,4,5,4.515643,4.0,4,0.0,0.361542,1.0
train,25.6,26.6,4,near_center,0,0,0,0,0.001637,0.0,0,0.0,0.083801,0.0
train,25.6,26.6,5,near_right,1,1,1,2,0.976576,1.0,1,0.0,0.152675,1.0
train,25.8,26.8,0,far_left,8,8,8,7,7.792442,7.792442,8,1.0,0.19138,0.792442
train,25.8,26.8,1,far_center,4,4,4,4,4.080354,4.0,4,0.0,0.224095,0.0
train,25.8,26.8,2,far_right,2,2,2,4,2.089455,2.0,2,0.0,0.243966,2.0
train,25.8,26.8,3,near_left,5,5,5,5,4.613,5.0,5,0.0,0.389852,0.0
train,25.8,26.8,4,near_center,1,1,1,0,1.026874,1.0,1,0.0,0.097871,1.0
train,25.8,26.8,5,near_right,1,1,1,1,1.001204,1.0,1,0.0,0.139524,0.0
train,26.0,27.0,0,far_left,7,7,8,6,7.044884,7.044884,7,1.0,0.169234,1.044884
train,26.0,27.0,1,far_center,4,4,4,4,4.065966,4.0,4,0.0,0.223169,0.0
train,26.0,27.0,2,far_right,3,3,3,3,2.90011,3.0,3,0.0,0.240615,0.0
train,26.0,27.0,3,near_left,5,5,4,5,4.762501,5.0,5,0.0,0.329611,0.0
train,26.0,27.0,4,near_center,1,1,0,0,1.098525,1.0,1,0.0,0.124633,1.0
train,26.0,27.0,5,near_right,1,1,2,1,0.438115,1.0,1,0.0,0.561885,0.0
train,26.2,27.2,0,far_left,8,8,8,7,7.585619,7.585619,8,1.0,0.301294,0.585619
train,26.2,27.2,1,far_center,4,4,4,5,4.069571,4.0,4,0.0,0.224325,1.0
train,26.2,27.2,2,far_right,3,3,3,3,3.020825,3.0,3,0.0,0.205424,0.0
train,26.2,27.2,3,near_left,5,5,5,5,4.788947,5.0,5,0.0,0.319956,0.0
train,26.2,27.2,4,near_center,1,1,0,0,1.099084,1.0,1,0.0,0.147643,1.0
train,26.2,27.2,5,near_right,1,1,2,1,0.73443,1.0,1,0.0,0.335294,0.0
train,26.4,27.4,0,far_left,8,8,8,8,7.555496,7.555496,8,1.0,0.35575,0.444504
train,26.4,27.4,1,far_center,4,4,4,6,4.071228,4.0,4,0.0,0.230225,2.0
train,26.4,27.4,2,far_right,3,3,3,3,3.00842,3.0,3,0.0,0.187624,0.0
train,26.4,27.4,3,near_left,6,6,6,5,4.866421,6.0,6,0.0,0.546296,1.0
train,26.4,27.4,4,near_center,1,1,0,0,1.124662,1.0,1,0.0,0.161509,1.0
train,26.4,27.4,5,near_right,1,1,2,1,0.916234,1.0,1,0.0,0.221643,0.0
train,26.6,27.6,0,far_left,7,6,6,7,6.512783,6.512783,7,1.0,0.251924,0.487217
train,26.6,27.6,1,far_center,4,5,5,5,4.847434,5.0,5,0.0,0.24329,0.0
train,26.6,27.6,2,far_right,4,4,4,2,3.431955,4.0,4,0.0,0.374154,2.0
train,26.6,27.6,3,near_left,5,5,5,5,5.002368,5.0,5,0.0,0.384113,0.0
train,26.6,27.6,4,near_center,0,0,0,0,0.062515,0.0,0,0.0,0.145414,0.0
train,26.6,27.6,5,near_right,2,2,2,1,1.295122,2.0,2,0.0,0.446275,1.0
train,26.8,27.8,0,far_left,7,6,6,7,6.367301,6.367301,6,1.0,0.234272,0.632699
train,26.8,27.8,1,far_center,4,5,7,5,4.802511,5.0,5,0.0,0.259094,0.0
train,26.8,27.8,2,far_right,4,4,2,2,3.431388,4.0,4,0.0,0.372286,2.0
train,26.8,27.8,3,near_left,5,5,5,5,4.993638,5.0,5,0.0,0.382177,0.0
train,26.8,27.8,4,near_center,0,0,0,0,0.00892,0.0,0,0.0,0.13577,0.0
train,26.8,27.8,5,near_right,1,1,1,1,1.199254,1.0,1,0.0,0.338002,0.0
train,27.0,28.0,0,far_left,6,5,5,6,5.629482,5.629482,6,1.0,0.238687,0.370518
train,27.0,28.0,1,far_center,4,5,6,5,4.729517,5.0,5,0.0,0.266157,0.0
train,27.0,28.0,2,far_right,3,3,2,2,2.912304,3.0,3,0.0,0.284768,1.0
train,27.0,28.0,3,near_left,5,5,5,5,4.960061,5.0,5,0.0,0.392849,0.0
train,27.0,28.0,4,near_center,0,0,0,0,0.0,0.0,0,0.0,0.129286,0.0
train,27.0,28.0,5,near_right,1,1,1,1,1.266412,1.0,1,0.0,0.356484,0.0
train,27.2,28.2,0,far_left,7,6,6,6,6.164155,6.164155,6,1.0,0.279854,0.164155
train,27.2,28.2,1,far_center,5,5,6,5,4.847776,5.0,5,0.0,0.314943,0.0
train,27.2,28.2,2,far_right,3,3,2,3,2.931672,3.0,3,0.0,0.201479,0.0
train,27.2,28.2,3,near_left,5,6,6,5,5.651444,6.0,6,0.0,0.337357,1.0
train,27.2,28.2,4,near_center,0,0,0,0,0.010541,0.0,0,0.0,0.123759,0.0
train,27.2,28.2,5,near_right,1,1,1,1,1.253226,1.0,1,0.0,0.366243,0.0
train,27.4,28.4,0,far_left,8,7,7,5,6.947135,6.947135,7,1.0,0.350158,1.947135
train,27.4,28.4,1,far_center,6,6,7,5,5.046874,6.0,6,0.0,0.501113,1.0
train,27.4,28.4,2,far_right,3,3,2,3,2.461728,3.0,3,0.0,0.363099,0.0
train,27.4,28.4,3,near_left,5,6,6,6,5.560167,6.0,6,0.0,0.319675,0.0
train,27.4,28.4,4,near_center,0,0,0,0,0.044436,0.0,0,0.0,0.115904,0.0
train,27.4,28.4,5,near_right,1,1,1,1,1.272402,1.0,1,0.0,0.354983,0.0
train,27.6,28.6,0,far_left,7,7,6,4,6.786633,6.786633,7,1.0,0.261611,2.786633
train,27.6,28.6,1,far_center,5,6,6,5,5.716097,6.0,6,0.0,0.3337,1.0
train,27.6,28.6,2,far_right,2,1,1,4,1.299215,1.0,1,0.0,0.253425,3.0
train,27.6,28.6,3,near_left,5,5,6,6,4.819874,5.0,5,0.0,0.340406,1.0
train,27.6,28.6,4,near_center,0,0,0,0,0.009813,0.0,0,0.0,0.109524,0.0
train,27.6,28.6,5,near_right,1,1,1,1,1.18551,1.0,1,0.0,0.328841,0.0
train,27.8,28.8,0,far_left,7,6,6,5,6.177269,6.177269,6,1.0,0.206369,1.177269
train,27.8,28.8,1,far_center,5,5,5,5,5.085912,5.0,5,0.0,0.309379,0.0
train,27.8,28.8,2,far_right,2,2,2,4,2.03949,2.0,2,0.0,0.205246,2.0
train,27.8,28.8,3,near_left,5,6,6,6,5.641417,6.0,6,0.0,0.30006,0.0
train,27.8,28.8,4,near_center,0,0,0,0,0.0,0.0,0,0.0,0.107641,0.0
train,27.8,28.8,5,near_right,1,1,1,1,1.149368,1.0,1,0.0,0.308117,0.0
train,28.0,29.0,0,far_left,6,6,5,5,6.192461,6.192461,6,1.0,0.167656,1.192461
train,28.0,29.0,1,far_center,5,5,5,6,5.042747,5.0,5,0.0,0.293936,1.0
train,28.0,29.0,2,far_right,2,2,2,4,2.019274,2.0,2,0.0,0.182214,2.0
train,28.0,29.0,3,near_left,5,5,6,6,4.91133,5.0,5,0.0,0.3153,1.0
train,28.0,29.0,4,near_center,0,0,0,0,0.0,0.0,0,0.0,0.107223,0.0
train,28.0,29.0,5,near_right,1,1,1,1,1.136711,1.0,1,0.0,0.278674,0.0
train,28.2,29.2,0,far_left,6,5,5,5,5.378347,5.378347,5,1.0,0.17542,0.378347
train,28.2,29.2,1,far_center,5,5,5,6,5.000617,5.0,5,0.0,0.283488,1.0
train,28.2,29.2,2,far_right,3,3,3,4,2.722928,3.0,3,0.0,0.26586,1.0
train,28.2,29.2,3,near_left,5,6,6,6,5.738763,6.0,6,0.0,0.284434,0.0
train,28.2,29.2,4,near_center,0,0,0,0,0.0,0.0,0,0.0,0.108038,0.0
train,28.2,29.2,5,near_right,1,1,1,1,1.146452,1.0,1,0.0,0.260018,0.0
train,28.4,29.4,0,far_left,5,5,5,4,5.17825,5.17825,5,1.0,0.168811,1.17825
train,28.4,29.4,1,far_center,5,5,5,6,4.997572,5.0,5,0.0,0.279365,1.0
train,28.4,29.4,2,far_right,3,3,3,4,2.736983,3.0,3,0.0,0.258528,1.0
train,28.4,29.4,3,near_left,6,6,6,5,5.634512,6.0,6,0.0,0.358831,1.0
train,28.4,29.4,4,near_center,0,0,0,0,0.007041,0.0,0,0.0,0.1113,0.0
train,28.4,29.4,5,near_right,1,1,1,1,1.14023,1.0,1,0.0,0.255327,0.0
train,28.6,29.6,0,far_left,4,4,4,5,4.220977,4.220977,4,1.0,0.176147,0.779023
train,28.6,29.6,1,far_center,5,6,6,6,5.760926,6.0,6,0.0,0.278087,0.0
train,28.6,29.6,2,far_right,4,3,3,3,2.655924,3.0,3,0.0,0.404859,0.0
train,28.6,29.6,3,near_left,6,6,6,4,5.768751,6.0,6,0.0,0.380579,2.0
train,28.6,29.6,4,near_center,0,0,0,0,0.004387,0.0,0,0.0,0.109706,0.0
train,28.6,29.6,5,near_right,1,1,1,1,1.152848,1.0,1,0.0,0.242301,0.0
train,28.8,29.8,0,far_left,5,5,5,6,5.03779,5.03779,5,1.0,0.152889,0.96221
train,28.8,29.8,1,far_center,5,6,6,5,5.785976,6.0,6,0.0,0.270221,1.0
train,28.8,29.8,2,far_right,4,3,3,3,2.853263,3.0,3,0.0,0.349936,0.0
train,28.8,29.8,3,near_left,6,6,6,5,5.699008,6.0,6,0.0,0.400672,1.0
train,28.8,29.8,4,near_center,0,0,0,0,0.008633,0.0,0,0.0,0.108927,0.0
train,28.8,29.8,5,near_right,1,1,1,1,1.130146,1.0,1,0.0,0.236747,0.0
train,29.0,30.0,0,far_left,5,5,5,5,5.06158,5.06158,5,1.0,0.121941,0.06158
train,29.0,30.0,1,far_center,6,6,6,6,5.826589,6.0,6,0.0,0.317907,0.0
train,29.0,30.0,2,far_right,4,4,4,3,3.004949,4.0,4,0.0,0.470456,1.0
train,29.0,30.0,3,near_left,6,6,6,5,5.620646,6.0,6,0.0,0.415836,1.0
train,29.0,30.0,4,near_center,0,0,0,0,0.018468,0.0,0,0.0,0.109116,0.0
train,29.0,30.0,5,near_right,1,1,1,1,1.143646,1.0,1,0.0,0.213488,0.0
train,29.2,30.2,0,far_left,5,5,5,5,5.068111,5.068111,5,1.0,0.10129,0.068111
train,29.2,30.2,1,far_center,6,6,6,6,5.877044,6.0,6,0.0,0.305436,0.0
train,29.2,30.2,2,far_right,4,4,4,3,3.334118,4.0,4,0.0,0.388397,1.0
train,29.2,30.2,3,near_left,6,6,6,4,5.137282,6.0,6,0.0,0.503076,2.0
train,29.2,30.2,4,near_center,0,0,0,0,0.026169,0.0,0,0.0,0.104523,0.0
train,29.2,30.2,5,near_right,1,1,1,1,1.124816,1.0,1,0.0,0.20878,0.0
train,29.4,30.4,0,far_left,4,4,4,5,4.111355,4.111355,4,1.0,0.105395,0.888645
train,29.4,30.4,1,far_center,6,6,6,6,5.893333,6.0,6,0.0,0.299882,0.0
train,29.4,30.4,2,far_right,4,4,4,3,3.480509,4.0,4,0.0,0.333536,1.0
train,29.4,30.4,3,near_left,5,5,5,4,4.952892,5.0,5,0.0,0.420084,1.0
train,29.4,30.4,4,near_center,0,0,0,0,0.005006,0.0,0,0.0,0.09822,0.0
train,29.4,30.4,5,near_right,1,1,1,1,1.117177,1.0,1,0.0,0.202643,0.0
train,29.6,30.6,0,far_left,5,5,5,6,5.033421,5.033421,5,1.0,0.103524,0.966579
train,29.6,30.6,1,far_center,6,6,6,5,5.76096,6.0,6,0.0,0.300533,1.0
train,29.6,30.6,2,far_right,3,3,3,4,3.011137,3.0,3,0.0,0.239406,1.0
train,29.6,30.6,3,near_left,4,4,4,4,4.878545,4.0,4,0.0,0.409235,0.0
train,29.6,30.6,4,near_center,0,0,0,0,0.0,0.0,0,0.0,0.095591,0.0
train,29.6,30.6,5,near_right,1,1,1,1,1.094275,1.0,1,0.0,0.196459,0.0
train,29.8,30.8,0,far_left,6,6,6,7,5.936534,5.936534,6,1.0,0.115299,1.063466
train,29.8,30.8,1,far_center,5,3,3,5,3.932609,3.0,3,0.0,0.273448,2.0
train,29.8,30.8,2,far_right,3,4,4,4,3.836992,4.0,4,0.0,0.17829,0.0
train,29.8,30.8,3,near_left,5,5,5,5,5.374309,5.0,5,0.0,0.423093,0.0
train,29.8,30.8,4,near_center,0,1,1,0,0.910082,1.0,1,0.0,0.089918,1.0
train,29.8,30.8,5,near_right,1,1,1,1,1.085565,1.0,1,0.0,0.201347,0.0
train,30.0,31.0,0,far_left,5,5,5,6,5.075203,5.075203,5,1.0,0.103995,0.924797
train,30.0,31.0,1,far_center,6,4,4,5,4.644749,4.0,4,0.0,0.273469,1.0
train,30.0,31.0,2,far_right,3,4,4,4,3.871583,4.0,4,0.0,0.140644,0.0
train,30.0,31.0,3,near_left,5,5,5,5,4.802629,5.0,5,0.0,0.435304,0.0
train,30.0,31.0,4,near_center,0,1,1,0,0.910434,1.0,1,0.0,0.089566,1.0
train,30.0,31.0,5,near_right,1,1,1,1,1.093167,1.0,1,0.0,0.198217,0.0
train,30.2,31.2,0,far_left,5,5,5,5,5.061366,5.061366,5,1.0,0.106382,0.061366
train,30.2,31.2,1,far_center,6,5,5,3,5.226748,5.0,5,0.0,0.268942,2.0
train,30.2,31.2,2,far_right,3,3,3,5,2.99535,3.0,3,0.0,0.126652,2.0
train,30.2,31.2,3,near_left,4,4,4,5,4.633182,4.0,4,0.0,0.40845,1.0
train,30.2,31.2,4,near_center,0,1,1,1,0.912636,1.0,1,0.0,0.087364,0.0
train,30.2,31.2,5,near_right,1,1,1,1,1.096409,1.0,1,0.0,0.203618,0.0
train,30.4,31.4,0,far_left,5,5,5,5,5.035504,5.035504,5,1.0,0.109432,0.035504
train,30.4,31.4,1,far_center,6,5,5,3,5.2656,5.0,5,0.0,0.26231,2.0
train,30.4,31.4,2,far_right,3,3,3,4,2.967478,3.0,3,0.0,0.122826,1.0
train,30.4,31.4,3,near_left,4,4,4,5,4.48324,4.0,4,0.0,0.406899,1.0
train,30.4,31.4,4,near_center,0,1,1,1,0.912328,1.0,1,0.0,0.087672,0.0
train,30.4,31.4,5,near_right,1,1,1,1,1.104465,1.0,1,0.0,0.210821,0.0
train,30.6,31.6,0,far_left,6,6,6,6,5.869074,5.869074,6,1.0,0.155651,0.130926
train,30.6,31.6,1,far_center,5,4,4,3,4.398898,4.0,4,0.0,0.240985,1.0
train,30.6,31.6,2,far_right,4,4,4,4,3.825289,4.0,4,0.0,0.174353,0.0
train,30.6,31.6,3,near_left,4,4,4,4,4.360379,4.0,4,0.0,0.385454,0.0
train,30.6,31.6,4,near_center,0,1,1,1,0.909874,1.0,1,0.0,0.090126,0.0
train,30.6,31.6,5,near_right,1,1,1,1,1.110368,1.0,1,0.0,0.211797,0.0
train,30.8,31.8,0,far_left,7,7,7,6,6.59595,6.59595,7,1.0,0.261587,0.59595
train,30.8,31.8,1,far_center,5,4,4,4,4.374715,4.0,4,0.0,0.225958,0.0
train,30.8,31.8,2,far_right,4,4,4,6,3.870661,4.0,4,0.0,0.195823,2.0
train,30.8,31.8,3,near_left,5,5,5,4,4.672433,5.0,5,0.0,0.439707,1.0
train,30.8,31.8,4,near_center,0,1,1,1,0.913446,1.0,1,0.0,0.092625,0.0
train,30.8,31.8,5,near_right,1,1,1,1,1.10374,1.0,1,0.0,0.208958,0.0
train,31.0,32.0,0,far_left,6,6,6,6,5.872976,5.872976,6,1.0,0.208666,0.127024
train,31.0,32.0,1,far_center,5,4,4,4,4.187187,4.0,4,0.0,0.249739,0.0
train,31.0,32.0,2,far_right,4,3,3,4,3.133466,3.0,3,0.0,0.198344,1.0
train,31.0,32.0,3,near_left,5,5,5,4,4.775865,5.0,5,0.0,0.408083,1.0
train,31.0,32.0,4,near_center,0,1,1,1,0.921674,1.0,1,0.0,0.092372,0.0
train,31.0,32.0,5,near_right,1,2,2,1,1.887131,2.0,2,0.0,0.216502,1.0
train,31.2,32.2,0,far_left,5,5,5,4,5.223904,5.223904,5,1.0,0.171122,1.223904
train,31.2,32.2,1,far_center,3,3,3,4,3.138762,3.0,3,0.0,0.20146,1.0
train,31.2,32.2,2,far_right,5,5,5,4,4.062363,5.0,5,0.0,0.439968,1.0
train,31.2,32.2,3,near_left,5,5,5,4,4.880615,5.0,5,0.0,0.298347,1.0
train,31.2,32.2,4,near_center,1,1,1,1,1.023515,1.0,1,0.0,0.125249,0.0
train,31.2,32.2,5,near_right,1,1,1,1,1.100132,1.0,1,0.0,0.196169,0.0
train,31.4,32.4,0,far_left,5,4,4,6,4.446367,4.446367,4,1.0,0.197708,1.553633
train,31.4,32.4,1,far_center,3,3,3,4,3.067714,3.0,3,0.0,0.180974,1.0
train,31.4,32.4,2,far_right,4,3,3,3,3.252137,3.0,3,0.0,0.361332,0.0
train,31.4,32.4,3,near_left,5,6,6,4,5.214092,6.0,6,0.0,0.345024,2.0
train,31.4,32.4,4,near_center,1,1,1,1,1.04956,1.0,1,0.0,0.168986,0.0
train,31.4,32.4,5,near_right,1,2,2,1,1.87631,2.0,2,0.0,0.190702,1.0
train,31.6,32.6,0,far_left,6,5,5,5,5.215941,5.215941,5,1.0,0.201327,0.215941
train,31.6,32.6,1,far_center,3,3,3,4,3.070405,3.0,3,0.0,0.177452,1.0
train,31.6,32.6,2,far_right,4,3,3,4,3.234982,3.0,3,0.0,0.330183,1.0
train,31.6,32.6,3,near_left,4,5,5,5,5.01813,5.0,5,0.0,0.254567,0.0
train,31.6,32.6,4,near_center,1,1,1,0,1.020292,1.0,1,0.0,0.200818,1.0
train,31.6,32.6,5,near_right,1,2,2,3,1.878043,2.0,2,0.0,0.187685,1.0
train,31.8,32.8,0,far_left,6,5,5,6,5.205745,5.205745,5,1.0,0.210604,0.794255
train,31.8,32.8,1,far_center,4,4,4,4,4.014854,4.0,4,0.0,0.207566,0.0
train,31.8,32.8,2,far_right,6,4,4,3,3.97191,4.0,4,0.0,0.498213,1.0
train,31.8,32.8,3,near_left,4,5,5,4,4.991772,5.0,5,0.0,0.197951,1.0
train,31.8,32.8,4,near_center,1,1,1,0,1.046571,1.0,1,0.0,0.222454,1.0
train,31.8,32.8,5,near_right,1,3,3,4,2.730122,3.0,3,0.0,0.181039,1.0
train,32.0,33.0,0,far_left,6,5,5,6,5.190948,5.190948,5,1.0,0.207471,0.809052
train,32.0,33.0,1,far_center,4,4,4,4,3.845568,4.0,4,0.0,0.234363,0.0
train,32.0,33.0,2,far_right,4,2,1,3,3.017889,2.0,2,0.0,0.370377,1.0
train,32.0,33.0,3,near_left,4,5,5,5,4.970484,5.0,5,0.0,0.172338,0.0
train,32.0,33.0,4,near_center,1,0,0,0,0.305156,0.0,0,0.0,0.246244,0.0
train,32.0,33.0,5,near_right,1,4,5,6,3.53399,4.0,4,0.0,0.176749,2.0
train,32.2,33.2,0,far_left,4,3,3,7,3.398542,3.398542,3,1.0,0.204545,3.601458
train,32.2,33.2,1,far_center,4,4,4,3,4.007006,4.0,4,0.0,0.197258,1.0
train,32.2,33.2,2,far_right,4,2,2,3,3.039705,2.0,2,0.0,0.367449,1.0
train,32.2,33.2,3,near_left,4,5,5,6,4.96264,5.0,5,0.0,0.169292,1.0
train,32.2,33.2,4,near_center,1,0,0,0,0.287669,0.0,0,0.0,0.259836,0.0
train,32.2,33.2,5,near_right,1,4,4,7,3.531399,4.0,4,0.0,0.176338,3.0
train,32.4,33.4,0,far_left,6,5,5,6,4.81401,4.81401,5,1.0,0.345639,1.18599
train,32.4,33.4,1,far_center,4,4,4,4,4.06921,4.0,4,0.0,0.189791,0.0
train,32.4,33.4,2,far_right,3,3,2,3,3.264256,3.0,3,0.0,0.36012,0.0
train,32.4,33.4,3,near_left,4,5,5,5,4.961382,5.0,5,0.0,0.162265,0.0
train,32.4,33.4,4,near_center,1,0,0,0,0.298789,0.0,0,0.0,0.267018,0.0
train,32.4,33.4,5,near_right,1,2,3,7,1.883977,2.0,2,0.0,0.180954,5.0
train,32.6,33.6,0,far_left,5,5,5,8,4.882959,4.882959,5,1.0,0.266662,3.117041
train,32.6,33.6,1,far_center,4,4,4,3,4.088366,4.0,4,0.0,0.22021,1.0
train,32.6,33.6,2,far_right,4,4,4,2,3.431769,4.0,4,0.0,0.386295,2.0
train,32.6,33.6,3,near_left,5,5,5,4,4.519018,5.0,5,0.0,0.416194,1.0
train,32.6,33.6,4,near_center,0,0,0,0,0.03849,0.0,0,0.0,0.201302,0.0
train,32.6,33.6,5,near_right,3,3,3,6,3.066693,3.0,3,0.0,0.210925,3.0
train,32.8,33.8,0,far_left,6,6,6,8,5.720514,5.720514,6,1.0,0.243829,2.279486
train,32.8,33.8,1,far_center,4,4,4,3,4.032644,4.0,4,0.0,0.246336,1.0
train,32.8,33.8,2,far_right,3,3,2,2,2.931979,3.0,3,0.0,0.221807,1.0
train,32.8,33.8,3,near_left,4,4,4,4,4.246485,4.0,4,0.0,0.382084,0.0
train,32.8,33.8,4,near_center,0,0,0,0,0.004388,0.0,0,0.0,0.160279,0.0
train,32.8,33.8,5,near_right,4,4,5,5,4.054699,4.0,4,0.0,0.250364,1.0
train,33.0,34.0,0,far_left,6,6,6,7,5.882247,5.882247,6,1.0,0.225493,1.117753
train,33.0,34.0,1,far_center,4,4,4,2,3.292365,4.0,4,0.0,0.422003,2.0
train,33.0,34.0,2,far_right,3,3,3,2,2.911362,3.0,3,0.0,0.186006,1.0
train,33.0,34.0,3,near_left,5,5,5,4,4.512464,5.0,5,0.0,0.474987,1.0
train,33.0,34.0,4,near_center,0,0,0,0,0.080397,0.0,0,0.0,0.142713,0.0
train,33.0,34.0,5,near_right,6,6,6,5,5.640569,6.0,6,0.0,0.394596,1.0
train,33.2,34.2,0,far_left,7,7,7,8,6.719586,6.719586,7,1.0,0.27947,1.280414
train,33.2,34.2,1,far_center,3,3,4,2,3.10853,3.0,3,0.0,0.303912,1.0
train,33.2,34.2,2,far_right,3,3,2,2,2.973055,3.0,3,0.0,0.131742,1.0
train,33.2,34.2,3,near_left,6,6,6,4,4.596376,6.0,6,0.0,0.626657,2.0
train,33.2,34.2,4,near_center,0,0,0,0,0.08349,0.0,0,0.0,0.125955,0.0
train,33.2,34.2,5,near_right,7,7,7,5,5.43307,7.0,7,0.0,0.636346,2.0
train,33.4,34.4,0,far_left,6,6,6,9,6.12285,6.12285,6,1.0,0.219557,2.87715
train,33.4,34.4,1,far_center,4,4,4,2,3.308495,4.0,4,0.0,0.399506,2.0
train,33.4,34.4,2,far_right,3,2,2,2,2.120218,2.0,2,0.0,0.102589,0.0
train,33.4,34.4,3,near_left,5,5,5,5,4.203865,5.0,5,0.0,0.530713,0.0
train,33.4,34.4,4,near_center,0,0,0,0,0.077511,0.0,0,0.0,0.117024,0.0
train,33.4,34.4,5,near_right,7,8,8,5,6.744295,8.0,8,0.0,0.484838,3.0
train,33.6,34.6,0,far_left,8,8,8,8,7.542439,7.542439,8,1.0,0.321834,0.457561
train,33.6,34.6,1,far_center,3,3,3,2,3.064477,3.0,3,0.0,0.285117,1.0
train,33.6,34.6,2,far_right,2,1,1,2,1.154729,1.0,1,0.0,0.084935,1.0
train,33.6,34.6,3,near_left,4,4,4,5,4.471363,4.0,4,0.0,0.409191,1.0
train,33.6,34.6,4,near_center,0,0,0,0,0.011779,0.0,0,0.0,0.104536,0.0
train,33.6,34.6,5,near_right,6,7,7,5,6.533754,7.0,7,0.0,0.373809,2.0
train,33.8,34.8,0,far_left,8,8,8,8,7.595815,7.595815,8,1.0,0.328281,0.404185
train,33.8,34.8,1,far_center,3,3,3,2,3.040245,3.0,3,0.0,0.229967,1.0
train,33.8,34.8,2,far_right,2,1,1,1,1.159735,1.0,1,0.0,0.10273,0.0
train,33.8,34.8,3,near_left,4,4,4,3,4.321897,4.0,4,0.0,0.360678,1.0
train,33.8,34.8,4,near_center,0,0,0,0,0.0,0.0,0,0.0,0.102257,0.0
train,33.8,34.8,5,near_right,5,6,6,7,5.85841,6.0,6,0.0,0.367002,1.0
train,34.0,35.0,0,far_left,7,7,7,8,7.126471,7.126471,7,1.0,0.271841,0.873529
train,34.0,35.0,1,far_center,2,2,2,2,2.121752,2.0,2,0.0,0.227935,0.0
train,34.0,35.0,2,far_right,2,1,1,1,1.1616,1.0,1,0.0,0.114242,0.0
train,34.0,35.0,3,near_left,4,4,4,3,4.222951,4.0,4,0.0,0.320541,1.0
train,34.0,35.0,4,near_center,0,0,0,0,0.0,0.0,0,0.0,0.101012,0.0
train,34.0,35.0,5,near_right,5,6,6,6,5.689023,6.0,6,0.0,0.339757,0.0
train,34.2,35.2,0,far_left,8,8,8,8,7.610375,7.610375,8,1.0,0.347222,0.389625
train,34.2,35.2,1,far_center,2,2,2,2,1.822408,2.0,2,0.0,0.30224,0.0
train,34.2,35.2,2,far_right,2,1,1,1,1.175099,1.0,1,0.0,0.116469,0.0
train,34.2,35.2,3,near_left,4,4,4,3,4.102743,4.0,4,0.0,0.290033,1.0
train,34.2,35.2,4,near_center,0,0,0,1,0.023305,0.0,0,0.0,0.104528,1.0
train,34.2,35.2,5,near_right,5,6,6,6,5.649137,6.0,6,0.0,0.319768,0.0
train,34.4,35.4,0,far_left,9,9,9,8,7.938706,7.938706,8,1.0,0.504682,0.061294
train,34.4,35.4,1,far_center,2,2,2,2,2.118336,2.0,2,0.0,0.256615,0.0
train,34.4,35.4,2,far_right,2,1,1,1,1.176501,1.0,1,0.0,0.12235,0.0
train,34.4,35.4,3,near_left,5,5,5,3,4.440036,5.0,5,0.0,0.446459,2.0
train,34.4,35.4,4,near_center,0,0,0,1,0.054157,0.0,0,0.0,0.105784,1.0
train,34.4,35.4,5,near_right,5,6,6,6,5.107679,6.0,6,0.0,0.381564,0.0
train,34.6,35.6,0,far_left,8,8,8,6,7.295469,7.295469,7,1.0,0.476489,1.295469
train,34.6,35.6,1,far_center,2,2,2,2,2.140224,2.0,2,0.0,0.250177,0.0
train,34.6,35.6,2,far_right,2,1,1,1,1.170002,1.0,1,0.0,0.131645,0.0
train,34.6,35.6,3,near_left,5,5,5,3,3.894359,5.0,5,0.0,0.540707,2.0
train,34.6,35.6,4,near_center,0,0,0,1,0.048428,0.0,0,0.0,0.105523,1.0
train,34.6,35.6,5,near_right,5,6,6,7,5.493289,6.0,6,0.0,0.333789,1.0
train,34.8,35.8,0,far_left,8,8,8,6,7.522553,7.522553,8,1.0,0.392893,1.522553
train,34.8,35.8,1,far_center,2,2,2,2,1.913691,2.0,2,0.0,0.29468,0.0
train,34.8,35.8,2,far_right,1,1,1,1,1.067681,1.0,1,0.0,0.132533,0.0
train,34.8,35.8,3,near_left,3,3,3,3,3.47154,3.0,3,0.0,0.339904,0.0
train,34.8,35.8,4,near_center,0,0,0,1,0.039149,0.0,0,0.0,0.102604,1.0
train,34.8,35.8,5,near_right,7,7,7,7,6.096334,7.0,7,0.0,0.485648,0.0
train,35.0,36.0,0,far_left,8,8,8,7,7.643537,7.643537,8,1.0,0.374058,0.643537
train,35.0,36.0,1,far_center,2,2,2,2,2.064641,2.0,2,0.0,0.258852,0.0
train,35.0,36.0,2,far_right,1,1,1,1,1.039836,1.0,1,0.0,0.139253,0.0
train,35.0,36.0,3,near_left,3,3,3,3,3.289735,3.0,3,0.0,0.265508,0.0
train,35.0,36.0,4,near_center,0,0,0,1,0.007642,0.0,0,0.0,0.102613,1.0
train,35.0,36.0,5,near_right,6,6,6,5,5.629566,6.0,6,0.0,0.439862,1.0
train,35.2,36.2,0,far_left,8,8,8,7,7.5967,7.5967,8,1.0,0.381297,0.5967
train,35.2,36.2,1,far_center,2,2,2,2,2.09411,2.0,2,0.0,0.232015,0.0
train,35.2,36.2,2,far_right,1,1,1,1,1.020805,1.0,1,0.0,0.143052,0.0
train,35.2,36.2,3,near_left,3,3,3,3,3.129159,3.0,3,0.0,0.174288,0.0
train,35.2,36.2,4,near_center,1,1,1,2,0.99249,1.0,1,0.0,0.114378,1.0
train,35.2,36.2,5,near_right,6,6,6,4,5.706845,6.0,6,0.0,0.394651,2.0
train,35.4,36.4,0,far_left,8,8,8,5,7.756945,7.756945,8,1.0,0.374782,2.756945
train,35.4,36.4,1,far_center,2,2,2,2,2.061707,2.0,2,0.0,0.221029,0.0
train,35.4,36.4,2,far_right,1,1,1,1,1.031964,1.0,1,0.0,0.152163,0.0
train,35.4,36.4,3,near_left,3,3,3,3,3.077491,3.0,3,0.0,0.142932,0.0
train,35.4,36.4,4,near_center,1,1,1,2,1.02906,1.0,1,0.0,0.138652,1.0
train,35.4,36.4,5,near_right,6,6,6,5,5.69734,6.0,6,0.0,0.368845,1.0
train,35.6,36.6,0,far_left,6,6,6,5,6.690917,6.690917,7,1.0,0.359336,1.690917
train,35.6,36.6,1,far_center,2,2,2,2,2.039813,2.0,2,0.0,0.21975,0.0
train,35.6,36.6,2,far_right,1,1,1,1,1.056419,1.0,1,0.0,0.152628,0.0
train,35.6,36.6,3,near_left,3,3,3,3,3.083464,3.0,3,0.0,0.150729,0.0
train,35.6,36.6,4,near_center,1,1,1,2,1.044597,1.0,1,0.0,0.153677,1.0
train,35.6,36.6,5,near_right,7,7,7,5,5.413532,7.0,7,0.0,0.621897,2.0
train,35.8,36.8,0,far_left,6,6,6,5,6.685597,6.685597,7,1.0,0.386528,1.685597
train,35.8,36.8,1,far_center,2,2,2,2,1.965159,2.0,2,0.0,0.228184,0.0
train,35.8,36.8,2,far_right,1,1,1,1,1.070083,1.0,1,0.0,0.157497,0.0
train,35.8,36.8,3,near_left,3,3,3,3,3.075994,3.0,3,0.0,0.160419,0.0
train,35.8,36.8,4,near_center,1,1,1,2,1.06394,1.0,1,0.0,0.168114,1.0
train,35.8,36.8,5,near_right,7,7,7,5,5.331829,7.0,7,0.0,0.642821,2.0
train,36.0,37.0,0,far_left,7,7,7,7,6.860526,6.860526,7,1.0,0.42148,0.139474
train,36.0,37.0,1,far_center,2,2,2,2,2.021565,2.0,2,0.0,0.225757,0.0
train,36.0,37.0,2,far_right,1,1,1,1,1.035312,1.0,1,0.0,0.168508,0.0
train,36.0,37.0,3,near_left,3,3,3,3,3.067589,3.0,3,0.0,0.160202,0.0
train,36.0,37.0,4,near_center,1,2,2,2,1.844491,2.0,2,0.0,0.17897,0.0
train,36.0,37.0,5,near_right,5,4,4,5,4.790208,4.0,4,0.0,0.479671,1.0
train,36.2,37.2,0,far_left,7,7,7,6,6.482891,6.482891,6,1.0,0.457504,0.482891
train,36.2,37.2,1,far_center,2,2,2,2,2.042122,2.0,2,0.0,0.229499,0.0
train,36.2,37.2,2,far_right,1,1,1,1,1.036216,1.0,1,0.0,0.180701,0.0
train,36.2,37.2,3,near_left,3,4,4,4,3.92991,4.0,4,0.0,0.147644,0.0
train,36.2,37.2,4,near_center,2,2,2,2,1.934273,2.0,2,0.0,0.190998,0.0
train,36.2,37.2,5,near_right,4,3,3,4,4.175075,3.0,3,0.0,0.497741,1.0
train,36.4,37.4,0,far_left,5,5,5,6,5.62747,5.62747,6,1.0,0.412179,0.37253
train,36.4,37.4,1,far_center,2,2,2,2,2.033687,2.0,2,0.0,0.22786,0.0
train,36.4,37.4,2,far_right,1,1,1,1,1.026536,1.0,1,0.0,0.18212,0.0
train,36.4,37.4,3,near_left,3,4,4,4,3.931349,4.0,4,0.0,0.141868,0.0
train,36.4,37.4,4,near_center,2,3,3,2,2.794858,3.0,3,0.0,0.196632,1.0
train,36.4,37.4,5,near_right,5,3,3,4,3.995506,3.0,3,0.0,0.428464,1.0
train,36.6,37.6,0,far_left,5,5,5,6,5.727909,5.727909,6,1.0,0.43317,0.272091
train,36.6,37.6,1,far_center,2,2,2,2,2.020279,2.0,2,0.0,0.228689,0.0
train,36.6,37.6,2,far_right,1,1,1,1,1.025757,1.0,1,0.0,0.184655,0.0
train,36.6,37.6,3,near_left,3,4,4,4,3.924131,4.0,4,0.0,0.136246,0.0
train,36.6,37.6,4,near_center,2,2,2,3,1.995422,2.0,2,0.0,0.195596,1.0
train,36.6,37.6,5,near_right,5,4,4,4,4.535573,4.0,4,0.0,0.412141,0.0
train,36.8,37.8,0,far_left,5,5,5,7,5.606159,5.606159,6,1.0,0.450875,1.393841
train,36.8,37.8,1,far_center,2,2,2,2,2.021134,2.0,2,0.0,0.233683,0.0
train,36.8,37.8,2,far_right,1,1,1,1,1.024363,1.0,1,0.0,0.185215,0.0
train,36.8,37.8,3,near_left,3,4,4,3,3.762272,4.0,4,0.0,0.194629,1.0
train,36.8,37.8,4,near_center,2,2,2,3,2.018325,2.0,2,0.0,0.19822,1.0
train,36.8,37.8,5,near_right,5,4,4,4,4.467045,4.0,4,0.0,0.38708,0.0
train,37.0,38.0,0,far_left,7,7,5,5,6.274777,6.274777,6,1.0,0.48958,1.274777
train,37.0,38.0,1,far_center,2,2,2,2,2.065817,2.0,2,0.0,0.236171,0.0
train,37.0,38.0,2,far_right,1,1,1,1,1.024249,1.0,1,0.0,0.186091,0.0
train,37.0,38.0,3,near_left,3,4,6,6,3.923189,4.0,4,0.0,0.175993,2.0
train,37.0,38.0,4,near_center,2,2,2,3,2.007547,2.0,2,0.0,0.198859,1.0
train,37.0,38.0,5,near_right,5,4,4,4,4.401559,4.0,4,0.0,0.361314,0.0
train,37.2,38.2,0,far_left,6,4,4,4,5.222075,5.222075,5,1.0,0.449885,1.222075
train,37.2,38.2,1,far_center,2,2,2,2,2.059988,2.0,2,0.0,0.235616,0.0
train,37.2,38.2,2,far_right,1,1,1,1,1.0171,1.0,1,0.0,0.187346,0.0
train,37.2,38.2,3,near_left,4,6,6,7,5.751492,6.0,6,0.0,0.158951,1.0
train,37.2,38.2,4,near_center,2,2,2,3,1.966515,2.0,2,0.0,0.213302,1.0
train,37.2,38.2,5,near_right,4,4,4,4,4.037519,4.0,4,0.0,0.32403,0.0
train,37.4,38.4,0,far_left,6,4,4,4,5.442505,5.442505,5,1.0,0.474632,1.442505
train,37.4,38.4,1,far_center,2,2,2,2,2.05656,2.0,2,0.0,0.240313,0.0
train,37.4,38.4,2,far_right,1,1,1,2,1.012212,1.0,1,0.0,0.188427,1.0
train,37.4,38.4,3,near_left,4,6,6,6,5.595221,6.0,6,0.0,0.197598,0.0
train,37.4,38.4,4,near_center,2,2,2,3,1.963649,2.0,2,0.0,0.211425,1.0
train,37.4,38.4,5,near_right,4,4,4,4,4.024634,4.0,4,0.0,0.30776,0.0
train,37.6,38.6,0,far_left,6,4,4,4,5.337304,5.337304,5,1.0,0.478144,1.337304
train,37.6,38.6,1,far_center,2,2,2,2,2.066452,2.0,2,0.0,0.248989,0.0
train,37.6,38.6,2,far_right,1,1,1,2,1.022019,1.0,1,0.0,0.190536,1.0
train,37.6,38.6,3,near_left,4,6,6,6,5.729905,6.0,6,0.0,0.184215,0.0
train,37.6,38.6,4,near_center,3,3,3,2,2.658043,3.0,3,0.0,0.284181,1.0
train,37.6,38.6,5,near_right,4,4,4,4,4.046864,4.0,4,0.0,0.298811,0.0
train,37.8,38.8,0,far_left,7,5,5,4,5.907263,5.907263,6,1.0,0.455547,1.907263
train,37.8,38.8,1,far_center,2,2,2,2,2.044537,2.0,2,0.0,0.25114,0.0
train,37.8,38.8,2,far_right,1,1,1,2,1.029502,1.0,1,0.0,0.195098,1.0
train,37.8,38.8,3,near_left,3,5,5,6,4.826366,5.0,5,0.0,0.174032,1.0
train,37.8,38.8,4,near_center,3,3,3,2,2.767915,3.0,3,0.0,0.252826,1.0
train,37.8,38.8,5,near_right,4,4,4,4,4.028132,4.0,4,0.0,0.289581,0.0
train,38.0,39.0,0,far_left,5,5,5,4,4.893848,4.893848,5,1.0,0.408711,0.893848
train,38.0,39.0,1,far_center,2,2,2,2,2.080804,2.0,2,0.0,0.257575,0.0
train,38.0,39.0,2,far_right,1,1,1,1,1.026325,1.0,1,0.0,0.194714,0.0
train,38.0,39.0,3,near_left,6,6,6,6,5.712589,6.0,6,0.0,0.406755,0.0
train,38.0,39.0,4,near_center,3,3,3,3,2.571581,3.0,3,0.0,0.308322,0.0
train,38.0,39.0,5,near_right,4,4,4,4,4.045466,4.0,4,0.0,0.287654,0.0
train,38.2,39.2,0,far_left,4,4,4,4,4.192069,4.192069,4,1.0,0.335981,0.192069
train,38.2,39.2,1,far_center,2,2,2,2,2.070258,2.0,2,0.0,0.259965,0.0
train,38.2,39.2,2,far_right,1,1,1,1,1.023342,1.0,1,0.0,0.193259,0.0
train,38.2,39.2,3,near_left,7,7,7,6,5.891296,7.0,7,0.0,0.578746,1.0
train,38.2,39.2,4,near_center,3,3,3,3,2.760193,3.0,3,0.0,0.261991,0.0
train,38.2,39.2,5,near_right,4,4,4,3,4.040542,4.0,4,0.0,0.283914,1.0
train,38.4,39.4,0,far_left,4,4,4,4,4.152271,4.152271,4,1.0,0.315645,0.152271
train,38.4,39.4,1,far_center,2,2,2,2,2.08844,2.0,2,0.0,0.263329,0.0
train,38.4,39.4,2,far_right,2,2,2,1,1.77753,2.0,2,0.0,0.284148,1.0
train,38.4,39.4,3,near_left,6,6,6,8,6.13614,6.0,6,0.0,0.402667,2.0
train,38.4,39.4,4,near_center,3,3,3,3,2.743118,3.0,3,0.0,0.22435,0.0
train,38.4,39.4,5,near_right,4,4,4,3,4.062223,4.0,4,0.0,0.269183,1.0
train,38.6,39.6,0,far_left,4,4,4,4,4.113459,4.113459,4,1.0,0.296847,0.113459
train,38.6,39.6,1,far_center,2,2,2,2,2.046265,2.0,2,0.0,0.265257,0.0
train,38.6,39.6,2,far_right,2,2,2,1,1.906281,2.0,2,0.0,0.226278,1.0
train,38.6,39.6,3,near_left,6,6,6,6,6.02863,6.0,6,0.0,0.359443,0.0
train,38.6,39.6,4,near_center,2,2,2,3,2.005516,2.0,2,0.0,0.13062,1.0
train,38.6,39.6,5,near_right,4,4,4,2,4.035017,4.0,4,0.0,0.260208,2.0
train,38.8,39.8,0,far_left,4,4,4,4,4.153776,4.153776,4,1.0,0.2852,0.153776
train,38.8,39.8,1,far_center,2,2,2,2,2.010583,2.0,2,0.0,0.288136,0.0
train,38.8,39.8,2,far_right,2,2,2,1,1.889835,2.0,2,0.0,0.235806,1.0
train,38.8,39.8,3,near_left,6,6,6,6,5.521436,6.0,6,0.0,0.443756,0.0
train,38.8,39.8,4,near_center,2,2,2,3,1.638471,2.0,2,0.0,0.272996,1.0
train,38.8,39.8,5,near_right,4,4,4,3,4.059736,4.0,4,0.0,0.268335,1.0
train,39.0,40.0,0,far_left,4,4,4,4,4.133724,4.133724,4,1.0,0.275903,0.133724
train,39.0,40.0,1,far_center,2,2,2,2,1.979616,2.0,2,0.0,0.287759,0.0
train,39.0,40.0,2,far_right,1,1,1,1,1.109347,1.0,1,0.0,0.198223,0.0
train,39.0,40.0,3,near_left,6,6,6,6,5.800885,6.0,6,0.0,0.379683,0.0
train,39.0,40.0,4,near_center,3,3,3,3,2.633108,3.0,3,0.0,0.274239,0.0
train,39.0,40.0,5,near_right,4,4,4,2,3.452736,4.0,4,0.0,0.414285,2.0
train,39.2,40.2,0,far_left,4,4,4,5,4.151135,4.151135,4,1.0,0.273689,0.848865
train,39.2,40.2,1,far_center,2,2,2,0,1.801045,2.0,2,0.0,0.318352,2.0
train,39.2,40.2,2,far_right,1,1,1,1,1.071857,1.0,1,0.0,0.189929,0.0
train,39.2,40.2,3,near_left,6,6,6,6,5.412417,6.0,6,0.0,0.443659,0.0
train,39.2,40.2,4,near_center,3,3,3,2,2.880728,3.0,3,0.0,0.179727,1.0
train,39.2,40.2,5,near_right,3,3,3,2,3.050175,3.0,3,0.0,0.293684,1.0
train,39.4,40.4,0,far_left,4,4,4,5,4.143328,4.143328,4,1.0,0.251882,0.856672
train,39.4,40.4,1,far_center,2,2,2,0,1.898483,2.0,2,0.0,0.31216,2.0
train,39.4,40.4,2,far_right,1,1,1,1,1.089567,1.0,1,0.0,0.182288,0.0
train,39.4,40.4,3,near_left,8,9,9,6,6.644762,9.0,9,0.0,0.661559,3.0
train,39.4,40.4,4,near_center,3,2,2,2,1.998398,2.0,2,0.0,0.290614,0.0
train,39.4,40.4,5,near_right,3,3,3,1,2.432923,3.0,3,0.0,0.418192,2.0
train,39.6,40.6,0,far_left,4,4,4,6,4.087942,4.087942,4,1.0,0.2506,1.912058
train,39.6,40.6,1,far_center,2,2,2,0,1.790532,2.0,2,0.0,0.30882,2.0
train,39.6,40.6,2,far_right,1,1,1,1,1.063733,1.0,1,0.0,0.193424,0.0
train,39.6,40.6,3,near_left,6,7,8,8,7.4321,7.0,7,0.0,0.446316,1.0
train,39.6,40.6,4,near_center,3,2,1,1,2.082525,2.0,2,0.0,0.155252,1.0
train,39.6,40.6,5,near_right,2,2,2,1,2.077238,2.0,2,0.0,0.301568,1.0
train,39.8,40.8,0,far_left,4,4,4,6,4.073188,4.073188,4,1.0,0.258183,1.926812
train,39.8,40.8,1,far_center,2,2,2,0,1.833928,2.0,2,0.0,0.29816,2.0
train,39.8,40.8,2,far_right,1,1,1,1,1.071403,1.0,1,0.0,0.192719,0.0
train,39.8,40.8,3,near_left,6,7,8,8,7.403276,7.0,7,0.0,0.429416,1.0
train,39.8,40.8,4,near_center,3,2,1,1,2.079278,2.0,2,0.0,0.108058,1.0
train,39.8,40.8,5,near_right,3,3,3,1,2.923646,3.0,3,0.0,0.24332,2.0
train,40.0,41.0,0,far_left,4,4,4,5,4.067947,4.067947,4,1.0,0.257468,0.932053
train,40.0,41.0,1,far_center,2,2,2,0,0.788268,2.0,2,0.0,0.605866,2.0
train,40.0,41.0,2,far_right,1,1,1,1,1.070361,1.0,1,0.0,0.184656,0.0
train,40.0,41.0,3,near_left,6,9,9,8,8.523183,9.0,9,0.0,0.38429,1.0
train,40.0,41.0,4,near_center,3,0,0,0,0.319543,0.0,0,0.0,0.123452,0.0
train,40.0,41.0,5,near_right,2,2,2,1,2.120862,2.0,2,0.0,0.237593,1.0
train,40.2,41.2,0,far_left,5,5,5,5,4.951588,4.951588,5,1.0,0.229388,0.048412
train,40.2,41.2,1,far_center,0,0,0,0,0.007398,0.0,0,0.0,0.356178,0.0
train,40.2,41.2,2,far_right,1,1,1,1,1.0567,1.0,1,0.0,0.190935,0.0
train,40.2,41.2,3,near_left,6,8,8,8,7.718456,8.0,8,0.0,0.313761,0.0
train,40.2,41.2,4,near_center,2,0,0,0,0.232854,0.0,0,0.0,0.090212,0.0
train,40.2,41.2,5,near_right,2,2,2,1,2.041527,2.0,2,0.0,0.210218,1.0
train,40.4,41.4,0,far_left,5,5,5,6,4.995092,4.995092,5,1.0,0.245869,1.004908
train,40.4,41.4,1,far_center,0,0,0,0,0.040634,0.0,0,0.0,0.25116,0.0
train,40.4,41.4,2,far_right,1,1,1,1,1.052531,1.0,1,0.0,0.204431,0.0
train,40.4,41.4,3,near_left,6,8,8,7,7.585351,8.0,8,0.0,0.269907,1.0
train,40.4,41.4,4,near_center,2,0,0,0,0.23837,0.0,0,0.0,0.101882,0.0
train,40.4,41.4,5,near_right,1,1,1,1,1.080524,1.0,1,0.0,0.206592,0.0
train,40.6,41.6,0,far_left,6,6,6,5,5.264212,5.264212,5,1.0,0.444115,0.264212
train,40.6,41.6,1,far_center,0,0,0,0,0.076849,0.0,0,0.0,0.193524,0.0
train,40.6,41.6,2,far_right,1,1,1,1,1.049203,1.0,1,0.0,0.205587,0.0
train,40.6,41.6,3,near_left,8,9,9,6,7.326694,9.0,9,0.0,0.579757,3.0
train,40.6,41.6,4,near_center,1,0,0,0,0.171394,0.0,0,0.0,0.110142,0.0
train,40.6,41.6,5,near_right,1,1,1,1,1.066381,1.0,1,0.0,0.197939,0.0
train,40.8,41.8,0,far_left,6,6,6,5,5.204302,5.204302,5,1.0,0.473121,0.204302
train,40.8,41.8,1,far_center,0,0,0,0,0.086083,0.0,0,0.0,0.177706,0.0
train,40.8,41.8,2,far_right,1,1,1,1,1.049551,1.0,1,0.0,0.214421,0.0
train,40.8,41.8,3,near_left,8,9,9,6,7.194345,9.0,9,0.0,0.599988,3.0
train,40.8,41.8,4,near_center,1,0,0,0,0.132701,0.0,0,0.0,0.113887,0.0
train,40.8,41.8,5,near_right,1,1,1,1,1.080575,1.0,1,0.0,0.199836,0.0
train,41.0,42.0,0,far_left,5,5,5,6,4.758387,4.758387,5,1.0,0.306543,1.241613
train,41.0,42.0,1,far_center,0,0,0,0,0.047855,0.0,0,0.0,0.183958,0.0
train,41.0,42.0,2,far_right,1,1,1,1,1.048431,1.0,1,0.0,0.212924,0.0
train,41.0,42.0,3,near_left,8,8,8,6,7.443685,8.0,8,0.0,0.491398,2.0
train,41.0,42.0,4,near_center,0,0,0,0,0.020143,0.0,0,0.0,0.093215,0.0
train,41.0,42.0,5,near_right,1,1,1,1,1.078469,1.0,1,0.0,0.212936,0.0
train,41.2,42.2,0,far_left,5,5,5,6,5.101543,5.101543,5,1.0,0.2311,0.898457
train,41.2,42.2,1,far_center,0,0,0,0,0.02971,0.0,0,0.0,0.178833,0.0
train,41.2,42.2,2,far_right,1,1,1,2,1.048796,1.0,1,0.0,0.210657,1.0
train,41.2,42.2,3,near_left,8,8,8,7,7.173656,8.0,8,0.0,0.526739,1.0
train,41.2,42.2,4,near_center,0,0,0,0,0.011806,0.0,0,0.0,0.085419,0.0
train,41.2,42.2,5,near_right,1,1,1,3,1.082122,1.0,1,0.0,0.222303,2.0
train,41.4,42.4,0,far_left,6,6,6,6,5.858156,5.858156,6,1.0,0.199836,0.141844
train,41.4,42.4,1,far_center,0,0,0,0,0.024388,0.0,0,0.0,0.19283,0.0
train,41.4,42.4,2,far_right,1,1,1,2,1.052768,1.0,1,0.0,0.211127,1.0
train,41.4,42.4,3,near_left,7,7,7,7,7.680009,7.0,7,0.0,0.44904,0.0
train,41.4,42.4,4,near_center,0,0,0,0,0.001101,0.0,0,0.0,0.079492,0.0
train,41.4,42.4,5,near_right,1,1,1,4,1.077545,1.0,1,0.0,0.231074,3.0
train,41.6,42.6,0,far_left,5,5,5,5,5.198713,5.198713,5,1.0,0.176797,0.198713
train,41.6,42.6,1,far_center,0,0,0,0,0.0,0.0,0,0.0,0.190909,0.0
train,41.6,42.6,2,far_right,1,1,1,1,1.049417,1.0,1,0.0,0.210228,0.0
train,41.6,42.6,3,near_left,6,6,6,6,7.117579,6.0,6,0.0,0.450609,0.0
train,41.6,42.6,4,near_center,0,0,0,0,0.0,0.0,0,0.0,0.078601,0.0
train,41.6,42.6,5,near_right,1,1,1,5,1.076058,1.0,1,0.0,0.23731,4.0
train,41.8,42.8,0,far_left,5,5,5,5,5.225812,5.225812,5,1.0,0.209769,0.225812
train,41.8,42.8,1,far_center,0,0,0,0,0.0,0.0,0,0.0,0.200461,0.0
train,41.8,42.8,2,far_right,1,1,1,1,1.051993,1.0,1,0.0,0.210926,0.0
train,41.8,42.8,3,near_left,6,6,6,7,6.939483,6.0,6,0.0,0.453816,1.0
train,41.8,42.8,4,near_center,0,0,0,0,0.0,0.0,0,0.0,0.080916,0.0
train,41.8,42.8,5,near_right,1,1,1,5,1.079648,1.0,1,0.0,0.240531,4.0
train,42.0,43.0,0,far_left,6,6,6,5,5.876666,5.876666,6,1.0,0.234393,0.876666
train,42.0,43.0,1,far_center,0,0,0,0,0.020679,0.0,0,0.0,0.198494,0.0
train,42.0,43.0,2,far_right,1,1,1,1,1.055445,1.0,1,0.0,0.2142,0.0
train,42.0,43.0,3,near_left,6,6,6,7,6.486017,6.0,6,0.0,0.414712,1.0
train,42.0,43.0,4,near_center,0,0,0,0,0.0,0.0,0,0.0,0.082084,0.0
train,42.0,43.0,5,near_right,1,1,1,4,1.08054,1.0,1,0.0,0.241743,3.0
train,42.2,43.2,0,far_left,6,6,6,6,5.833941,5.833941,6,1.0,0.246538,0.166059
train,42.2,43.2,1,far_center,0,0,0,1,0.095625,0.0,0,0.0,0.204778,1.0
train,42.2,43.2,2,far_right,2,2,2,1,1.801536,2.0,2,0.0,0.277057,1.0
train,42.2,43.2,3,near_left,7,7,7,5,6.047621,7.0,7,0.0,0.574017,2.0
train,42.2,43.2,4,near_center,0,0,0,0,0.018491,0.0,0,0.0,0.081872,0.0
train,42.2,43.2,5,near_right,3,3,3,5,2.987109,3.0,3,0.0,0.296903,2.0
train,42.4,43.4,0,far_left,6,6,6,6,5.98542,5.98542,6,1.0,0.210969,0.01458
train,42.4,43.4,1,far_center,0,0,0,1,0.05279,0.0,0,0.0,0.196619,1.0
train,42.4,43.4,2,far_right,2,2,2,2,2.014895,2.0,2,0.0,0.195765,0.0
train,42.4,43.4,3,near_left,7,7,7,5,6.876333,7.0,7,0.0,0.459078,2.0
train,42.4,43.4,4,near_center,0,0,0,0,0.014271,0.0,0,0.0,0.075555,0.0
train,42.4,43.4,5,near_right,4,4,4,5,3.890752,4.0,4,0.0,0.34257,1.0
train,42.6,43.6,0,far_left,5,6,6,6,5.99959,5.99959,6,1.0,0.18839,0.00041
train,42.6,43.6,1,far_center,0,0,0,1,0.035342,0.0,0,0.0,0.187534,1.0
train,42.6,43.6,2,far_right,1,2,1,2,1.888787,2.0,2,0.0,0.160035,0.0
train,42.6,43.6,3,near_left,6,5,5,5,6.31388,5.0,5,0.0,0.402808,0.0
train,42.6,43.6,4,near_center,0,0,0,0,0.0,0.0,0,0.0,0.074229,0.0
train,42.6,43.6,5,near_right,5,4,5,6,4.321631,4.0,4,0.0,0.348583,2.0
train,42.8,43.8,0,far_left,5,6,6,6,5.80835,5.80835,6,1.0,0.191074,0.19165
train,42.8,43.8,1,far_center,0,0,0,1,0.04757,0.0,0,0.0,0.201044,1.0
train,42.8,43.8,2,far_right,1,1,1,3,1.044733,1.0,1,0.0,0.154804,2.0
train,42.8,43.8,3,near_left,7,6,6,5,7.034211,6.0,6,0.0,0.414261,1.0
train,42.8,43.8,4,near_center,0,0,0,0,0.002366,0.0,0,0.0,0.074434,0.0
train,42.8,43.8,5,near_right,5,5,5,5,4.983415,5.0,5,0.0,0.35522,0.0
train,43.0,44.0,0,far_left,5,6,6,6,5.897806,5.897806,6,1.0,0.183518,0.102194
train,43.0,44.0,1,far_center,0,0,0,1,0.026771,0.0,0,0.0,0.210761,1.0
train,43.0,44.0,2,far_right,1,2,2,3,1.888711,2.0,2,0.0,0.155488,1.0
train,43.0,44.0,3,near_left,7,6,6,4,6.612489,6.0,6,0.0,0.430854,2.0
train,43.0,44.0,4,near_center,0,0,0,0,0.008068,0.0,0,0.0,0.074684,0.0
train,43.0,44.0,5,near_right,4,3,3,6,3.47168,3.0,3,0.0,0.360654,3.0
train,43.2,44.2,0,far_left,6,6,6,6,6.06491,6.06491,6,1.0,0.179575,0.06491
train,43.2,44.2,1,far_center,1,1,1,1,0.823586,1.0,1,0.0,0.274819,0.0
train,43.2,44.2,2,far_right,1,2,2,4,1.909657,2.0,2,0.0,0.139927,2.0
train,43.2,44.2,3,near_left,5,5,5,4,5.755675,5.0,5,0.0,0.386025,1.0
train,43.2,44.2,4,near_center,0,0,0,0,0.01724,0.0,0,0.0,0.075714,0.0
train,43.2,44.2,5,near_right,5,4,4,6,4.343945,4.0,4,0.0,0.36406,2.0
train,43.4,44.4,0,far_left,6,6,6,6,6.030377,6.030377,6,1.0,0.204705,0.030377
train,43.4,44.4,1,far_center,1,1,1,1,1.00487,1.0,1,0.0,0.259412,0.0
train,43.4,44.4,2,far_right,2,3,3,4,2.828472,3.0,3,0.0,0.160029,1.0
train,43.4,44.4,3,near_left,5,5,5,4,5.379688,5.0,5,0.0,0.339226,1.0
train,43.4,44.4,4,near_center,0,0,0,0,0.005407,0.0,0,0.0,0.079883,0.0
train,43.4,44.4,5,near_right,5,4,4,6,4.380246,4.0,4,0.0,0.358575,2.0
train,43.6,44.6,0,far_left,6,6,6,6,6.012002,6.012002,6,1.0,0.229008,0.012002
train,43.6,44.6,1,far_center,1,1,1,1,1.015418,1.0,1,0.0,0.252301,0.0
train,43.6,44.6,2,far_right,2,3,3,4,2.889232,3.0,3,0.0,0.129211,1.0
train,43.6,44.6,3,near_left,5,5,5,4,5.181612,5.0,5,0.0,0.289268,1.0
train,43.6,44.6,4,near_center,0,0,0,0,0.007966,0.0,0,0.0,0.081211,0.0
train,43.6,44.6,5,near_right,6,5,5,6,5.198342,5.0,5,0.0,0.379646,1.0
train,43.8,44.8,0,far_left,6,6,6,7,5.987873,5.987873,6,1.0,0.245551,1.012127
train,43.8,44.8,1,far_center,1,1,1,1,1.020368,1.0,1,0.0,0.253695,0.0
train,43.8,44.8,2,far_right,3,3,3,3,3.002378,3.0,3,0.0,0.132351,0.0
train,43.8,44.8,3,near_left,5,5,5,4,4.772925,5.0,5,0.0,0.360053,1.0
train,43.8,44.8,4,near_center,0,0,0,0,0.016858,0.0,0,0.0,0.08204,0.0
train,43.8,44.8,5,near_right,5,5,5,6,4.960523,5.0,5,0.0,0.358569,1.0
train,44.0,45.0,0,far_left,6,6,6,6,5.995258,5.995258,6,1.0,0.242811,0.004742
train,44.0,45.0,1,far_center,1,1,1,1,1.028834,1.0,1,0.0,0.253663,0.0
train,44.0,45.0,2,far_right,3,3,3,3,3.027917,3.0,3,0.0,0.12437,0.0
train,44.0,45.0,3,near_left,4,4,4,5,4.291426,4.0,4,0.0,0.301676,1.0
train,44.0,45.0,4,near_center,0,0,0,0,0.023253,0.0,0,0.0,0.079936,0.0
train,44.0,45.0,5,near_right,6,6,6,6,4.968843,6.0,6,0.0,0.532489,0.0
train,44.2,45.2,0,far_left,6,6,6,6,5.934992,5.934992,6,1.0,0.254258,0.065008
train,44.2,45.2,1,far_center,1,1,1,1,1.083131,1.0,1,0.0,0.254681,0.0
train,44.2,45.2,2,far_right,4,4,4,3,3.838222,4.0,4,0.0,0.19701,1.0
train,44.2,45.2,3,near_left,4,4,4,5,4.173224,4.0,4,0.0,0.278872,1.0
train,44.2,45.2,4,near_center,0,0,0,0,0.005877,0.0,0,0.0,0.080824,0.0
train,44.2,45.2,5,near_right,6,6,6,6,5.734142,6.0,6,0.0,0.403262,0.0
train,44.4,45.4,0,far_left,6,6,6,6,5.839584,5.839584,6,1.0,0.253057,0.160416
train,44.4,45.4,1,far_center,1,1,1,1,1.089454,1.0,1,0.0,0.263128,0.0
train,44.4,45.4,2,far_right,4,4,4,4,3.945729,4.0,4,0.0,0.142461,0.0
train,44.4,45.4,3,near_left,4,4,4,5,4.139621,4.0,4,0.0,0.26602,1.0
train,44.4,45.4,4,near_center,0,0,0,0,0.005212,0.0,0,0.0,0.079132,0.0
train,44.4,45.4,5,near_right,6,6,6,7,5.839646,6.0,6,0.0,0.364497,1.0
train,44.6,45.6,0,far_left,6,6,6,5,5.801204,5.801204,6,1.0,0.245443,0.801204
train,44.6,45.6,1,far_center,1,1,1,0,1.094119,1.0,1,0.0,0.273223,1.0
train,44.6,45.6,2,far_right,4,4,4,5,3.920716,4.0,4,0.0,0.139378,1.0
train,44.6,45.6,3,near_left,4,4,4,5,4.12694,4.0,4,0.0,0.260314,1.0
train,44.6,45.6,4,near_center,0,0,0,0,0.007921,0.0,0,0.0,0.077987,0.0
train,44.6,45.6,5,near_right,6,6,6,6,5.873383,6.0,6,0.0,0.354983,0.0
train,44.8,45.8,0,far_left,7,7,7,5,6.034844,6.034844,6,1.0,0.462109,1.034844
train,44.8,45.8,1,far_center,1,1,1,0,1.094772,1.0,1,0.0,0.272062,1.0
train,44.8,45.8,2,far_right,3,3,3,5,3.02952,3.0,3,0.0,0.086244,2.0
train,44.8,45.8,3,near_left,4,4,4,5,4.131204,4.0,4,0.0,0.239129,1.0
train,44.8,45.8,4,near_center,0,0,0,0,0.007124,0.0,0,0.0,0.077942,0.0
train,44.8,45.8,5,near_right,6,6,6,6,5.876147,6.0,6,0.0,0.348545,0.0
train,45.0,46.0,0,far_left,6,6,6,4,6.096877,6.096877,6,1.0,0.327154,2.096877
train,45.0,46.0,1,far_center,1,1,1,0,1.035863,1.0,1,0.0,0.278313,1.0
train,45.0,46.0,2,far_right,3,3,3,5,3.024853,3.0,3,0.0,0.073547,2.0
train,45.0,46.0,3,near_left,5,5,5,6,4.865517,5.0,5,0.0,0.311963,1.0
train,45.0,46.0,4,near_center,0,0,0,0,0.022998,0.0,0,0.0,0.076647,0.0
train,45.0,46.0,5,near_right,6,6,6,6,5.709627,6.0,6,0.0,0.354224,0.0
train,45.2,46.2,0,far_left,6,6,6,4,6.088927,6.088927,6,1.0,0.288748,2.088927
train,45.2,46.2,1,far_center,1,1,1,0,0.416823,1.0,1,0.0,0.583177,1.0
train,45.2,46.2,2,far_right,3,3,3,4,3.037141,3.0,3,0.0,0.069811,1.0
train,45.2,46.2,3,near_left,5,5,5,6,5.048673,5.0,5,0.0,0.29829,1.0
train,45.2,46.2,4,near_center,0,0,0,0,0.033448,0.0,0,0.0,0.081085,0.0
train,45.2,46.2,5,near_right,6,6,6,6,5.851655,6.0,6,0.0,0.347664,0.0
train,45.4,46.4,0,far_left,6,6,6,4,5.899962,5.899962,6,1.0,0.221249,1.899962
train,45.4,46.4,1,far_center,1,1,1,0,0.882564,1.0,1,0.0,0.382269,1.0
train,45.4,46.4,2,far_right,4,4,4,4,4.000585,4.0,4,0.0,0.104356,0.0
train,45.4,46.4,3,near_left,5,5,5,6,5.060726,5.0,5,0.0,0.273066,1.0
train,45.4,46.4,4,near_center,0,0,0,0,0.044776,0.0,0,0.0,0.074729,0.0
train,45.4,46.4,5,near_right,7,7,7,6,6.076141,7.0,7,0.0,0.483215,1.0
train,45.6,46.6,0,far_left,5,5,5,4,5.265453,5.265453,5,1.0,0.204484,1.265453
train,45.6,46.6,1,far_center,0,0,0,0,0.177251,0.0,0,0.0,0.266343,0.0
train,45.6,46.6,2,far_right,5,5,5,4,4.619035,5.0,5,0.0,0.221714,1.0
train,45.6,46.6,3,near_left,5,5,5,7,5.054702,5.0,5,0.0,0.254999,2.0
train,45.6,46.6,4,near_center,0,0,0,0,0.011673,0.0,0,0.0,0.075014,0.0
train,45.6,46.6,5,near_right,6,6,6,6,5.974916,6.0,6,0.0,0.363773,0.0
train,45.8,46.8,0,far_left,5,5,5,4,5.168806,5.168806,5,1.0,0.237745,1.168806
train,45.8,46.8,1,far_center,0,0,0,0,0.113932,0.0,0,0.0,0.213987,0.0
train,45.8,46.8,2,far_right,5,5,5,4,4.572371,5.0,5,0.0,0.260705,1.0
train,45.8,46.8,3,near_left,5,5,5,7,5.063039,5.0,5,0.0,0.241846,2.0
train,45.8,46.8,4,near_center,0,0,0,0,0.005762,0.0,0,0.0,0.07782,0.0
train,45.8,46.8,5,near_right,6,6,6,5,5.924896,6.0,6,0.0,0.327808,1.0
train,46.0,47.0,0,far_left,4,4,4,3,4.311893,4.311893,4,1.0,0.269272,1.311893
train,46.0,47.0,1,far_center,0,0,0,0,0.106725,0.0,0,0.0,0.1764,0.0
train,46.0,47.0,2,far_right,5,5,5,4,4.675614,5.0,5,0.0,0.237367,1.0
train,46.0,47.0,3,near_left,6,6,6,7,5.854084,6.0,6,0.0,0.335577,1.0
train,46.0,47.0,4,near_center,0,0,0,0,0.007776,0.0,0,0.0,0.07824,0.0
train,46.0,47.0,5,near_right,6,6,6,4,5.934882,6.0,6,0.0,0.290851,2.0
train,46.2,47.2,0,far_left,4,4,4,3,4.204741,4.204741,4,1.0,0.281675,1.204741
train,46.2,47.2,1,far_center,0,0,0,0,0.059319,0.0,0,0.0,0.170799,0.0
train,46.2,47.2,2,far_right,4,4,4,4,4.120643,4.0,4,0.0,0.142519,0.0
train,46.2,47.2,3,near_left,6,6,6,8,6.018993,6.0,6,0.0,0.347165,2.0
train,46.2,47.2,4,near_center,0,0,0,0,0.006283,0.0,0,0.0,0.078258,0.0
train,46.2,47.2,5,near_right,6,6,6,6,5.697681,6.0,6,0.0,0.300539,0.0
train,46.4,47.4,0,far_left,4,4,4,3,4.13266,4.13266,4,1.0,0.286986,1.13266
train,46.4,47.4,1,far_center,0,0,0,0,0.034119,0.0,0,0.0,0.183081,0.0
train,46.4,47.4,2,far_right,4,4,4,4,4.077976,4.0,4,0.0,0.110407,0.0
train,46.4,47.4,3,near_left,6,6,6,7,6.090506,6.0,6,0.0,0.352451,1.0
train,46.4,47.4,4,near_center,0,0,0,0,0.004065,0.0,0,0.0,0.077455,0.0
train,46.4,47.4,5,near_right,6,6,6,4,5.796654,6.0,6,0.0,0.29308,2.0
train,46.6,47.6,0,far_left,4,4,4,4,4.141827,4.141827,4,1.0,0.291193,0.141827
train,46.6,47.6,1,far_center,0,0,0,0,0.032414,0.0,0,0.0,0.184342,0.0
train,46.6,47.6,2,far_right,4,4,4,4,4.072926,4.0,4,0.0,0.091081,0.0
train,46.6,47.6,3,near_left,7,7,7,8,6.474484,7.0,7,0.0,0.466429,1.0
train,46.6,47.6,4,near_center,0,0,0,0,0.039848,0.0,0,0.0,0.075206,0.0
train,46.6,47.6,5,near_right,6,6,6,5,5.014841,6.0,6,0.0,0.463702,1.0
train,46.8,47.8,0,far_left,4,4,4,4,4.111898,4.111898,4,1.0,0.298932,0.111898
train,46.8,47.8,1,far_center,0,0,0,0,0.029004,0.0,0,0.0,0.184117,0.0
train,46.8,47.8,2,far_right,4,4,4,4,4.056287,4.0,4,0.0,0.085413,0.0
train,46.8,47.8,3,near_left,7,7,7,8,6.762275,7.0,7,0.0,0.448103,1.0
train,46.8,47.8,4,near_center,0,0,0,0,0.022186,0.0,0,0.0,0.072461,0.0
train,46.8,47.8,5,near_right,5,5,5,5,4.561059,5.0,5,0.0,0.353004,0.0
train,47.0,48.0,0,far_left,3,4,3,4,3.857711,3.857711,4,1.0,0.294253,0.142289
train,47.0,48.0,1,far_center,0,0,0,0,0.041537,0.0,0,0.0,0.179749,0.0
train,47.0,48.0,2,far_right,4,4,4,4,4.035763,4.0,4,0.0,0.096345,0.0
train,47.0,48.0,3,near_left,7,6,7,8,6.729898,6.0,6,0.0,0.431593,2.0
train,47.0,48.0,4,near_center,0,0,0,0,0.0,0.0,0,0.0,0.071287,0.0
train,47.0,48.0,5,near_right,4,4,4,5,4.140488,4.0,4,0.0,0.297807,1.0
train,47.2,48.2,0,far_left,3,4,3,4,3.846446,3.846446,4,1.0,0.297107,0.153554
train,47.2,48.2,1,far_center,0,0,0,0,0.063731,0.0,0,0.0,0.181297,0.0
train,47.2,48.2,2,far_right,4,4,4,4,4.041533,4.0,4,0.0,0.09127,0.0
train,47.2,48.2,3,near_left,8,7,8,8,7.073486,7.0,7,0.0,0.48315,1.0
train,47.2,48.2,4,near_center,0,0,0,0,0.032562,0.0,0,0.0,0.070096,0.0
train,47.2,48.2,5,near_right,6,6,6,5,5.247956,6.0,6,0.0,0.42425,1.0
train,47.4,48.4,0,far_left,3,2,2,3,2.430926,2.430926,2,1.0,0.311942,0.569074
train,47.4,48.4,1,far_center,0,0,0,0,0.036636,0.0,0,0.0,0.183712,0.0
train,47.4,48.4,2,far_right,4,4,4,4,4.02883,4.0,4,0.0,0.096369,0.0
train,47.4,48.4,3,near_left,7,8,8,10,8.130713,8.0,8,0.0,0.408298,2.0
train,47.4,48.4,4,near_center,0,0,0,0,0.002953,0.0,0,0.0,0.067239,0.0
train,47.4,48.4,5,near_right,4,4,4,5,4.200099,4.0,4,0.0,0.325641,1.0
train,47.6,48.6,0,far_left,4,3,3,4,3.38517,3.38517,3,1.0,0.304603,0.61483
train,47.6,48.6,1,far_center,0,0,0,0,0.053465,0.0,0,0.0,0.184493,0.0
train,47.6,48.6,2,far_right,4,4,4,4,4.024368,4.0,4,0.0,0.113225,0.0
train,47.6,48.6,3,near_left,8,9,9,7,8.034376,9.0,9,0.0,0.489869,2.0
train,47.6,48.6,4,near_center,0,0,0,0,0.02005,0.0,0,0.0,0.070451,0.0
train,47.6,48.6,5,near_right,5,5,5,5,4.901671,5.0,5,0.0,0.28561,0.0
train,47.8,48.8,0,far_left,4,3,3,4,3.41887,3.41887,3,1.0,0.318813,0.58113
train,47.8,48.8,1,far_center,0,0,0,0,0.06087,0.0,0,0.0,0.184081,0.0
train,47.8,48.8,2,far_right,4,4,3,4,4.016397,4.0,4,0.0,0.121188,0.0
train,47.8,48.8,3,near_left,8,9,9,9,8.217021,9.0,9,0.0,0.477994,0.0
train,47.8,48.8,4,near_center,0,0,0,0,0.009038,0.0,0,0.0,0.071931,0.0
train,47.8,48.8,5,near_right,5,5,6,5,4.976277,5.0,5,0.0,0.258286,0.0
train,48.0,49.0,0,far_left,4,3,3,3,3.394762,3.394762,3,1.0,0.316853,0.394762
train,48.0,49.0,1,far_center,0,0,0,0,0.057375,0.0,0,0.0,0.191047,0.0
train,48.0,49.0,2,far_right,4,3,3,4,3.181439,3.0,3,0.0,0.143274,1.0
train,48.0,49.0,3,near_left,8,9,9,10,8.606165,9.0,9,0.0,0.451996,1.0
train,48.0,49.0,4,near_center,0,0,0,0,0.001964,0.0,0,0.0,0.069941,0.0
train,48.0,49.0,5,near_right,5,6,6,6,5.801624,6.0,6,0.0,0.218228,0.0
train,48.2,49.2,0,far_left,4,3,3,3,3.382895,3.382895,3,1.0,0.315309,0.382895
train,48.2,49.2,1,far_center,0,0,0,0,0.048368,0.0,0,0.0,0.193712,0.0
train,48.2,49.2,2,far_right,4,3,3,4,3.194758,3.0,3,0.0,0.157821,1.0
train,48.2,49.2,3,near_left,8,9,9,8,8.854168,9.0,9,0.0,0.445387,1.0
train,48.2,49.2,4,near_center,0,0,0,0,0.0,0.0,0,0.0,0.071431,0.0
train,48.2,49.2,5,near_right,5,6,6,6,5.821605,6.0,6,0.0,0.210588,0.0
train,48.4,49.4,0,far_left,3,4,4,3,3.816582,3.816582,4,1.0,0.292225,0.816582
train,48.4,49.4,1,far_center,0,0,0,0,0.052257,0.0,0,0.0,0.200102,0.0
train,48.4,49.4,2,far_right,4,3,3,4,3.207035,3.0,3,0.0,0.170868,1.0
train,48.4,49.4,3,near_left,10,9,9,8,8.530695,9.0,9,0.0,0.596422,1.0
train,48.4,49.4,4,near_center,0,0,0,0,0.018685,0.0,0,0.0,0.072893,0.0
train,48.4,49.4,5,near_right,5,6,6,6,5.822489,6.0,6,0.0,0.203094,0.0
train,48.6,49.6,0,far_left,4,5,4,3,4.737212,4.737212,5,1.0,0.2649,1.737212
train,48.6,49.6,1,far_center,0,0,0,0,0.037442,0.0,0,0.0,0.205986,0.0
train,48.6,49.6,2,far_right,4,4,3,4,4.031171,4.0,4,0.0,0.173247,0.0
train,48.6,49.6,3,near_left,7,6,7,8,7.539157,6.0,6,0.0,0.445952,2.0
train,48.6,49.6,4,near_center,0,0,0,0,0.0,0.0,0,0.0,0.070947,0.0
train,48.6,49.6,5,near_right,5,5,6,6,5.063797,5.0,5,0.0,0.214516,1.0
train,48.8,49.8,0,far_left,4,4,4,3,4.018165,4.018165,4,1.0,0.252347,1.018165
train,48.8,49.8,1,far_center,0,0,0,0,0.037157,0.0,0,0.0,0.213998,0.0
train,48.8,49.8,2,far_right,4,3,3,4,3.222258,3.0,3,0.0,0.185397,1.0
train,48.8,49.8,3,near_left,9,9,9,9,8.81644,9.0,9,0.0,0.548158,0.0
train,48.8,49.8,4,near_center,0,0,0,0,0.008748,0.0,0,0.0,0.071453,0.0
train,48.8,49.8,5,near_right,5,6,6,7,5.826195,6.0,6,0.0,0.209563,1.0
train,49.0,50.0,0,far_left,3,3,3,4,3.095456,3.095456,3,1.0,0.242333,0.904544
train,49.0,50.0,1,far_center,0,0,0,0,0.071966,0.0,0,0.0,0.221038,0.0
train,49.0,50.0,2,far_right,4,4,4,4,3.618917,4.0,4,0.0,0.300231,0.0
train,49.0,50.0,3,near_left,10,10,10,7,8.860881,10.0,10,0.0,0.626653,3.0
train,49.0,50.0,4,near_center,0,0,0,0,0.029806,0.0,0,0.0,0.072459,0.0
train,49.0,50.0,5,near_right,6,6,6,6,5.995459,6.0,6,0.0,0.24594,0.0
train,49.2,50.2,0,far_left,3,3,3,4,3.043003,3.043003,3,1.0,0.239739,0.956997
train,49.2,50.2,1,far_center,0,0,0,0,0.050449,0.0,0,0.0,0.222215,0.0
train,49.2,50.2,2,far_right,4,4,4,4,3.865374,4.0,4,0.0,0.209363,0.0
train,49.2,50.2,3,near_left,8,8,8,9,9.186481,8.0,8,0.0,0.468039,1.0
train,49.2,50.2,4,near_center,0,0,0,0,0.000779,0.0,0,0.0,0.069573,0.0
train,49.2,50.2,5,near_right,6,6,6,6,5.977115,6.0,6,0.0,0.257569,0.0
train,49.4,50.4,0,far_left,3,3,3,4,3.043893,3.043893,3,1.0,0.241696,0.956107
train,49.4,50.4,1,far_center,0,0,0,0,0.046355,0.0,0,0.0,0.226789,0.0
train,49.4,50.4,2,far_right,4,4,4,4,3.975472,4.0,4,0.0,0.131498,0.0
train,49.4,50.4,3,near_left,8,8,8,9,9.168356,8.0,8,0.0,0.503156,1.0
train,49.4,50.4,4,near_center,0,0,0,1,0.00062,0.0,0,0.0,0.070969,1.0
train,49.4,50.4,5,near_right,6,6,6,6,5.94846,6.0,6,0.0,0.265992,0.0
train,49.6,50.6,0,far_left,3,3,3,4,3.048095,3.048095,3,1.0,0.241573,0.951905
train,49.6,50.6,1,far_center,0,0,0,0,0.037167,0.0,0,0.0,0.227102,0.0
train,49.6,50.6,2,far_right,4,3,3,4,3.11338,3.0,3,0.0,0.095788,1.0
train,49.6,50.6,3,near_left,8,8,8,9,8.898685,8.0,8,0.0,0.508051,1.0
train,49.6,50.6,4,near_center,0,0,0,1,0.00229,0.0,0,0.0,0.070875,1.0
train,49.6,50.6,5,near_right,6,7,7,6,6.724415,7.0,7,0.0,0.250273,1.0
train,49.8,50.8,0,far_left,3,4,4,6,3.841444,3.841444,4,1.0,0.233222,2.158556
train,49.8,50.8,1,far_center,0,0,0,0,0.062545,0.0,0,0.0,0.230144,0.0
train,49.8,50.8,2,far_right,4,4,4,3,4.009415,4.0,4,0.0,0.082716,1.0
train,49.8,50.8,3,near_left,9,8,8,8,8.191182,8.0,8,0.0,0.545927,0.0
train,49.8,50.8,4,near_center,0,0,0,1,0.028977,0.0,0,0.0,0.069946,1.0
train,49.8,50.8,5,near_right,7,7,7,7,6.586281,7.0,7,0.0,0.344382,0.0
train,50.0,51.0,0,far_left,4,4,4,5,4.043425,4.043425,4,1.0,0.223463,0.956575
train,50.0,51.0,1,far_center,0,0,0,0,0.014271,0.0,0,0.0,0.241986,0.0
train,50.0,51.0,2,far_right,4,4,4,3,3.999382,4.0,4,0.0,0.071964,1.0
train,50.0,51.0,3,near_left,7,7,7,9,7.886795,7.0,7,0.0,0.481558,2.0
train,50.0,51.0,4,near_center,0,0,0,1,0.010576,0.0,0,0.0,0.067276,1.0
train,50.0,51.0,5,near_right,6,6,6,7,6.001856,6.0,6,0.0,0.293843,1.0
train,50.2,51.2,0,far_left,4,4,4,5,4.071149,4.071149,4,1.0,0.222069,0.928851
train,50.2,51.2,1,far_center,0,0,0,0,0.0317,0.0,0,0.0,0.245799,0.0
train,50.2,51.2,2,far_right,4,4,4,3,4.012881,4.0,4,0.0,0.066343,1.0
train,50.2,51.2,3,near_left,9,9,9,8,8.202323,9.0,9,0.0,0.592347,1.0
train,50.2,51.2,4,near_center,0,0,0,1,0.037442,0.0,0,0.0,0.070152,1.0
train,50.2,51.2,5,near_right,6,6,6,6,5.663922,6.0,6,0.0,0.322024,0.0
train,50.4,51.4,0,far_left,4,4,4,4,4.053167,4.053167,4,1.0,0.208176,0.053167
train,50.4,51.4,1,far_center,0,0,0,0,0.028698,0.0,0,0.0,0.239664,0.0
train,50.4,51.4,2,far_right,4,5,4,4,4.948919,5.0,5,0.0,0.061027,1.0
train,50.4,51.4,3,near_left,9,9,9,7,7.65776,9.0,9,0.0,0.642246,2.0
train,50.4,51.4,4,near_center,1,1,1,1,1.035853,1.0,1,0.0,0.078937,0.0
train,50.4,51.4,5,near_right,6,5,6,6,5.187724,5.0,5,0.0,0.26619,1.0
train,50.6,51.6,0,far_left,4,4,4,4,4.04898,4.04898,4,1.0,0.200446,0.04898
train,50.6,51.6,1,far_center,0,0,0,0,0.001334,0.0,0,0.0,0.233277,0.0
train,50.6,51.6,2,far_right,4,4,4,5,4.031012,4.0,4,0.0,0.056876,1.0
train,50.6,51.6,3,near_left,9,9,9,7,7.220485,9.0,9,0.0,0.685032,2.0
train,50.6,51.6,4,near_center,1,1,1,1,1.073265,1.0,1,0.0,0.094107,0.0
train,50.6,51.6,5,near_right,6,6,6,6,5.948721,6.0,6,0.0,0.231414,0.0
train,50.8,51.8,0,far_left,6,6,6,3,5.037995,5.037995,5,1.0,0.475476,2.037995
train,50.8,51.8,1,far_center,0,0,0,0,0.051858,0.0,0,0.0,0.225604,0.0
train,50.8,51.8,2,far_right,3,5,5,5,4.923432,5.0,5,0.0,0.05555,0.0
train,50.8,51.8,3,near_left,8,8,8,8,7.772933,8.0,8,0.0,0.556315,0.0
train,50.8,51.8,4,near_center,1,1,1,3,1.068098,1.0,1,0.0,0.111511,2.0
train,50.8,51.8,5,near_right,7,5,5,5,5.388635,5.0,5,0.0,0.228931,0.0
train,51.0,52.0,0,far_left,5,5,4,3,4.960744,4.960744,5,1.0,0.32682,1.960744
train,51.0,52.0,1,far_center,0,0,1,0,0.048213,0.0,0,0.0,0.22339,0.0
train,51.0,52.0,2,far_right,3,5,5,6,4.910491,5.0,5,0.0,0.059874,1.0
train,51.0,52.0,3,near_left,9,9,9,11,8.13757,9.0,9,0.0,0.594789,2.0
train,51.0,52.0,4,near_center,1,2,2,2,1.91542,2.0,2,0.0,0.111854,0.0
train,51.0,52.0,5,near_right,7,4,4,4,4.766667,4.0,4,0.0,0.251096,0.0
train,51.2,52.2,0,far_left,5,4,3,3,4.441781,4.441781,4,1.0,0.273281,1.441781
train,51.2,52.2,1,far_center,0,0,1,0,0.020331,0.0,0,0.0,0.216714,0.0
train,51.2,52.2,2,far_right,3,5,5,7,4.895699,5.0,5,0.0,0.067668,2.0
train,51.2,52.2,3,near_left,8,9,9,10,8.819643,9.0,9,0.0,0.492595,1.0
train,51.2,52.2,4,near_center,1,2,2,2,1.921647,2.0,2,0.0,0.117546,0.0
train,51.2,52.2,5,near_right,6,3,3,3,3.864386,3.0,3,0.0,0.265776,0.0
train,51.4,52.4,0,far_left,4,3,3,5,3.573006,3.573006,4,1.0,0.281446,1.426994
train,51.4,52.4,1,far_center,0,0,0,0,0.049941,0.0,0,0.0,0.207626,0.0
train,51.4,52.4,2,far_right,4,6,6,6,5.796595,6.0,6,0.0,0.091304,0.0
train,51.4,52.4,3,near_left,7,8,8,11,8.68128,8.0,8,0.0,0.449882,3.0
train,51.4,52.4,4,near_center,1,2,2,2,1.899054,2.0,2,0.0,0.137362,0.0
train,51.4,52.4,5,near_right,6,3,3,3,3.861294,3.0,3,0.0,0.262876,0.0
train,51.6,52.6,0,far_left,4,3,3,5,3.574744,3.574744,4,1.0,0.30182,1.425256
train,51.6,52.6,1,far_center,0,0,0,0,0.060875,0.0,0,0.0,0.231914,0.0
train,51.6,52.6,2,far_right,5,7,7,6,6.651838,7.0,7,0.0,0.118068,1.0
train,51.6,52.6,3,near_left,7,8,8,11,8.617721,8.0,8,0.0,0.482193,3.0
train,51.6,52.6,4,near_center,1,2,2,3,1.878301,2.0,2,0.0,0.13406,1.0
train,51.6,52.6,5,near_right,6,3,3,3,3.904796,3.0,3,0.0,0.287183,0.0
train,51.8,52.8,0,far_left,3,3,3,3,3.224612,3.224612,3,1.0,0.28172,0.224612
train,51.8,52.8,1,far_center,0,0,0,0,0.056465,0.0,0,0.0,0.236583,0.0
train,51.8,52.8,2,far_right,5,6,6,6,5.949587,6.0,6,0.0,0.081388,0.0
train,51.8,52.8,3,near_left,8,8,8,10,8.250309,8.0,8,0.0,0.533659,2.0
train,51.8,52.8,4,near_center,3,3,3,2,2.670886,3.0,3,0.0,0.266598,1.0
train,51.8,52.8,5,near_right,5,4,4,3,4.173485,4.0,4,0.0,0.270968,1.0
train,52.0,53.0,0,far_left,3,3,3,4,3.110249,3.110249,3,1.0,0.221818,0.889751
train,52.0,53.0,1,far_center,0,0,0,0,0.071475,0.0,0,0.0,0.240843,0.0
train,52.0,53.0,2,far_right,6,7,7,6,6.766747,7.0,7,0.0,0.122064,1.0
train,52.0,53.0,3,near_left,11,11,11,9,9.466683,11.0,11,0.0,0.677099,2.0
train,52.0,53.0,4,near_center,2,2,2,2,2.058571,2.0,2,0.0,0.179438,0.0
train,52.0,53.0,5,near_right,4,3,3,4,3.370264,3.0,3,0.0,0.264167,1.0
train,52.2,53.2,0,far_left,3,4,2,3,3.929737,3.929737,4,1.0,0.193306,0.929737
train,52.2,53.2,1,far_center,0,0,0,0,0.070786,0.0,0,0.0,0.247267,0.0
train,52.2,53.2,2,far_right,7,7,7,7,6.565845,7.0,7,0.0,0.253417,0.0
train,52.2,53.2,3,near_left,10,9,11,11,9.180162,9.0,9,0.0,0.554742,2.0
train,52.2,53.2,4,near_center,2,2,2,2,2.038717,2.0,2,0.0,0.150723,0.0
train,52.2,53.2,5,near_right,3,3,3,3,3.099762,3.0,3,0.0,0.243958,0.0
train,52.4,53.4,0,far_left,5,4,4,3,4.026572,4.026572,4,1.0,0.27333,1.026572
train,52.4,53.4,1,far_center,0,0,0,0,0.091697,0.0,0,0.0,0.244033,0.0
train,52.4,53.4,2,far_right,6,6,6,6,5.809354,6.0,6,0.0,0.234175,0.0
train,52.4,53.4,3,near_left,11,12,12,11,9.856415,12.0,12,0.0,0.667977,1.0
train,52.4,53.4,4,near_center,2,2,2,2,2.058731,2.0,2,0.0,0.15007,0.0
train,52.4,53.4,5,near_right,3,3,3,3,3.059265,3.0,3,0.0,0.233803,0.0
train,52.6,53.6,0,far_left,5,4,4,3,4.197021,4.197021,4,1.0,0.226932,1.197021
train,52.6,53.6,1,far_center,0,0,0,0,0.105843,0.0,0,0.0,0.249635,0.0
train,52.6,53.6,2,far_right,6,6,6,5,5.771142,6.0,6,0.0,0.247375,1.0
train,52.6,53.6,3,near_left,11,12,12,9,9.63364,12.0,12,0.0,0.681129,3.0
train,52.6,53.6,4,near_center,3,3,3,2,2.902434,3.0,3,0.0,0.214583,1.0
train,52.6,53.6,5,near_right,3,3,3,4,3.064688,3.0,3,0.0,0.228255,1.0
train,52.8,53.8,0,far_left,3,3,2,3,3.123955,3.123955,3,1.0,0.131994,0.123955
train,52.8,53.8,1,far_center,0,0,0,0,0.035001,0.0,0,0.0,0.236854,0.0
train,52.8,53.8,2,far_right,6,7,7,6,6.726424,7.0,7,0.0,0.187128,1.0
train,52.8,53.8,3,near_left,10,10,11,11,9.908637,10.0,10,0.0,0.523684,1.0
train,52.8,53.8,4,near_center,2,2,2,2,2.053288,2.0,2,0.0,0.157006,0.0
train,52.8,53.8,5,near_right,3,2,2,3,2.291049,2.0,2,0.0,0.232384,1.0
train,53.0,54.0,0,far_left,4,4,4,3,4.085939,4.085939,4,1.0,0.130163,1.085939
train,53.0,54.0,1,far_center,0,0,0,0,0.026155,0.0,0,0.0,0.231594,0.0
train,53.0,54.0,2,far_right,6,7,7,7,6.79332,7.0,7,0.0,0.169502,0.0
train,53.0,54.0,3,near_left,9,9,9,11,10.005117,9.0,9,0.0,0.476931,2.0
train,53.0,54.0,4,near_center,2,2,2,2,2.042352,2.0,2,0.0,0.150758,0.0
train,53.0,54.0,5,near_right,4,3,3,3,3.093539,3.0,3,0.0,0.273532,0.0
train,53.2,54.2,0,far_left,3,4,3,3,3.942891,3.942891,4,1.0,0.110063,0.942891
train,53.2,54.2,1,far_center,0,0,0,0,0.061105,0.0,0,0.0,0.239887,0.0
train,53.2,54.2,2,far_right,7,7,8,7,6.833526,7.0,7,0.0,0.197837,0.0
train,53.2,54.2,3,near_left,11,10,11,10,10.366168,10.0,10,0.0,0.583319,0.0
train,53.2,54.2,4,near_center,2,2,2,2,2.042366,2.0,2,0.0,0.154403,0.0
train,53.2,54.2,5,near_right,3,3,2,4,3.074409,3.0,3,0.0,0.224427,1.0
train,53.4,54.4,0,far_left,3,5,4,4,4.870915,4.870915,5,1.0,0.098481,0.870915
train,53.4,54.4,1,far_center,0,0,0,0,0.016896,0.0,0,0.0,0.225653,0.0
train,53.4,54.4,2,far_right,6,5,5,6,5.41382,5.0,5,0.0,0.158663,1.0
train,53.4,54.4,3,near_left,11,9,10,10,9.775988,9.0,9,0.0,0.568582,1.0
train,53.4,54.4,4,near_center,2,2,2,2,2.033219,2.0,2,0.0,0.167003,0.0
train,53.4,54.4,5,near_right,3,4,4,5,3.800552,4.0,4,0.0,0.211287,1.0
train,53.6,54.6,0,far_left,3,5,5,5,4.853472,4.853472,5,1.0,0.10794,0.146528
train,53.6,54.6,1,far_center,0,0,0,0,0.01776,0.0,0,0.0,0.211143,0.0
train,53.6,54.6,2,far_right,5,4,4,6,4.553606,4.0,4,0.0,0.187122,2.0
train,53.6,54.6,3,near_left,9,7,7,9,9.280824,7.0,7,0.0,0.475625,2.0
train,53.6,54.6,4,near_center,2,2,2,2,2.013629,2.0,2,0.0,0.171689,0.0
train,53.6,54.6,5,near_right,4,5,5,6,4.777204,5.0,5,0.0,0.181178,1.0
train,53.8,54.8,0,far_left,3,4,4,5,3.974607,3.974607,4,1.0,0.116036,1.025393
train,53.8,54.8,1,far_center,0,0,0,0,0.045994,0.0,0,0.0,0.211581,0.0
train,53.8,54.8,2,far_right,6,5,5,5,5.267702,5.0,5,0.0,0.173965,0.0
train,53.8,54.8,3,near_left,11,10,10,10,10.564008,10.0,10,0.0,0.579357,0.0
train,53.8,54.8,4,near_center,2,2,2,3,2.021336,2.0,2,0.0,0.171145,1.0
train,53.8,54.8,5,near_right,3,4,4,6,3.86934,4.0,4,0.0,0.196549,2.0
train,54.0,55.0,0,far_left,3,7,7,6,6.616469,6.616469,7,1.0,0.11368,0.616469
train,54.0,55.0,1,far_center,0,0,0,1,0.063813,0.0,0,0.0,0.214068,1.0
train,54.0,55.0,2,far_right,7,5,5,5,5.278387,5.0,5,0.0,0.155527,0.0
train,54.0,55.0,3,near_left,11,7,8,9,9.58356,7.0,7,0.0,0.541859,2.0
train,54.0,55.0,4,near_center,2,2,1,1,2.037483,2.0,2,0.0,0.174265,1.0
train,54.0,55.0,5,near_right,3,5,5,7,4.592018,5.0,5,0.0,0.19503,2.0
train,54.2,55.2,0,far_left,3,7,7,7,6.585684,6.585684,7,1.0,0.118863,0.414316
train,54.2,55.2,1,far_center,0,0,0,0,0.061418,0.0,0,0.0,0.211875,0.0
train,54.2,55.2,2,far_right,7,5,4,6,5.303621,5.0,5,0.0,0.135586,1.0
train,54.2,55.2,3,near_left,10,6,7,8,9.31812,6.0,6,0.0,0.512425,2.0
train,54.2,55.2,4,near_center,2,2,1,1,2.02598,2.0,2,0.0,0.179271,1.0
train,54.2,55.2,5,near_right,4,6,7,7,5.433692,6.0,6,0.0,0.225197,1.0
train,54.4,55.4,0,far_left,4,7,7,7,6.700952,6.700952,7,1.0,0.107878,0.299048
train,54.4,55.4,1,far_center,0,0,0,1,0.043975,0.0,0,0.0,0.219276,1.0
train,54.4,55.4,2,far_right,6,4,4,5,4.332721,4.0,4,0.0,0.115742,1.0
train,54.4,55.4,3,near_left,10,7,8,7,9.007748,7.0,7,0.0,0.521051,0.0
train,54.4,55.4,4,near_center,2,2,1,1,2.027926,2.0,2,0.0,0.182366,1.0
train,54.4,55.4,5,near_right,5,7,7,7,6.497571,7.0,7,0.0,0.210722,0.0
train,54.6,55.6,0,far_left,5,6,6,7,5.904538,5.904538,6,1.0,0.107197,1.095462
train,54.6,55.6,1,far_center,0,0,0,1,0.08384,0.0,0,0.0,0.233178,1.0
train,54.6,55.6,2,far_right,6,6,5,5,5.839912,6.0,6,0.0,0.175756,1.0
train,54.6,55.6,3,near_left,9,8,9,7,8.15052,8.0,8,0.0,0.52459,1.0
train,54.6,55.6,4,near_center,2,2,1,1,2.04504,2.0,2,0.0,0.184131,1.0
train,54.6,55.6,5,near_right,6,6,7,7,5.89711,6.0,6,0.0,0.250714,1.0
train,54.8,55.8,0,far_left,5,7,7,8,6.816483,6.816483,7,1.0,0.094401,1.183517
train,54.8,55.8,1,far_center,0,0,0,1,0.0776,0.0,0,0.0,0.234938,1.0
train,54.8,55.8,2,far_right,5,4,4,6,4.171874,4.0,4,0.0,0.103927,2.0
train,54.8,55.8,3,near_left,10,8,9,6,7.940803,8.0,8,0.0,0.621183,2.0
train,54.8,55.8,4,near_center,3,3,2,1,2.990521,3.0,3,0.0,0.19913,2.0
train,54.8,55.8,5,near_right,6,7,7,7,6.724701,7.0,7,0.0,0.216533,0.0
train,55.0,56.0,0,far_left,6,7,7,8,6.921081,6.921081,7,1.0,0.083311,1.078919
train,55.0,56.0,1,far_center,1,1,1,1,1.00321,1.0,1,0.0,0.271035,0.0
train,55.0,56.0,2,far_right,5,5,5,5,4.945724,5.0,5,0.0,0.119486,0.0
train,55.0,56.0,3,near_left,9,7,8,6,7.191354,7.0,7,0.0,0.559888,1.0
train,55.0,56.0,4,near_center,1,2,1,1,1.954475,2.0,2,0.0,0.162222,1.0
train,55.0,56.0,5,near_right,7,7,7,8,6.77246,7.0,7,0.0,0.277857,1.0
train,55.2,56.2,0,far_left,7,8,8,9,7.944719,7.944719,8,1.0,0.072139,1.055281
train,55.2,56.2,1,far_center,0,0,0,1,0.112903,0.0,0,0.0,0.253715,1.0
train,55.2,56.2,2,far_right,6,5,5,5,4.953551,5.0,5,0.0,0.152869,0.0
train,55.2,56.2,3,near_left,8,7,7,5,6.400714,7.0,7,0.0,0.582734,2.0
train,55.2,56.2,4,near_center,1,1,1,1,1.098142,1.0,1,0.0,0.161518,0.0
train,55.2,56.2,5,near_right,7,8,8,9,7.683681,8.0,8,0.0,0.258797,1.0
train,55.4,56.4,0,far_left,7,8,8,9,7.950563,7.950563,8,1.0,0.065835,1.049437
train,55.4,56.4,1,far_center,1,1,1,1,0.988685,1.0,1,0.0,0.288004,0.0
train,55.4,56.4,2,far_right,5,5,4,5,4.974295,5.0,5,0.0,0.093974,0.0
train,55.4,56.4,3,near_left,7,6,6,6,6.231059,6.0,6,0.0,0.480151,0.0
train,55.4,56.4,4,near_center,1,1,1,1,1.068798,1.0,1,0.0,0.161291,0.0
train,55.4,56.4,5,near_right,7,7,8,9,6.916132,7.0,7,0.0,0.251198,2.0
train,55.6,56.6,0,far_left,7,8,8,8,7.942317,7.942317,8,1.0,0.069735,0.057683
train,55.6,56.6,1,far_center,1,1,1,1,1.028659,1.0,1,0.0,0.291161,0.0
train,55.6,56.6,2,far_right,5,4,4,6,4.079642,4.0,4,0.0,0.066077,2.0
train,55.6,56.6,3,near_left,7,6,6,5,6.074208,6.0,6,0.0,0.457979,1.0
train,55.6,56.6,4,near_center,1,1,1,1,1.068879,1.0,1,0.0,0.17001,0.0
train,55.6,56.6,5,near_right,7,8,8,9,7.608832,8.0,8,0.0,0.256636,1.0
train,55.8,56.8,0,far_left,8,8,8,8,7.976659,7.976659,8,1.0,0.082208,0.023341
train,55.8,56.8,1,far_center,1,2,2,1,1.790894,2.0,2,0.0,0.293438,1.0
train,55.8,56.8,2,far_right,6,5,5,6,5.035924,5.0,5,0.0,0.088035,1.0
train,55.8,56.8,3,near_left,6,5,5,4,5.25351,5.0,5,0.0,0.398093,1.0
train,55.8,56.8,4,near_center,1,1,1,1,1.071089,1.0,1,0.0,0.175546,0.0
train,55.8,56.8,5,near_right,7,8,8,10,7.673368,8.0,8,0.0,0.254972,2.0
train,56.0,57.0,0,far_left,8,8,8,8,8.029786,8.029786,8,1.0,0.079081,0.029786
train,56.0,57.0,1,far_center,1,2,2,1,1.757174,2.0,2,0.0,0.295815,1.0
train,56.0,57.0,2,far_right,5,5,5,5,4.958849,5.0,5,0.0,0.08941,0.0
train,56.0,57.0,3,near_left,6,5,5,4,5.266334,5.0,5,0.0,0.373614,1.0
train,56.0,57.0,4,near_center,1,1,1,1,1.069492,1.0,1,0.0,0.178111,0.0
train,56.0,57.0,5,near_right,8,8,8,9,7.738416,8.0,8,0.0,0.312241,1.0
train,56.2,57.2,0,far_left,9,8,8,8,8.03155,8.03155,8,1.0,0.122915,0.03155
train,56.2,57.2,1,far_center,1,2,2,1,1.802274,2.0,2,0.0,0.299954,1.0
train,56.2,57.2,2,far_right,5,5,5,5,4.965075,5.0,5,0.0,0.099572,0.0
train,56.2,57.2,3,near_left,5,5,5,4,4.96755,5.0,5,0.0,0.339032,1.0
train,56.2,57.2,4,near_center,1,1,1,1,1.083213,1.0,1,0.0,0.175946,0.0
train,56.2,57.2,5,near_right,9,9,9,11,8.090824,9.0,9,0.0,0.474263,2.0
train,56.4,57.4,0,far_left,9,9,9,8,8.499028,8.499028,8,1.0,0.298084,0.499028
train,56.4,57.4,1,far_center,1,2,1,1,1.871109,2.0,2,0.0,0.298543,1.0
train,56.4,57.4,2,far_right,5,4,4,4,3.967157,4.0,4,0.0,0.152856,0.0
train,56.4,57.4,3,near_left,6,6,6,5,5.556103,6.0,6,0.0,0.421213,1.0
train,56.4,57.4,4,near_center,1,0,1,1,0.276305,0.0,0,0.0,0.1816,1.0
train,56.4,57.4,5,near_right,9,10,10,12,9.174889,10.0,10,0.0,0.406733,2.0
train,56.6,57.6,0,far_left,8,8,8,9,7.964408,7.964408,8,1.0,0.235608,1.035592
train,56.6,57.6,1,far_center,1,2,2,1,1.827404,2.0,2,0.0,0.298882,1.0
train,56.6,57.6,2,far_right,6,6,6,3,5.506478,6.0,6,0.0,0.267277,3.0
train,56.6,57.6,3,near_left,5,5,5,4,4.684492,5.0,5,0.0,0.357103,1.0
train,56.6,57.6,4,near_center,1,0,0,1,0.271679,0.0,0,0.0,0.183943,1.0
train,56.6,57.6,5,near_right,9,9,9,11,8.707458,9.0,9,0.0,0.386758,2.0
train,56.8,57.8,0,far_left,8,8,8,10,7.840083,7.840083,8,1.0,0.221329,2.159917
train,56.8,57.8,1,far_center,1,2,2,2,1.843161,2.0,2,0.0,0.298733,0.0
train,56.8,57.8,2,far_right,6,5,5,4,4.731291,5.0,5,0.0,0.340256,1.0
train,56.8,57.8,3,near_left,4,4,4,4,4.387409,4.0,4,0.0,0.293936,0.0
train,56.8,57.8,4,near_center,1,0,0,0,0.259813,0.0,0,0.0,0.184445,0.0
train,56.8,57.8,5,near_right,10,11,11,10,9.729364,11.0,11,0.0,0.497936,1.0
train,57.0,58.0,0,far_left,8,8,8,10,7.797052,7.797052,8,1.0,0.226078,2.202948
train,57.0,58.0,1,far_center,1,2,2,2,1.7986,2.0,2,0.0,0.300421,0.0
train,57.0,58.0,2,far_right,5,4,4,3,4.090697,4.0,4,0.0,0.160288,1.0
train,57.0,58.0,3,near_left,4,4,4,4,4.228569,4.0,4,0.0,0.262743,0.0
train,57.0,58.0,4,near_center,1,0,0,0,0.23048,0.0,0,0.0,0.186121,0.0
train,57.0,58.0,5,near_right,9,10,10,9,9.463633,10.0,10,0.0,0.373871,1.0
train,57.2,58.2,0,far_left,8,9,9,9,8.586992,8.586992,9,1.0,0.223058,0.413008
train,57.2,58.2,1,far_center,1,2,2,2,1.811593,2.0,2,0.0,0.30295,0.0
train,57.2,58.2,2,far_right,5,5,5,3,4.885694,5.0,5,0.0,0.162036,2.0
train,57.2,58.2,3,near_left,4,3,3,3,3.505835,3.0,3,0.0,0.254951,0.0
train,57.2,58.2,4,near_center,1,0,0,0,0.244373,0.0,0,0.0,0.186192,0.0
train,57.2,58.2,5,near_right,11,11,11,8,10.192657,11.0,11,0.0,0.493688,3.0
train,57.4,58.4,0,far_left,8,9,9,8,8.594263,8.594263,9,1.0,0.221442,0.594263
train,57.4,58.4,1,far_center,1,2,2,2,1.84059,2.0,2,0.0,0.302282,0.0
train,57.4,58.4,2,far_right,4,4,4,3,3.705792,4.0,4,0.0,0.243131,1.0
train,57.4,58.4,3,near_left,5,4,4,3,4.315118,4.0,4,0.0,0.270705,1.0
train,57.4,58.4,4,near_center,1,0,0,0,0.270653,0.0,0,0.0,0.183558,0.0
train,57.4,58.4,5,near_right,12,12,12,9,10.84019,12.0,12,0.0,0.57021,3.0
train,57.6,58.6,0,far_left,9,9,9,9,8.421446,8.421446,8,1.0,0.350826,0.578554
train,57.6,58.6,1,far_center,1,2,2,2,1.804801,2.0,2,0.0,0.302688,0.0
train,57.6,58.6,2,far_right,3,3,3,4,2.996627,3.0,3,0.0,0.103111,1.0
train,57.6,58.6,3,near_left,4,4,4,4,4.037411,4.0,4,0.0,0.258854,0.0
train,57.6,58.6,4,near_center,1,0,0,0,0.256866,0.0,0,0.0,0.1853,0.0
train,57.6,58.6,5,near_right,11,11,11,9,10.564037,11.0,11,0.0,0.469271,2.0
train,57.8,58.8,0,far_left,10,10,10,8,8.892048,8.892048,9,1.0,0.514411,0.892048
train,57.8,58.8,1,far_center,2,2,2,3,2.089825,2.0,2,0.0,0.305903,1.0
train,57.8,58.8,2,far_right,4,4,4,4,3.982641,4.0,4,0.0,0.084942,0.0
train,57.8,58.8,3,near_left,4,4,4,4,3.720726,4.0,4,0.0,0.336487,0.0
train,57.8,58.8,4,near_center,0,0,0,0,0.077529,0.0,0,0.0,0.161395,0.0
train,57.8,58.8,5,near_right,10,10,10,9,9.441184,10.0,10,0.0,0.497136,1.0
train,58.0,59.0,0,far_left,10,9,9,9,8.296486,8.296486,8,1.0,0.577061,0.703514
train,58.0,59.0,1,far_center,2,3,3,3,2.800398,3.0,3,0.0,0.300502,0.0
train,58.0,59.0,2,far_right,3,3,3,4,3.018293,3.0,3,0.0,0.048496,1.0
train,58.0,59.0,3,near_left,4,4,4,4,3.350426,4.0,4,0.0,0.457201,0.0
train,58.0,59.0,4,near_center,0,0,0,1,0.04486,0.0,0,0.0,0.142122,1.0
train,58.0,59.0,5,near_right,9,9,9,8,9.302673,9.0,9,0.0,0.423956,1.0
train,58.2,59.2,0,far_left,9,8,8,8,8.565704,8.565704,9,1.0,0.440083,0.565704
train,58.2,59.2,1,far_center,2,3,3,3,2.749767,3.0,3,0.0,0.301049,0.0
train,58.2,59.2,2,far_right,3,4,3,4,3.965924,4.0,4,0.0,0.041643,0.0
train,58.2,59.2,3,near_left,3,3,3,4,3.307639,3.0,3,0.0,0.300611,1.0
train,58.2,59.2,4,near_center,0,0,0,1,0.0,0.0,0,0.0,0.13385,1.0
train,58.2,59.2,5,near_right,8,7,8,8,8.299803,7.0,7,0.0,0.448323,1.0
train,58.4,59.4,0,far_left,8,7,7,8,8.257076,8.257076,8,1.0,0.452094,0.257076
train,58.4,59.4,1,far_center,2,3,3,2,2.735199,3.0,3,0.0,0.303877,1.0
train,58.4,59.4,2,far_right,3,4,4,4,3.970744,4.0,4,0.0,0.041199,0.0
train,58.4,59.4,3,near_left,3,3,3,4,3.289988,3.0,3,0.0,0.267292,1.0
train,58.4,59.4,4,near_center,0,0,0,1,0.0,0.0,0,0.0,0.130452,1.0
train,58.4,59.4,5,near_right,9,8,8,8,8.381301,8.0,8,0.0,0.445095,0.0
train,58.6,59.6,0,far_left,9,8,8,7,8.421798,8.421798,8,1.0,0.47697,1.421798
train,58.6,59.6,1,far_center,2,3,3,3,2.801976,3.0,3,0.0,0.300754,0.0
train,58.6,59.6,2,far_right,4,5,5,5,4.902199,5.0,5,0.0,0.071739,0.0
train,58.6,59.6,3,near_left,4,4,4,3,4.02563,4.0,4,0.0,0.260177,1.0
train,58.6,59.6,4,near_center,0,1,1,1,0.897128,1.0,1,0.0,0.120397,0.0
train,58.6,59.6,5,near_right,9,7,7,8,7.852851,7.0,7,0.0,0.434146,1.0
train,58.8,59.8,0,far_left,8,9,8,8,8.315497,8.315497,8,1.0,0.425396,0.315497
train,58.8,59.8,1,far_center,3,3,3,3,3.076577,3.0,3,0.0,0.307172,0.0
train,58.8,59.8,2,far_right,4,5,5,6,4.948564,5.0,5,0.0,0.054253,1.0
train,58.8,59.8,3,near_left,4,3,4,3,3.387297,3.0,3,0.0,0.249943,0.0
train,58.8,59.8,4,near_center,0,1,1,1,0.891368,1.0,1,0.0,0.11584,0.0
train,58.8,59.8,5,near_right,9,7,7,7,7.720109,7.0,7,0.0,0.412268,0.0
train,59.0,60.0,0,far_left,9,9,9,9,8.357616,8.357616,8,1.0,0.455471,0.642384
train,59.0,60.0,1,far_center,3,4,4,4,3.755883,4.0,4,0.0,0.306996,0.0
train,59.0,60.0,2,far_right,4,4,4,6,4.022053,4.0,4,0.0,0.044974,2.0
train,59.0,60.0,3,near_left,4,3,3,2,3.269184,3.0,3,0.0,0.207914,1.0
train,59.0,60.0,4,near_center,1,1,1,1,1.028863,1.0,1,0.0,0.131621,0.0
train,59.0,60.0,5,near_right,8,8,8,7,7.787563,8.0,8,0.0,0.362235,1.0
train,59.2,60.2,0,far_left,8,9,9,10,8.465444,8.465444,8,1.0,0.380626,1.534556
train,59.2,60.2,1,far_center,3,3,3,3,3.032546,3.0,3,0.0,0.303298,0.0
train,59.2,60.2,2,far_right,4,4,4,4,4.021166,4.0,4,0.0,0.042744,0.0
train,59.2,60.2,3,near_left,4,3,3,2,3.225937,3.0,3,0.0,0.194043,1.0
train,59.2,60.2,4,near_center,1,1,1,1,1.039684,1.0,1,0.0,0.14864,0.0
train,59.2,60.2,5,near_right,8,8,8,8,7.808993,8.0,8,0.0,0.318821,0.0
train,59.4,60.4,0,far_left,8,9,9,10,8.656919,8.656919,9,1.0,0.34712,1.343081
train,59.4,60.4,1,far_center,2,2,2,3,2.05915,2.0,2,0.0,0.297239,1.0
train,59.4,60.4,2,far_right,4,3,3,4,3.068956,3.0,3,0.0,0.046085,1.0
train,59.4,60.4,3,near_left,4,3,3,2,3.036232,3.0,3,0.0,0.278371,1.0
train,59.4,60.4,4,near_center,1,1,1,1,1.069064,1.0,1,0.0,0.166482,0.0
train,59.4,60.4,5,near_right,8,9,9,8,8.281885,9.0,9,0.0,0.331775,1.0
train,59.6,60.6,0,far_left,7,8,8,10,7.807581,7.807581,8,1.0,0.308679,2.192419
train,59.6,60.6,1,far_center,3,3,3,3,3.015387,3.0,3,0.0,0.306776,0.0
train,59.6,60.6,2,far_right,5,5,5,4,4.967819,5.0,5,0.0,0.087034,1.0
train,59.6,60.6,3,near_left,3,2,2,2,2.380001,2.0,2,0.0,0.218021,0.0
train,59.6,60.6,4,near_center,1,1,1,1,1.040451,1.0,1,0.0,0.173399,0.0
train,59.6,60.6,5,near_right,8,8,8,8,7.826929,8.0,8,0.0,0.289433,0.0
train,59.8,60.8,0,far_left,8,9,9,9,8.112513,8.112513,8,1.0,0.397218,0.887487
train,59.8,60.8,1,far_center,3,3,3,3,3.0785,3.0,3,0.0,0.311366,0.0
train,59.8,60.8,2,far_right,6,5,5,4,5.012326,5.0,5,0.0,0.106462,1.0
train,59.8,60.8,3,near_left,3,2,2,2,2.272605,2.0,2,0.0,0.183587,0.0
train,59.8,60.8,4,near_center,1,1,1,1,1.045501,1.0,1,0.0,0.176631,0.0
train,59.8,60.8,5,near_right,7,8,8,7,7.671222,8.0,8,0.0,0.261562,1.0
train,60.0,61.0,0,far_left,9,10,10,10,8.506578,8.506578,9,1.0,0.506891,1.493422
train,60.0,61.0,1,far_center,4,3,3,3,3.378309,3.0,3,0.0,0.343842,0.0
train,60.0,61.0,2,far_right,6,5,5,4,4.874026,5.0,5,0.0,0.194393,1.0
train,60.0,61.0,3,near_left,2,2,2,2,2.069075,2.0,2,0.0,0.17686,0.0
train,60.0,61.0,4,near_center,1,1,1,3,1.060648,1.0,1,0.0,0.17991,2.0
train,60.0,61.0,5,near_right,7,8,8,7,7.760984,8.0,8,0.0,0.237442,1.0
train,60.2,61.2,0,far_left,10,10,10,9,8.448524,8.448524,8,1.0,0.615142,0.551476
train,60.2,61.2,1,far_center,3,3,3,3,3.100714,3.0,3,0.0,0.31535,0.0
train,60.2,61.2,2,far_right,4,4,4,4,3.988361,4.0,4,0.0,0.092074,0.0
train,60.2,61.2,3,near_left,2,2,2,3,2.053912,2.0,2,0.0,0.181865,1.0
train,60.2,61.2,4,near_center,1,1,1,2,1.059128,1.0,1,0.0,0.182369,1.0
train,60.2,61.2,5,near_right,8,8,8,7,7.747527,8.0,8,0.0,0.287701,1.0
train,60.4,61.4,0,far_left,10,10,10,9,8.2004,8.2004,8,1.0,0.658162,0.7996
train,60.4,61.4,1,far_center,3,3,3,3,3.103341,3.0,3,0.0,0.309793,0.0
train,60.4,61.4,2,far_right,4,4,4,5,4.010512,4.0,4,0.0,0.056601,1.0
train,60.4,61.4,3,near_left,2,2,2,4,2.046476,2.0,2,0.0,0.183483,2.0
train,60.4,61.4,4,near_center,1,1,1,2,1.063266,1.0,1,0.0,0.182503,1.0
train,60.4,61.4,5,near_right,8,8,8,7,7.640303,8.0,8,0.0,0.322944,1.0
train,60.6,61.6,0,far_left,10,10,10,8,8.204073,8.204073,8,1.0,0.665451,0.204073
train,60.6,61.6,1,far_center,3,3,3,3,3.092772,3.0,3,0.0,0.304804,0.0
train,60.6,61.6,2,far_right,4,5,4,5,4.973082,5.0,5,0.0,0.044092,0.0
train,60.6,61.6,3,near_left,2,2,2,4,2.055799,2.0,2,0.0,0.170916,2.0
train,60.6,61.6,4,near_center,1,1,1,2,1.060794,1.0,1,0.0,0.180258,1.0
train,60.6,61.6,5,near_right,8,7,8,7,6.868898,7.0,7,0.0,0.364905,0.0
train,60.8,61.8,0,far_left,9,9,9,8,8.156387,8.156387,8,1.0,0.573646,0.156387
train,60.8,61.8,1,far_center,3,3,3,3,3.047595,3.0,3,0.0,0.298682,0.0
train,60.8,61.8,2,far_right,4,5,5,6,4.965872,5.0,5,0.0,0.041054,1.0
train,60.8,61.8,3,near_left,2,2,2,3,2.039329,2.0,2,0.0,0.156697,1.0
train,60.8,61.8,4,near_center,1,1,1,2,1.037476,1.0,1,0.0,0.182121,1.0
train,60.8,61.8,5,near_right,7,6,6,6,6.316811,6.0,6,0.0,0.300847,0.0
train,61.0,62.0,0,far_left,10,8,8,9,8.305757,8.305757,8,1.0,0.57327,0.694243
train,61.0,62.0,1,far_center,3,4,4,3,3.833011,4.0,4,0.0,0.29671,1.0
train,61.0,62.0,2,far_right,4,5,5,6,4.963081,5.0,5,0.0,0.044917,1.0
train,61.0,62.0,3,near_left,2,3,3,3,2.949759,3.0,3,0.0,0.133003,0.0
train,61.0,62.0,4,near_center,3,3,3,2,2.345238,3.0,3,0.0,0.37406,1.0
train,61.0,62.0,5,near_right,7,6,6,6,6.255361,6.0,6,0.0,0.268308,0.0
train,61.2,62.2,0,far_left,9,7,7,10,8.682474,8.682474,9,1.0,0.516834,1.317526
train,61.2,62.2,1,far_center,3,4,4,3,3.742377,4.0,4,0.0,0.297952,1.0
train,61.2,62.2,2,far_right,4,5,5,6,4.959116,5.0,5,0.0,0.045824,1.0
train,61.2,62.2,3,near_left,3,4,4,3,3.884834,4.0,4,0.0,0.129187,1.0
train,61.2,62.2,4,near_center,2,2,2,2,1.979197,2.0,2,0.0,0.257221,0.0
train,61.2,62.2,5,near_right,7,6,6,6,6.202542,6.0,6,0.0,0.260074,0.0
train,61.4,62.4,0,far_left,9,7,7,10,8.753802,8.753802,9,1.0,0.509382,1.246198
train,61.4,62.4,1,far_center,3,4,4,3,3.766062,4.0,4,0.0,0.29468,1.0
train,61.4,62.4,2,far_right,5,6,6,6,5.84444,6.0,6,0.0,0.089981,0.0
train,61.4,62.4,3,near_left,4,5,5,5,4.723825,5.0,5,0.0,0.189238,0.0
train,61.4,62.4,4,near_center,2,2,2,2,2.057796,2.0,2,0.0,0.194295,0.0
train,61.4,62.4,5,near_right,7,6,6,6,6.221752,6.0,6,0.0,0.251459,0.0
train,61.6,62.6,0,far_left,8,6,6,9,8.195432,8.195432,8,1.0,0.512976,0.804568
train,61.6,62.6,1,far_center,3,5,4,4,4.45118,5.0,5,0.0,0.29081,1.0
train,61.6,62.6,2,far_right,5,5,6,5,4.980574,5.0,5,0.0,0.067878,0.0
train,61.6,62.6,3,near_left,4,5,5,4,4.853161,5.0,5,0.0,0.153826,1.0
train,61.6,62.6,4,near_center,2,2,2,2,2.042052,2.0,2,0.0,0.184043,0.0
train,61.6,62.6,5,near_right,7,6,6,6,6.201198,6.0,6,0.0,0.258834,0.0
train,61.8,62.8,0,far_left,8,6,6,10,8.110729,8.110729,8,1.0,0.526978,1.889271
train,61.8,62.8,1,far_center,3,5,5,4,4.425159,5.0,5,0.0,0.295343,1.0
train,61.8,62.8,2,far_right,6,5,5,6,5.042981,5.0,5,0.0,0.076408,1.0
train,61.8,62.8,3,near_left,3,4,4,4,3.920227,4.0,4,0.0,0.144594,0.0
train,61.8,62.8,4,near_center,2,2,2,2,2.042663,2.0,2,0.0,0.185236,0.0
train,61.8,62.8,5,near_right,6,6,6,6,5.935163,6.0,6,0.0,0.25559,0.0
train,62.0,63.0,0,far_left,9,7,7,10,7.840207,7.840207,8,1.0,0.534851,2.159793
train,62.0,63.0,1,far_center,3,5,5,4,4.47014,5.0,5,0.0,0.295739,1.0
train,62.0,63.0,2,far_right,6,5,5,5,5.036139,5.0,5,0.0,0.085206,0.0
train,62.0,63.0,3,near_left,3,4,4,4,3.912483,4.0,4,0.0,0.147695,0.0
train,62.0,63.0,4,near_center,2,2,2,2,2.038842,2.0,2,0.0,0.190375,0.0
train,62.0,63.0,5,near_right,6,6,6,4,5.941108,6.0,6,0.0,0.256089,2.0
train,62.2,63.2,0,far_left,10,9,9,9,7.982999,7.982999,8,1.0,0.680267,1.017001
train,62.2,63.2,1,far_center,3,4,4,4,3.815381,4.0,4,0.0,0.291032,0.0
train,62.2,63.2,2,far_right,6,5,5,6,5.04001,5.0,5,0.0,0.086271,1.0
train,62.2,63.2,3,near_left,3,4,4,5,3.929932,4.0,4,0.0,0.149451,1.0
train,62.2,63.2,4,near_center,2,2,2,2,2.049526,2.0,2,0.0,0.198995,0.0
train,62.2,63.2,5,near_right,6,6,6,3,5.917866,6.0,6,0.0,0.260845,3.0
train,62.4,63.4,0,far_left,10,10,10,9,7.935195,7.935195,8,1.0,0.715418,1.064805
train,62.4,63.4,1,far_center,3,5,4,5,4.559554,5.0,5,0.0,0.282827,0.0
train,62.4,63.4,2,far_right,6,4,5,5,4.13101,4.0,4,0.0,0.075913,1.0
train,62.4,63.4,3,near_left,5,5,5,5,4.842949,5.0,5,0.0,0.302975,0.0
train,62.4,63.4,4,near_center,2,2,2,2,2.080612,2.0,2,0.0,0.195547,0.0
train,62.4,63.4,5,near_right,6,6,6,4,5.848854,6.0,6,0.0,0.271652,2.0
train,62.6,63.6,0,far_left,9,9,9,7,6.930638,6.930638,7,1.0,0.708758,0.069362
train,62.6,63.6,1,far_center,4,5,5,5,4.716282,5.0,5,0.0,0.303827,0.0
train,62.6,63.6,2,far_right,5,4,4,4,4.081409,4.0,4,0.0,0.07145,0.0
train,62.6,63.6,3,near_left,4,4,4,5,4.165263,4.0,4,0.0,0.239631,1.0
train,62.6,63.6,4,near_center,2,2,2,2,2.082379,2.0,2,0.0,0.193202,0.0
train,62.6,63.6,5,near_right,6,6,6,3,5.160182,6.0,6,0.0,0.440176,3.0
train,62.8,63.8,0,far_left,10,10,9,8,8.021677,8.021677,8,1.0,0.698973,0.021677
train,62.8,63.8,1,far_center,4,5,6,5,4.765143,5.0,5,0.0,0.30352,0.0
train,62.8,63.8,2,far_right,6,5,5,4,5.048,5.0,5,0.0,0.129631,1.0
train,62.8,63.8,3,near_left,4,4,4,5,4.081449,4.0,4,0.0,0.21557,1.0
train,62.8,63.8,4,near_center,2,2,2,2,2.110728,2.0,2,0.0,0.189079,0.0
train,62.8,63.8,5,near_right,6,6,6,1,4.538986,6.0,6,0.0,0.584358,5.0
train,63.0,64.0,0,far_left,10,10,10,8,8.153345,8.153345,8,1.0,0.680517,0.153345
train,63.0,64.0,1,far_center,4,5,5,5,4.821003,5.0,5,0.0,0.285251,0.0
train,63.0,64.0,2,far_right,5,4,4,4,4.043185,4.0,4,0.0,0.114025,0.0
train,63.0,64.0,3,near_left,4,4,4,5,4.069843,4.0,4,0.0,0.193755,1.0
train,63.0,64.0,4,near_center,2,2,2,2,2.094471,2.0,2,0.0,0.188986,0.0
train,63.0,64.0,5,near_right,4,4,4,2,2.984282,4.0,4,0.0,0.515585,2.0
train,63.2,64.2,0,far_left,9,9,9,9,7.928675,7.928675,8,1.0,0.599153,1.071325
train,63.2,64.2,1,far_center,4,5,5,5,4.823398,5.0,5,0.0,0.274602,0.0
train,63.2,64.2,2,far_right,6,5,5,4,4.918887,5.0,5,0.0,0.160783,1.0
train,63.2,64.2,3,near_left,5,5,5,5,4.672625,5.0,5,0.0,0.341208,0.0
train,63.2,64.2,4,near_center,2,2,2,2,2.082839,2.0,2,0.0,0.190443,0.0
train,63.2,64.2,5,near_right,3,3,3,2,3.045592,3.0,3,0.0,0.341902,1.0
train,63.4,64.4,0,far_left,9,9,9,9,7.678226,7.678226,8,1.0,0.623283,1.321774
train,63.4,64.4,1,far_center,5,6,5,6,5.672214,6.0,6,0.0,0.305706,0.0
train,63.4,64.4,2,far_right,5,4,5,3,3.992873,4.0,4,0.0,0.144519,1.0
train,63.4,64.4,3,near_left,5,5,5,5,4.722107,5.0,5,0.0,0.35246,0.0
train,63.4,64.4,4,near_center,2,2,2,2,2.096984,2.0,2,0.0,0.195333,0.0
train,63.4,64.4,5,near_right,4,4,4,2,3.885267,4.0,4,0.0,0.289162,2.0
train,63.6,64.6,0,far_left,7,7,7,9,6.819444,6.819444,7,1.0,0.464267,2.180556
train,63.6,64.6,1,far_center,5,6,5,5,5.607746,6.0,6,0.0,0.284282,1.0
train,63.6,64.6,2,far_right,4,3,3,3,3.115971,3.0,3,0.0,0.066507,0.0
train,63.6,64.6,3,near_left,5,5,5,4,4.82147,5.0,5,0.0,0.30644,1.0
train,63.6,64.6,4,near_center,2,2,3,3,2.116795,2.0,2,0.0,0.19936,1.0
train,63.6,64.6,5,near_right,3,3,3,2,2.027989,3.0,3,0.0,0.46085,1.0
train,63.8,64.8,0,far_left,8,8,8,10,7.25272,7.25272,7,1.0,0.510828,2.74728
train,63.8,64.8,1,far_center,5,5,5,5,4.90881,5.0,5,0.0,0.279373,0.0
train,63.8,64.8,2,far_right,4,3,3,3,3.077406,3.0,3,0.0,0.048976,0.0
train,63.8,64.8,3,near_left,5,5,5,5,4.915285,5.0,5,0.0,0.276731,0.0
train,63.8,64.8,4,near_center,2,3,3,3,2.875739,3.0,3,0.0,0.194979,0.0
train,63.8,64.8,5,near_right,1,1,1,2,1.141739,1.0,1,0.0,0.324349,1.0
train,64.0,65.0,0,far_left,8,8,8,10,7.418948,7.418948,7,1.0,0.46881,2.581052
train,64.0,65.0,1,far_center,5,5,5,5,4.932605,5.0,5,0.0,0.268467,0.0
train,64.0,65.0,2,far_right,4,3,3,3,3.069134,3.0,3,0.0,0.048643,0.0
train,64.0,65.0,3,near_left,5,5,5,5,4.987161,5.0,5,0.0,0.238707,0.0
train,64.0,65.0,4,near_center,2,3,3,2,2.857435,3.0,3,0.0,0.19774,1.0
train,64.0,65.0,5,near_right,2,2,2,2,2.049983,2.0,2,0.0,0.270113,0.0
train,64.2,65.2,0,far_left,9,8,8,9,7.728952,7.728952,8,1.0,0.47596,1.271048
train,64.2,65.2,1,far_center,5,6,6,6,5.6951,6.0,6,0.0,0.26355,0.0
train,64.2,65.2,2,far_right,4,2,2,1,2.130162,2.0,2,0.0,0.05415,1.0
train,64.2,65.2,3,near_left,5,6,6,6,5.769158,6.0,6,0.0,0.227564,0.0
train,64.2,65.2,4,near_center,2,3,3,2,2.853334,3.0,3,0.0,0.200896,1.0
train,64.2,65.2,5,near_right,2,2,2,2,2.076812,2.0,2,0.0,0.261914,0.0
train,64.4,65.4,0,far_left,9,8,7,9,8.133218,8.133218,8,1.0,0.398086,0.866782
train,64.4,65.4,1,far_center,6,6,6,5,5.738369,6.0,6,0.0,0.30037,1.0
train,64.4,65.4,2,far_right,3,2,2,2,2.080789,2.0,2,0.0,0.059344,0.0
train,64.4,65.4,3,near_left,5,6,7,6,5.675196,6.0,6,0.0,0.239888,0.0
train,64.4,65.4,4,near_center,2,3,3,3,2.864209,3.0,3,0.0,0.202361,0.0
train,64.4,65.4,5,near_right,2,2,2,2,2.08362,2.0,2,0.0,0.254739,0.0
train,64.6,65.6,0,far_left,9,7,7,9,7.79029,7.79029,8,1.0,0.359497,1.20971
train,64.6,65.6,1,far_center,5,6,6,5,5.476615,6.0,6,0.0,0.290011,1.0
train,64.6,65.6,2,far_right,3,2,2,2,2.030553,2.0,2,0.0,0.136077,0.0
train,64.6,65.6,3,near_left,4,6,6,6,5.792542,6.0,6,0.0,0.164486,0.0
train,64.6,65.6,4,near_center,3,3,3,3,3.026292,3.0,3,0.0,0.215602,0.0
train,64.6,65.6,5,near_right,2,2,2,2,2.085138,2.0,2,0.0,0.224254,0.0
train,64.8,65.8,0,far_left,10,8,8,8,8.447715,8.447715,8,1.0,0.391916,0.447715
train,64.8,65.8,1,far_center,5,6,6,5,5.34068,6.0,6,0.0,0.305921,1.0
train,64.8,65.8,2,far_right,3,2,2,2,2.0967,2.0,2,0.0,0.08513,0.0
train,64.8,65.8,3,near_left,5,7,7,8,6.522378,7.0,7,0.0,0.222892,1.0
train,64.8,65.8,4,near_center,3,3,3,3,3.070299,3.0,3,0.0,0.227991,0.0
train,64.8,65.8,5,near_right,2,2,2,2,2.062989,2.0,2,0.0,0.219914,0.0
train,65.0,66.0,0,far_left,10,8,7,8,8.504974,8.504974,9,1.0,0.350123,0.504974
train,65.0,66.0,1,far_center,5,6,6,5,5.581751,6.0,6,0.0,0.275809,1.0
train,65.0,66.0,2,far_right,3,2,2,2,1.961909,2.0,2,0.0,0.166391,0.0
train,65.0,66.0,3,near_left,5,7,8,6,6.545252,7.0,7,0.0,0.220025,1.0
train,65.0,66.0,4,near_center,2,2,2,3,2.077584,2.0,2,0.0,0.229484,1.0
train,65.0,66.0,5,near_right,2,2,2,2,2.091611,2.0,2,0.0,0.225325,0.0
train,65.2,66.2,0,far_left,9,7,7,8,7.496813,7.496813,7,1.0,0.342946,0.503187
train,65.2,66.2,1,far_center,6,6,6,6,5.24755,6.0,6,0.0,0.385672,0.0
train,65.2,66.2,2,far_right,1,1,1,2,1.076331,1.0,1,0.0,0.103638,1.0
train,65.2,66.2,3,near_left,6,8,8,5,6.934217,8.0,8,0.0,0.334443,3.0
train,65.2,66.2,4,near_center,2,2,2,3,2.088651,2.0,2,0.0,0.221807,1.0
train,65.2,66.2,5,near_right,2,2,2,0,2.05564,2.0,2,0.0,0.22048,2.0
train,65.4,66.4,0,far_left,9,8,8,8,7.701551,7.701551,8,1.0,0.435039,0.298449
train,65.4,66.4,1,far_center,5,5,5,5,4.947409,5.0,5,0.0,0.281455,0.0
train,65.4,66.4,2,far_right,2,1,1,1,1.103611,1.0,1,0.0,0.083555,0.0
train,65.4,66.4,3,near_left,6,8,8,7,6.518045,8.0,8,0.0,0.420671,1.0
train,65.4,66.4,4,near_center,3,2,2,2,2.297112,2.0,2,0.0,0.220015,0.0
train,65.4,66.4,5,near_right,2,3,3,1,2.821643,3.0,3,0.0,0.212818,2.0
train,65.6,66.6,0,far_left,9,8,8,8,7.787208,7.787208,8,1.0,0.414351,0.212792
train,65.6,66.6,1,far_center,5,5,5,5,4.960977,5.0,5,0.0,0.231753,0.0
train,65.6,66.6,2,far_right,2,1,1,1,1.104909,1.0,1,0.0,0.078566,0.0
train,65.6,66.6,3,near_left,6,8,8,5,6.545434,8.0,8,0.0,0.416224,3.0
train,65.6,66.6,4,near_center,3,2,2,3,2.322154,2.0,2,0.0,0.232756,1.0
train,65.6,66.6,5,near_right,2,3,3,1,2.809223,3.0,3,0.0,0.21208,2.0
train,65.8,66.8,0,far_left,8,9,9,8,7.933654,7.933654,8,1.0,0.440756,0.066346
train,65.8,66.8,1,far_center,5,5,5,6,4.757002,5.0,5,0.0,0.276395,1.0
train,65.8,66.8,2,far_right,2,1,1,1,1.118834,1.0,1,0.0,0.082392,0.0
train,65.8,66.8,3,near_left,8,7,7,6,6.263543,7.0,7,0.0,0.565856,1.0
train,65.8,66.8,4,near_center,3,3,3,3,3.101777,3.0,3,0.0,0.227287,0.0
train,65.8,66.8,5,near_right,2,3,3,1,2.812371,3.0,3,0.0,0.209438,2.0
train,66.0,67.0,0,far_left,8,8,8,7,7.469878,7.469878,7,1.0,0.367132,0.469878
train,66.0,67.0,1,far_center,5,5,5,5,4.921333,5.0,5,0.0,0.225268,0.0
train,66.0,67.0,2,far_right,2,1,1,1,1.144405,1.0,1,0.0,0.083918,0.0
train,66.0,67.0,3,near_left,6,6,6,6,5.760843,6.0,6,0.0,0.417373,0.0
train,66.0,67.0,4,near_center,3,3,3,3,3.113394,3.0,3,0.0,0.221095,0.0
train,66.0,67.0,5,near_right,2,3,3,1,1.250762,3.0,3,0.0,0.583079,2.0
train,66.2,67.2,0,far_left,8,8,8,7,7.616673,7.616673,8,1.0,0.318354,0.616673
train,66.2,67.2,1,far_center,6,7,5,5,6.223413,7.0,7,0.0,0.313502,2.0
train,66.2,67.2,2,far_right,2,1,1,1,1.175968,1.0,1,0.0,0.107439,0.0
train,66.2,67.2,3,near_left,5,5,5,6,5.375871,5.0,5,0.0,0.338641,1.0
train,66.2,67.2,4,near_center,3,2,4,4,2.312865,2.0,2,0.0,0.219027,2.0
train,66.2,67.2,5,near_right,0,1,1,1,0.766195,1.0,1,0.0,0.278274,0.0
train,66.4,67.4,0,far_left,8,8,8,8,7.762653,7.762653,8,1.0,0.238716,0.237347
train,66.4,67.4,1,far_center,5,6,6,6,5.841066,6.0,6,0.0,0.229684,0.0
train,66.4,67.4,2,far_right,1,1,1,1,1.030318,1.0,1,0.0,0.113709,0.0
train,66.4,67.4,3,near_left,7,6,6,6,6.204702,6.0,6,0.0,0.378559,0.0
train,66.4,67.4,4,near_center,2,2,2,3,2.079097,2.0,2,0.0,0.212922,1.0
train,66.4,67.4,5,near_right,1,1,1,1,1.137025,1.0,1,0.0,0.295855,0.0
train,66.6,67.6,0,far_left,8,9,9,8,8.668838,8.668838,9,1.0,0.181753,0.668838
train,66.6,67.6,1,far_center,5,5,5,6,5.062994,5.0,5,0.0,0.181394,1.0
train,66.6,67.6,2,far_right,1,1,1,1,1.02624,1.0,1,0.0,0.122584,0.0
train,66.6,67.6,3,near_left,5,5,5,6,5.466611,5.0,5,0.0,0.301017,1.0
train,66.6,67.6,4,near_center,3,2,2,3,2.220162,2.0,2,0.0,0.2093,1.0
train,66.6,67.6,5,near_right,1,1,1,1,1.122135,1.0,1,0.0,0.285355,0.0
train,66.8,67.8,0,far_left,8,7,7,10,7.027467,7.027467,7,1.0,0.191789,2.972533
train,66.8,67.8,1,far_center,6,7,7,6,6.308527,7.0,7,0.0,0.302517,1.0
train,66.8,67.8,2,far_right,1,1,1,1,1.052648,1.0,1,0.0,0.128351,0.0
train,66.8,67.8,3,near_left,6,7,7,5,6.741405,7.0,7,0.0,0.336226,2.0
train,66.8,67.8,4,near_center,3,2,2,3,2.282725,2.0,2,0.0,0.204932,1.0
train,66.8,67.8,5,near_right,1,1,1,1,1.100649,1.0,1,0.0,0.271625,0.0
train,67.0,68.0,0,far_left,7,8,7,10,7.582485,7.582485,8,1.0,0.182531,2.417515
train,67.0,68.0,1,far_center,5,5,5,6,5.150575,5.0,5,0.0,0.230441,1.0
train,67.0,68.0,2,far_right,1,1,1,1,1.026857,1.0,1,0.0,0.135655,0.0
train,67.0,68.0,3,near_left,6,6,7,5,6.234889,6.0,6,0.0,0.304666,1.0
train,67.0,68.0,4,near_center,3,2,2,3,2.24169,2.0,2,0.0,0.208263,1.0
train,67.0,68.0,5,near_right,1,1,1,1,1.081406,1.0,1,0.0,0.264809,0.0
train,67.2,68.2,0,far_left,7,7,8,8,6.939826,6.939826,7,1.0,0.1421,1.060174
train,67.2,68.2,1,far_center,5,6,6,6,5.657113,6.0,6,0.0,0.231725,0.0
train,67.2,68.2,2,far_right,1,1,1,1,1.04356,1.0,1,0.0,0.138268,0.0
train,67.2,68.2,3,near_left,6,6,6,4,6.163383,6.0,6,0.0,0.254264,2.0
train,67.2,68.2,4,near_center,4,3,2,3,3.234162,3.0,3,0.0,0.209082,0.0
train,67.2,68.2,5,near_right,1,1,1,1,1.073647,1.0,1,0.0,0.246273,0.0
train,67.4,68.4,0,far_left,8,8,8,7,7.917078,7.917078,8,1.0,0.16119,0.917078
train,67.4,68.4,1,far_center,6,6,6,5,5.725695,6.0,6,0.0,0.252413,1.0
train,67.4,68.4,2,far_right,1,1,1,1,1.042806,1.0,1,0.0,0.137294,0.0
train,67.4,68.4,3,near_left,6,6,6,5,5.722785,6.0,6,0.0,0.318257,1.0
train,67.4,68.4,4,near_center,3,3,3,3,3.083905,3.0,3,0.0,0.209477,0.0
train,67.4,68.4,5,near_right,1,1,1,1,1.070734,1.0,1,0.0,0.235968,0.0
train,67.6,68.6,0,far_left,8,8,9,8,7.543395,7.543395,8,1.0,0.288227,0.456605
train,67.6,68.6,1,far_center,6,6,6,6,5.8154,6.0,6,0.0,0.251727,0.0
train,67.6,68.6,2,far_right,1,1,1,1,1.0413,1.0,1,0.0,0.139495,0.0
train,67.6,68.6,3,near_left,6,6,5,6,5.764403,6.0,6,0.0,0.284263,0.0
train,67.6,68.6,4,near_center,3,3,3,3,3.076862,3.0,3,0.0,0.210641,0.0
train,67.6,68.6,5,near_right,1,1,1,1,1.071687,1.0,1,0.0,0.234354,0.0
train,67.8,68.8,0,far_left,10,9,9,8,8.485254,8.485254,8,1.0,0.444287,0.485254
train,67.8,68.8,1,far_center,6,7,6,6,6.567765,7.0,7,0.0,0.254205,1.0
train,67.8,68.8,2,far_right,1,1,1,1,1.040839,1.0,1,0.0,0.141221,0.0
train,67.8,68.8,3,near_left,5,6,6,6,5.347898,6.0,6,0.0,0.311799,0.0
train,67.8,68.8,4,near_center,3,2,3,3,2.323505,2.0,2,0.0,0.21633,1.0
train,67.8,68.8,5,near_right,1,1,1,1,1.065917,1.0,1,0.0,0.237138,0.0
train,68.0,69.0,0,far_left,10,9,9,9,8.207379,8.207379,8,1.0,0.543692,0.792621
train,68.0,69.0,1,far_center,6,7,7,6,6.558796,7.0,7,0.0,0.259522,1.0
train,68.0,69.0,2,far_right,1,1,1,1,1.030754,1.0,1,0.0,0.142131,0.0
train,68.0,69.0,3,near_left,5,6,6,7,5.354635,6.0,6,0.0,0.316352,1.0
train,68.0,69.0,4,near_center,3,2,2,2,2.319308,2.0,2,0.0,0.214978,0.0
train,68.0,69.0,5,near_right,1,1,1,1,1.071286,1.0,1,0.0,0.241532,0.0
train,68.2,69.2,0,far_left,8,7,7,7,7.737442,7.737442,8,1.0,0.36506,0.737442
train,68.2,69.2,1,far_center,6,7,7,6,6.155777,7.0,7,0.0,0.311385,1.0
train,68.2,69.2,2,far_right,1,1,1,1,1.033696,1.0,1,0.0,0.140851,0.0
train,68.2,69.2,3,near_left,4,5,5,8,4.93096,5.0,5,0.0,0.169697,3.0
train,68.2,69.2,4,near_center,3,2,2,2,2.287267,2.0,2,0.0,0.217084,0.0
train,68.2,69.2,5,near_right,1,1,1,1,1.07207,1.0,1,0.0,0.245468,0.0
train,68.4,69.4,0,far_left,7,7,7,6,6.26635,6.26635,6,1.0,0.469525,0.26635
train,68.4,69.4,1,far_center,5,6,6,6,5.898509,6.0,6,0.0,0.239837,0.0
train,68.4,69.4,2,far_right,1,1,1,1,0.982214,1.0,1,0.0,0.145439,0.0
train,68.4,69.4,3,near_left,5,5,5,8,5.004616,5.0,5,0.0,0.175407,3.0
train,68.4,69.4,4,near_center,3,2,2,2,2.262961,2.0,2,0.0,0.21729,0.0
train,68.4,69.4,5,near_right,1,1,1,1,1.07393,1.0,1,0.0,0.249708,0.0
train,68.6,69.6,0,far_left,8,8,8,6,6.6815,6.6815,7,1.0,0.554306,0.6815
train,68.6,69.6,1,far_center,6,7,7,6,6.666797,7.0,7,0.0,0.268747,1.0
train,68.6,69.6,2,far_right,1,1,1,1,0.999799,1.0,1,0.0,0.140303,0.0
train,68.6,69.6,3,near_left,6,6,6,8,5.822884,6.0,6,0.0,0.236183,2.0
train,68.6,69.6,4,near_center,3,2,2,2,2.286821,2.0,2,0.0,0.207969,0.0
train,68.6,69.6,5,near_right,1,1,1,1,1.079025,1.0,1,0.0,0.258602,0.0
train,68.8,69.8,0,far_left,8,8,8,6,6.812536,6.812536,7,1.0,0.529052,0.812536
train,68.8,69.8,1,far_center,6,7,7,6,6.742583,7.0,7,0.0,0.247982,1.0
train,68.8,69.8,2,far_right,1,1,1,1,1.013903,1.0,1,0.0,0.131173,0.0
train,68.8,69.8,3,near_left,6,6,6,5,5.695376,6.0,6,0.0,0.286377,1.0
train,68.8,69.8,4,near_center,3,2,2,2,2.288577,2.0,2,0.0,0.209366,0.0
train,68.8,69.8,5,near_right,1,1,1,1,1.067202,1.0,1,0.0,0.243622,0.0
train,69.0,70.0,0,far_left,9,9,9,6,7.410218,7.410218,7,1.0,0.61329,1.410218
train,69.0,70.0,1,far_center,6,6,6,6,6.090975,6.0,6,0.0,0.201916,0.0
train,69.0,70.0,2,far_right,1,1,1,1,1.015695,1.0,1,0.0,0.128402,0.0
train,69.0,70.0,3,near_left,7,7,7,8,6.306983,7.0,7,0.0,0.425592,1.0
train,69.0,70.0,4,near_center,2,2,2,2,2.075065,2.0,2,0.0,0.205797,0.0
train,69.0,70.0,5,near_right,1,1,1,1,1.06092,1.0,1,0.0,0.222136,0.0
train,69.2,70.2,0,far_left,7,7,7,6,6.351605,6.351605,6,1.0,0.477192,0.351605
train,69.2,70.2,1,far_center,6,6,6,6,6.097115,6.0,6,0.0,0.164338,0.0
train,69.2,70.2,2,far_right,1,1,1,1,1.019109,1.0,1,0.0,0.133954,0.0
train,69.2,70.2,3,near_left,8,8,8,7,6.74554,8.0,8,0.0,0.530862,1.0
train,69.2,70.2,4,near_center,2,2,2,3,2.055651,2.0,2,0.0,0.200713,1.0
train,69.2,70.2,5,near_right,1,1,1,1,1.059571,1.0,1,0.0,0.206832,0.0
train,69.4,70.4,0,far_left,6,6,6,6,5.542847,5.542847,6,1.0,0.396985,0.457153
train,69.4,70.4,1,far_center,6,6,6,6,6.067695,6.0,6,0.0,0.148098,0.0
train,69.4,70.4,2,far_right,1,1,1,1,1.025767,1.0,1,0.0,0.14514,0.0
train,69.4,70.4,3,near_left,8,8,8,7,7.080235,8.0,8,0.0,0.492301,1.0
train,69.4,70.4,4,near_center,2,2,2,5,2.041936,2.0,2,0.0,0.199944,3.0
train,69.4,70.4,5,near_right,1,1,1,2,1.05748,1.0,1,0.0,0.197612,1.0
train,69.6,70.6,0,far_left,6,6,6,6,5.814491,5.814491,6,1.0,0.283395,0.185509
train,69.6,70.6,1,far_center,6,6,6,7,6.022389,6.0,6,0.0,0.148103,1.0
train,69.6,70.6,2,far_right,1,1,1,1,1.031716,1.0,1,0.0,0.156369,0.0
train,69.6,70.6,3,near_left,8,8,8,7,7.156759,8.0,8,0.0,0.485928,1.0
train,69.6,70.6,4,near_center,2,2,2,4,2.044812,2.0,2,0.0,0.198608,2.0
train,69.6,70.6,5,near_right,1,1,1,2,1.05904,1.0,1,0.0,0.192093,1.0
train,69.8,70.8,0,far_left,6,6,6,6,6.032907,6.032907,6,1.0,0.167339,0.032907
train,69.8,70.8,1,far_center,6,6,6,6,5.98208,6.0,6,0.0,0.146759,0.0
train,69.8,70.8,2,far_right,1,1,1,1,1.020143,1.0,1,0.0,0.157294,0.0
train,69.8,70.8,3,near_left,5,5,5,7,5.858193,5.0,5,0.0,0.354919,2.0
train,69.8,70.8,4,near_center,2,2,2,4,2.000457,2.0,2,0.0,0.19515,2.0
train,69.8,70.8,5,near_right,1,1,1,2,1.058593,1.0,1,0.0,0.191772,1.0
train,70.0,71.0,0,far_left,6,6,6,5,5.946667,5.946667,6,1.0,0.155245,0.946667
train,70.0,71.0,1,far_center,6,6,6,5,5.9976,6.0,6,0.0,0.151696,1.0
train,70.0,71.0,2,far_right,1,1,1,1,1.023744,1.0,1,0.0,0.1519,0.0
train,70.0,71.0,3,near_left,8,8,8,7,8.271734,8.0,8,0.0,0.447612,1.0
train,70.0,71.0,4,near_center,2,2,2,4,2.009506,2.0,2,0.0,0.19438,2.0
train,70.0,71.0,5,near_right,1,1,1,2,1.064963,1.0,1,0.0,0.192679,1.0
train,70.2,71.2,0,far_left,6,6,6,7,6.00406,6.00406,6,1.0,0.128102,0.99594
train,70.2,71.2,1,far_center,6,6,6,6,5.932525,6.0,6,0.0,0.170233,0.0
train,70.2,71.2,2,far_right,1,1,0,1,1.031042,1.0,1,0.0,0.149194,0.0
train,70.2,71.2,3,near_left,7,7,7,7,7.572165,7.0,7,0.0,0.327716,0.0
train,70.2,71.2,4,near_center,3,3,3,4,2.939718,3.0,3,0.0,0.197499,1.0
train,70.2,71.2,5,near_right,1,1,2,2,1.070981,1.0,1,0.0,0.192966,1.0
train,70.4,71.4,0,far_left,6,6,6,6,5.990333,5.990333,6,1.0,0.123718,0.009667
train,70.4,71.4,1,far_center,6,6,6,7,6.016658,6.0,6,0.0,0.170497,1.0
train,70.4,71.4,2,far_right,1,0,0,1,0.198829,0.0,0,0.0,0.151842,1.0
train,70.4,71.4,3,near_left,7,7,7,7,7.236707,7.0,7,0.0,0.279045,0.0
train,70.4,71.4,4,near_center,5,5,5,4,3.935026,5.0,5,0.0,0.444998,1.0
train,70.4,71.4,5,near_right,2,3,3,2,2.877101,3.0,3,0.0,0.164112,1.0
train,70.6,71.6,0,far_left,6,6,6,7,5.974893,5.974893,6,1.0,0.117945,1.025107
train,70.6,71.6,1,far_center,7,7,7,6,6.505115,7.0,7,0.0,0.302816,1.0
train,70.6,71.6,2,far_right,1,0,0,0,0.210741,0.0,0,0.0,0.151804,0.0
train,70.6,71.6,3,near_left,7,7,7,6,7.012924,7.0,7,0.0,0.270625,1.0
train,70.6,71.6,4,near_center,4,4,4,4,4.042831,4.0,4,0.0,0.255602,0.0
train,70.6,71.6,5,near_right,2,3,3,3,2.878606,3.0,3,0.0,0.166953,0.0
train,70.8,71.8,0,far_left,6,8,6,7,7.832974,7.832974,8,1.0,0.09192,0.832974
train,70.8,71.8,1,far_center,6,4,6,5,4.576756,4.0,4,0.0,0.225945,1.0
train,70.8,71.8,2,far_right,1,0,0,0,0.211927,0.0,0,0.0,0.168622,0.0
train,70.8,71.8,3,near_left,7,7,7,7,6.682502,7.0,7,0.0,0.278844,0.0
train,70.8,71.8,4,near_center,4,4,4,4,4.038184,4.0,4,0.0,0.191879,0.0
train,70.8,71.8,5,near_right,2,3,3,3,2.863683,3.0,3,0.0,0.163739,0.0
train,71.0,72.0,0,far_left,5,6,6,6,5.994768,5.994768,6,1.0,0.086091,0.005232
train,71.0,72.0,1,far_center,5,4,4,6,4.411605,4.0,4,0.0,0.202455,2.0
train,71.0,72.0,2,far_right,1,0,0,0,0.20989,0.0,0,0.0,0.180814,0.0
train,71.0,72.0,3,near_left,7,7,7,7,6.600464,7.0,7,0.0,0.298562,0.0
train,71.0,72.0,4,near_center,4,4,4,4,4.02901,4.0,4,0.0,0.174616,0.0
train,71.0,72.0,5,near_right,2,3,3,3,2.855972,3.0,3,0.0,0.166526,0.0
train,71.2,72.2,0,far_left,7,8,9,9,7.66742,7.66742,8,1.0,0.19319,1.33258
train,71.2,72.2,1,far_center,6,5,4,5,5.229125,5.0,5,0.0,0.202901,0.0
train,71.2,72.2,2,far_right,1,0,0,0,0.23457,0.0,0,0.0,0.181474,0.0
train,71.2,72.2,3,near_left,7,7,7,8,6.798081,7.0,7,0.0,0.250072,1.0
train,71.2,72.2,4,near_center,4,4,4,4,4.052535,4.0,4,0.0,0.176884,0.0
train,71.2,72.2,5,near_right,2,3,3,3,2.86298,3.0,3,0.0,0.163783,0.0
train,71.4,72.4,0,far_left,6,7,7,8,6.8995,6.8995,7,1.0,0.136179,1.1005
train,71.4,72.4,1,far_center,7,6,6,6,5.774171,6.0,6,0.0,0.329447,0.0
train,71.4,72.4,2,far_right,1,0,0,0,0.249094,0.0,0,0.0,0.177198,0.0
train,71.4,72.4,3,near_left,7,6,7,9,6.27718,6.0,6,0.0,0.19532,3.0
train,71.4,72.4,4,near_center,4,5,4,4,4.881762,5.0,5,0.0,0.154052,1.0
train,71.4,72.4,5,near_right,2,3,3,3,2.873085,3.0,3,0.0,0.164945,0.0
train,71.6,72.6,0,far_left,7,8,8,9,7.766265,7.766265,8,1.0,0.128236,1.233735
train,71.6,72.6,1,far_center,6,5,5,4,5.336085,5.0,5,0.0,0.250033,1.0
train,71.6,72.6,2,far_right,0,0,0,0,0.0,0.0,0,0.0,0.161612,0.0
train,71.6,72.6,3,near_left,6,5,4,7,5.419558,5.0,5,0.0,0.160922,2.0
train,71.6,72.6,4,near_center,4,4,5,4,4.01366,4.0,4,0.0,0.159838,0.0
train,71.6,72.6,5,near_right,3,4,4,3,3.826474,4.0,4,0.0,0.201368,1.0
train,71.8,72.8,0,far_left,7,7,6,8,7.008842,7.008842,7,1.0,0.09678,0.991158
train,71.8,72.8,1,far_center,5,4,5,4,4.367539,4.0,4,0.0,0.227762,0.0
train,71.8,72.8,2,far_right,0,0,0,0,0.0,0.0,0,0.0,0.146233,0.0
train,71.8,72.8,3,near_left,7,6,6,7,6.346588,6.0,6,0.0,0.180712,1.0
train,71.8,72.8,4,near_center,4,5,5,4,4.85544,5.0,5,0.0,0.158784,1.0
train,71.8,72.8,5,near_right,3,4,4,3,3.816905,4.0,4,0.0,0.230926,1.0
train,72.0,73.0,0,far_left,6,7,7,7,6.867558,6.867558,7,1.0,0.100757,0.132442
train,72.0,73.0,1,far_center,6,5,5,5,5.122815,5.0,5,0.0,0.260836,0.0
train,72.0,73.0,2,far_right,0,0,0,0,0.0,0.0,0,0.0,0.140247,0.0
train,72.0,73.0,3,near_left,7,6,6,8,6.376532,6.0,6,0.0,0.200715,2.0
train,72.0,73.0,4,near_center,4,4,4,4,4.040195,4.0,4,0.0,0.16541,0.0
train,72.0,73.0,5,near_right,3,4,4,3,3.808335,4.0,4,0.0,0.247321,1.0
train,72.2,73.2,0,far_left,9,7,8,7,7.088867,7.088867,7,1.0,0.242988,0.088867
train,72.2,73.2,1,far_center,5,6,5,5,5.706921,6.0,6,0.0,0.255254,1.0
train,72.2,73.2,2,far_right,0,0,0,0,0.004264,0.0,0,0.0,0.129106,0.0
train,72.2,73.2,3,near_left,8,9,9,8,8.336835,9.0,9,0.0,0.353699,1.0
train,72.2,73.2,4,near_center,4,3,3,4,3.256256,3.0,3,0.0,0.175396,1.0
train,72.2,73.2,5,near_right,3,4,4,3,3.790768,4.0,4,0.0,0.253073,1.0
train,72.4,73.4,0,far_left,8,7,6,6,7.14076,7.14076,7,1.0,0.219983,1.14076
train,72.4,73.4,1,far_center,6,6,7,5,5.464919,6.0,6,0.0,0.347266,1.0
train,72.4,73.4,2,far_right,0,0,0,0,0.037442,0.0,0,0.0,0.124988,0.0
train,72.4,73.4,3,near_left,9,10,10,8,7.990017,10.0,10,0.0,0.584599,2.0
train,72.4,73.4,4,near_center,4,3,3,4,3.310055,3.0,3,0.0,0.175162,1.0
train,72.4,73.4,5,near_right,3,4,4,3,3.451312,4.0,4,0.0,0.323932,1.0
train,72.6,73.6,0,far_left,9,8,8,7,7.880546,7.880546,8,1.0,0.220917,0.880546
train,72.6,73.6,1,far_center,4,4,4,3,4.236895,4.0,4,0.0,0.263292,1.0
train,72.6,73.6,2,far_right,0,0,0,0,0.0,0.0,0,0.0,0.108772,0.0
train,72.6,73.6,3,near_left,7,8,8,9,8.157316,8.0,8,0.0,0.353869,1.0
train,72.6,73.6,4,near_center,4,3,3,4,3.206754,3.0,3,0.0,0.183065,1.0
train,72.6,73.6,5,near_right,3,4,4,3,3.704126,4.0,4,0.0,0.291021,1.0
train,72.8,73.8,0,far_left,8,7,7,6,7.101372,7.101372,7,1.0,0.189405,1.101372
train,72.8,73.8,1,far_center,4,4,4,4,4.176598,4.0,4,0.0,0.220816,0.0
train,72.8,73.8,2,far_right,0,0,0,0,0.0,0.0,0,0.0,0.110798,0.0
train,72.8,73.8,3,near_left,7,8,8,11,8.088512,8.0,8,0.0,0.310709,3.0
train,72.8,73.8,4,near_center,4,3,3,3,3.192634,3.0,3,0.0,0.194634,0.0
train,72.8,73.8,5,near_right,3,4,4,3,3.755586,4.0,4,0.0,0.28186,1.0
train,73.0,74.0,0,far_left,7,6,5,6,6.236621,6.236621,6,1.0,0.141054,0.236621
train,73.0,74.0,1,far_center,5,4,5,4,4.166746,4.0,4,0.0,0.252299,0.0
train,73.0,74.0,2,far_right,0,0,0,0,0.0,0.0,0,0.0,0.098547,0.0
train,73.0,74.0,3,near_left,8,10,10,9,9.263922,10.0,10,0.0,0.335749,1.0
train,73.0,74.0,4,near_center,4,3,3,3,3.228451,3.0,3,0.0,0.192574,0.0
train,73.0,74.0,5,near_right,3,4,4,2,3.766551,4.0,4,0.0,0.271616,2.0
train,73.2,74.2,0,far_left,7,5,5,6,5.338921,5.338921,5,1.0,0.137399,0.661079
train,73.2,74.2,1,far_center,5,5,5,5,5.069726,5.0,5,0.0,0.227846,0.0
train,73.2,74.2,2,far_right,0,0,0,0,0.0,0.0,0,0.0,0.096927,0.0
train,73.2,74.2,3,near_left,8,10,10,9,9.09218,10.0,10,0.0,0.339211,1.0
train,73.2,74.2,4,near_center,4,3,3,3,3.228702,3.0,3,0.0,0.197736,0.0
train,73.2,74.2,5,near_right,3,4,4,3,3.768639,4.0,4,0.0,0.270125,1.0
train,73.4,74.4,0,far_left,6,5,5,5,5.282418,5.282418,5,1.0,0.138355,0.282418
train,73.4,74.4,1,far_center,5,4,4,4,4.287576,4.0,4,0.0,0.211216,0.0
train,73.4,74.4,2,far_right,0,0,0,0,0.0,0.0,0,0.0,0.097185,0.0
train,73.4,74.4,3,near_left,8,9,10,10,8.951853,9.0,9,0.0,0.275618,1.0
train,73.4,74.4,4,near_center,4,4,3,3,3.996117,4.0,4,0.0,0.197839,1.0
train,73.4,74.4,5,near_right,3,4,4,3,3.776801,4.0,4,0.0,0.271328,1.0
train,73.6,74.6,0,far_left,7,6,6,5,6.042815,6.042815,6,1.0,0.208213,1.042815
train,73.6,74.6,1,far_center,3,3,3,4,3.221847,3.0,3,0.0,0.205707,1.0
train,73.6,74.6,2,far_right,0,0,0,0,0.0,0.0,0,0.0,0.093855,0.0
train,73.6,74.6,3,near_left,9,10,11,9,9.252796,10.0,10,0.0,0.384677,1.0
train,73.6,74.6,4,near_center,4,4,3,3,3.981971,4.0,4,0.0,0.194412,1.0
train,73.6,74.6,5,near_right,3,3,3,3,3.033861,3.0,3,0.0,0.278053,0.0
train,73.8,74.8,0,far_left,6,6,5,5,5.68276,5.68276,6,1.0,0.25884,0.68276
train,73.8,74.8,1,far_center,4,4,4,4,4.095817,4.0,4,0.0,0.222888,0.0
train,73.8,74.8,2,far_right,0,0,0,0,0.006008,0.0,0,0.0,0.097389,0.0
train,73.8,74.8,3,near_left,11,10,12,9,9.282231,10.0,10,0.0,0.588498,1.0
train,73.8,74.8,4,near_center,3,4,3,3,3.901073,4.0,4,0.0,0.178217,1.0
train,73.8,74.8,5,near_right,3,3,3,3,2.758875,3.0,3,0.0,0.342618,0.0
train,74.0,75.0,0,far_left,6,5,5,3,5.164266,5.164266,5,1.0,0.137968,2.164266
train,74.0,75.0,1,far_center,4,4,4,4,3.539684,4.0,4,0.0,0.320876,0.0
train,74.0,75.0,2,far_right,0,0,0,0,0.021435,0.0,0,0.0,0.088844,0.0
train,74.0,75.0,3,near_left,9,10,10,9,9.290867,10.0,10,0.0,0.450716,1.0
train,74.0,75.0,4,near_center,3,3,3,3,3.068054,3.0,3,0.0,0.165693,0.0
train,74.0,75.0,5,near_right,2,2,2,3,2.06283,2.0,2,0.0,0.319953,1.0
train,74.2,75.2,0,far_left,6,6,6,4,6.013513,6.013513,6,1.0,0.105931,2.013513
train,74.2,75.2,1,far_center,5,5,5,3,4.074667,5.0,5,0.0,0.429075,2.0
train,74.2,75.2,2,far_right,0,0,0,0,0.027749,0.0,0,0.0,0.097159,0.0
train,74.2,75.2,3,near_left,9,9,9,10,8.344021,9.0,9,0.0,0.500616,1.0
train,74.2,75.2,4,near_center,3,3,3,3,3.090624,3.0,3,0.0,0.167994,0.0
train,74.2,75.2,5,near_right,3,3,3,3,2.965385,3.0,3,0.0,0.295557,0.0
train,74.4,75.4,0,far_left,5,5,3,4,5.04848,5.04848,5,1.0,0.072381,1.04848
train,74.4,75.4,1,far_center,4,4,5,3,4.081357,4.0,4,0.0,0.302003,1.0
train,74.4,75.4,2,far_right,0,0,0,0,0.0,0.0,0,0.0,0.088176,0.0
train,74.4,75.4,3,near_left,10,10,11,9,8.465314,10.0,10,0.0,0.618675,1.0
train,74.4,75.4,4,near_center,3,3,3,3,3.035586,3.0,3,0.0,0.156019,0.0
train,74.4,75.4,5,near_right,3,3,3,3,3.033184,3.0,3,0.0,0.283426,0.0
train,74.6,75.6,0,far_left,5,5,4,6,5.04769,5.04769,5,1.0,0.065553,0.95231
train,74.6,75.6,1,far_center,4,4,5,3,4.091979,4.0,4,0.0,0.26857,1.0
train,74.6,75.6,2,far_right,0,0,0,0,0.0,0.0,0,0.0,0.088075,0.0
train,74.6,75.6,3,near_left,9,9,9,8,8.87534,9.0,9,0.0,0.487294,1.0
train,74.6,75.6,4,near_center,3,3,2,3,3.00642,3.0,3,0.0,0.149407,0.0
train,74.6,75.6,5,near_right,3,3,4,2,3.044922,3.0,3,0.0,0.288865,1.0
train,74.8,75.8,0,far_left,5,5,5,6,5.011146,5.011146,5,1.0,0.061508,0.988854
train,74.8,75.8,1,far_center,4,5,5,3,4.844621,5.0,5,0.0,0.24051,2.0
train,74.8,75.8,2,far_right,0,0,0,0,0.0,0.0,0,0.0,0.086299,0.0
train,74.8,75.8,3,near_left,9,8,8,8,8.397578,8.0,8,0.0,0.478958,0.0
train,74.8,75.8,4,near_center,3,3,3,3,3.016264,3.0,3,0.0,0.1604,0.0
train,74.8,75.8,5,near_right,3,3,3,2,3.040478,3.0,3,0.0,0.285799,1.0
train,75.0,76.0,0,far_left,3,4,4,6,4.009814,4.009814,4,1.0,0.066645,1.990186
train,75.0,76.0,1,far_center,4,4,4,3,3.781373,4.0,4,0.0,0.269235,1.0
train,75.0,76.0,2,far_right,0,0,0,0,0.0,0.0,0,0.0,0.08595,0.0
train,75.0,76.0,3,near_left,9,8,8,7,8.512053,8.0,8,0.0,0.441887,1.0
train,75.0,76.0,4,near_center,3,3,3,3,3.03034,3.0,3,0.0,0.164732,0.0
train,75.0,76.0,5,near_right,3,3,3,2,3.045644,3.0,3,0.0,0.269235,1.0
train,75.2,76.2,0,far_left,4,5,5,7,4.940753,4.940753,5,1.0,0.088339,2.059247
train,75.2,76.2,1,far_center,3,3,3,3,3.164673,3.0,3,0.0,0.239052,0.0
train,75.2,76.2,2,far_right,0,0,0,0,0.0,0.0,0,0.0,0.081106,0.0
train,75.2,76.2,3,near_left,10,9,9,7,8.728481,9.0,9,0.0,0.523526,2.0
train,75.2,76.2,4,near_center,3,3,3,3,3.034606,3.0,3,0.0,0.165188,0.0
train,75.2,76.2,5,near_right,3,3,3,2,2.971009,3.0,3,0.0,0.274161,1.0
train,75.4,76.4,0,far_left,4,5,5,7,4.962174,4.962174,5,1.0,0.076886,2.037826
train,75.4,76.4,1,far_center,3,3,3,3,3.125103,3.0,3,0.0,0.223423,0.0
train,75.4,76.4,2,far_right,0,0,0,0,0.022629,0.0,0,0.0,0.081522,0.0
train,75.4,76.4,3,near_left,9,8,8,7,8.36233,8.0,8,0.0,0.460212,1.0
train,75.4,76.4,4,near_center,3,3,3,3,3.055778,3.0,3,0.0,0.171575,0.0
train,75.4,76.4,5,near_right,3,3,3,2,1.834873,3.0,3,0.0,0.5413,1.0
train,75.6,76.6,0,far_left,6,8,8,7,7.766965,7.766965,8,1.0,0.094344,0.766965
train,75.6,76.6,1,far_center,3,3,3,2,3.119822,3.0,3,0.0,0.207676,1.0
train,75.6,76.6,2,far_right,0,0,0,0,0.001827,0.0,0,0.0,0.080438,0.0
train,75.6,76.6,3,near_left,8,6,7,6,7.121784,6.0,6,0.0,0.431906,0.0
train,75.6,76.6,4,near_center,3,3,2,3,3.027372,3.0,3,0.0,0.16958,0.0
train,75.6,76.6,5,near_right,2,2,2,1,1.928263,2.0,2,0.0,0.371854,1.0
train,75.8,76.8,0,far_left,6,8,8,7,7.65173,7.65173,8,1.0,0.11068,0.65173
train,75.8,76.8,1,far_center,3,3,3,2,3.128199,3.0,3,0.0,0.205586,1.0
train,75.8,76.8,2,far_right,0,0,0,0,0.0,0.0,0,0.0,0.083504,0.0
train,75.8,76.8,3,near_left,8,6,7,7,7.022457,6.0,6,0.0,0.41931,1.0
train,75.8,76.8,4,near_center,3,3,2,2,3.01957,3.0,3,0.0,0.176374,1.0
train,75.8,76.8,5,near_right,2,2,2,1,2.044163,2.0,2,0.0,0.344239,1.0
train,76.0,77.0,0,far_left,6,7,7,7,6.765768,6.765768,7,1.0,0.117184,0.234232
train,76.0,77.0,1,far_center,3,3,3,2,3.125685,3.0,3,0.0,0.207034,1.0
train,76.0,77.0,2,far_right,0,0,0,0,0.022551,0.0,0,0.0,0.081136,0.0
train,76.0,77.0,3,near_left,7,6,7,6,6.502142,6.0,6,0.0,0.38831,0.0
train,76.0,77.0,4,near_center,3,3,2,2,3.056936,3.0,3,0.0,0.184978,1.0
train,76.0,77.0,5,near_right,2,2,2,0,0.903727,2.0,2,0.0,0.548137,2.0
train,76.2,77.2,0,far_left,7,8,8,8,7.333318,7.333318,7,1.0,0.240398,0.666682
train,76.2,77.2,1,far_center,3,3,3,2,3.131892,3.0,3,0.0,0.210964,1.0
train,76.2,77.2,2,far_right,0,0,0,0,0.010396,0.0,0,0.0,0.08104,0.0
train,76.2,77.2,3,near_left,7,6,7,7,6.396902,6.0,6,0.0,0.335153,1.0
train,76.2,77.2,4,near_center,3,3,2,2,3.030001,3.0,3,0.0,0.187297,1.0
train,76.2,77.2,5,near_right,2,2,2,0,1.682381,2.0,2,0.0,0.377231,2.0
train,76.4,77.4,0,far_left,7,9,9,8,7.562357,7.562357,8,1.0,0.355401,0.437643
train,76.4,77.4,1,far_center,3,2,2,2,2.274033,2.0,2,0.0,0.25829,0.0
train,76.4,77.4,2,far_right,0,0,0,0,0.042826,0.0,0,0.0,0.074289,0.0
train,76.4,77.4,3,near_left,7,6,7,7,6.293966,6.0,6,0.0,0.318307,1.0
train,76.4,77.4,4,near_center,3,3,2,2,3.092172,3.0,3,0.0,0.189759,1.0
train,76.4,77.4,5,near_right,2,2,2,0,0.809552,2.0,2,0.0,0.595224,2.0
train,76.6,77.6,0,far_left,7,7,7,6,6.994791,6.994791,7,1.0,0.240492,0.994791
train,76.6,77.6,1,far_center,2,2,2,2,2.092809,2.0,2,0.0,0.244101,0.0
train,76.6,77.6,2,far_right,0,0,0,0,0.01619,0.0,0,0.0,0.074564,0.0
train,76.6,77.6,3,near_left,6,6,7,6,5.792421,6.0,6,0.0,0.301156,0.0
train,76.6,77.6,4,near_center,3,3,2,2,3.035913,3.0,3,0.0,0.183986,1.0
train,76.6,77.6,5,near_right,1,1,1,0,0.915526,1.0,1,0.0,0.390637,1.0
train,76.8,77.8,0,far_left,7,7,7,6,6.840487,6.840487,7,1.0,0.228311,0.840487
train,76.8,77.8,1,far_center,2,2,2,2,2.126563,2.0,2,0.0,0.245376,0.0
train,76.8,77.8,2,far_right,0,0,0,1,0.023073,0.0,0,0.0,0.079102,1.0
train,76.8,77.8,3,near_left,7,6,7,6,5.853125,6.0,6,0.0,0.373552,0.0
train,76.8,77.8,4,near_center,2,3,2,2,2.910754,3.0,3,0.0,0.188295,1.0
train,76.8,77.8,5,near_right,1,1,1,0,0.43658,1.0,1,0.0,0.56342,1.0
train,77.0,78.0,0,far_left,7,7,7,6,6.951821,6.951821,7,1.0,0.163438,0.951821
train,77.0,78.0,1,far_center,2,2,2,2,2.079659,2.0,2,0.0,0.247676,0.0
train,77.0,78.0,2,far_right,0,0,0,1,0.011496,0.0,0,0.0,0.081491,1.0
train,77.0,78.0,3,near_left,6,6,6,6,5.85463,6.0,6,0.0,0.32764,0.0
train,77.0,78.0,4,near_center,2,2,2,2,2.067009,2.0,2,0.0,0.194783,0.0
train,77.0,78.0,5,near_right,0,0,0,0,0.0,0.0,0,0.0,0.375317,0.0
train,77.2,78.2,0,far_left,8,8,8,6,7.557869,7.557869,8,1.0,0.304749,1.557869
train,77.2,78.2,1,far_center,2,2,2,2,2.117734,2.0,2,0.0,0.250335,0.0
train,77.2,78.2,2,far_right,0,0,0,1,0.005818,0.0,0,0.0,0.086157,1.0
train,77.2,78.2,3,near_left,7,7,7,7,6.499454,7.0,7,0.0,0.416044,0.0
train,77.2,78.2,4,near_center,2,2,2,2,2.074728,2.0,2,0.0,0.198344,0.0
train,77.2,78.2,5,near_right,0,0,0,0,0.013389,0.0,0,0.0,0.277693,0.0
train,77.4,78.4,0,far_left,8,8,8,6,6.909119,6.909119,7,1.0,0.499468,0.909119
train,77.4,78.4,1,far_center,2,2,2,2,2.133301,2.0,2,0.0,0.253551,0.0
train,77.4,78.4,2,far_right,0,0,0,1,0.006123,0.0,0,0.0,0.08877,1.0
train,77.4,78.4,3,near_left,7,7,7,7,6.319844,7.0,7,0.0,0.467276,0.0
train,77.4,78.4,4,near_center,2,2,2,2,2.088783,2.0,2,0.0,0.205573,0.0
train,77.4,78.4,5,near_right,0,0,0,0,0.005088,0.0,0,0.0,0.219214,0.0
train,77.6,78.6,0,far_left,6,6,6,8,6.469869,6.469869,6,1.0,0.316113,1.530131
train,77.6,78.6,1,far_center,2,2,2,2,2.043993,2.0,2,0.0,0.262318,0.0
train,77.6,78.6,2,far_right,0,0,0,1,0.004404,0.0,0,0.0,0.089526,1.0
train,77.6,78.6,3,near_left,6,6,6,5,5.982794,6.0,6,0.0,0.347531,1.0
train,77.6,78.6,4,near_center,2,2,2,2,2.051606,2.0,2,0.0,0.205364,0.0
train,77.6,78.6,5,near_right,0,0,0,0,0.003358,0.0,0,0.0,0.189567,0.0
train,77.8,78.8,0,far_left,6,7,7,7,6.994841,6.994841,7,1.0,0.247773,0.005159
train,77.8,78.8,1,far_center,2,2,2,2,2.044336,2.0,2,0.0,0.262907,0.0
train,77.8,78.8,2,far_right,1,1,1,1,1.002813,1.0,1,0.0,0.091694,0.0
train,77.8,78.8,3,near_left,6,5,5,5,5.008737,5.0,5,0.0,0.376941,0.0
train,77.8,78.8,4,near_center,2,2,2,3,2.072524,2.0,2,0.0,0.213259,1.0
train,77.8,78.8,5,near_right,0,0,0,0,0.0,0.0,0,0.0,0.15195,0.0
train,78.0,79.0,0,far_left,6,7,7,6,6.944172,6.944172,7,1.0,0.16799,0.944172
train,78.0,79.0,1,far_center,2,2,2,2,2.038476,2.0,2,0.0,0.268851,0.0
train,78.0,79.0,2,far_right,1,1,1,1,1.008799,1.0,1,0.0,0.098864,0.0
train,78.0,79.0,3,near_left,6,5,5,5,5.165191,5.0,5,0.0,0.362134,0.0
train,78.0,79.0,4,near_center,2,2,2,3,2.070377,2.0,2,0.0,0.209359,1.0
train,78.0,79.0,5,near_right,0,0,0,0,0.0,0.0,0,0.0,0.164131,0.0
train,78.2,79.2,0,far_left,6,7,7,7,6.887431,6.887431,7,1.0,0.130318,0.112569
train,78.2,79.2,1,far_center,2,2,2,2,2.054783,2.0,2,0.0,0.271313,0.0
train,78.2,79.2,2,far_right,1,1,1,1,1.026146,1.0,1,0.0,0.094576,0.0
train,78.2,79.2,3,near_left,7,6,6,6,5.942707,6.0,6,0.0,0.393652,0.0
train,78.2,79.2,4,near_center,2,2,2,3,2.072625,2.0,2,0.0,0.203168,1.0
train,78.2,79.2,5,near_right,0,0,0,0,0.0,0.0,0,0.0,0.14641,0.0
train,78.4,79.4,0,far_left,6,8,7,9,7.855408,7.855408,8,1.0,0.0983,1.144592
train,78.4,79.4,1,far_center,2,2,2,2,2.04577,2.0,2,0.0,0.275586,0.0
train,78.4,79.4,2,far_right,1,1,1,1,1.01603,1.0,1,0.0,0.105473,0.0
train,78.4,79.4,3,near_left,7,5,6,6,5.638271,5.0,5,0.0,0.365464,1.0
train,78.4,79.4,4,near_center,2,2,2,3,2.058719,2.0,2,0.0,0.19988,1.0
train,78.4,79.4,5,near_right,0,0,0,0,0.0,0.0,0,0.0,0.166807,0.0
train,78.6,79.6,0,far_left,8,9,9,10,8.577668,8.577668,9,1.0,0.191503,1.422332
train,78.6,79.6,1,far_center,2,2,2,2,2.078079,2.0,2,0.0,0.279072,0.0
train,78.6,79.6,2,far_right,1,1,1,1,1.020754,1.0,1,0.0,0.114828,0.0
train,78.6,79.6,3,near_left,5,4,4,4,4.497385,4.0,4,0.0,0.326676,0.0
train,78.6,79.6,4,near_center,2,2,2,3,2.061264,2.0,2,0.0,0.199611,1.0
train,78.6,79.6,5,near_right,0,0,0,0,0.0,0.0,0,0.0,0.184066,0.0
train,78.8,79.8,0,far_left,7,8,8,9,7.633862,7.633862,8,1.0,0.188026,1.366138
train,78.8,79.8,1,far_center,2,2,2,2,2.079384,2.0,2,0.0,0.280711,0.0
train,78.8,79.8,2,far_right,1,1,1,1,1.036313,1.0,1,0.0,0.117365,0.0
train,78.8,79.8,3,near_left,5,4,4,3,4.659263,4.0,4,0.0,0.307344,1.0
train,78.8,79.8,4,near_center,3,3,3,3,2.980248,3.0,3,0.0,0.195457,0.0
train,78.8,79.8,5,near_right,0,0,0,1,0.0,0.0,0,0.0,0.163617,1.0
train,79.0,80.0,0,far_left,6,7,7,9,7.007298,7.007298,7,1.0,0.122882,1.992702
train,79.0,80.0,1,far_center,2,2,2,2,2.008073,2.0,2,0.0,0.282122,0.0
train,79.0,80.0,2,far_right,1,1,1,1,1.041946,1.0,1,0.0,0.12258,0.0
train,79.0,80.0,3,near_left,5,4,4,3,4.515526,4.0,4,0.0,0.305921,1.0
train,79.0,80.0,4,near_center,3,3,3,3,3.027149,3.0,3,0.0,0.201985,0.0
train,79.0,80.0,5,near_right,0,0,0,0,0.0,0.0,0,0.0,0.154474,0.0
train,79.2,80.2,0,far_left,7,8,8,8,7.660197,7.660197,8,1.0,0.196745,0.339803
train,79.2,80.2,1,far_center,2,3,2,2,2.776985,3.0,3,0.0,0.28387,1.0
train,79.2,80.2,2,far_right,1,1,1,1,1.042529,1.0,1,0.0,0.129388,0.0
train,79.2,80.2,3,near_left,6,5,5,3,5.189759,5.0,5,0.0,0.351296,2.0
train,79.2,80.2,4,near_center,3,2,3,3,2.289988,2.0,2,0.0,0.215171,1.0
train,79.2,80.2,5,near_right,0,0,0,0,0.0,0.0,0,0.0,0.154506,0.0
train,79.4,80.4,0,far_left,9,10,10,8,8.749405,8.749405,9,1.0,0.417618,0.749405
train,79.4,80.4,1,far_center,2,4,2,2,3.518334,4.0,4,0.0,0.284292,2.0
train,79.4,80.4,2,far_right,1,1,1,1,1.051811,1.0,1,0.0,0.137609,0.0
train,79.4,80.4,3,near_left,6,5,5,4,5.10646,5.0,5,0.0,0.358465,1.0
train,79.4,80.4,4,near_center,3,1,3,3,1.538618,1.0,1,0.0,0.220097,2.0
train,79.4,80.4,5,near_right,0,0,0,0,0.0,0.0,0,0.0,0.140056,0.0
train,79.6,80.6,0,far_left,10,9,9,7,8.743542,8.743542,9,1.0,0.393818,1.743542
train,79.6,80.6,1,far_center,2,4,4,3,3.49489,4.0,4,0.0,0.287835,1.0
train,79.6,80.6,2,far_right,1,1,1,1,1.046529,1.0,1,0.0,0.141591,0.0
train,79.6,80.6,3,near_left,4,4,4,4,4.196734,4.0,4,0.0,0.254181,0.0
train,79.6,80.6,4,near_center,3,2,2,2,2.278826,2.0,2,0.0,0.21627,0.0
train,79.6,80.6,5,near_right,0,0,0,0,0.0,0.0,0,0.0,0.130304,0.0
train,79.8,80.8,0,far_left,9,9,9,7,8.907783,8.907783,9,1.0,0.300607,1.907783
train,79.8,80.8,1,far_center,2,3,3,3,2.751469,3.0,3,0.0,0.292182,0.0
train,79.8,80.8,2,far_right,1,1,1,1,1.051328,1.0,1,0.0,0.139349,0.0
train,79.8,80.8,3,near_left,3,3,3,3,3.287808,3.0,3,0.0,0.234611,0.0
train,79.8,80.8,4,near_center,3,2,1,2,2.275079,2.0,2,0.0,0.211377,0.0
train,79.8,80.8,5,near_right,1,1,2,0,0.855402,1.0,1,0.0,0.219713,1.0
train,80.0,81.0,0,far_left,9,9,9,8,8.422331,8.422331,8,1.0,0.378421,0.422331
train,80.0,81.0,1,far_center,2,3,3,4,2.773642,3.0,3,0.0,0.296243,1.0
train,80.0,81.0,2,far_right,1,1,1,1,1.041409,1.0,1,0.0,0.147752,0.0
train,80.0,81.0,3,near_left,3,3,2,3,3.290916,3.0,3,0.0,0.248233,0.0
train,80.0,81.0,4,near_center,3,1,2,1,1.484936,1.0,1,0.0,0.217491,0.0
train,80.0,81.0,5,near_right,0,1,1,1,0.854549,1.0,1,0.0,0.169299,0.0
train,80.2,81.2,0,far_left,8,8,8,6,7.754175,7.754175,8,1.0,0.317665,1.754175
train,80.2,81.2,1,far_center,2,3,3,3,2.752637,3.0,3,0.0,0.300035,0.0
train,80.2,81.2,2,far_right,1,1,1,1,1.045915,1.0,1,0.0,0.152399,0.0
train,80.2,81.2,3,near_left,3,2,2,4,2.558709,2.0,2,0.0,0.264739,2.0
train,80.2,81.2,4,near_center,3,2,2,1,2.273927,2.0,2,0.0,0.220901,1.0
train,80.2,81.2,5,near_right,0,1,1,1,0.853791,1.0,1,0.0,0.146789,0.0
train,80.4,81.4,0,far_left,8,8,8,6,7.64854,7.64854,8,1.0,0.342104,1.64854
train,80.4,81.4,1,far_center,2,3,3,3,2.758904,3.0,3,0.0,0.288289,0.0
train,80.4,81.4,2,far_right,1,1,1,1,1.043243,1.0,1,0.0,0.155773,0.0
train,80.4,81.4,3,near_left,4,4,4,4,4.076028,4.0,4,0.0,0.248731,0.0
train,80.4,81.4,4,near_center,3,1,1,1,1.536724,1.0,1,0.0,0.229913,0.0
train,80.4,81.4,5,near_right,0,1,1,1,0.871065,1.0,1,0.0,0.128935,0.0
train,80.6,81.6,0,far_left,7,7,7,6,6.533677,6.533677,7,1.0,0.386207,0.533677
train,80.6,81.6,1,far_center,3,3,3,3,3.030084,3.0,3,0.0,0.281791,0.0
train,80.6,81.6,2,far_right,1,1,1,3,1.034704,1.0,1,0.0,0.159743,2.0
train,80.6,81.6,3,near_left,4,4,4,4,3.989736,4.0,4,0.0,0.220186,0.0
train,80.6,81.6,4,near_center,2,1,1,1,1.339111,1.0,1,0.0,0.244005,0.0
train,80.6,81.6,5,near_right,0,1,1,1,0.883767,1.0,1,0.0,0.118323,0.0
train,80.8,81.8,0,far_left,7,7,7,7,7.166427,7.166427,7,1.0,0.348369,0.166427
train,80.8,81.8,1,far_center,3,3,3,4,3.000708,3.0,3,0.0,0.281455,1.0
train,80.8,81.8,2,far_right,1,1,1,2,1.029819,1.0,1,0.0,0.162369,1.0
train,80.8,81.8,3,near_left,3,3,3,4,3.171213,3.0,3,0.0,0.179678,1.0
train,80.8,81.8,4,near_center,2,1,1,1,1.310973,1.0,1,0.0,0.250752,0.0
train,80.8,81.8,5,near_right,0,1,1,1,0.881232,1.0,1,0.0,0.118768,0.0
train,81.0,82.0,0,far_left,8,8,8,7,7.3586,7.3586,7,1.0,0.472034,0.3586
train,81.0,82.0,1,far_center,4,4,4,4,3.780674,4.0,4,0.0,0.359165,0.0
train,81.0,82.0,2,far_right,1,1,1,2,1.017033,1.0,1,0.0,0.150032,1.0
train,81.0,82.0,3,near_left,3,3,3,3,3.115033,3.0,3,0.0,0.161371,0.0
train,81.0,82.0,4,near_center,1,1,1,1,1.068577,1.0,1,0.0,0.239035,0.0
train,81.0,82.0,5,near_right,1,1,1,1,1.061384,1.0,1,0.0,0.179464,0.0
train,81.2,82.2,0,far_left,6,6,6,7,6.765751,6.765751,7,1.0,0.377108,0.234249
train,81.2,82.2,1,far_center,3,3,3,4,2.984272,3.0,3,0.0,0.319083,1.0
train,81.2,82.2,2,far_right,1,1,1,2,1.00175,1.0,1,0.0,0.150575,1.0
train,81.2,82.2,3,near_left,4,4,4,3,3.98518,4.0,4,0.0,0.178184,1.0
train,81.2,82.2,4,near_center,1,1,1,1,1.057718,1.0,1,0.0,0.230731,0.0
train,81.2,82.2,5,near_right,1,1,1,1,1.06842,1.0,1,0.0,0.216615,0.0
train,81.4,82.4,0,far_left,6,6,6,7,6.707281,6.707281,7,1.0,0.391174,0.292719
train,81.4,82.4,1,far_center,3,3,3,4,2.980671,3.0,3,0.0,0.301989,1.0
train,81.4,82.4,2,far_right,1,1,1,2,1.001015,1.0,1,0.0,0.150278,1.0
train,81.4,82.4,3,near_left,4,4,4,3,4.015083,4.0,4,0.0,0.182411,1.0
train,81.4,82.4,4,near_center,1,1,1,1,1.054499,1.0,1,0.0,0.234934,0.0
train,81.4,82.4,5,near_right,1,1,1,1,1.068893,1.0,1,0.0,0.242211,0.0
train,81.6,82.6,0,far_left,6,6,6,7,6.505003,6.505003,7,1.0,0.397823,0.494997
train,81.6,82.6,1,far_center,3,3,3,4,3.037685,3.0,3,0.0,0.28809,1.0
train,81.6,82.6,2,far_right,3,3,3,3,2.637786,3.0,3,0.0,0.296651,0.0
train,81.6,82.6,3,near_left,4,4,4,3,4.030464,4.0,4,0.0,0.185576,1.0
train,81.6,82.6,4,near_center,1,1,1,1,1.052971,1.0,1,0.0,0.231716,0.0
train,81.6,82.6,5,near_right,1,1,1,1,1.098405,1.0,1,0.0,0.252357,0.0
train,81.8,82.8,0,far_left,7,7,7,6,6.457745,6.457745,6,1.0,0.453361,0.457745
train,81.8,82.8,1,far_center,4,4,4,4,4.002981,4.0,4,0.0,0.293265,0.0
train,81.8,82.8,2,far_right,2,2,2,3,1.950162,2.0,2,0.0,0.200247,1.0
train,81.8,82.8,3,near_left,4,4,4,3,3.942931,4.0,4,0.0,0.243637,1.0
train,81.8,82.8,4,near_center,1,1,1,1,1.082599,1.0,1,0.0,0.225398,0.0
train,81.8,82.8,5,near_right,1,1,1,1,1.080967,1.0,1,0.0,0.274205,0.0
train,82.0,83.0,0,far_left,7,7,7,5,6.525805,6.525805,7,1.0,0.411625,1.525805
train,82.0,83.0,1,far_center,4,4,4,5,3.996903,4.0,4,0.0,0.289165,1.0
train,82.0,83.0,2,far_right,2,2,2,2,1.990255,2.0,2,0.0,0.143586,0.0
train,82.0,83.0,3,near_left,3,3,3,3,3.114267,3.0,3,0.0,0.203298,0.0
train,82.0,83.0,4,near_center,1,1,1,1,1.059616,1.0,1,0.0,0.228067,0.0
train,82.0,83.0,5,near_right,1,1,1,1,1.073639,1.0,1,0.0,0.282703,0.0
train,82.2,83.2,0,far_left,7,6,6,6,6.115777,6.115777,6,1.0,0.38524,0.115777
train,82.2,83.2,1,far_center,4,5,5,5,4.684242,5.0,5,0.0,0.295517,0.0
train,82.2,83.2,2,far_right,2,2,2,2,1.995044,2.0,2,0.0,0.121875,0.0
train,82.2,83.2,3,near_left,3,3,3,2,3.071826,3.0,3,0.0,0.194253,1.0
train,82.2,83.2,4,near_center,1,1,1,2,1.061523,1.0,1,0.0,0.22817,1.0
train,82.2,83.2,5,near_right,1,1,1,1,1.07339,1.0,1,0.0,0.294701,0.0
train,82.4,83.4,0,far_left,7,7,7,5,6.386569,6.386569,6,1.0,0.422927,1.386569
train,82.4,83.4,1,far_center,4,4,4,5,3.997598,4.0,4,0.0,0.291743,1.0
train,82.4,83.4,2,far_right,2,2,2,2,2.010396,2.0,2,0.0,0.117128,0.0
train,82.4,83.4,3,near_left,3,2,3,2,2.296303,2.0,2,0.0,0.204981,0.0
train,82.4,83.4,4,near_center,1,2,1,2,1.837034,2.0,2,0.0,0.222227,0.0
train,82.4,83.4,5,near_right,1,1,1,1,1.065578,1.0,1,0.0,0.300262,0.0
train,82.6,83.6,0,far_left,7,6,6,5,5.742243,5.742243,6,1.0,0.449327,0.742243
train,82.6,83.6,1,far_center,4,6,6,5,5.416393,6.0,6,0.0,0.297568,1.0
train,82.6,83.6,2,far_right,3,2,2,2,2.108829,2.0,2,0.0,0.124034,0.0
train,82.6,83.6,3,near_left,3,2,2,2,2.311862,2.0,2,0.0,0.212682,0.0
train,82.6,83.6,4,near_center,1,2,2,2,1.8434,2.0,2,0.0,0.219365,0.0
train,82.6,83.6,5,near_right,1,1,1,1,1.076731,1.0,1,0.0,0.304161,0.0
train,82.8,83.8,0,far_left,6,5,5,5,5.542943,5.542943,6,1.0,0.385245,0.542943
train,82.8,83.8,1,far_center,4,6,6,5,5.438934,6.0,6,0.0,0.289504,1.0
train,82.8,83.8,2,far_right,3,2,2,2,1.983092,2.0,2,0.0,0.222597,0.0
train,82.8,83.8,3,near_left,3,2,2,2,2.307471,2.0,2,0.0,0.21797,0.0
train,82.8,83.8,4,near_center,1,2,2,2,1.842465,2.0,2,0.0,0.216044,0.0
train,82.8,83.8,5,near_right,1,1,1,1,1.10313,1.0,1,0.0,0.304734,0.0
train,83.0,84.0,0,far_left,5,5,5,7,5.303539,5.303539,5,1.0,0.316445,1.696461
train,83.0,84.0,1,far_center,5,5,5,5,4.716291,5.0,5,0.0,0.343803,0.0
train,83.0,84.0,2,far_right,2,2,2,2,2.027907,2.0,2,0.0,0.134529,0.0
train,83.0,84.0,3,near_left,3,2,2,2,2.309436,2.0,2,0.0,0.230116,0.0
train,83.0,84.0,4,near_center,1,2,2,2,1.853885,2.0,2,0.0,0.211039,0.0
train,83.0,84.0,5,near_right,1,1,1,1,1.064054,1.0,1,0.0,0.307445,0.0
train,83.2,84.2,0,far_left,6,6,6,6,5.811102,5.811102,6,1.0,0.320943,0.188898
train,83.2,84.2,1,far_center,5,5,5,4,4.752088,5.0,5,0.0,0.342747,1.0
train,83.2,84.2,2,far_right,2,2,2,2,2.024418,2.0,2,0.0,0.111159,0.0
train,83.2,84.2,3,near_left,2,2,2,2,2.060125,2.0,2,0.0,0.202552,0.0
train,83.2,84.2,4,near_center,2,2,2,3,2.058217,2.0,2,0.0,0.211564,1.0
train,83.2,84.2,5,near_right,1,1,1,1,1.058655,1.0,1,0.0,0.305324,0.0
train,83.4,84.4,0,far_left,5,5,5,4,5.373984,5.373984,5,1.0,0.257909,1.373984
train,83.4,84.4,1,far_center,5,4,4,4,4.205276,4.0,4,0.0,0.299414,0.0
train,83.4,84.4,2,far_right,2,2,2,2,2.009905,2.0,2,0.0,0.10752,0.0
train,83.4,84.4,3,near_left,2,2,2,2,2.03131,2.0,2,0.0,0.195387,0.0
train,83.4,84.4,4,near_center,2,3,3,3,2.840491,3.0,3,0.0,0.217169,0.0
train,83.4,84.4,5,near_right,1,1,1,1,1.055596,1.0,1,0.0,0.312153,0.0
train,83.6,84.6,0,far_left,5,5,5,3,5.411286,5.411286,5,1.0,0.276037,2.411286
train,83.6,84.6,1,far_center,5,4,4,4,4.213514,4.0,4,0.0,0.286066,0.0
train,83.6,84.6,2,far_right,2,2,2,2,2.009161,2.0,2,0.0,0.110448,0.0
train,83.6,84.6,3,near_left,2,2,2,2,2.026275,2.0,2,0.0,0.188696,0.0
train,83.6,84.6,4,near_center,2,3,3,3,2.837869,3.0,3,0.0,0.222001,0.0
train,83.6,84.6,5,near_right,1,1,1,1,1.050539,1.0,1,0.0,0.309488,0.0
train,83.8,84.8,0,far_left,5,5,5,2,5.333652,5.333652,5,1.0,0.290699,3.333652
train,83.8,84.8,1,far_center,5,4,4,4,4.220694,4.0,4,0.0,0.278173,0.0
train,83.8,84.8,2,far_right,2,2,2,2,2.009514,2.0,2,0.0,0.114312,0.0
train,83.8,84.8,3,near_left,2,2,2,2,2.027903,2.0,2,0.0,0.187868,0.0
train,83.8,84.8,4,near_center,2,3,3,3,2.835265,3.0,3,0.0,0.223802,0.0
train,83.8,84.8,5,near_right,1,1,1,1,1.05237,1.0,1,0.0,0.306504,0.0
train,84.0,85.0,0,far_left,7,7,7,4,6.048234,6.048234,6,1.0,0.502565,2.048234
train,84.0,85.0,1,far_center,5,4,4,5,4.306394,4.0,4,0.0,0.275959,1.0
train,84.0,85.0,2,far_right,2,2,2,4,2.011111,2.0,2,0.0,0.118144,2.0
train,84.0,85.0,3,near_left,2,2,2,2,2.070998,2.0,2,0.0,0.181286,0.0
train,84.0,85.0,4,near_center,2,3,3,2,2.840945,3.0,3,0.0,0.223724,1.0
train,84.0,85.0,5,near_right,1,1,1,1,1.051571,1.0,1,0.0,0.310386,0.0
train,84.2,85.2,0,far_left,6,6,6,4,5.407943,5.407943,5,1.0,0.439624,1.407943
train,84.2,85.2,1,far_center,4,5,5,4,4.774046,5.0,5,0.0,0.25888,1.0
train,84.2,85.2,2,far_right,2,2,2,4,2.009179,2.0,2,0.0,0.121977,2.0
train,84.2,85.2,3,near_left,2,2,2,3,2.061313,2.0,2,0.0,0.168874,1.0
train,84.2,85.2,4,near_center,3,2,2,2,2.271658,2.0,2,0.0,0.230558,0.0
train,84.2,85.2,5,near_right,1,1,1,1,1.052257,1.0,1,0.0,0.3043,0.0
train,84.4,85.4,0,far_left,4,4,4,5,4.623225,4.623225,5,1.0,0.352928,0.376775
train,84.4,85.4,1,far_center,4,5,5,4,4.721459,5.0,5,0.0,0.260705,1.0
train,84.4,85.4,2,far_right,2,2,2,4,2.002939,2.0,2,0.0,0.125257,2.0
train,84.4,85.4,3,near_left,2,2,2,3,2.043763,2.0,2,0.0,0.169769,1.0
train,84.4,85.4,4,near_center,3,2,2,2,2.270964,2.0,2,0.0,0.235204,0.0
train,84.4,85.4,5,near_right,1,1,1,2,1.053894,1.0,1,0.0,0.306302,1.0
train,84.6,85.6,0,far_left,3,3,3,5,3.679458,3.679458,4,1.0,0.352308,1.320542
train,84.6,85.6,1,far_center,4,5,5,4,4.711758,5.0,5,0.0,0.261996,1.0
train,84.6,85.6,2,far_right,2,2,2,4,2.002643,2.0,2,0.0,0.127718,2.0
train,84.6,85.6,3,near_left,2,2,2,3,2.05502,2.0,2,0.0,0.175097,1.0
train,84.6,85.6,4,near_center,3,2,2,2,2.275615,2.0,2,0.0,0.23849,0.0
train,84.6,85.6,5,near_right,1,1,1,1,1.056797,1.0,1,0.0,0.31012,0.0
train,84.8,85.8,0,far_left,2,2,2,4,2.62559,2.62559,3,1.0,0.357813,1.37441
train,84.8,85.8,1,far_center,4,6,6,4,5.441174,6.0,6,0.0,0.264288,2.0
train,84.8,85.8,2,far_right,2,1,1,3,1.149443,1.0,1,0.0,0.134082,2.0
train,84.8,85.8,3,near_left,2,2,2,3,2.07153,2.0,2,0.0,0.179254,1.0
train,84.8,85.8,4,near_center,3,2,2,2,2.273627,2.0,2,0.0,0.237746,0.0
train,84.8,85.8,5,near_right,1,1,1,1,1.04762,1.0,1,0.0,0.309084,0.0
train,85.0,86.0,0,far_left,4,5,5,3,4.157977,4.157977,4,1.0,0.439774,1.157977
train,85.0,86.0,1,far_center,5,5,5,4,4.936735,5.0,5,0.0,0.312339,1.0
train,85.0,86.0,2,far_right,4,3,3,4,2.922069,3.0,3,0.0,0.31169,1.0
train,85.0,86.0,3,near_left,2,2,2,3,1.294995,2.0,2,0.0,0.486209,1.0
train,85.0,86.0,4,near_center,2,2,2,2,2.10486,2.0,2,0.0,0.235234,0.0
train,85.0,86.0,5,near_right,1,1,1,1,1.096313,1.0,1,0.0,0.289509,0.0
train,85.2,86.2,0,far_left,4,4,4,3,4.249256,4.249256,4,1.0,0.335366,1.249256
train,85.2,86.2,1,far_center,4,5,5,6,4.714644,5.0,5,0.0,0.277994,1.0
train,85.2,86.2,2,far_right,4,3,3,3,3.172864,3.0,3,0.0,0.186391,0.0
train,85.2,86.2,3,near_left,3,3,3,3,2.674514,3.0,3,0.0,0.391799,0.0
train,85.2,86.2,4,near_center,2,2,2,2,2.07654,2.0,2,0.0,0.21495,0.0
train,85.2,86.2,5,near_right,1,1,1,1,0.467759,1.0,1,0.0,0.532241,0.0
train,85.4,86.4,0,far_left,5,5,5,5,4.746675,4.746675,5,1.0,0.304295,0.253325
train,85.4,86.4,1,far_center,4,5,6,6,4.757814,5.0,5,0.0,0.266828,1.0
train,85.4,86.4,2,far_right,4,3,2,3,3.120802,3.0,3,0.0,0.1413,0.0
train,85.4,86.4,3,near_left,3,3,3,3,3.037828,3.0,3,0.0,0.27959,0.0
train,85.4,86.4,4,near_center,2,2,2,2,2.068916,2.0,2,0.0,0.220751,0.0
train,85.4,86.4,5,near_right,2,2,2,1,1.74967,2.0,2,0.0,0.361119,1.0
train,85.6,86.6,0,far_left,5,5,5,6,4.482184,4.482184,4,1.0,0.351946,1.517816
train,85.6,86.6,1,far_center,4,5,5,5,4.789073,5.0,5,0.0,0.252831,0.0
train,85.6,86.6,2,far_right,4,3,3,3,3.115212,3.0,3,0.0,0.108055,0.0
train,85.6,86.6,3,near_left,3,3,2,3,3.084947,3.0,3,0.0,0.220796,0.0
train,85.6,86.6,4,near_center,2,2,3,2,2.047036,2.0,2,0.0,0.224093,0.0
train,85.6,86.6,5,near_right,1,1,1,1,1.052071,1.0,1,0.0,0.312901,0.0
train,85.8,86.8,0,far_left,4,4,4,5,3.932292,3.932292,4,1.0,0.273395,1.067708
train,85.8,86.8,1,far_center,4,5,5,6,4.771323,5.0,5,0.0,0.248897,1.0
train,85.8,86.8,2,far_right,3,2,2,3,2.141768,2.0,2,0.0,0.110392,1.0
train,85.8,86.8,3,near_left,3,3,2,3,3.079386,3.0,3,0.0,0.19484,0.0
train,85.8,86.8,4,near_center,2,2,3,2,2.030775,2.0,2,0.0,0.228072,0.0
train,85.8,86.8,5,near_right,1,1,1,1,1.051769,1.0,1,0.0,0.296012,0.0
train,86.0,87.0,0,far_left,3,3,3,5,3.39673,3.39673,3,1.0,0.249079,1.60327
train,86.0,87.0,1,far_center,4,5,5,6,4.768103,5.0,5,0.0,0.250676,1.0
train,86.0,87.0,2,far_right,4,3,3,3,3.09,3.0,3,0.0,0.141101,0.0
train,86.0,87.0,3,near_left,3,3,2,3,3.058681,3.0,3,0.0,0.180962,0.0
train,86.0,87.0,4,near_center,2,2,3,2,2.02962,2.0,2,0.0,0.231262,0.0
train,86.0,87.0,5,near_right,1,1,1,1,1.073418,1.0,1,0.0,0.267052,0.0
train,86.2,87.2,0,far_left,3,3,3,5,3.353446,3.353446,3,1.0,0.238909,1.646554
train,86.2,87.2,1,far_center,6,6,6,5,5.138623,6.0,6,0.0,0.447886,1.0
train,86.2,87.2,2,far_right,3,3,3,3,3.023003,3.0,3,0.0,0.106807,0.0
train,86.2,87.2,3,near_left,3,3,3,3,3.056241,3.0,3,0.0,0.170915,0.0
train,86.2,87.2,4,near_center,2,2,1,2,2.072193,2.0,2,0.0,0.228099,0.0
train,86.2,87.2,5,near_right,1,1,2,1,1.07496,1.0,1,0.0,0.249874,0.0
train,86.4,87.4,0,far_left,5,5,6,5,4.581249,4.581249,5,1.0,0.369759,0.418751
train,86.4,87.4,1,far_center,6,6,5,5,5.471504,6.0,6,0.0,0.393247,1.0
train,86.4,87.4,2,far_right,3,3,3,3,3.029093,3.0,3,0.0,0.08922,0.0
train,86.4,87.4,3,near_left,3,3,3,3,3.074377,3.0,3,0.0,0.167518,0.0
train,86.4,87.4,4,near_center,2,2,2,2,2.068101,2.0,2,0.0,0.224555,0.0
train,86.4,87.4,5,near_right,1,1,1,1,1.057819,1.0,1,0.0,0.236305,0.0
train,86.6,87.6,0,far_left,6,6,6,5,5.297963,5.297963,5,1.0,0.411599,0.297963
train,86.6,87.6,1,far_center,5,6,5,5,5.325159,6.0,6,0.0,0.352645,1.0
train,86.6,87.6,2,far_right,3,3,3,3,3.029062,3.0,3,0.0,0.088118,0.0
train,86.6,87.6,3,near_left,3,3,3,3,3.080808,3.0,3,0.0,0.158544,0.0
train,86.6,87.6,4,near_center,2,1,2,2,1.311075,1.0,1,0.0,0.235986,1.0
train,86.6,87.6,5,near_right,1,1,1,1,1.056022,1.0,1,0.0,0.242502,0.0
train,86.8,87.8,0,far_left,5,5,5,5,4.828089,4.828089,5,1.0,0.293921,0.171911
train,86.8,87.8,1,far_center,6,8,8,6,6.615122,8.0,8,0.0,0.381173,2.0
train,86.8,87.8,2,far_right,3,2,2,3,2.139558,2.0,2,0.0,0.096606,1.0
train,86.8,87.8,3,near_left,3,3,3,3,3.087552,3.0,3,0.0,0.15758,0.0
train,86.8,87.8,4,near_center,2,1,1,1,1.300395,1.0,1,0.0,0.228723,0.0
train,86.8,87.8,5,near_right,1,1,1,2,1.051144,1.0,1,0.0,0.243974,1.0
train,87.0,88.0,0,far_left,5,6,6,5,5.815731,5.815731,6,1.0,0.213845,0.815731
train,87.0,88.0,1,far_center,6,7,7,6,6.584521,7.0,7,0.0,0.276353,1.0
train,87.0,88.0,2,far_right,3,2,2,3,2.154302,2.0,2,0.0,0.114961,1.0
train,87.0,88.0,3,near_left,3,2,3,3,2.252817,2.0,2,0.0,0.162395,1.0
train,87.0,88.0,4,near_center,2,2,1,1,2.043818,2.0,2,0.0,0.221859,1.0
train,87.0,88.0,5,near_right,1,1,1,3,1.046478,1.0,1,0.0,0.243707,2.0
train,87.2,88.2,0,far_left,5,5,5,5,5.133591,5.133591,5,1.0,0.196599,0.133591
train,87.2,88.2,1,far_center,5,7,7,7,6.483634,7.0,7,0.0,0.231633,0.0
train,87.2,88.2,2,far_right,3,2,2,2,2.160913,2.0,2,0.0,0.12922,0.0
train,87.2,88.2,3,near_left,3,3,3,3,3.058969,3.0,3,0.0,0.160606,0.0
train,87.2,88.2,4,near_center,2,1,1,1,1.265716,1.0,1,0.0,0.224653,0.0
train,87.2,88.2,5,near_right,1,1,1,3,1.046044,1.0,1,0.0,0.24459,2.0
train,87.4,88.4,0,far_left,5,5,5,5,4.937208,4.937208,5,1.0,0.192991,0.062792
train,87.4,88.4,1,far_center,5,7,7,7,6.564041,7.0,7,0.0,0.210159,0.0
train,87.4,88.4,2,far_right,3,2,2,2,2.178826,2.0,2,0.0,0.142029,0.0
train,87.4,88.4,3,near_left,3,3,3,3,3.059213,3.0,3,0.0,0.158554,0.0
train,87.4,88.4,4,near_center,2,1,1,1,1.276242,1.0,1,0.0,0.227437,0.0
train,87.4,88.4,5,near_right,1,1,1,3,1.033847,1.0,1,0.0,0.22753,2.0
train,87.6,88.6,0,far_left,5,5,5,5,5.059315,5.059315,5,1.0,0.18445,0.059315
train,87.6,88.6,1,far_center,5,7,7,7,6.545447,7.0,7,0.0,0.200973,0.0
train,87.6,88.6,2,far_right,3,2,2,2,2.188696,2.0,2,0.0,0.150814,0.0
train,87.6,88.6,3,near_left,3,3,3,3,3.055832,3.0,3,0.0,0.158645,0.0
train,87.6,88.6,4,near_center,2,1,1,1,1.273832,1.0,1,0.0,0.228323,0.0
train,87.6,88.6,5,near_right,1,1,1,3,1.044724,1.0,1,0.0,0.228702,2.0
train,87.8,88.8,0,far_left,5,5,5,5,5.036332,5.036332,5,1.0,0.181499,0.036332
train,87.8,88.8,1,far_center,6,7,7,7,6.683986,7.0,7,0.0,0.208111,0.0
train,87.8,88.8,2,far_right,3,2,2,2,2.178689,2.0,2,0.0,0.147717,0.0
train,87.8,88.8,3,near_left,3,3,3,3,3.06,3.0,3,0.0,0.151813,0.0
train,87.8,88.8,4,near_center,1,1,2,2,1.046261,1.0,1,0.0,0.231385,1.0
train,87.8,88.8,5,near_right,2,2,1,2,2.020339,2.0,2,0.0,0.199014,0.0
train,88.0,89.0,0,far_left,5,5,5,5,5.021714,5.021714,5,1.0,0.179581,0.021714
train,88.0,89.0,1,far_center,6,7,7,7,6.743249,7.0,7,0.0,0.199361,0.0
train,88.0,89.0,2,far_right,3,2,2,2,2.170642,2.0,2,0.0,0.146065,0.0
train,88.0,89.0,3,near_left,3,3,3,2,3.061463,3.0,3,0.0,0.14775,1.0
train,88.0,89.0,4,near_center,1,2,2,3,1.808259,2.0,2,0.0,0.228266,1.0
train,88.0,89.0,5,near_right,3,2,2,2,2.190114,2.0,2,0.0,0.184345,0.0
train,88.2,89.2,0,far_left,5,5,5,5,4.99399,4.99399,5,1.0,0.172084,0.00601
train,88.2,89.2,1,far_center,7,7,7,6,6.793194,7.0,7,0.0,0.237386,1.0
train,88.2,89.2,2,far_right,2,2,2,3,2.039607,2.0,2,0.0,0.144566,1.0
train,88.2,89.2,3,near_left,3,3,3,2,3.06963,3.0,3,0.0,0.147446,1.0
train,88.2,89.2,4,near_center,1,2,2,3,1.812545,2.0,2,0.0,0.225891,1.0
train,88.2,89.2,5,near_right,3,2,2,2,2.214266,2.0,2,0.0,0.181845,0.0
train,88.4,89.4,0,far_left,5,5,5,5,4.99676,4.99676,5,1.0,0.161954,0.00324
train,88.4,89.4,1,far_center,7,7,7,6,6.797232,7.0,7,0.0,0.241835,1.0
train,88.4,89.4,2,far_right,2,2,2,4,2.034252,2.0,2,0.0,0.145169,2.0
train,88.4,89.4,3,near_left,3,2,3,2,2.238954,2.0,2,0.0,0.153748,0.0
train,88.4,89.4,4,near_center,1,3,2,3,2.595547,3.0,3,0.0,0.219638,0.0
train,88.4,89.4,5,near_right,3,2,2,2,2.216689,2.0,2,0.0,0.179302,0.0
train,88.6,89.6,0,far_left,5,5,5,5,4.984838,4.984838,5,1.0,0.156753,0.015162
train,88.6,89.6,1,far_center,7,7,7,6,6.852454,7.0,7,0.0,0.231714,1.0
train,88.6,89.6,2,far_right,2,2,2,4,2.028934,2.0,2,0.0,0.145815,2.0
train,88.6,89.6,3,near_left,3,3,3,3,3.066473,3.0,3,0.0,0.148722,0.0
train,88.6,89.6,4,near_center,1,2,2,3,1.812994,2.0,2,0.0,0.223121,1.0
train,88.6,89.6,5,near_right,3,2,2,2,2.209722,2.0,2,0.0,0.175996,0.0
train,88.8,89.8,0,far_left,5,5,5,5,4.979381,4.979381,5,1.0,0.151877,0.020619
train,88.8,89.8,1,far_center,7,7,7,6,6.81497,7.0,7,0.0,0.243134,1.0
train,88.8,89.8,2,far_right,2,2,2,4,2.034577,2.0,2,0.0,0.149357,2.0
train,88.8,89.8,3,near_left,3,3,3,3,3.072314,3.0,3,0.0,0.152717,0.0
train,88.8,89.8,4,near_center,2,2,2,3,1.975848,2.0,2,0.0,0.214989,1.0
train,88.8,89.8,5,near_right,2,2,2,2,2.037931,2.0,2,0.0,0.169684,0.0
train,89.0,90.0,0,far_left,5,5,5,5,4.99544,4.99544,5,1.0,0.143577,0.00456
train,89.0,90.0,1,far_center,7,7,7,6,6.7196,7.0,7,0.0,0.269432,1.0
train,89.0,90.0,2,far_right,2,2,2,4,2.041698,2.0,2,0.0,0.153124,2.0
train,89.0,90.0,3,near_left,2,2,2,3,2.070182,2.0,2,0.0,0.153392,1.0
train,89.0,90.0,4,near_center,3,3,3,2,2.987578,3.0,3,0.0,0.218003,1.0
train,89.0,90.0,5,near_right,2,2,2,2,2.020919,2.0,2,0.0,0.167258,0.0
train,89.2,90.2,0,far_left,5,5,5,4,4.779438,4.779438,5,1.0,0.192044,0.779438
train,89.2,90.2,1,far_center,6,6,6,6,6.042845,6.0,6,0.0,0.226304,0.0
train,89.2,90.2,2,far_right,3,3,3,4,2.971577,3.0,3,0.0,0.168548,1.0
train,89.2,90.2,3,near_left,2,2,2,3,2.063868,2.0,2,0.0,0.152241,1.0
train,89.2,90.2,4,near_center,3,3,3,2,3.012251,3.0,3,0.0,0.223868,1.0
train,89.2,90.2,5,near_right,2,2,2,2,2.020599,2.0,2,0.0,0.176923,0.0
train,89.4,90.4,0,far_left,5,5,5,3,4.917436,4.917436,5,1.0,0.163989,1.917436
train,89.4,90.4,1,far_center,6,6,6,7,6.070473,6.0,6,0.0,0.205887,1.0
train,89.4,90.4,2,far_right,4,4,3,3,3.499631,4.0,4,0.0,0.318412,1.0
train,89.4,90.4,3,near_left,2,2,2,3,2.055077,2.0,2,0.0,0.154304,1.0
train,89.4,90.4,4,near_center,3,3,3,3,3.006603,3.0,3,0.0,0.226976,0.0
train,89.4,90.4,5,near_right,2,2,3,3,2.049204,2.0,2,0.0,0.181752,1.0
train,89.6,90.6,0,far_left,5,5,5,3,4.984556,4.984556,5,1.0,0.136397,1.984556
train,89.6,90.6,1,far_center,6,6,6,6,6.0773,6.0,6,0.0,0.184977,0.0
train,89.6,90.6,2,far_right,4,3,2,3,3.117074,3.0,3,0.0,0.237519,0.0
train,89.6,90.6,3,near_left,3,3,3,3,2.885108,3.0,3,0.0,0.26068,0.0
train,89.6,90.6,4,near_center,3,3,3,3,2.937456,3.0,3,0.0,0.221623,0.0
train,89.6,90.6,5,near_right,2,3,4,3,2.876753,3.0,3,0.0,0.174478,0.0
train,89.8,90.8,0,far_left,5,5,5,3,4.994205,4.994205,5,1.0,0.121191,1.994205
train,89.8,90.8,1,far_center,6,6,6,6,6.106637,6.0,6,0.0,0.168703,0.0
train,89.8,90.8,2,far_right,4,3,2,3,3.159126,3.0,3,0.0,0.182086,0.0
train,89.8,90.8,3,near_left,3,3,3,3,3.079616,3.0,3,0.0,0.195226,0.0
train,89.8,90.8,4,near_center,3,3,3,3,2.079476,3.0,3,0.0,0.42355,0.0
train,89.8,90.8,5,near_right,2,3,4,3,2.893894,3.0,3,0.0,0.17114,0.0
train,90.0,91.0,0,far_left,5,5,4,3,4.831133,4.831133,5,1.0,0.15402,1.831133
train,90.0,91.0,1,far_center,6,6,6,6,6.081757,6.0,6,0.0,0.159122,0.0
train,90.0,91.0,2,far_right,4,3,2,2,3.132895,3.0,3,0.0,0.159019,1.0
train,90.0,91.0,3,near_left,3,3,4,4,3.077014,3.0,3,0.0,0.174499,1.0
train,90.0,91.0,4,near_center,2,2,2,3,2.013265,2.0,2,0.0,0.265278,1.0
train,90.0,91.0,5,near_right,2,3,4,4,2.86776,3.0,3,0.0,0.168432,1.0
train,90.2,91.2,0,far_left,4,3,3,3,3.132924,3.132924,3,1.0,0.12814,0.132924
train,90.2,91.2,1,far_center,6,6,6,7,6.036987,6.0,6,0.0,0.156921,1.0
train,90.2,91.2,2,far_right,4,3,2,2,3.132164,3.0,3,0.0,0.152493,1.0
train,90.2,91.2,3,near_left,3,4,4,4,3.90539,4.0,4,0.0,0.159842,0.0
train,90.2,91.2,4,near_center,2,2,2,3,2.048188,2.0,2,0.0,0.23572,1.0
train,90.2,91.2,5,near_right,2,3,4,4,2.858426,3.0,3,0.0,0.166896,1.0
train,90.4,91.4,0,far_left,3,2,2,2,2.245714,2.245714,2,1.0,0.12718,0.245714
train,90.4,91.4,1,far_center,7,7,7,6,6.496025,7.0,7,0.0,0.311459,1.0
train,90.4,91.4,2,far_right,3,2,2,2,2.178845,2.0,2,0.0,0.133815,0.0
train,90.4,91.4,3,near_left,3,4,4,4,3.912895,4.0,4,0.0,0.1519,0.0
train,90.4,91.4,4,near_center,3,3,3,3,3.003918,3.0,3,0.0,0.189616,0.0
train,90.4,91.4,5,near_right,3,4,4,4,3.849091,4.0,4,0.0,0.170433,0.0
train,90.6,91.6,0,far_left,3,2,2,2,2.239511,2.239511,2,1.0,0.144496,0.239511
train,90.6,91.6,1,far_center,6,6,6,6,5.961634,6.0,6,0.0,0.245845,0.0
train,90.6,91.6,2,far_right,3,2,2,1,2.15451,2.0,2,0.0,0.137711,1.0
train,90.6,91.6,3,near_left,3,4,4,4,3.901319,4.0,4,0.0,0.151681,0.0
train,90.6,91.6,4,near_center,3,3,3,3,3.021048,3.0,3,0.0,0.186119,0.0
train,90.6,91.6,5,near_right,3,4,4,4,3.832894,4.0,4,0.0,0.184741,0.0
train,90.8,91.8,0,far_left,3,2,2,2,2.242974,2.242974,2,1.0,0.163994,0.242974
train,90.8,91.8,1,far_center,6,6,6,6,5.971119,6.0,6,0.0,0.214942,0.0
train,90.8,91.8,2,far_right,3,2,2,1,2.144735,2.0,2,0.0,0.14102,1.0
train,90.8,91.8,3,near_left,3,4,4,4,3.900629,4.0,4,0.0,0.151009,0.0
train,90.8,91.8,4,near_center,3,3,3,3,3.027623,3.0,3,0.0,0.198946,0.0
train,90.8,91.8,5,near_right,3,4,4,4,3.830122,4.0,4,0.0,0.190525,0.0
train,91.0,92.0,0,far_left,3,3,3,2,2.977464,2.977464,3,1.0,0.137292,0.977464
train,91.0,92.0,1,far_center,6,6,6,6,6.014616,6.0,6,0.0,0.205013,0.0
train,91.0,92.0,2,far_right,2,2,2,2,2.006487,2.0,2,0.0,0.136886,0.0
train,91.0,92.0,3,near_left,4,4,4,4,4.026167,4.0,4,0.0,0.177877,0.0
train,91.0,92.0,4,near_center,3,3,3,3,3.021213,3.0,3,0.0,0.192307,0.0
train,91.0,92.0,5,near_right,4,4,4,4,3.99444,4.0,4,0.0,0.220164,0.0
train,91.2,92.2,0,far_left,3,3,3,2,2.755198,2.755198,3,1.0,0.183524,0.755198
train,91.2,92.2,1,far_center,7,5,5,6,5.422685,5.0,5,0.0,0.229728,1.0
train,91.2,92.2,2,far_right,2,4,4,2,3.759172,4.0,4,0.0,0.124245,2.0
train,91.2,92.2,3,near_left,4,4,4,4,4.075113,4.0,4,0.0,0.191048,0.0
train,91.2,92.2,4,near_center,3,3,3,3,3.033313,3.0,3,0.0,0.18412,0.0
train,91.2,92.2,5,near_right,4,4,4,4,4.01616,4.0,4,0.0,0.2422,0.0
train,91.4,92.4,0,far_left,2,2,2,2,2.036333,2.036333,2,1.0,0.142415,0.036333
train,91.4,92.4,1,far_center,6,5,4,6,5.478911,5.0,5,0.0,0.205061,1.0
train,91.4,92.4,2,far_right,2,4,4,2,3.030398,4.0,4,0.0,0.266723,2.0
train,91.4,92.4,3,near_left,4,4,4,4,4.059107,4.0,4,0.0,0.17655,0.0
train,91.4,92.4,4,near_center,3,2,3,3,2.214911,2.0,2,0.0,0.198422,1.0
train,91.4,92.4,5,near_right,4,4,4,4,4.054935,4.0,4,0.0,0.253886,0.0
train,91.6,92.6,0,far_left,2,2,1,1,2.048599,2.048599,2,1.0,0.154661,1.048599
train,91.6,92.6,1,far_center,6,5,5,6,5.369508,5.0,5,0.0,0.197436,1.0
train,91.6,92.6,2,far_right,1,3,3,3,2.713528,3.0,3,0.0,0.156019,0.0
train,91.6,92.6,3,near_left,4,4,5,5,4.059414,4.0,4,0.0,0.174826,1.0
train,91.6,92.6,4,near_center,3,2,2,2,2.194889,2.0,2,0.0,0.201409,0.0
train,91.6,92.6,5,near_right,4,4,4,4,4.02877,4.0,4,0.0,0.239611,0.0
train,91.8,92.8,0,far_left,2,1,1,1,1.248666,1.248666,1,1.0,0.179711,0.248666
train,91.8,92.8,1,far_center,6,5,5,7,5.285429,5.0,5,0.0,0.192883,2.0
train,91.8,92.8,2,far_right,1,3,3,3,2.782908,3.0,3,0.0,0.123765,0.0
train,91.8,92.8,3,near_left,4,5,5,5,4.893361,5.0,5,0.0,0.168549,0.0
train,91.8,92.8,4,near_center,3,2,2,2,2.214332,2.0,2,0.0,0.208519,0.0
train,91.8,92.8,5,near_right,4,4,4,4,4.018719,4.0,4,0.0,0.233163,0.0
train,92.0,93.0,0,far_left,2,1,1,1,1.289303,1.289303,1,1.0,0.19546,0.289303
train,92.0,93.0,1,far_center,6,6,6,7,5.819473,6.0,6,0.0,0.254613,1.0
train,92.0,93.0,2,far_right,2,3,3,3,2.911394,3.0,3,0.0,0.103772,0.0
train,92.0,93.0,3,near_left,4,5,5,5,4.900199,5.0,5,0.0,0.167112,0.0
train,92.0,93.0,4,near_center,3,2,2,2,2.249304,2.0,2,0.0,0.206646,0.0
train,92.0,93.0,5,near_right,4,4,4,4,4.016349,4.0,4,0.0,0.24989,0.0
train,92.2,93.2,0,far_left,2,1,1,1,1.290286,1.290286,1,1.0,0.211103,0.290286
train,92.2,93.2,1,far_center,6,6,6,7,5.941012,6.0,6,0.0,0.237478,1.0
train,92.2,93.2,2,far_right,2,3,3,3,2.923578,3.0,3,0.0,0.088683,0.0
train,92.2,93.2,3,near_left,4,5,5,5,4.901913,5.0,5,0.0,0.166836,0.0
train,92.2,93.2,4,near_center,3,2,2,2,2.222919,2.0,2,0.0,0.205162,0.0
train,92.2,93.2,5,near_right,4,4,4,4,4.012976,4.0,4,0.0,0.262729,0.0
train,92.4,93.4,0,far_left,2,1,1,1,1.291005,1.291005,1,1.0,0.22376,0.291005
train,92.4,93.4,1,far_center,6,6,6,8,5.99318,6.0,6,0.0,0.225369,2.0
train,92.4,93.4,2,far_right,2,3,3,3,2.924971,3.0,3,0.0,0.085194,0.0
train,92.4,93.4,3,near_left,4,5,5,5,4.902079,5.0,5,0.0,0.167888,0.0
train,92.4,93.4,4,near_center,3,2,2,2,2.214319,2.0,2,0.0,0.205335,0.0
train,92.4,93.4,5,near_right,4,4,4,4,4.007574,4.0,4,0.0,0.269879,0.0
train,92.6,93.6,0,far_left,1,1,1,1,1.082512,1.082512,1,1.0,0.212954,0.082512
train,92.6,93.6,1,far_center,6,6,6,7,5.74189,6.0,6,0.0,0.276142,1.0
train,92.6,93.6,2,far_right,3,3,3,3,3.019915,3.0,3,0.0,0.102702,0.0
train,92.6,93.6,3,near_left,5,5,5,5,5.053741,5.0,5,0.0,0.209263,0.0
train,92.6,93.6,4,near_center,2,2,2,1,2.060092,2.0,2,0.0,0.196039,1.0
train,92.6,93.6,5,near_right,4,4,4,3,3.552934,4.0,4,0.0,0.396629,1.0
train,92.8,93.8,0,far_left,1,1,1,1,1.084998,1.084998,1,1.0,0.209137,0.084998
train,92.8,93.8,1,far_center,7,7,7,8,6.375328,7.0,7,0.0,0.372554,1.0
train,92.8,93.8,2,far_right,3,3,3,2,2.960038,3.0,3,0.0,0.138502,1.0
train,92.8,93.8,3,near_left,5,5,5,5,5.106987,5.0,5,0.0,0.233314,0.0
train,92.8,93.8,4,near_center,2,2,2,1,2.044746,2.0,2,0.0,0.190861,1.0
train,92.8,93.8,5,near_right,4,4,4,3,3.960723,4.0,4,0.0,0.299077,1.0
train,93.0,94.0,0,far_left,1,1,1,1,1.080359,1.080359,1,1.0,0.207343,0.080359
train,93.0,94.0,1,far_center,7,7,8,7,6.392848,7.0,7,0.0,0.376829,0.0
train,93.0,94.0,2,far_right,3,3,2,2,2.994265,3.0,3,0.0,0.114046,1.0
train,93.0,94.0,3,near_left,5,5,5,5,5.084268,5.0,5,0.0,0.22726,0.0
train,93.0,94.0,4,near_center,2,2,2,1,2.033774,2.0,2,0.0,0.18995,1.0
train,93.0,94.0,5,near_right,4,4,4,3,4.015492,4.0,4,0.0,0.289934,1.0
train,93.2,94.2,0,far_left,1,1,1,1,1.07569,1.07569,1,1.0,0.205048,0.07569
train,93.2,94.2,1,far_center,7,7,7,7,6.443272,7.0,7,0.0,0.37461,0.0
train,93.2,94.2,2,far_right,3,3,3,2,2.996735,3.0,3,0.0,0.104971,1.0
train,93.2,94.2,3,near_left,5,5,5,5,5.09863,5.0,5,0.0,0.250842,0.0
train,93.2,94.2,4,near_center,2,2,2,1,2.016298,2.0,2,0.0,0.181918,1.0
train,93.2,94.2,5,near_right,4,4,4,5,4.022656,4.0,4,0.0,0.278987,1.0
train,93.4,94.4,0,far_left,1,1,1,1,1.085996,1.085996,1,1.0,0.19904,0.085996
train,93.4,94.4,1,far_center,8,8,8,7,7.247691,8.0,8,0.0,0.453571,1.0
train,93.4,94.4,2,far_right,3,3,3,2,3.024164,3.0,3,0.0,0.099182,1.0
train,93.4,94.4,3,near_left,5,5,5,5,5.128173,5.0,5,0.0,0.245047,0.0
train,93.4,94.4,4,near_center,2,2,2,1,1.342572,2.0,2,0.0,0.403508,1.0
train,93.4,94.4,5,near_right,4,4,4,5,3.75799,4.0,4,0.0,0.351282,1.0
train,93.6,94.6,0,far_left,1,1,1,1,1.05188,1.05188,1,1.0,0.190985,0.05188
train,93.6,94.6,1,far_center,7,7,7,7,6.799566,7.0,7,0.0,0.369352,0.0
train,93.6,94.6,2,far_right,3,3,3,2,2.996715,3.0,3,0.0,0.081926,1.0
train,93.6,94.6,3,near_left,5,5,5,5,5.092149,5.0,5,0.0,0.268495,0.0
train,93.6,94.6,4,near_center,1,1,1,1,1.042029,1.0,1,0.0,0.220195,0.0
train,93.6,94.6,5,near_right,3,3,3,6,3.062481,3.0,3,0.0,0.32095,3.0
train,93.8,94.8,0,far_left,1,1,1,1,1.071724,1.071724,1,1.0,0.195025,0.071724
train,93.8,94.8,1,far_center,8,8,8,7,7.420266,8.0,8,0.0,0.390932,1.0
train,93.8,94.8,2,far_right,2,3,3,2,2.950199,3.0,3,0.0,0.076295,1.0
train,93.8,94.8,3,near_left,5,5,5,5,5.034077,5.0,5,0.0,0.267385,0.0
train,93.8,94.8,4,near_center,1,1,1,1,1.064453,1.0,1,0.0,0.169309,0.0
train,93.8,94.8,5,near_right,3,2,2,6,2.392325,2.0,2,0.0,0.323026,4.0
train,94.0,95.0,0,far_left,1,1,1,1,1.048046,1.048046,1,1.0,0.198483,0.048046
train,94.0,95.0,1,far_center,7,7,7,6,6.99683,7.0,7,0.0,0.329969,1.0
train,94.0,95.0,2,far_right,2,2,2,1,2.02074,2.0,2,0.0,0.086918,1.0
train,94.0,95.0,3,near_left,5,5,5,5,5.056185,5.0,5,0.0,0.277276,0.0
train,94.0,95.0,4,near_center,1,1,1,1,1.039896,1.0,1,0.0,0.156228,0.0
train,94.0,95.0,5,near_right,3,3,3,7,3.053951,3.0,3,0.0,0.31664,4.0
train,94.2,95.2,0,far_left,1,1,1,1,1.055164,1.055164,1,1.0,0.202033,0.055164
train,94.2,95.2,1,far_center,7,7,7,6,6.835208,7.0,7,0.0,0.322862,1.0
train,94.2,95.2,2,far_right,2,2,2,1,2.037681,2.0,2,0.0,0.090996,1.0
train,94.2,95.2,3,near_left,5,5,5,5,5.075787,5.0,5,0.0,0.271994,0.0
train,94.2,95.2,4,near_center,1,1,1,1,1.063335,1.0,1,0.0,0.148821,0.0
train,94.2,95.2,5,near_right,5,5,5,6,4.549794,5.0,5,0.0,0.405175,1.0
train,94.4,95.4,0,far_left,1,1,1,1,1.059981,1.059981,1,1.0,0.201755,0.059981
train,94.4,95.4,1,far_center,7,7,7,6,6.720984,7.0,7,0.0,0.320834,1.0
train,94.4,95.4,2,far_right,2,2,2,1,2.034105,2.0,2,0.0,0.100971,1.0
train,94.4,95.4,3,near_left,5,5,5,5,5.072294,5.0,5,0.0,0.269038,0.0
train,94.4,95.4,4,near_center,1,1,1,1,1.054979,1.0,1,0.0,0.151414,0.0
train,94.4,95.4,5,near_right,5,5,5,6,4.93537,5.0,5,0.0,0.357176,1.0
train,94.6,95.6,0,far_left,1,1,1,2,1.057917,1.057917,1,1.0,0.19847,0.942083
train,94.6,95.6,1,far_center,7,7,7,7,6.743007,7.0,7,0.0,0.314113,0.0
train,94.6,95.6,2,far_right,2,2,2,1,2.043271,2.0,2,0.0,0.105925,1.0
train,94.6,95.6,3,near_left,5,5,5,4,5.056021,5.0,5,0.0,0.274706,1.0
train,94.6,95.6,4,near_center,1,1,1,1,1.064061,1.0,1,0.0,0.152359,0.0
train,94.6,95.6,5,near_right,6,6,6,6,5.610573,6.0,6,0.0,0.393349,0.0
train,94.8,95.8,0,far_left,1,1,1,1,1.068336,1.068336,1,1.0,0.196914,0.068336
train,94.8,95.8,1,far_center,7,7,7,8,6.509984,7.0,7,0.0,0.350603,1.0
train,94.8,95.8,2,far_right,2,2,2,1,2.04458,2.0,2,0.0,0.111323,1.0
train,94.8,95.8,3,near_left,5,5,5,4,5.07564,5.0,5,0.0,0.289937,1.0
train,94.8,95.8,4,near_center,1,1,1,1,1.061501,1.0,1,0.0,0.154447,0.0
train,94.8,95.8,5,near_right,6,6,6,6,5.898266,6.0,6,0.0,0.352891,0.0
train,95.0,96.0,0,far_left,1,1,1,2,1.029348,1.029348,1,1.0,0.192404,0.970652
train,95.0,96.0,1,far_center,6,6,6,7,6.27514,6.0,6,0.0,0.306242,1.0
train,95.0,96.0,2,far_right,1,2,2,1,1.910923,2.0,2,0.0,0.114445,1.0
train,95.0,96.0,3,near_left,5,5,5,4,5.087032,5.0,5,0.0,0.294261,1.0
train,95.0,96.0,4,near_center,1,1,1,1,1.034779,1.0,1,0.0,0.153488,0.0
train,95.0,96.0,5,near_right,7,6,6,6,5.826468,6.0,6,0.0,0.463093,0.0
train,95.2,96.2,0,far_left,1,1,1,3,1.004474,1.004474,1,1.0,0.165205,1.995526
train,95.2,96.2,1,far_center,6,6,6,6,6.28338,6.0,6,0.0,0.293984,0.0
train,95.2,96.2,2,far_right,1,1,1,1,1.005507,1.0,1,0.0,0.119109,0.0
train,95.2,96.2,3,near_left,5,5,5,4,5.063574,5.0,5,0.0,0.345139,1.0
train,95.2,96.2,4,near_center,1,1,1,1,1.022009,1.0,1,0.0,0.155054,0.0
train,95.2,96.2,5,near_right,6,6,6,6,5.902387,6.0,6,0.0,0.411438,0.0
train,95.4,96.4,0,far_left,1,1,1,3,1.029001,1.029001,1,1.0,0.156919,1.970999
train,95.4,96.4,1,far_center,6,6,6,7,6.220111,6.0,6,0.0,0.2907,1.0
train,95.4,96.4,2,far_right,1,1,1,1,0.999174,1.0,1,0.0,0.122733,0.0
train,95.4,96.4,3,near_left,5,5,5,3,4.603773,5.0,5,0.0,0.450168,2.0
train,95.4,96.4,4,near_center,1,1,1,1,1.038365,1.0,1,0.0,0.158103,0.0
train,95.4,96.4,5,near_right,6,6,6,6,5.933728,6.0,6,0.0,0.398516,0.0
train,95.6,96.6,0,far_left,2,2,2,2,2.014087,2.014087,2,1.0,0.141902,0.014087
train,95.6,96.6,1,far_center,7,7,7,7,6.64955,7.0,7,0.0,0.340965,0.0
train,95.6,96.6,2,far_right,1,1,1,0,1.02815,1.0,1,0.0,0.122818,1.0
train,95.6,96.6,3,near_left,4,4,4,2,4.267761,4.0,4,0.0,0.387691,2.0
train,95.6,96.6,4,near_center,1,1,1,1,1.05269,1.0,1,0.0,0.158438,0.0
train,95.6,96.6,5,near_right,6,6,6,6,5.896955,6.0,6,0.0,0.387849,0.0
train,95.8,96.8,0,far_left,1,2,1,2,1.907252,1.907252,2,1.0,0.155525,0.092748
train,95.8,96.8,1,far_center,8,8,8,6,7.253407,8.0,8,0.0,0.412348,2.0
train,95.8,96.8,2,far_right,1,1,1,0,1.03307,1.0,1,0.0,0.128265,1.0
train,95.8,96.8,3,near_left,4,3,4,3,3.589742,3.0,3,0.0,0.342115,0.0
train,95.8,96.8,4,near_center,1,1,1,1,1.061619,1.0,1,0.0,0.160982,0.0
train,95.8,96.8,5,near_right,6,6,6,6,5.932863,6.0,6,0.0,0.383636,0.0
train,96.0,97.0,0,far_left,2,3,3,3,2.877072,2.877072,3,1.0,0.148171,0.122928
train,96.0,97.0,1,far_center,7,7,7,6,6.696277,7.0,7,0.0,0.355943,1.0
train,96.0,97.0,2,far_right,1,1,1,0,1.007584,1.0,1,0.0,0.130095,1.0
train,96.0,97.0,3,near_left,4,3,3,3,3.494587,3.0,3,0.0,0.317534,0.0
train,96.0,97.0,4,near_center,1,1,1,1,1.049275,1.0,1,0.0,0.167929,0.0
train,96.0,97.0,5,near_right,6,6,6,6,5.943638,6.0,6,0.0,0.385281,0.0
train,96.2,97.2,0,far_left,3,3,2,3,3.037092,3.037092,3,1.0,0.150595,0.037092
train,96.2,97.2,1,far_center,6,6,7,7,6.175622,6.0,6,0.0,0.320794,1.0
train,96.2,97.2,2,far_right,1,1,1,0,0.972873,1.0,1,0.0,0.132788,1.0
train,96.2,97.2,3,near_left,4,4,4,4,3.396982,4.0,4,0.0,0.491719,0.0
train,96.2,97.2,4,near_center,1,1,1,1,1.05897,1.0,1,0.0,0.168332,0.0
train,96.2,97.2,5,near_right,6,6,6,6,5.951924,6.0,6,0.0,0.386211,0.0
train,96.4,97.4,0,far_left,3,2,2,3,2.243544,2.243544,2,1.0,0.167154,0.756456
train,96.4,97.4,1,far_center,7,8,8,7,7.299894,8.0,8,0.0,0.383444,1.0
train,96.4,97.4,2,far_right,1,1,1,0,0.578582,1.0,1,0.0,0.421418,1.0
train,96.4,97.4,3,near_left,3,3,3,4,2.870777,3.0,3,0.0,0.419693,1.0
train,96.4,97.4,4,near_center,1,1,1,1,1.080843,1.0,1,0.0,0.170201,0.0
train,96.4,97.4,5,near_right,6,6,6,6,5.963582,6.0,6,0.0,0.363188,0.0
train,96.6,97.6,0,far_left,2,3,3,3,2.87731,2.87731,3,1.0,0.165053,0.12269
train,96.6,97.6,1,far_center,7,6,6,7,6.642524,6.0,6,0.0,0.333728,1.0
train,96.6,97.6,2,far_right,0,0,0,0,0.0,0.0,0,0.0,0.186435,0.0
train,96.6,97.6,3,near_left,2,2,2,4,2.317,2.0,2,0.0,0.394925,2.0
train,96.6,97.6,4,near_center,1,1,1,1,1.027839,1.0,1,0.0,0.172103,0.0
train,96.6,97.6,5,near_right,6,6,6,6,5.953087,6.0,6,0.0,0.372262,0.0
train,96.8,97.8,0,far_left,2,2,2,3,2.037117,2.037117,2,1.0,0.168256,0.962883
train,96.8,97.8,1,far_center,6,6,6,7,6.48211,6.0,6,0.0,0.334192,1.0
train,96.8,97.8,2,far_right,0,0,0,0,0.0,0.0,0,0.0,0.114115,0.0
train,96.8,97.8,3,near_left,3,3,3,3,3.028299,3.0,3,0.0,0.364194,0.0
train,96.8,97.8,4,near_center,1,1,1,1,1.018827,1.0,1,0.0,0.172654,0.0
train,96.8,97.8,5,near_right,6,6,6,6,5.95992,6.0,6,0.0,0.382838,0.0
train,97.0,98.0,0,far_left,3,3,3,3,3.003079,3.003079,3,1.0,0.150879,0.003079
train,97.0,98.0,1,far_center,6,6,6,7,6.335379,6.0,6,0.0,0.333997,1.0
train,97.0,98.0,2,far_right,0,0,0,0,0.0,0.0,0,0.0,0.085134,0.0
train,97.0,98.0,3,near_left,3,3,3,3,3.114083,3.0,3,0.0,0.329777,0.0
train,97.0,98.0,4,near_center,1,1,1,1,1.021455,1.0,1,0.0,0.172557,0.0
train,97.0,98.0,5,near_right,6,6,6,6,5.947945,6.0,6,0.0,0.388428,0.0
train,97.2,98.2,0,far_left,3,3,3,3,3.054305,3.054305,3,1.0,0.146862,0.054305
train,97.2,98.2,1,far_center,7,7,7,7,6.899343,7.0,7,0.0,0.340512,0.0
train,97.2,98.2,2,far_right,0,0,0,0,0.002625,0.0,0,0.0,0.077364,0.0
train,97.2,98.2,3,near_left,4,4,4,3,3.658587,4.0,4,0.0,0.400929,1.0
train,97.2,98.2,4,near_center,1,1,1,1,1.056672,1.0,1,0.0,0.172056,0.0
train,97.2,98.2,5,near_right,6,6,6,6,5.967844,6.0,6,0.0,0.389926,0.0
train,97.4,98.4,0,far_left,3,3,3,3,3.06972,3.06972,3,1.0,0.150204,0.06972
train,97.4,98.4,1,far_center,7,6,6,7,6.526593,6.0,6,0.0,0.33299,1.0
train,97.4,98.4,2,far_right,0,1,1,1,0.927169,1.0,1,0.0,0.072831,0.0
train,97.4,98.4,3,near_left,4,4,4,3,2.65473,4.0,4,0.0,0.608343,1.0
train,97.4,98.4,4,near_center,1,1,1,1,1.068864,1.0,1,0.0,0.17349,0.0
train,97.4,98.4,5,near_right,6,6,6,6,5.955988,6.0,6,0.0,0.390198,0.0
train,97.6,98.6,0,far_left,3,3,3,3,3.078805,3.078805,3,1.0,0.155256,0.078805
train,97.6,98.6,1,far_center,7,6,6,7,6.380859,6.0,6,0.0,0.329077,1.0
train,97.6,98.6,2,far_right,0,1,1,0,0.929968,1.0,1,0.0,0.071176,1.0
train,97.6,98.6,3,near_left,4,4,4,2,2.573569,4.0,4,0.0,0.62989,2.0
train,97.6,98.6,4,near_center,1,1,1,1,1.072545,1.0,1,0.0,0.171221,0.0
train,97.6,98.6,5,near_right,6,6,6,6,5.958751,6.0,6,0.0,0.389979,0.0
train,97.8,98.8,0,far_left,3,3,3,3,3.040639,3.040639,3,1.0,0.158936,0.040639
train,97.8,98.8,1,far_center,7,6,6,6,6.502443,6.0,6,0.0,0.324117,0.0
train,97.8,98.8,2,far_right,0,1,1,1,0.928617,1.0,1,0.0,0.071383,0.0
train,97.8,98.8,3,near_left,3,3,3,2,3.350658,3.0,3,0.0,0.436744,1.0
train,97.8,98.8,4,near_center,1,1,1,1,1.027342,1.0,1,0.0,0.168824,0.0
train,97.8,98.8,5,near_right,6,6,6,7,5.893514,6.0,6,0.0,0.393733,1.0
train,98.0,99.0,0,far_left,3,3,3,4,3.035359,3.035359,3,1.0,0.155985,0.964641
train,98.0,99.0,1,far_center,7,7,6,6,7.05572,7.0,7,0.0,0.317314,1.0
train,98.0,99.0,2,far_right,0,0,1,1,0.0,0.0,0,0.0,0.074744,1.0
train,98.0,99.0,3,near_left,3,3,3,2,3.310349,3.0,3,0.0,0.346505,1.0
train,98.0,99.0,4,near_center,1,1,1,1,1.021863,1.0,1,0.0,0.17154,0.0
train,98.0,99.0,5,near_right,6,6,6,6,5.909992,6.0,6,0.0,0.391027,0.0
train,98.2,99.2,0,far_left,3,3,3,3,3.042841,3.042841,3,1.0,0.16245,0.042841
train,98.2,99.2,1,far_center,7,6,6,6,6.390125,6.0,6,0.0,0.314324,0.0
train,98.2,99.2,2,far_right,0,1,1,1,0.925802,1.0,1,0.0,0.074198,0.0
train,98.2,99.2,3,near_left,3,3,3,2,3.081347,3.0,3,0.0,0.254545,1.0
train,98.2,99.2,4,near_center,1,1,1,1,1.029863,1.0,1,0.0,0.174622,0.0
train,98.2,99.2,5,near_right,6,6,6,7,5.944639,6.0,6,0.0,0.389313,1.0
train,98.4,99.4,0,far_left,3,3,3,3,3.078583,3.078583,3,1.0,0.166248,0.078583
train,98.4,99.4,1,far_center,7,6,6,5,6.130153,6.0,6,0.0,0.335742,1.0
train,98.4,99.4,2,far_right,1,2,2,1,1.891061,2.0,2,0.0,0.091429,1.0
train,98.4,99.4,3,near_left,3,3,3,2,2.610518,3.0,3,0.0,0.374636,1.0
train,98.4,99.4,4,near_center,1,1,1,1,1.079816,1.0,1,0.0,0.174406,0.0
train,98.4,99.4,5,near_right,6,6,6,7,5.893658,6.0,6,0.0,0.380618,1.0
train,98.6,99.6,0,far_left,3,3,3,4,3.061985,3.061985,3,1.0,0.175468,0.938015
train,98.6,99.6,1,far_center,7,7,7,6,6.585464,7.0,7,0.0,0.354365,1.0
train,98.6,99.6,2,far_right,0,0,0,1,0.025907,0.0,0,0.0,0.071901,1.0
train,98.6,99.6,3,near_left,2,2,2,2,2.25802,2.0,2,0.0,0.274066,0.0
train,98.6,99.6,4,near_center,1,1,1,1,1.051599,1.0,1,0.0,0.173398,0.0
train,98.6,99.6,5,near_right,6,6,6,5,5.912625,6.0,6,0.0,0.381758,1.0
train,98.8,99.8,0,far_left,3,3,3,4,3.042615,3.042615,3,1.0,0.192169,0.957385
train,98.8,99.8,1,far_center,6,6,6,6,6.167366,6.0,6,0.0,0.316031,0.0
train,98.8,99.8,2,far_right,1,1,1,1,1.027032,1.0,1,0.0,0.07575,0.0
train,98.8,99.8,3,near_left,2,2,2,2,2.149605,2.0,2,0.0,0.211619,0.0
train,98.8,99.8,4,near_center,1,1,1,1,1.049376,1.0,1,0.0,0.175287,0.0
train,98.8,99.8,5,near_right,7,7,7,4,6.024018,7.0,7,0.0,0.509253,3.0
train,99.0,100.0,0,far_left,4,4,4,4,4.022933,4.022933,4,1.0,0.195856,0.022933
train,99.0,100.0,1,far_center,6,6,5,5,5.934161,6.0,6,0.0,0.300315,1.0
train,99.0,100.0,2,far_right,1,1,2,1,1.033674,1.0,1,0.0,0.075545,0.0
train,99.0,100.0,3,near_left,2,2,2,2,2.088667,2.0,2,0.0,0.177788,0.0
train,99.0,100.0,4,near_center,1,1,1,1,1.043754,1.0,1,0.0,0.174619,0.0
train,99.0,100.0,5,near_right,6,6,6,3,5.813048,6.0,6,0.0,0.374452,3.0
train,99.2,100.2,0,far_left,3,3,3,4,3.056705,3.056705,3,1.0,0.205063,0.943295
train,99.2,100.2,1,far_center,6,6,5,5,6.025,6.0,6,0.0,0.27431,1.0
train,99.2,100.2,2,far_right,1,1,2,1,1.048856,1.0,1,0.0,0.082294,0.0
train,99.2,100.2,3,near_left,2,2,2,2,2.092206,2.0,2,0.0,0.174843,0.0
train,99.2,100.2,4,near_center,1,1,1,1,1.059563,1.0,1,0.0,0.176064,0.0
train,99.2,100.2,5,near_right,7,7,7,3,5.954717,7.0,7,0.0,0.512707,4.0
train,99.4,100.4,0,far_left,3,3,3,3,3.030632,3.030632,3,1.0,0.205792,0.030632
train,99.4,100.4,1,far_center,5,5,5,6,5.199986,5.0,5,0.0,0.267852,1.0
train,99.4,100.4,2,far_right,1,1,1,1,1.043912,1.0,1,0.0,0.089524,0.0
train,99.4,100.4,3,near_left,2,2,2,2,2.072272,2.0,2,0.0,0.17351,0.0
train,99.4,100.4,4,near_center,1,1,1,1,1.068859,1.0,1,0.0,0.181004,0.0
train,99.4,100.4,5,near_right,7,7,7,3,5.243115,7.0,7,0.0,0.642851,4.0
train,99.6,100.6,0,far_left,4,4,4,3,4.010592,4.010592,4,1.0,0.197084,1.010592
train,99.6,100.6,1,far_center,6,6,6,6,5.797701,6.0,6,0.0,0.304111,0.0
train,99.6,100.6,2,far_right,1,1,1,1,1.042243,1.0,1,0.0,0.089424,0.0
train,99.6,100.6,3,near_left,2,2,2,2,2.070577,2.0,2,0.0,0.16732,0.0
train,99.6,100.6,4,near_center,1,1,1,1,1.064071,1.0,1,0.0,0.182433,0.0
train,99.6,100.6,5,near_right,5,5,5,3,4.700035,5.0,5,0.0,0.45897,2.0
train,99.8,100.8,0,far_left,4,4,4,4,4.057182,4.057182,4,1.0,0.208829,0.057182
train,99.8,100.8,1,far_center,6,6,6,5,5.912685,6.0,6,0.0,0.276136,1.0
train,99.8,100.8,2,far_right,1,2,1,1,1.931251,2.0,2,0.0,0.095362,1.0
train,99.8,100.8,3,near_left,2,2,2,2,1.71921,2.0,2,0.0,0.330482,0.0
train,99.8,100.8,4,near_center,1,1,1,1,1.069916,1.0,1,0.0,0.185687,0.0
train,99.8,100.8,5,near_right,4,3,4,5,3.668578,3.0,3,0.0,0.44304,2.0
train,100.0,101.0,0,far_left,4,4,4,5,4.024018,4.024018,4,1.0,0.204746,0.975982
train,100.0,101.0,1,far_center,5,4,4,5,4.431064,4.0,4,0.0,0.267787,1.0
train,100.0,101.0,2,far_right,1,3,3,1,2.802434,3.0,3,0.0,0.103947,2.0
train,100.0,101.0,3,near_left,2,2,2,2,2.038179,2.0,2,0.0,0.235467,0.0
train,100.0,101.0,4,near_center,1,1,1,1,1.037908,1.0,1,0.0,0.195402,0.0
train,100.0,101.0,5,near_right,3,2,2,4,2.890984,2.0,2,0.0,0.429923,2.0
train,100.2,101.2,0,far_left,4,4,3,4,4.01689,4.01689,4,1.0,0.204077,0.01689
train,100.2,101.2,1,far_center,5,4,5,6,4.39684,4.0,4,0.0,0.267756,2.0
train,100.2,101.2,2,far_right,1,3,3,1,2.787761,3.0,3,0.0,0.106734,2.0
train,100.2,101.2,3,near_left,2,2,2,2,2.062802,2.0,2,0.0,0.20121,0.0
train,100.2,101.2,4,near_center,1,1,1,1,1.030078,1.0,1,0.0,0.201856,0.0
train,100.2,101.2,5,near_right,3,2,2,4,2.735761,2.0,2,0.0,0.405077,2.0
train,100.4,101.4,0,far_left,3,3,3,3,3.035201,3.035201,3,1.0,0.196096,0.035201
train,100.4,101.4,1,far_center,6,5,5,6,5.280517,5.0,5,0.0,0.257598,1.0
train,100.4,101.4,2,far_right,1,3,3,1,2.78925,3.0,3,0.0,0.11072,2.0
train,100.4,101.4,3,near_left,2,2,2,2,2.072425,2.0,2,0.0,0.19635,0.0
train,100.4,101.4,4,near_center,1,1,1,1,1.035804,1.0,1,0.0,0.206266,0.0
train,100.4,101.4,5,near_right,3,2,2,4,2.619103,2.0,2,0.0,0.372318,2.0
train,100.6,101.6,0,far_left,3,3,3,3,3.033782,3.033782,3,1.0,0.190663,0.033782
train,100.6,101.6,1,far_center,6,6,6,7,6.014974,6.0,6,0.0,0.2553,1.0
train,100.6,101.6,2,far_right,1,3,3,1,2.781666,3.0,3,0.0,0.115207,2.0
train,100.6,101.6,3,near_left,2,2,2,2,2.076833,2.0,2,0.0,0.196439,0.0
train,100.6,101.6,4,near_center,1,0,0,0,0.258643,0.0,0,0.0,0.212383,0.0
train,100.6,101.6,5,near_right,3,2,2,4,2.531916,2.0,2,0.0,0.356877,2.0
train,100.8,101.8,0,far_left,4,4,4,4,4.014018,4.014018,4,1.0,0.192657,0.014018
train,100.8,101.8,1,far_center,5,5,5,6,5.039493,5.0,5,0.0,0.253761,1.0
train,100.8,101.8,2,far_right,1,3,3,1,2.819877,3.0,3,0.0,0.113024,2.0
train,100.8,101.8,3,near_left,2,2,2,2,2.065304,2.0,2,0.0,0.187768,0.0
train,100.8,101.8,4,near_center,1,0,0,0,0.305907,0.0,0,0.0,0.208117,0.0
train,100.8,101.8,5,near_right,5,4,4,4,3.393217,4.0,4,0.0,0.592984,0.0
train,101.0,102.0,0,far_left,5,5,4,2,5.006239,5.006239,5,1.0,0.199171,3.006239
train,101.0,102.0,1,far_center,5,6,6,6,5.442979,6.0,6,0.0,0.309416,0.0
train,101.0,102.0,2,far_right,1,1,1,1,1.046493,1.0,1,0.0,0.119478,0.0
train,101.0,102.0,3,near_left,2,2,3,4,2.069261,2.0,2,0.0,0.184789,2.0
train,101.0,102.0,4,near_center,1,0,0,0,0.291135,0.0,0,0.0,0.207412,0.0
train,101.0,102.0,5,near_right,4,4,4,4,3.908567,4.0,4,0.0,0.430582,0.0
train,101.2,102.2,0,far_left,4,2,2,2,2.499092,2.499092,2,1.0,0.224937,0.499092
train,101.2,102.2,1,far_center,6,6,6,5,5.953364,6.0,6,0.0,0.267977,1.0
train,101.2,102.2,2,far_right,1,1,1,1,1.029467,1.0,1,0.0,0.123122,0.0
train,101.2,102.2,3,near_left,2,4,4,4,3.735936,4.0,4,0.0,0.184815,0.0
train,101.2,102.2,4,near_center,1,1,1,1,1.02559,1.0,1,0.0,0.181871,0.0
train,101.2,102.2,5,near_right,4,4,4,4,4.002092,4.0,4,0.0,0.406833,0.0
train,101.4,102.4,0,far_left,3,1,1,2,1.490432,1.490432,1,1.0,0.221581,0.509568
train,101.4,102.4,1,far_center,6,6,6,5,6.040465,6.0,6,0.0,0.261928,1.0
train,101.4,102.4,2,far_right,1,1,1,1,1.025927,1.0,1,0.0,0.131341,0.0
train,101.4,102.4,3,near_left,2,4,4,4,3.739831,4.0,4,0.0,0.182035,0.0
train,101.4,102.4,4,near_center,1,1,2,1,1.04509,1.0,1,0.0,0.189701,0.0
train,101.4,102.4,5,near_right,4,4,3,4,3.960403,4.0,4,0.0,0.328574,0.0
train,101.6,102.6,0,far_left,3,1,1,2,1.498516,1.498516,1,1.0,0.222598,0.501484
train,101.6,102.6,1,far_center,7,6,6,5,6.252682,6.0,6,0.0,0.268136,1.0
train,101.6,102.6,2,far_right,1,1,1,3,1.024955,1.0,1,0.0,0.134683,2.0
train,101.6,102.6,3,near_left,2,4,4,4,3.75661,4.0,4,0.0,0.183162,0.0
train,101.6,102.6,4,near_center,0,1,2,1,0.833007,1.0,1,0.0,0.168783,0.0
train,101.6,102.6,5,near_right,4,4,3,4,4.031955,4.0,4,0.0,0.270514,0.0
train,101.8,102.8,0,far_left,4,1,1,2,1.73011,1.73011,2,1.0,0.230278,0.26989
train,101.8,102.8,1,far_center,6,6,6,5,6.057876,6.0,6,0.0,0.269107,1.0
train,101.8,102.8,2,far_right,1,1,1,2,1.02674,1.0,1,0.0,0.142584,1.0
train,101.8,102.8,3,near_left,2,4,4,4,3.761648,4.0,4,0.0,0.179858,0.0
train,101.8,102.8,4,near_center,0,1,1,1,0.851767,1.0,1,0.0,0.148233,0.0
train,101.8,102.8,5,near_right,4,4,4,4,4.020435,4.0,4,0.0,0.238432,0.0
train,102.0,103.0,0,far_left,2,1,1,2,1.266357,1.266357,1,1.0,0.211651,0.733643
train,102.0,103.0,1,far_center,6,6,6,5,6.060914,6.0,6,0.0,0.273895,1.0
train,102.0,103.0,2,far_right,1,1,1,2,1.023723,1.0,1,0.0,0.145668,1.0
train,102.0,103.0,3,near_left,4,4,4,4,4.069899,4.0,4,0.0,0.25859,0.0
train,102.0,103.0,4,near_center,0,1,1,1,0.859066,1.0,1,0.0,0.140934,0.0
train,102.0,103.0,5,near_right,4,4,4,4,4.023897,4.0,4,0.0,0.224698,0.0
train,102.2,103.2,0,far_left,2,2,1,2,2.046077,2.046077,2,1.0,0.196231,0.046077
train,102.2,103.2,1,far_center,5,5,6,5,5.038643,5.0,5,0.0,0.265482,0.0
train,102.2,103.2,2,far_right,1,1,1,2,1.030091,1.0,1,0.0,0.149201,1.0
train,102.2,103.2,3,near_left,4,4,4,4,4.116661,4.0,4,0.0,0.242991,0.0
train,102.2,103.2,4,near_center,1,1,1,1,1.003329,1.0,1,0.0,0.150563,0.0
train,102.2,103.2,5,near_right,4,4,4,4,3.991034,4.0,4,0.0,0.192083,0.0
train,102.4,103.4,0,far_left,2,3,2,2,2.856617,2.856617,3,1.0,0.182209,0.856617
train,102.4,103.4,1,far_center,5,4,5,5,4.272008,4.0,4,0.0,0.258105,1.0
train,102.4,103.4,2,far_right,1,1,1,2,1.024634,1.0,1,0.0,0.148876,1.0
train,102.4,103.4,3,near_left,4,4,4,4,4.099434,4.0,4,0.0,0.233257,0.0
train,102.4,103.4,4,near_center,1,1,1,2,1.010687,1.0,1,0.0,0.160098,1.0
train,102.4,103.4,5,near_right,4,4,4,3,4.001537,4.0,4,0.0,0.180871,1.0
train,102.6,103.6,0,far_left,2,3,2,2,2.866002,2.866002,3,1.0,0.170135,0.866002
train,102.6,103.6,1,far_center,5,4,5,5,4.321874,4.0,4,0.0,0.258268,1.0
train,102.6,103.6,2,far_right,3,3,3,3,2.571047,3.0,3,0.0,0.318676,0.0
train,102.6,103.6,3,near_left,4,4,4,4,4.092103,4.0,4,0.0,0.223914,0.0
train,102.6,103.6,4,near_center,1,2,2,2,1.852058,2.0,2,0.0,0.165965,0.0
train,102.6,103.6,5,near_right,4,3,3,3,3.237707,3.0,3,0.0,0.188616,0.0
train,102.8,103.8,0,far_left,2,3,3,2,2.870289,2.870289,3,1.0,0.166261,0.870289
train,102.8,103.8,1,far_center,5,4,3,5,4.277825,4.0,4,0.0,0.254946,1.0
train,102.8,103.8,2,far_right,2,2,2,3,2.027601,2.0,2,0.0,0.186517,1.0
train,102.8,103.8,3,near_left,4,4,4,4,4.077233,4.0,4,0.0,0.213954,0.0
train,102.8,103.8,4,near_center,1,2,3,2,1.841875,2.0,2,0.0,0.175092,0.0
train,102.8,103.8,5,near_right,4,3,3,3,3.200345,3.0,3,0.0,0.177596,0.0
train,103.0,104.0,0,far_left,2,3,3,2,2.869758,2.869758,3,1.0,0.168144,0.869758
train,103.0,104.0,1,far_center,5,2,2,3,2.804811,2.0,2,0.0,0.254009,1.0
train,103.0,104.0,2,far_right,2,2,2,3,2.049889,2.0,2,0.0,0.155845,1.0
train,103.0,104.0,3,near_left,4,4,4,4,4.078598,4.0,4,0.0,0.205073,0.0
train,103.0,104.0,4,near_center,1,4,4,4,3.49577,4.0,4,0.0,0.172994,0.0
train,103.0,104.0,5,near_right,4,3,3,3,3.184799,3.0,3,0.0,0.170219,0.0
train,103.2,104.2,0,far_left,2,3,3,2,2.871683,2.871683,3,1.0,0.166769,0.871683
train,103.2,104.2,1,far_center,5,2,2,2,2.810668,2.0,2,0.0,0.255927,0.0
train,103.2,104.2,2,far_right,2,2,2,3,2.03867,2.0,2,0.0,0.152624,1.0
train,103.2,104.2,3,near_left,4,4,4,4,4.075857,4.0,4,0.0,0.200153,0.0
train,103.2,104.2,4,near_center,1,4,4,4,3.495813,4.0,4,0.0,0.173232,0.0
train,103.2,104.2,5,near_right,4,3,3,3,3.185103,3.0,3,0.0,0.168049,0.0
train,103.4,104.4,0,far_left,2,3,3,2,2.874837,2.874837,3,1.0,0.16188,0.874837
train,103.4,104.4,1,far_center,5,2,2,2,2.829231,2.0,2,0.0,0.258803,0.0
train,103.4,104.4,2,far_right,2,2,2,3,2.033474,2.0,2,0.0,0.156477,1.0
train,103.4,104.4,3,near_left,4,4,4,4,4.076279,4.0,4,0.0,0.203356,0.0
train,103.4,104.4,4,near_center,2,4,4,3,3.624108,4.0,4,0.0,0.175982,1.0
train,103.4,104.4,5,near_right,3,3,3,2,3.03009,3.0,3,0.0,0.165383,1.0
train,103.6,104.6,0,far_left,2,3,3,2,2.872461,2.872461,3,1.0,0.149998,0.872461
train,103.6,104.6,1,far_center,5,2,2,2,2.879831,2.0,2,0.0,0.266095,0.0
train,103.6,104.6,2,far_right,3,3,3,5,2.954666,3.0,3,0.0,0.160852,2.0
train,103.6,104.6,3,near_left,4,4,4,4,4.082644,4.0,4,0.0,0.230643,0.0
train,103.6,104.6,4,near_center,2,4,4,3,3.630883,4.0,4,0.0,0.177633,1.0
train,103.6,104.6,5,near_right,3,3,3,2,3.038023,3.0,3,0.0,0.16095,1.0
train,103.8,104.8,0,far_left,2,3,3,2,2.878752,2.878752,3,1.0,0.153639,0.878752
train,103.8,104.8,1,far_center,5,2,2,3,2.896232,2.0,2,0.0,0.273882,1.0
train,103.8,104.8,2,far_right,3,3,3,5,2.975426,3.0,3,0.0,0.1465,2.0
train,103.8,104.8,3,near_left,4,4,4,5,4.076487,4.0,4,0.0,0.239747,1.0
train,103.8,104.8,4,near_center,2,4,4,3,3.628662,4.0,4,0.0,0.175594,1.0
train,103.8,104.8,5,near_right,3,3,3,2,3.041932,3.0,3,0.0,0.168957,1.0
train,104.0,105.0,0,far_left,2,2,2,2,2.074224,2.074224,2,1.0,0.16292,0.074224
train,104.0,105.0,1,far_center,3,3,3,3,2.690325,3.0,3,0.0,0.374021,0.0
train,104.0,105.0,2,far_right,3,3,3,5,2.935554,3.0,3,0.0,0.171398,2.0
train,104.0,105.0,3,near_left,4,4,4,5,4.043303,4.0,4,0.0,0.227711,1.0
train,104.0,105.0,4,near_center,4,4,4,3,3.872879,4.0,4,0.0,0.235409,1.0
train,104.0,105.0,5,near_right,3,3,3,2,3.056981,3.0,3,0.0,0.162914,1.0
train,104.2,105.2,0,far_left,2,2,2,2,2.055827,2.055827,2,1.0,0.164823,0.055827
train,104.2,105.2,1,far_center,2,2,2,2,2.112614,2.0,2,0.0,0.303144,0.0
train,104.2,105.2,2,far_right,3,2,2,5,2.18207,2.0,2,0.0,0.135746,3.0
train,104.2,105.2,3,near_left,4,4,4,5,4.068437,4.0,4,0.0,0.214584,1.0
train,104.2,105.2,4,near_center,4,4,4,3,3.367705,4.0,4,0.0,0.367562,1.0
train,104.2,105.2,5,near_right,3,4,4,3,3.528881,4.0,4,0.0,0.266201,1.0
train,104.4,105.4,0,far_left,2,2,2,2,2.045661,2.045661,2,1.0,0.172637,0.045661
train,104.4,105.4,1,far_center,2,2,2,2,2.058119,2.0,2,0.0,0.280724,0.0
train,104.4,105.4,2,far_right,3,2,2,4,2.129662,2.0,2,0.0,0.133262,2.0
train,104.4,105.4,3,near_left,4,4,4,5,4.042701,4.0,4,0.0,0.199466,1.0
train,104.4,105.4,4,near_center,3,3,3,3,2.997145,3.0,3,0.0,0.238784,0.0
train,104.4,105.4,5,near_right,2,3,3,3,2.876214,3.0,3,0.0,0.195716,0.0
train,104.6,105.6,0,far_left,2,1,1,2,1.242339,1.242339,1,1.0,0.189778,0.757661
train,104.6,105.6,1,far_center,2,3,3,2,2.838369,3.0,3,0.0,0.262037,1.0
train,104.6,105.6,2,far_right,5,4,4,4,3.722436,4.0,4,0.0,0.362797,0.0
train,104.6,105.6,3,near_left,4,4,4,5,4.044209,4.0,4,0.0,0.178585,1.0
train,104.6,105.6,4,near_center,3,3,3,3,3.029166,3.0,3,0.0,0.217832,0.0
train,104.6,105.6,5,near_right,2,3,3,3,2.90494,3.0,3,0.0,0.162856,0.0
train,104.8,105.8,0,far_left,2,1,1,2,1.277944,1.277944,1,1.0,0.196166,0.722056
train,104.8,105.8,1,far_center,3,4,4,2,3.715248,4.0,4,0.0,0.266192,2.0
train,104.8,105.8,2,far_right,5,4,3,3,3.991758,4.0,4,0.0,0.276208,1.0
train,104.8,105.8,3,near_left,5,5,5,5,4.967263,5.0,5,0.0,0.197642,0.0
train,104.8,105.8,4,near_center,3,3,3,3,3.045123,3.0,3,0.0,0.207766,0.0
train,104.8,105.8,5,near_right,2,3,4,4,2.89995,3.0,3,0.0,0.153895,1.0
train,105.0,106.0,0,far_left,2,1,1,2,1.289755,1.289755,1,1.0,0.200673,0.710245
train,105.0,106.0,1,far_center,3,4,4,2,3.009683,4.0,4,0.0,0.411524,2.0
train,105.0,106.0,2,far_right,5,4,4,4,3.950929,4.0,4,0.0,0.282889,0.0
train,105.0,106.0,3,near_left,5,5,5,5,5.050732,5.0,5,0.0,0.196999,0.0
train,105.0,106.0,4,near_center,3,3,3,3,3.057028,3.0,3,0.0,0.212178,0.0
train,105.0,106.0,5,near_right,2,3,3,3,2.911218,3.0,3,0.0,0.153321,0.0
train,105.2,106.2,0,far_left,2,2,2,2,1.955858,1.955858,2,1.0,0.191537,0.044142
train,105.2,106.2,1,far_center,2,2,2,2,2.147982,2.0,2,0.0,0.304304,0.0
train,105.2,106.2,2,far_right,5,5,4,3,4.332376,5.0,5,0.0,0.361478,2.0
train,105.2,106.2,3,near_left,5,5,5,4,5.037213,5.0,5,0.0,0.191261,1.0
train,105.2,106.2,4,near_center,3,3,3,3,3.02147,3.0,3,0.0,0.205218,0.0
train,105.2,106.2,5,near_right,3,3,4,4,3.054907,3.0,3,0.0,0.149853,1.0
train,105.4,106.4,0,far_left,2,2,2,2,2.040299,2.040299,2,1.0,0.184564,0.040299
train,105.4,106.4,1,far_center,2,2,2,2,2.088295,2.0,2,0.0,0.274673,0.0
train,105.4,106.4,2,far_right,4,4,3,3,3.901894,4.0,4,0.0,0.217172,1.0
train,105.4,106.4,3,near_left,5,5,5,4,5.039489,5.0,5,0.0,0.187332,1.0
train,105.4,106.4,4,near_center,3,3,3,3,2.99477,3.0,3,0.0,0.204669,0.0
train,105.4,106.4,5,near_right,3,3,4,4,3.05068,3.0,3,0.0,0.162901,1.0
train,105.6,106.6,0,far_left,2,2,2,2,2.049311,2.049311,2,1.0,0.181574,0.049311
train,105.6,106.6,1,far_center,2,2,2,2,2.065893,2.0,2,0.0,0.259558,0.0
train,105.6,106.6,2,far_right,4,3,3,3,3.139846,3.0,3,0.0,0.144844,0.0
train,105.6,106.6,3,near_left,5,5,5,5,5.031964,5.0,5,0.0,0.191168,0.0
train,105.6,106.6,4,near_center,3,3,3,3,2.999426,3.0,3,0.0,0.211735,0.0
train,105.6,106.6,5,near_right,3,4,4,4,3.873527,4.0,4,0.0,0.160721,0.0
train,105.8,106.8,0,far_left,2,2,2,2,2.047997,2.047997,2,1.0,0.173764,0.047997
train,105.8,106.8,1,far_center,2,1,1,1,1.331832,1.0,1,0.0,0.258073,0.0
train,105.8,106.8,2,far_right,3,3,3,3,3.012257,3.0,3,0.0,0.096018,0.0
train,105.8,106.8,3,near_left,5,5,5,4,5.025423,5.0,5,0.0,0.197504,1.0
train,105.8,106.8,4,near_center,3,4,4,4,3.789943,4.0,4,0.0,0.209183,0.0
train,105.8,106.8,5,near_right,4,4,4,4,4.013169,4.0,4,0.0,0.170201,0.0
train,106.0,107.0,0,far_left,2,2,2,2,2.067636,2.067636,2,1.0,0.17406,0.067636
train,106.0,107.0,1,far_center,2,1,1,1,1.344309,1.0,1,0.0,0.258236,0.0
train,106.0,107.0,2,far_right,4,3,4,3,3.077552,3.0,3,0.0,0.089541,0.0
train,106.0,107.0,3,near_left,5,5,5,4,4.789954,5.0,5,0.0,0.297868,1.0
train,106.0,107.0,4,near_center,3,5,4,4,4.624632,5.0,5,0.0,0.19377,1.0
train,106.0,107.0,5,near_right,3,3,3,5,3.077305,3.0,3,0.0,0.179006,2.0
train,106.2,107.2,0,far_left,2,2,2,2,2.045907,2.045907,2,1.0,0.180526,0.045907
train,106.2,107.2,1,far_center,2,1,1,1,1.313847,1.0,1,0.0,0.257929,0.0
train,106.2,107.2,2,far_right,3,3,2,2,3.015999,3.0,3,0.0,0.080799,1.0
train,106.2,107.2,3,near_left,4,4,4,5,4.166899,4.0,4,0.0,0.242724,1.0
train,106.2,107.2,4,near_center,3,4,4,4,3.802564,4.0,4,0.0,0.20297,0.0
train,106.2,107.2,5,near_right,4,4,5,6,4.038238,4.0,4,0.0,0.176991,2.0
train,106.4,107.4,0,far_left,2,2,2,2,2.042954,2.042954,2,1.0,0.182882,0.042954
train,106.4,107.4,1,far_center,2,1,1,1,1.304018,1.0,1,0.0,0.259318,0.0
train,106.4,107.4,2,far_right,3,2,2,2,2.124346,2.0,2,0.0,0.095097,0.0
train,106.4,107.4,3,near_left,4,4,4,5,4.09892,4.0,4,0.0,0.204037,1.0
train,106.4,107.4,4,near_center,3,4,4,4,3.792058,4.0,4,0.0,0.216374,0.0
train,106.4,107.4,5,near_right,4,5,5,5,4.857664,5.0,5,0.0,0.177121,0.0
train,106.6,107.6,0,far_left,2,2,2,2,2.065597,2.065597,2,1.0,0.174367,0.065597
train,106.6,107.6,1,far_center,2,1,1,1,1.312482,1.0,1,0.0,0.261851,0.0
train,106.6,107.6,2,far_right,3,2,2,2,2.135235,2.0,2,0.0,0.107807,0.0
train,106.6,107.6,3,near_left,5,5,5,5,4.594789,5.0,5,0.0,0.387669,0.0
train,106.6,107.6,4,near_center,3,3,3,4,3.047721,3.0,3,0.0,0.226522,1.0
train,106.6,107.6,5,near_right,4,6,6,5,5.69278,6.0,6,0.0,0.168872,1.0
train,106.8,107.8,0,far_left,2,2,2,2,2.049892,2.049892,2,1.0,0.189267,0.049892
train,106.8,107.8,1,far_center,1,1,1,1,1.043128,1.0,1,0.0,0.240181,0.0
train,106.8,107.8,2,far_right,3,2,1,1,2.157181,2.0,2,0.0,0.127114,1.0
train,106.8,107.8,3,near_left,4,4,4,5,4.195068,4.0,4,0.0,0.284334,1.0
train,106.8,107.8,4,near_center,4,3,3,4,3.233652,3.0,3,0.0,0.245012,1.0
train,106.8,107.8,5,near_right,4,6,7,6,5.696853,6.0,6,0.0,0.16412,0.0
train,107.0,108.0,0,far_left,2,2,2,2,2.043669,2.043669,2,1.0,0.194059,0.043669
train,107.0,108.0,1,far_center,1,1,1,1,1.067242,1.0,1,0.0,0.234403,0.0
train,107.0,108.0,2,far_right,3,2,2,1,2.133915,2.0,2,0.0,0.146458,1.0
train,107.0,108.0,3,near_left,4,4,4,5,4.103396,4.0,4,0.0,0.219781,1.0
train,107.0,108.0,4,near_center,4,4,4,4,3.977033,4.0,4,0.0,0.252468,0.0
train,107.0,108.0,5,near_right,5,6,6,6,5.842822,6.0,6,0.0,0.171335,0.0
train,107.2,108.2,0,far_left,2,1,1,1,1.268871,1.268871,1,1.0,0.20072,0.268871
train,107.2,108.2,1,far_center,1,1,1,1,1.075037,1.0,1,0.0,0.236338,0.0
train,107.2,108.2,2,far_right,2,2,2,2,2.014939,2.0,2,0.0,0.127044,0.0
train,107.2,108.2,3,near_left,5,6,6,5,5.678803,6.0,6,0.0,0.248599,1.0
train,107.2,108.2,4,near_center,4,4,4,3,4.008462,4.0,4,0.0,0.248888,1.0
train,107.2,108.2,5,near_right,6,6,6,6,5.931823,6.0,6,0.0,0.210307,0.0
train,107.4,108.4,0,far_left,2,1,1,0,1.256088,1.256088,1,1.0,0.205649,1.256088
train,107.4,108.4,1,far_center,1,1,1,1,1.059341,1.0,1,0.0,0.239226,0.0
train,107.4,108.4,2,far_right,2,1,1,1,1.141689,1.0,1,0.0,0.132608,0.0
train,107.4,108.4,3,near_left,5,6,6,5,5.849177,6.0,6,0.0,0.212364,1.0
train,107.4,108.4,4,near_center,4,3,3,3,3.245712,3.0,3,0.0,0.254937,0.0
train,107.4,108.4,5,near_right,5,7,7,7,6.678367,7.0,7,0.0,0.183785,0.0
train,107.6,108.6,0,far_left,2,1,1,0,1.262639,1.262639,1,1.0,0.210929,1.262639
train,107.6,108.6,1,far_center,1,1,1,1,1.057034,1.0,1,0.0,0.242101,0.0
train,107.6,108.6,2,far_right,2,1,1,1,1.160729,1.0,1,0.0,0.14305,0.0
train,107.6,108.6,3,near_left,5,6,6,5,5.856391,6.0,6,0.0,0.191889,1.0
train,107.6,108.6,4,near_center,4,4,4,4,3.978858,4.0,4,0.0,0.25691,0.0
train,107.6,108.6,5,near_right,5,6,6,6,5.832684,6.0,6,0.0,0.185939,0.0
train,107.8,108.8,0,far_left,2,1,1,1,1.044353,1.044353,1,1.0,0.287296,0.044353
train,107.8,108.8,1,far_center,1,1,1,1,1.101042,1.0,1,0.0,0.251032,0.0
train,107.8,108.8,2,far_right,1,1,1,1,1.02019,1.0,1,0.0,0.142329,0.0
train,107.8,108.8,3,near_left,5,6,6,5,5.879702,6.0,6,0.0,0.178759,1.0
train,107.8,108.8,4,near_center,4,4,4,3,3.981809,4.0,4,0.0,0.251482,1.0
train,107.8,108.8,5,near_right,6,6,6,7,5.979033,6.0,6,0.0,0.213761,1.0
train,108.0,109.0,0,far_left,2,1,1,1,1.332097,1.332097,1,1.0,0.263666,0.332097
train,108.0,109.0,1,far_center,1,1,1,1,1.072773,1.0,1,0.0,0.253579,0.0
train,108.0,109.0,2,far_right,1,2,2,1,1.866551,2.0,2,0.0,0.143093,1.0
train,108.0,109.0,3,near_left,5,6,6,5,5.437576,6.0,6,0.0,0.305913,1.0
train,108.0,109.0,4,near_center,4,3,3,3,3.290867,3.0,3,0.0,0.255778,0.0
train,108.0,109.0,5,near_right,6,6,6,8,6.019974,6.0,6,0.0,0.221739,2.0
train,108.2,109.2,0,far_left,1,1,1,1,0.479987,0.479987,0,1.0,0.520013,0.520013
train,108.2,109.2,1,far_center,1,1,1,1,1.137728,1.0,1,0.0,0.26434,0.0
train,108.2,109.2,2,far_right,2,2,2,2,1.987211,2.0,2,0.0,0.152706,0.0
train,108.2,109.2,3,near_left,5,5,5,5,5.077505,5.0,5,0.0,0.304827,0.0
train,108.2,109.2,4,near_center,3,3,3,3,3.020132,3.0,3,0.0,0.239713,0.0
train,108.2,109.2,5,near_right,6,6,6,6,6.00019,6.0,6,0.0,0.241764,0.0
train,108.4,109.4,0,far_left,0,0,0,0,0.0,0.0,0,1.0,0.286693,0.0
train,108.4,109.4,1,far_center,1,1,1,1,1.088687,1.0,1,0.0,0.258068,0.0
train,108.4,109.4,2,far_right,1,2,2,2,1.878572,2.0,2,0.0,0.147069,0.0
train,108.4,109.4,3,near_left,5,5,5,5,5.136631,5.0,5,0.0,0.259054,0.0
train,108.4,109.4,4,near_center,3,3,3,3,2.988573,3.0,3,0.0,0.236198,0.0
train,108.4,109.4,5,near_right,7,6,6,6,6.219336,6.0,6,0.0,0.227676,0.0
train,108.6,109.6,0,far_left,0,0,0,0,0.051446,0.051446,0,1.0,0.191481,0.051446
train,108.6,109.6,1,far_center,1,1,1,1,1.070674,1.0,1,0.0,0.25752,0.0
train,108.6,109.6,2,far_right,1,2,2,1,1.876673,2.0,2,0.0,0.153979,1.0
train,108.6,109.6,3,near_left,5,5,5,6,5.112277,5.0,5,0.0,0.239901,1.0
train,108.6,109.6,4,near_center,4,3,3,3,3.217836,3.0,3,0.0,0.240766,0.0
train,108.6,109.6,5,near_right,6,6,6,8,6.022615,6.0,6,0.0,0.209986,2.0
train,108.8,109.8,0,far_left,1,1,1,0,1.028601,1.028601,1,1.0,0.147286,1.028601
train,108.8,109.8,1,far_center,1,1,1,1,1.076219,1.0,1,0.0,0.259797,0.0
train,108.8,109.8,2,far_right,1,2,2,1,1.870572,2.0,2,0.0,0.147711,1.0
train,108.8,109.8,3,near_left,5,5,5,5,5.037362,5.0,5,0.0,0.28533,0.0
train,108.8,109.8,4,near_center,3,3,3,3,3.008955,3.0,3,0.0,0.240868,0.0
train,108.8,109.8,5,near_right,7,6,6,8,6.200771,6.0,6,0.0,0.205944,2.0
train,109.0,110.0,0,far_left,1,1,1,0,1.093428,1.093428,1,1.0,0.135374,1.093428
train,109.0,110.0,1,far_center,1,1,1,1,1.061571,1.0,1,0.0,0.265279,0.0
train,109.0,110.0,2,far_right,1,1,1,1,1.05051,1.0,1,0.0,0.15049,0.0
train,109.0,110.0,3,near_left,5,5,5,5,4.875124,5.0,5,0.0,0.344434,0.0
train,109.0,110.0,4,near_center,3,3,3,3,3.053907,3.0,3,0.0,0.23651,0.0
train,109.0,110.0,5,near_right,8,8,8,7,7.682992,8.0,8,0.0,0.29494,1.0
train,109.2,110.2,0,far_left,1,1,1,0,0.616956,0.616956,1,1.0,0.383044,0.616956
train,109.2,110.2,1,far_center,1,1,1,1,1.105943,1.0,1,0.0,0.27307,0.0
train,109.2,110.2,2,far_right,2,1,1,1,1.193644,1.0,1,0.0,0.161057,0.0
train,109.2,110.2,3,near_left,5,5,5,5,4.986046,5.0,5,0.0,0.340436,0.0
train,109.2,110.2,4,near_center,3,3,3,3,3.026728,3.0,3,0.0,0.229564,0.0
train,109.2,110.2,5,near_right,6,7,7,8,6.743598,7.0,7,0.0,0.250487,1.0
train,109.4,110.4,0,far_left,0,0,0,0,0.062684,0.062684,0,1.0,0.201493,0.062684
train,109.4,110.4,1,far_center,1,1,1,1,1.065807,1.0,1,0.0,0.26713,0.0
train,109.4,110.4,2,far_right,2,1,1,1,1.226566,1.0,1,0.0,0.179241,0.0
train,109.4,110.4,3,near_left,5,5,5,5,5.106928,5.0,5,0.0,0.269044,0.0
train,109.4,110.4,4,near_center,3,3,3,3,3.00736,3.0,3,0.0,0.239725,0.0
train,109.4,110.4,5,near_right,6,7,7,8,6.759183,7.0,7,0.0,0.20685,1.0
train,109.6,110.6,0,far_left,0,0,0,0,0.090679,0.090679,0,1.0,0.14471,0.090679
train,109.6,110.6,1,far_center,1,1,1,1,1.075346,1.0,1,0.0,0.275266,0.0
train,109.6,110.6,2,far_right,1,1,1,1,1.057398,1.0,1,0.0,0.171663,0.0
train,109.6,110.6,3,near_left,6,6,6,5,5.501777,6.0,6,0.0,0.423846,1.0
train,109.6,110.6,4,near_center,3,3,3,3,3.088552,3.0,3,0.0,0.228005,0.0
train,109.6,110.6,5,near_right,8,8,8,8,7.150153,8.0,8,0.0,0.452794,0.0
train,109.8,110.8,0,far_left,0,0,0,1,0.065111,0.065111,0,1.0,0.125569,0.934889
train,109.8,110.8,1,far_center,1,1,1,1,1.055028,1.0,1,0.0,0.279927,0.0
train,109.8,110.8,2,far_right,1,1,1,1,1.043046,1.0,1,0.0,0.17008,0.0
train,109.8,110.8,3,near_left,5,5,5,5,5.29871,5.0,5,0.0,0.35373,0.0
train,109.8,110.8,4,near_center,3,3,3,3,3.041726,3.0,3,0.0,0.216477,0.0
train,109.8,110.8,5,near_right,8,8,8,8,7.239816,8.0,8,0.0,0.449708,0.0
train,110.0,111.0,0,far_left,0,0,0,1,0.053796,0.053796,0,1.0,0.116888,0.946204
train,110.0,111.0,1,far_center,1,1,1,1,1.055043,1.0,1,0.0,0.283888,0.0
train,110.0,111.0,2,far_right,1,1,1,1,1.011895,1.0,1,0.0,0.168532,0.0
train,110.0,111.0,3,near_left,5,5,5,5,5.152034,5.0,5,0.0,0.30148,0.0
train,110.0,111.0,4,near_center,3,3,3,3,3.008775,3.0,3,0.0,0.216096,0.0
train,110.0,111.0,5,near_right,7,7,7,8,6.932038,7.0,7,0.0,0.330905,1.0
train,110.2,111.2,0,far_left,0,0,0,1,0.04205,0.04205,0,1.0,0.109748,0.95795
train,110.2,111.2,1,far_center,1,1,1,1,1.070637,1.0,1,0.0,0.288431,0.0
train,110.2,111.2,2,far_right,1,1,1,1,1.01977,1.0,1,0.0,0.176552,0.0
train,110.2,111.2,3,near_left,5,5,5,5,5.174086,5.0,5,0.0,0.278747,0.0
train,110.2,111.2,4,near_center,3,3,3,3,3.02511,3.0,3,0.0,0.216984,0.0
train,110.2,111.2,5,near_right,8,8,8,8,7.516976,8.0,8,0.0,0.373965,0.0
train,110.4,111.4,0,far_left,0,0,0,1,0.035522,0.035522,0,1.0,0.10609,0.964478
train,110.4,111.4,1,far_center,1,1,1,1,1.068537,1.0,1,0.0,0.292432,0.0
train,110.4,111.4,2,far_right,1,1,1,1,1.009399,1.0,1,0.0,0.180716,0.0
train,110.4,111.4,3,near_left,5,5,5,4,5.145205,5.0,5,0.0,0.261628,1.0
train,110.4,111.4,4,near_center,3,3,4,4,3.014142,3.0,3,0.0,0.21871,1.0
train,110.4,111.4,5,near_right,8,8,7,8,7.715112,8.0,8,0.0,0.321957,0.0
train,110.6,111.6,0,far_left,0,0,0,1,0.028598,0.028598,0,1.0,0.102843,0.971402
train,110.6,111.6,1,far_center,1,1,1,1,1.067459,1.0,1,0.0,0.296955,0.0
train,110.6,111.6,2,far_right,1,1,1,1,1.005554,1.0,1,0.0,0.174361,0.0
train,110.6,111.6,3,near_left,5,5,6,4,5.155262,5.0,5,0.0,0.258785,1.0
train,110.6,111.6,4,near_center,3,4,3,4,3.789291,4.0,4,0.0,0.206864,0.0
train,110.6,111.6,5,near_right,8,7,7,7,7.201816,7.0,7,0.0,0.285949,0.0
train,110.8,111.8,0,far_left,1,1,1,1,1.021085,1.021085,1,1.0,0.11417,0.021085
train,110.8,111.8,1,far_center,1,1,1,1,1.054766,1.0,1,0.0,0.295073,0.0
train,110.8,111.8,2,far_right,1,1,1,1,1.010208,1.0,1,0.0,0.17046,0.0
train,110.8,111.8,3,near_left,5,4,6,4,4.385334,4.0,4,0.0,0.233962,0.0
train,110.8,111.8,4,near_center,3,5,3,4,4.60156,5.0,5,0.0,0.194873,1.0
train,110.8,111.8,5,near_right,8,7,7,8,7.251521,7.0,7,0.0,0.275428,1.0
train,111.0,112.0,0,far_left,1,1,1,1,1.033057,1.033057,1,1.0,0.136061,0.033057
train,111.0,112.0,1,far_center,1,1,1,1,1.055388,1.0,1,0.0,0.2898,0.0
train,111.0,112.0,2,far_right,1,1,1,1,1.021767,1.0,1,0.0,0.17081,0.0
train,111.0,112.0,3,near_left,5,5,6,4,5.092012,5.0,5,0.0,0.194732,1.0
train,111.0,112.0,4,near_center,3,4,3,3,3.802749,4.0,4,0.0,0.194526,1.0
train,111.0,112.0,5,near_right,8,7,7,8,7.186473,7.0,7,0.0,0.274942,1.0
train,111.2,112.2,0,far_left,1,2,2,2,1.887496,1.887496,2,1.0,0.157772,0.112504
train,111.2,112.2,1,far_center,1,1,1,1,1.050186,1.0,1,0.0,0.284709,0.0
train,111.2,112.2,2,far_right,1,1,1,1,1.028171,1.0,1,0.0,0.166679,0.0
train,111.2,112.2,3,near_left,5,3,5,3,3.485064,3.0,3,0.0,0.194369,0.0
train,111.2,112.2,4,near_center,3,5,3,3,4.620899,5.0,5,0.0,0.189834,2.0
train,111.2,112.2,5,near_right,8,7,7,7,7.17345,7.0,7,0.0,0.267307,0.0
train,111.4,112.4,0,far_left,1,2,2,3,1.872368,1.872368,2,1.0,0.179747,1.127632
train,111.4,112.4,1,far_center,1,1,1,1,1.05036,1.0,1,0.0,0.28268,0.0
train,111.4,112.4,2,far_right,1,1,1,1,1.062292,1.0,1,0.0,0.163493,0.0
train,111.4,112.4,3,near_left,4,3,4,3,3.31269,3.0,3,0.0,0.180263,0.0
train,111.4,112.4,4,near_center,4,4,3,3,4.017755,4.0,4,0.0,0.194746,1.0
train,111.4,112.4,5,near_right,8,8,8,6,7.027679,8.0,8,0.0,0.479889,2.0
train,111.6,112.6,0,far_left,1,2,2,3,1.851339,1.851339,2,1.0,0.199928,1.148661
train,111.6,112.6,1,far_center,1,1,1,1,1.043579,1.0,1,0.0,0.283177,0.0
train,111.6,112.6,2,far_right,1,1,1,1,1.03428,1.0,1,0.0,0.169475,0.0
train,111.6,112.6,3,near_left,4,3,4,3,3.270741,3.0,3,0.0,0.172573,0.0
train,111.6,112.6,4,near_center,4,4,3,3,3.977838,4.0,4,0.0,0.196831,1.0
train,111.6,112.6,5,near_right,7,7,7,6,6.850194,7.0,7,0.0,0.322366,1.0
train,111.8,112.8,0,far_left,1,2,2,3,1.834009,1.834009,2,1.0,0.214138,1.165991
train,111.8,112.8,1,far_center,1,1,1,1,1.098296,1.0,1,0.0,0.281692,0.0
train,111.8,112.8,2,far_right,1,1,1,1,1.051685,1.0,1,0.0,0.167477,0.0
train,111.8,112.8,3,near_left,4,3,4,3,3.277751,3.0,3,0.0,0.164545,0.0
train,111.8,112.8,4,near_center,4,4,3,2,3.591012,4.0,4,0.0,0.325761,2.0
train,111.8,112.8,5,near_right,8,8,8,6,7.27713,8.0,8,0.0,0.44918,2.0
train,112.0,113.0,0,far_left,1,2,2,3,1.82037,1.82037,2,1.0,0.225621,1.17963
train,112.0,113.0,1,far_center,1,1,1,1,1.061034,1.0,1,0.0,0.287887,0.0
train,112.0,113.0,2,far_right,1,1,1,1,1.031298,1.0,1,0.0,0.171931,0.0
train,112.0,113.0,3,near_left,4,3,3,3,3.260667,3.0,3,0.0,0.169249,0.0
train,112.0,113.0,4,near_center,3,3,3,1,3.029529,3.0,3,0.0,0.20791,2.0
train,112.0,113.0,5,near_right,8,8,8,6,7.420609,8.0,8,0.0,0.387018,2.0
train,112.2,113.2,0,far_left,2,2,2,3,2.052015,2.052015,2,1.0,0.2274,0.947985
train,112.2,113.2,1,far_center,1,1,1,1,1.038166,1.0,1,0.0,0.28999,0.0
train,112.2,113.2,2,far_right,1,1,1,1,1.031531,1.0,1,0.0,0.171368,0.0
train,112.2,113.2,3,near_left,3,3,3,3,3.078454,3.0,3,0.0,0.171659,0.0
train,112.2,113.2,4,near_center,3,3,3,1,3.015883,3.0,3,0.0,0.158996,2.0
train,112.2,113.2,5,near_right,7,7,7,6,6.667391,7.0,7,0.0,0.339437,1.0
train,112.4,113.4,0,far_left,3,3,3,3,2.995491,2.995491,3,1.0,0.233086,0.004509
train,112.4,113.4,1,far_center,1,1,1,1,1.045002,1.0,1,0.0,0.290036,0.0
train,112.4,113.4,2,far_right,1,2,2,1,1.84417,2.0,2,0.0,0.172467,1.0
train,112.4,113.4,3,near_left,3,3,3,3,3.065149,3.0,3,0.0,0.168894,0.0
train,112.4,113.4,4,near_center,3,3,3,1,2.992816,3.0,3,0.0,0.156895,2.0
train,112.4,113.4,5,near_right,6,5,5,6,5.421401,5.0,5,0.0,0.303218,1.0
train,112.6,113.6,0,far_left,3,3,3,3,3.041262,3.041262,3,1.0,0.245403,0.041262
train,112.6,113.6,1,far_center,1,1,1,1,1.070975,1.0,1,0.0,0.290329,0.0
train,112.6,113.6,2,far_right,1,2,2,1,1.840929,2.0,2,0.0,0.172653,1.0
train,112.6,113.6,3,near_left,3,3,3,3,3.077227,3.0,3,0.0,0.179997,0.0
train,112.6,113.6,4,near_center,3,3,3,1,2.898459,3.0,3,0.0,0.177739,2.0
train,112.6,113.6,5,near_right,6,5,5,6,5.398746,5.0,5,0.0,0.294221,1.0
train,112.8,113.8,0,far_left,3,3,3,4,3.039512,3.039512,3,1.0,0.247635,0.960488
train,112.8,113.8,1,far_center,1,1,1,1,1.123554,1.0,1,0.0,0.291662,0.0
train,112.8,113.8,2,far_right,1,2,2,1,1.841908,2.0,2,0.0,0.174399,1.0
train,112.8,113.8,3,near_left,3,3,3,3,3.109963,3.0,3,0.0,0.177048,0.0
train,112.8,113.8,4,near_center,2,2,2,1,1.163506,2.0,2,0.0,0.418247,1.0
train,112.8,113.8,5,near_right,6,5,5,6,5.394735,5.0,5,0.0,0.278209,1.0
train,113.0,114.0,0,far_left,3,3,3,3,3.057168,3.057168,3,1.0,0.267292,0.057168
train,113.0,114.0,1,far_center,1,1,1,1,1.045993,1.0,1,0.0,0.285545,0.0
train,113.0,114.0,2,far_right,1,1,1,1,1.01454,1.0,1,0.0,0.173428,0.0
train,113.0,114.0,3,near_left,3,3,3,3,3.069915,3.0,3,0.0,0.1733,0.0
train,113.0,114.0,4,near_center,1,2,2,1,1.768123,2.0,2,0.0,0.24166,1.0
train,113.0,114.0,5,near_right,6,5,5,6,5.293654,5.0,5,0.0,0.270743,1.0
train,113.2,114.2,0,far_left,3,3,2,4,3.057698,3.057698,3,1.0,0.276754,0.942302
train,113.2,114.2,1,far_center,1,1,2,2,1.030196,1.0,1,0.0,0.285123,1.0
train,113.2,114.2,2,far_right,1,1,1,1,1.013819,1.0,1,0.0,0.167407,0.0
train,113.2,114.2,3,near_left,3,3,3,3,3.059082,3.0,3,0.0,0.169336,0.0
train,113.2,114.2,4,near_center,1,2,2,1,1.876519,2.0,2,0.0,0.198969,1.0
train,113.2,114.2,5,near_right,6,5,5,6,5.246219,5.0,5,0.0,0.267975,1.0
train,113.4,114.4,0,far_left,3,3,3,3,3.052228,3.052228,3,1.0,0.267172,0.052228
train,113.4,114.4,1,far_center,1,1,1,1,1.039703,1.0,1,0.0,0.285212,0.0
train,113.4,114.4,2,far_right,1,1,1,1,1.012672,1.0,1,0.0,0.168676,0.0
train,113.4,114.4,3,near_left,3,3,3,3,3.05938,3.0,3,0.0,0.168561,0.0
train,113.4,114.4,4,near_center,1,2,2,2,1.871609,2.0,2,0.0,0.194185,0.0
train,113.4,114.4,5,near_right,6,5,5,5,5.240102,5.0,5,0.0,0.268211,0.0
train,113.6,114.6,0,far_left,3,3,3,4,3.05561,3.05561,3,1.0,0.278044,0.94439
train,113.6,114.6,1,far_center,1,1,1,1,1.037089,1.0,1,0.0,0.283861,0.0
train,113.6,114.6,2,far_right,1,1,1,1,1.009055,1.0,1,0.0,0.16957,0.0
train,113.6,114.6,3,near_left,3,3,3,3,3.058628,3.0,3,0.0,0.167546,0.0
train,113.6,114.6,4,near_center,1,2,2,2,1.855925,2.0,2,0.0,0.194559,0.0
train,113.6,114.6,5,near_right,6,5,5,5,5.256393,5.0,5,0.0,0.273025,0.0
train,113.8,114.8,0,far_left,4,4,4,5,3.945314,3.945314,4,1.0,0.291877,1.054686
train,113.8,114.8,1,far_center,1,1,1,1,1.054268,1.0,1,0.0,0.282636,0.0
train,113.8,114.8,2,far_right,1,1,1,1,1.009166,1.0,1,0.0,0.167692,0.0
train,113.8,114.8,3,near_left,3,3,3,3,3.062356,3.0,3,0.0,0.160437,0.0
train,113.8,114.8,4,near_center,1,2,2,2,1.848885,2.0,2,0.0,0.195026,0.0
train,113.8,114.8,5,near_right,6,5,5,3,5.259748,5.0,5,0.0,0.279441,2.0
train,114.0,115.0,0,far_left,3,3,3,4,3.070065,3.070065,3,1.0,0.295321,0.929935
train,114.0,115.0,1,far_center,1,1,1,2,1.030763,1.0,1,0.0,0.278685,1.0
train,114.0,115.0,2,far_right,1,1,1,1,1.012238,1.0,1,0.0,0.167761,0.0
train,114.0,115.0,3,near_left,3,3,3,3,3.061449,3.0,3,0.0,0.167404,0.0
train,114.0,115.0,4,near_center,1,2,2,2,1.842828,2.0,2,0.0,0.190431,0.0
train,114.0,115.0,5,near_right,6,5,5,1,5.262216,5.0,5,0.0,0.284522,4.0
train,114.2,115.2,0,far_left,4,3,3,4,3.309821,3.309821,3,1.0,0.281084,0.690179
train,114.2,115.2,1,far_center,2,3,3,2,2.357636,3.0,3,0.0,0.353638,1.0
train,114.2,115.2,2,far_right,1,1,1,2,1.03705,1.0,1,0.0,0.158787,1.0
train,114.2,115.2,3,near_left,3,3,3,4,3.069247,3.0,3,0.0,0.16259,1.0
train,114.2,115.2,4,near_center,1,2,2,2,1.870241,2.0,2,0.0,0.177744,0.0
train,114.2,115.2,5,near_right,6,5,5,1,5.26542,5.0,5,0.0,0.290138,4.0
train,114.4,115.4,0,far_left,3,2,2,6,2.380934,2.380934,2,1.0,0.291908,3.619066
train,114.4,115.4,1,far_center,1,2,2,2,1.730267,2.0,2,0.0,0.31123,0.0
train,114.4,115.4,2,far_right,1,1,1,2,1.034909,1.0,1,0.0,0.163843,1.0
train,114.4,115.4,3,near_left,3,3,3,4,3.063978,3.0,3,0.0,0.160939,1.0
train,114.4,115.4,4,near_center,2,2,2,2,2.012519,2.0,2,0.0,0.180613,0.0
train,114.4,115.4,5,near_right,5,5,5,1,4.832736,5.0,5,0.0,0.303977,4.0
train,114.6,115.6,0,far_left,4,3,3,5,3.304177,3.304177,3,1.0,0.294203,1.695823
train,114.6,115.6,1,far_center,1,2,2,2,1.77696,2.0,2,0.0,0.290064,0.0
train,114.6,115.6,2,far_right,1,2,2,2,1.903824,2.0,2,0.0,0.158261,0.0
train,114.6,115.6,3,near_left,3,3,3,3,3.064407,3.0,3,0.0,0.151565,0.0
train,114.6,115.6,4,near_center,2,2,2,2,2.043688,2.0,2,0.0,0.185536,0.0
train,114.6,115.6,5,near_right,5,4,4,1,3.099759,4.0,4,0.0,0.623901,3.0
train,114.8,115.8,0,far_left,5,4,4,5,4.243381,4.243381,4,1.0,0.317133,0.756619
train,114.8,115.8,1,far_center,1,2,2,2,1.775388,2.0,2,0.0,0.280555,0.0
train,114.8,115.8,2,far_right,1,2,2,2,1.915845,2.0,2,0.0,0.163307,0.0
train,114.8,115.8,3,near_left,3,3,3,3,3.064384,3.0,3,0.0,0.150202,0.0
train,114.8,115.8,4,near_center,2,2,2,1,2.057292,2.0,2,0.0,0.190341,1.0
train,114.8,115.8,5,near_right,3,2,2,0,0.907156,2.0,2,0.0,0.666618,2.0
train,115.0,116.0,0,far_left,4,4,4,5,3.963918,3.963918,4,1.0,0.285381,1.036082
train,115.0,116.0,1,far_center,2,2,2,2,2.019239,2.0,2,0.0,0.293717,0.0
train,115.0,116.0,2,far_right,1,2,2,2,1.860228,2.0,2,0.0,0.16957,0.0
train,115.0,116.0,3,near_left,3,3,3,3,3.051619,3.0,3,0.0,0.151998,0.0
train,115.0,116.0,4,near_center,2,2,2,1,2.011508,2.0,2,0.0,0.196781,1.0
train,115.0,116.0,5,near_right,1,0,0,0,0.58632,0.0,0,0.0,0.434616,0.0
train,115.2,116.2,0,far_left,4,4,4,5,3.980457,3.980457,4,1.0,0.260587,1.019543
train,115.2,116.2,1,far_center,2,2,2,2,2.043046,2.0,2,0.0,0.299529,0.0
train,115.2,116.2,2,far_right,2,2,2,2,2.022049,2.0,2,0.0,0.167799,0.0
train,115.2,116.2,3,near_left,4,4,4,3,4.000994,4.0,4,0.0,0.168511,1.0
train,115.2,116.2,4,near_center,2,2,2,1,2.018908,2.0,2,0.0,0.195343,1.0
train,115.2,116.2,5,near_right,1,1,1,0,0.926438,1.0,1,0.0,0.275111,1.0
train,115.4,116.4,0,far_left,6,6,6,4,4.577853,4.577853,5,1.0,0.598336,0.577853
train,115.4,116.4,1,far_center,2,2,2,2,2.118173,2.0,2,0.0,0.302071,0.0
train,115.4,116.4,2,far_right,2,2,2,2,2.033334,2.0,2,0.0,0.175442,0.0
train,115.4,116.4,3,near_left,4,4,4,3,4.073555,4.0,4,0.0,0.155364,1.0
train,115.4,116.4,4,near_center,2,2,2,1,1.977825,2.0,2,0.0,0.20003,1.0
train,115.4,116.4,5,near_right,1,1,1,0,0.982396,1.0,1,0.0,0.181354,1.0
train,115.6,116.6,0,far_left,5,5,5,4,4.723969,4.723969,5,1.0,0.415167,0.723969
train,115.6,116.6,1,far_center,2,2,2,2,2.141758,2.0,2,0.0,0.304465,0.0
train,115.6,116.6,2,far_right,2,2,2,2,2.06304,2.0,2,0.0,0.164781,0.0
train,115.6,116.6,3,near_left,3,3,4,2,3.116076,3.0,3,0.0,0.148346,1.0
train,115.6,116.6,4,near_center,2,2,1,1,0.966489,2.0,2,0.0,0.516756,1.0
train,115.6,116.6,5,near_right,1,1,1,0,0.448236,1.0,1,0.0,0.551764,1.0
train,115.8,116.8,0,far_left,5,5,5,4,4.592768,4.592768,5,1.0,0.376574,0.592768
train,115.8,116.8,1,far_center,2,2,2,2,2.070397,2.0,2,0.0,0.304538,0.0
train,115.8,116.8,2,far_right,2,2,2,2,2.039846,2.0,2,0.0,0.175296,0.0
train,115.8,116.8,3,near_left,3,3,3,3,3.063321,3.0,3,0.0,0.140911,0.0
train,115.8,116.8,4,near_center,1,1,1,1,0.964729,1.0,1,0.0,0.314047,0.0
train,115.8,116.8,5,near_right,0,0,0,0,0.0,0.0,0,0.0,0.276075,0.0
train,116.0,117.0,0,far_left,5,5,5,5,4.866558,4.866558,5,1.0,0.334222,0.133442
train,116.0,117.0,1,far_center,2,2,2,2,2.045708,2.0,2,0.0,0.306247,0.0
train,116.0,117.0,2,far_right,2,2,2,2,2.036316,2.0,2,0.0,0.182064,0.0
train,116.0,117.0,3,near_left,3,3,3,3,3.054701,3.0,3,0.0,0.138561,0.0
train,116.0,117.0,4,near_center,1,1,1,1,1.013291,1.0,1,0.0,0.234366,0.0
train,116.0,117.0,5,near_right,0,0,0,0,0.011028,0.0,0,0.0,0.152115,0.0
train,116.2,117.2,0,far_left,5,5,5,5,4.66964,4.66964,5,1.0,0.315712,0.33036
train,116.2,117.2,1,far_center,2,2,2,2,2.049078,2.0,2,0.0,0.30178,0.0
train,116.2,117.2,2,far_right,2,2,2,2,2.035999,2.0,2,0.0,0.181647,0.0
train,116.2,117.2,3,near_left,3,3,3,3,3.059693,3.0,3,0.0,0.13804,0.0
train,116.2,117.2,4,near_center,1,1,1,1,1.030685,1.0,1,0.0,0.22023,0.0
train,116.2,117.2,5,near_right,0,0,0,0,0.008314,0.0,0,0.0,0.10691,0.0
train,116.4,117.4,0,far_left,4,4,4,4,4.286866,4.286866,4,1.0,0.2732,0.286866
train,116.4,117.4,1,far_center,2,2,2,2,2.016124,2.0,2,0.0,0.302706,0.0
train,116.4,117.4,2,far_right,2,2,2,2,2.031873,2.0,2,0.0,0.18316,0.0
train,116.4,117.4,3,near_left,3,3,3,3,2.987987,3.0,3,0.0,0.158583,0.0
train,116.4,117.4,4,near_center,1,1,1,1,1.040253,1.0,1,0.0,0.216374,0.0
train,116.4,117.4,5,near_right,0,0,0,0,0.009511,0.0,0,0.0,0.094723,0.0
train,116.6,117.6,0,far_left,4,4,4,4,4.300591,4.300591,4,1.0,0.291324,0.300591
train,116.6,117.6,1,far_center,2,2,2,2,2.002807,2.0,2,0.0,0.303497,0.0
train,116.6,117.6,2,far_right,2,2,2,2,2.036587,2.0,2,0.0,0.187331,0.0
train,116.6,117.6,3,near_left,2,2,2,3,2.085956,2.0,2,0.0,0.160345,1.0
train,116.6,117.6,4,near_center,1,1,1,1,1.018275,1.0,1,0.0,0.215056,0.0
train,116.6,117.6,5,near_right,0,0,0,1,0.009026,0.0,0,0.0,0.092721,1.0
train,116.8,117.8,0,far_left,4,4,4,4,4.237698,4.237698,4,1.0,0.301998,0.237698
train,116.8,117.8,1,far_center,2,2,2,2,2.0091,2.0,2,0.0,0.302242,0.0
train,116.8,117.8,2,far_right,2,2,2,2,2.03769,2.0,2,0.0,0.18894,0.0
train,116.8,117.8,3,near_left,3,3,3,3,3.020375,3.0,3,0.0,0.153109,0.0
train,116.8,117.8,4,near_center,1,1,1,1,1.023004,1.0,1,0.0,0.214676,0.0
train,116.8,117.8,5,near_right,0,0,0,0,0.008953,0.0,0,0.0,0.094222,0.0
train,117.0,118.0,0,far_left,5,5,5,4,4.783234,4.783234,5,1.0,0.313648,0.783234
train,117.0,118.0,1,far_center,2,2,2,2,2.044903,2.0,2,0.0,0.302686,0.0
train,117.0,118.0,2,far_right,2,2,2,2,2.039586,2.0,2,0.0,0.190422,0.0
train,117.0,118.0,3,near_left,3,3,3,3,3.063241,3.0,3,0.0,0.148718,0.0
train,117.0,118.0,4,near_center,1,1,1,1,1.019787,1.0,1,0.0,0.219894,0.0
train,117.0,118.0,5,near_right,0,0,0,2,0.00722,0.0,0,0.0,0.099338,2.0
train,117.2,118.2,0,far_left,5,5,5,4,4.815758,4.815758,5,1.0,0.301222,0.815758
train,117.2,118.2,1,far_center,2,2,2,2,2.031212,2.0,2,0.0,0.301146,0.0
train,117.2,118.2,2,far_right,2,2,2,2,2.04447,2.0,2,0.0,0.193882,0.0
train,117.2,118.2,3,near_left,3,3,3,3,3.066252,3.0,3,0.0,0.147462,0.0
train,117.2,118.2,4,near_center,1,1,1,1,1.019522,1.0,1,0.0,0.225098,0.0
train,117.2,118.2,5,near_right,0,0,0,2,0.00593,0.0,0,0.0,0.103508,2.0
train,117.4,118.4,0,far_left,4,4,4,5,3.977767,3.977767,4,1.0,0.275469,1.022233
train,117.4,118.4,1,far_center,2,3,2,2,2.717179,3.0,3,0.0,0.29979,1.0
train,117.4,118.4,2,far_right,2,1,2,2,1.266743,1.0,1,0.0,0.207234,1.0
train,117.4,118.4,3,near_left,3,3,3,3,3.063731,3.0,3,0.0,0.150353,0.0
train,117.4,118.4,4,near_center,1,1,1,1,1.02248,1.0,1,0.0,0.232522,0.0
train,117.4,118.4,5,near_right,0,0,0,2,0.005943,0.0,0,0.0,0.105858,2.0
train,117.6,118.6,0,far_left,4,4,4,5,4.110763,4.110763,4,1.0,0.270557,0.889237
train,117.6,118.6,1,far_center,2,2,2,2,2.041087,2.0,2,0.0,0.300577,0.0
train,117.6,118.6,2,far_right,2,2,2,2,2.019552,2.0,2,0.0,0.189192,0.0
train,117.6,118.6,3,near_left,3,3,3,3,3.067432,3.0,3,0.0,0.147712,0.0
train,117.6,118.6,4,near_center,1,1,1,1,0.949357,1.0,1,0.0,0.210628,0.0
train,117.6,118.6,5,near_right,1,1,1,4,1.016749,1.0,1,0.0,0.122373,3.0
train,117.8,118.8,0,far_left,4,4,4,4,4.127309,4.127309,4,1.0,0.286492,0.127309
train,117.8,118.8,1,far_center,2,2,2,1,2.004879,2.0,2,0.0,0.300975,1.0
train,117.8,118.8,2,far_right,2,2,2,2,2.035192,2.0,2,0.0,0.195269,0.0
train,117.8,118.8,3,near_left,3,3,3,3,3.059056,3.0,3,0.0,0.151467,0.0
train,117.8,118.8,4,near_center,1,1,1,1,0.992157,1.0,1,0.0,0.213313,0.0
train,117.8,118.8,5,near_right,0,0,0,4,0.039644,0.0,0,0.0,0.130848,4.0
train,118.0,119.0,0,far_left,4,4,4,4,4.096259,4.096259,4,1.0,0.297049,0.096259
train,118.0,119.0,1,far_center,2,2,2,1,2.00789,2.0,2,0.0,0.30199,1.0
train,118.0,119.0,2,far_right,2,2,2,2,2.050225,2.0,2,0.0,0.182611,0.0
train,118.0,119.0,3,near_left,3,3,3,3,3.057247,3.0,3,0.0,0.150387,0.0
train,118.0,119.0,4,near_center,1,1,1,1,1.041981,1.0,1,0.0,0.217481,0.0
train,118.0,119.0,5,near_right,2,2,2,4,1.72027,2.0,2,0.0,0.289005,2.0
train,118.2,119.2,0,far_left,4,4,4,4,4.063878,4.063878,4,1.0,0.299746,0.063878
train,118.2,119.2,1,far_center,2,2,2,1,2.013314,2.0,2,0.0,0.303249,1.0
train,118.2,119.2,2,far_right,2,2,2,2,2.022377,2.0,2,0.0,0.179373,0.0
train,118.2,119.2,3,near_left,3,3,3,3,3.060007,3.0,3,0.0,0.151824,0.0
train,118.2,119.2,4,near_center,1,1,1,1,1.002247,1.0,1,0.0,0.212819,0.0
train,118.2,119.2,5,near_right,2,2,2,3,2.002156,2.0,2,0.0,0.242457,1.0
train,118.4,119.4,0,far_left,5,5,5,3,4.902883,4.902883,5,1.0,0.299784,1.902883
train,118.4,119.4,1,far_center,2,2,2,1,1.941022,2.0,2,0.0,0.319436,1.0
train,118.4,119.4,2,far_right,2,2,2,2,2.034126,2.0,2,0.0,0.178295,0.0
train,118.4,119.4,3,near_left,3,3,3,3,3.059484,3.0,3,0.0,0.147357,0.0
train,118.4,119.4,4,near_center,1,1,1,1,1.021423,1.0,1,0.0,0.224459,0.0
train,118.4,119.4,5,near_right,2,2,2,3,2.030972,2.0,2,0.0,0.213484,1.0
train,118.6,119.6,0,far_left,5,5,5,3,5.016788,5.016788,5,1.0,0.306947,2.016788
train,118.6,119.6,1,far_center,2,3,2,1,1.364598,3.0,3,0.0,0.545134,2.0
train,118.6,119.6,2,far_right,2,1,2,2,1.271811,1.0,1,0.0,0.166882,1.0
train,118.6,119.6,3,near_left,3,3,3,3,3.080716,3.0,3,0.0,0.153877,0.0
train,118.6,119.6,4,near_center,1,1,1,1,1.01655,1.0,1,0.0,0.225429,0.0
train,118.6,119.6,5,near_right,4,4,4,3,3.104329,4.0,4,0.0,0.503891,1.0
train,118.8,119.8,0,far_left,4,4,4,6,4.129058,4.129058,4,1.0,0.281046,1.870942
train,118.8,119.8,1,far_center,1,2,2,1,1.5795,2.0,2,0.0,0.376015,1.0
train,118.8,119.8,2,far_right,2,1,1,2,1.216403,1.0,1,0.0,0.165622,1.0
train,118.8,119.8,3,near_left,3,3,3,3,3.05897,3.0,3,0.0,0.153014,0.0
train,118.8,119.8,4,near_center,1,1,1,1,1.023725,1.0,1,0.0,0.191841,0.0
train,118.8,119.8,5,near_right,4,4,4,3,3.779888,4.0,4,0.0,0.342513,1.0
train,119.0,120.0,0,far_left,4,4,4,6,4.063201,4.063201,4,1.0,0.277171,1.936799
train,119.0,120.0,1,far_center,1,1,1,1,1.092656,1.0,1,0.0,0.351289,0.0
train,119.0,120.0,2,far_right,2,2,2,2,2.024093,2.0,2,0.0,0.15707,0.0
train,119.0,120.0,3,near_left,3,3,4,3,3.073125,3.0,3,0.0,0.160076,0.0
train,119.0,120.0,4,near_center,1,1,0,2,0.954515,1.0,1,0.0,0.175895,1.0
train,119.0,120.0,5,near_right,4,4,4,3,3.906722,4.0,4,0.0,0.301503,1.0
train,119.2,120.2,0,far_left,4,4,4,6,4.053195,4.053195,4,1.0,0.265498,1.946805
train,119.2,120.2,1,far_center,1,2,2,1,1.739437,2.0,2,0.0,0.319236,1.0
train,119.2,120.2,2,far_right,2,1,1,2,1.188398,1.0,1,0.0,0.164499,1.0
train,119.2,120.2,3,near_left,3,3,4,3,3.059898,3.0,3,0.0,0.156314,0.0
train,119.2,120.2,4,near_center,1,1,0,1,0.998667,1.0,1,0.0,0.169508,0.0
train,119.2,120.2,5,near_right,3,3,3,3,3.068545,3.0,3,0.0,0.292785,0.0
train,119.4,120.4,0,far_left,3,3,3,6,3.104508,3.104508,3,1.0,0.267616,2.895492
train,119.4,120.4,1,far_center,1,2,2,1,1.74443,2.0,2,0.0,0.301982,1.0
train,119.4,120.4,2,far_right,2,1,1,2,1.191032,1.0,1,0.0,0.16777,1.0
train,119.4,120.4,3,near_left,3,3,4,3,3.061472,3.0,3,0.0,0.159802,0.0
train,119.4,120.4,4,near_center,1,1,0,0,1.007357,1.0,1,0.0,0.180531,1.0
train,119.4,120.4,5,near_right,3,3,3,3,3.028011,3.0,3,0.0,0.26354,0.0
train,119.6,120.6,0,far_left,3,3,3,6,3.054574,3.054574,3,1.0,0.257063,2.945426
train,119.6,120.6,1,far_center,1,1,1,1,1.052244,1.0,1,0.0,0.292747,0.0
train,119.6,120.6,2,far_right,2,2,2,2,2.008475,2.0,2,0.0,0.164348,0.0
train,119.6,120.6,3,near_left,3,3,4,3,3.064069,3.0,3,0.0,0.162181,0.0
train,119.6,120.6,4,near_center,1,1,0,0,1.005384,1.0,1,0.0,0.183987,1.0
train,119.6,120.6,5,near_right,3,3,3,3,3.023295,3.0,3,0.0,0.237227,0.0
train,119.8,120.8,0,far_left,6,6,6,5,4.57724,4.57724,5,1.0,0.610371,0.42276
train,119.8,120.8,1,far_center,1,1,1,1,1.151575,1.0,1,0.0,0.286652,0.0
train,119.8,120.8,2,far_right,2,2,2,2,2.005175,2.0,2,0.0,0.163365,0.0
train,119.8,120.8,3,near_left,3,3,4,3,3.106108,3.0,3,0.0,0.156553,0.0
train,119.8,120.8,4,near_center,1,1,0,0,0.936685,1.0,1,0.0,0.183055,1.0
train,119.8,120.8,5,near_right,3,3,3,3,3.057957,3.0,3,0.0,0.243559,0.0
train,120.0,121.0,0,far_left,6,6,6,6,5.650101,5.650101,6,1.0,0.44403,0.349899
train,120.0,121.0,1,far_center,1,2,2,1,1.817571,2.0,2,0.0,0.284997,1.0
train,120.0,121.0,2,far_right,2,1,1,2,1.1891,1.0,1,0.0,0.168848,1.0
train,120.0,121.0,3,near_left,3,3,4,3,3.080808,3.0,3,0.0,0.156368,0.0
train,120.0,121.0,4,near_center,2,2,1,0,1.837905,2.0,2,0.0,0.20916,2.0
train,120.0,121.0,5,near_right,3,3,3,3,3.065187,3.0,3,0.0,0.247199,0.0
train,120.2,121.2,0,far_left,6,6,6,6,5.880219,5.880219,6,1.0,0.375348,0.119781
train,120.2,121.2,1,far_center,1,2,2,1,1.765255,2.0,2,0.0,0.287882,1.0
train,120.2,121.2,2,far_right,2,1,1,2,1.187167,1.0,1,0.0,0.170561,1.0
train,120.2,121.2,3,near_left,3,3,4,3,3.062088,3.0,3,0.0,0.16331,0.0
train,120.2,121.2,4,near_center,1,1,0,0,1.026314,1.0,1,0.0,0.157483,1.0
train,120.2,121.2,5,near_right,3,3,3,3,3.039453,3.0,3,0.0,0.260482,0.0
train,120.4,121.4,0,far_left,6,6,6,5,5.968289,5.968289,6,1.0,0.330104,0.968289
train,120.4,121.4,1,far_center,1,2,2,2,1.754448,2.0,2,0.0,0.295019,0.0
train,120.4,121.4,2,far_right,2,1,1,1,1.188561,1.0,1,0.0,0.173196,0.0
train,120.4,121.4,3,near_left,3,3,3,3,3.062394,3.0,3,0.0,0.175225,0.0
train,120.4,121.4,4,near_center,0,0,0,0,0.035316,0.0,0,0.0,0.129093,0.0
train,120.4,121.4,5,near_right,3,3,3,3,3.047803,3.0,3,0.0,0.275719,0.0
train,120.6,121.6,0,far_left,6,6,6,6,5.943655,5.943655,6,1.0,0.297935,0.056345
train,120.6,121.6,1,far_center,1,1,1,2,1.077796,1.0,1,0.0,0.301527,1.0
train,120.6,121.6,2,far_right,2,2,2,1,2.003966,2.0,2,0.0,0.168928,1.0
train,120.6,121.6,3,near_left,3,3,3,3,3.075012,3.0,3,0.0,0.183049,0.0
train,120.6,121.6,4,near_center,0,0,0,0,0.0,0.0,0,0.0,0.118917,0.0
train,120.6,121.6,5,near_right,3,3,3,2,3.060061,3.0,3,0.0,0.287231,1.0
train,120.8,121.8,0,far_left,5,5,5,5,5.153591,5.153591,5,1.0,0.27623,0.153591
train,120.8,121.8,1,far_center,1,1,1,2,1.069406,1.0,1,0.0,0.307835,1.0
train,120.8,121.8,2,far_right,2,2,2,1,2.000362,2.0,2,0.0,0.167245,1.0
train,120.8,121.8,3,near_left,3,3,3,3,3.074951,3.0,3,0.0,0.186685,0.0
train,120.8,121.8,4,near_center,0,0,0,0,0.0,0.0,0,0.0,0.11054,0.0
train,120.8,121.8,5,near_right,3,3,3,2,3.060837,3.0,3,0.0,0.297894,1.0
train,121.0,122.0,0,far_left,6,6,6,6,5.820163,5.820163,6,1.0,0.291424,0.179837
train,121.0,122.0,1,far_center,1,1,1,2,1.102981,1.0,1,0.0,0.307304,1.0
train,121.0,122.0,2,far_right,2,2,2,1,1.997454,2.0,2,0.0,0.168007,1.0
train,121.0,122.0,3,near_left,3,3,3,3,3.086265,3.0,3,0.0,0.181938,0.0
train,121.0,122.0,4,near_center,0,0,0,0,0.0,0.0,0,0.0,0.103854,0.0
train,121.0,122.0,5,near_right,3,3,3,2,3.066918,3.0,3,0.0,0.307536,1.0
train,121.2,122.2,0,far_left,6,6,6,5,5.965062,5.965062,6,1.0,0.287317,0.965062
train,121.2,122.2,1,far_center,1,2,2,1,1.786209,2.0,2,0.0,0.310976,1.0
train,121.2,122.2,2,far_right,2,1,1,1,1.157275,1.0,1,0.0,0.188481,0.0
train,121.2,122.2,3,near_left,3,3,3,3,3.07962,3.0,3,0.0,0.18956,0.0
train,121.2,122.2,4,near_center,0,0,0,0,0.0,0.0,0,0.0,0.097354,0.0
train,121.2,122.2,5,near_right,3,3,3,2,3.097443,3.0,3,0.0,0.331164,1.0
train,121.4,122.4,0,far_left,5,5,5,5,5.142277,5.142277,5,1.0,0.30128,0.142277
train,121.4,122.4,1,far_center,2,2,2,1,2.03144,2.0,2,0.0,0.304703,1.0
train,121.4,122.4,2,far_right,1,1,1,2,1.052437,1.0,1,0.0,0.186718,1.0
train,121.4,122.4,3,near_left,3,3,3,3,3.084322,3.0,3,0.0,0.195227,0.0
train,121.4,122.4,4,near_center,0,0,0,0,0.0,0.0,0,0.0,0.104253,0.0
train,121.4,122.4,5,near_right,3,3,3,2,2.480494,3.0,3,0.0,0.445214,1.0
train,121.6,122.6,0,far_left,6,6,6,6,5.912886,5.912886,6,1.0,0.321441,0.087114
train,121.6,122.6,1,far_center,2,3,3,1,2.724076,3.0,3,0.0,0.30449,2.0
train,121.6,122.6,2,far_right,1,0,0,2,0.243897,0.0,0,0.0,0.198279,2.0
train,121.6,122.6,3,near_left,3,3,3,3,3.081939,3.0,3,0.0,0.184618,0.0
train,121.6,122.6,4,near_center,0,0,0,0,0.0,0.0,0,0.0,0.099211,0.0
train,121.6,122.6,5,near_right,2,2,2,2,2.115496,2.0,2,0.0,0.396008,0.0
train,121.8,122.8,0,far_left,5,5,5,6,5.128703,5.128703,5,1.0,0.324389,0.871297
train,121.8,122.8,1,far_center,2,3,3,1,2.7308,3.0,3,0.0,0.306394,2.0
train,121.8,122.8,2,far_right,1,0,0,2,0.234613,0.0,0,0.0,0.201358,2.0
train,121.8,122.8,3,near_left,3,3,3,2,3.080385,3.0,3,0.0,0.190738,1.0
train,121.8,122.8,4,near_center,0,0,0,0,0.0,0.0,0,0.0,0.1009,0.0
train,121.8,122.8,5,near_right,2,2,2,2,2.142376,2.0,2,0.0,0.38456,0.0
train,122.0,123.0,0,far_left,6,6,6,7,5.801805,5.801805,6,1.0,0.349803,1.198195
train,122.0,123.0,1,far_center,2,2,2,1,0.993776,2.0,2,0.0,0.51782,1.0
train,122.0,123.0,2,far_right,1,1,1,2,1.05978,1.0,1,0.0,0.193568,1.0
train,122.0,123.0,3,near_left,3,3,3,2,3.095277,3.0,3,0.0,0.18327,1.0
train,122.0,123.0,4,near_center,0,0,0,0,0.007612,0.0,0,0.0,0.105116,0.0
train,122.0,123.0,5,near_right,2,2,2,2,2.138084,2.0,2,0.0,0.360498,0.0
train,122.2,123.2,0,far_left,5,5,5,7,5.141562,5.141562,5,1.0,0.29871,1.858438
train,122.2,123.2,1,far_center,1,1,1,1,0.971159,1.0,1,0.0,0.390143,0.0
train,122.2,123.2,2,far_right,1,1,1,2,1.030495,1.0,1,0.0,0.183141,1.0
train,122.2,123.2,3,near_left,3,3,3,2,3.077068,3.0,3,0.0,0.178319,1.0
train,122.2,123.2,4,near_center,0,0,0,0,0.0,0.0,0,0.0,0.091675,0.0
train,122.2,123.2,5,near_right,2,2,2,2,2.106714,2.0,2,0.0,0.337532,0.0
train,122.4,123.4,0,far_left,5,6,6,7,5.811365,5.811365,6,1.0,0.290108,1.188635
train,122.4,123.4,1,far_center,1,1,1,1,1.102905,1.0,1,0.0,0.366566,0.0
train,122.4,123.4,2,far_right,2,2,2,2,1.965242,2.0,2,0.0,0.183205,0.0
train,122.4,123.4,3,near_left,3,2,2,2,2.264856,2.0,2,0.0,0.179322,0.0
train,122.4,123.4,4,near_center,0,0,0,0,0.0,0.0,0,0.0,0.088813,0.0
train,122.4,123.4,5,near_right,2,2,2,1,2.114879,2.0,2,0.0,0.308855,1.0
train,122.6,123.6,0,far_left,6,7,7,7,6.522397,6.522397,7,1.0,0.294538,0.477603
train,122.6,123.6,1,far_center,1,1,1,1,1.116792,1.0,1,0.0,0.337653,0.0
train,122.6,123.6,2,far_right,2,3,2,2,2.834243,3.0,3,0.0,0.168159,1.0
train,122.6,123.6,3,near_left,3,2,2,2,2.267548,2.0,2,0.0,0.172755,0.0
train,122.6,123.6,4,near_center,0,0,0,0,0.0,0.0,0,0.0,0.086035,0.0
train,122.6,123.6,5,near_right,2,1,2,2,1.398522,1.0,1,0.0,0.295238,1.0
train,122.8,123.8,0,far_left,6,6,6,7,6.010424,6.010424,6,1.0,0.283639,0.989576
train,122.8,123.8,1,far_center,1,1,1,1,1.077784,1.0,1,0.0,0.316692,0.0
train,122.8,123.8,2,far_right,2,3,3,2,2.850649,3.0,3,0.0,0.169471,1.0
train,122.8,123.8,3,near_left,2,2,2,2,2.08226,2.0,2,0.0,0.168133,0.0
train,122.8,123.8,4,near_center,0,0,0,0,0.0,0.0,0,0.0,0.084545,0.0
train,122.8,123.8,5,near_right,2,1,1,2,1.362248,1.0,1,0.0,0.27713,1.0
train,123.0,124.0,0,far_left,7,7,7,7,6.620159,6.620159,7,1.0,0.331267,0.379841
train,123.0,124.0,1,far_center,1,1,1,1,1.109288,1.0,1,0.0,0.305782,0.0
train,123.0,124.0,2,far_right,2,3,3,2,2.848026,3.0,3,0.0,0.166349,1.0
train,123.0,124.0,3,near_left,2,2,2,2,2.085505,2.0,2,0.0,0.163549,0.0
train,123.0,124.0,4,near_center,0,0,0,0,0.0,0.0,0,0.0,0.084575,0.0
train,123.0,124.0,5,near_right,2,1,1,1,1.342642,1.0,1,0.0,0.258807,0.0
train,123.2,124.2,0,far_left,7,7,7,8,6.756923,6.756923,7,1.0,0.312264,1.243077
train,123.2,124.2,1,far_center,1,1,1,1,1.108649,1.0,1,0.0,0.303161,0.0
train,123.2,124.2,2,far_right,2,3,3,2,2.8843,3.0,3,0.0,0.155883,1.0
train,123.2,124.2,3,near_left,2,2,2,2,2.083009,2.0,2,0.0,0.168135,0.0
train,123.2,124.2,4,near_center,0,0,0,0,0.005422,0.0,0,0.0,0.085684,0.0
train,123.2,124.2,5,near_right,2,1,1,1,0.952641,1.0,1,0.0,0.392633,0.0
train,123.4,124.4,0,far_left,7,7,7,7,6.872061,6.872061,7,1.0,0.273067,0.127939
train,123.4,124.4,1,far_center,1,2,2,1,1.775585,2.0,2,0.0,0.300977,1.0
train,123.4,124.4,2,far_right,2,1,1,2,1.210809,1.0,1,0.0,0.173132,1.0
train,123.4,124.4,3,near_left,2,2,2,2,2.070751,2.0,2,0.0,0.168408,0.0
train,123.4,124.4,4,near_center,0,0,0,0,0.003016,0.0,0,0.0,0.081471,0.0
train,123.4,124.4,5,near_right,1,1,1,1,1.108814,1.0,1,0.0,0.337976,0.0
train,123.6,124.6,0,far_left,7,7,7,7,6.908598,6.908598,7,1.0,0.25059,0.091402
train,123.6,124.6,1,far_center,1,1,1,0,1.090788,1.0,1,0.0,0.30048,1.0
train,123.6,124.6,2,far_right,2,3,3,2,2.851163,3.0,3,0.0,0.162716,1.0
train,123.6,124.6,3,near_left,2,2,2,2,2.073595,2.0,2,0.0,0.167235,0.0
train,123.6,124.6,4,near_center,0,0,0,2,0.0,0.0,0,0.0,0.078643,2.0
train,123.6,124.6,5,near_right,2,1,1,1,1.329395,1.0,1,0.0,0.291005,0.0
train,123.8,124.8,0,far_left,7,7,7,7,6.963453,6.963453,7,1.0,0.231858,0.036547
train,123.8,124.8,1,far_center,1,0,0,1,0.413202,0.0,0,0.0,0.303851,1.0
train,123.8,124.8,2,far_right,2,3,3,3,2.877247,3.0,3,0.0,0.149709,0.0
train,123.8,124.8,3,near_left,2,2,2,2,2.074036,2.0,2,0.0,0.164505,0.0
train,123.8,124.8,4,near_center,0,1,1,1,0.92924,1.0,1,0.0,0.079744,0.0
train,123.8,124.8,5,near_right,2,1,1,1,0.908868,1.0,1,0.0,0.392457,0.0
train,124.0,125.0,0,far_left,7,7,7,6,6.981178,6.981178,7,1.0,0.227802,0.981178
train,124.0,125.0,1,far_center,1,0,0,1,0.378429,0.0,0,0.0,0.3027,1.0
train,124.0,125.0,2,far_right,2,2,2,3,2.035154,2.0,2,0.0,0.168114,1.0
train,124.0,125.0,3,near_left,2,2,2,2,2.068838,2.0,2,0.0,0.16307,0.0
train,124.0,125.0,4,near_center,0,1,1,1,0.924692,1.0,1,0.0,0.075688,0.0
train,124.0,125.0,5,near_right,1,1,1,1,1.102749,1.0,1,0.0,0.344154,0.0
train,124.2,125.2,0,far_left,8,8,8,7,7.688131,7.688131,8,1.0,0.276616,0.688131
train,124.2,125.2,1,far_center,1,1,1,1,1.097927,1.0,1,0.0,0.305216,0.0
train,124.2,125.2,2,far_right,2,1,1,3,1.210135,1.0,1,0.0,0.173962,2.0
train,124.2,125.2,3,near_left,2,2,2,2,2.077781,2.0,2,0.0,0.158925,0.0
train,124.2,125.2,4,near_center,0,1,1,1,0.924245,1.0,1,0.0,0.075755,0.0
train,124.2,125.2,5,near_right,1,1,1,1,1.122868,1.0,1,0.0,0.331457,0.0
train,124.4,125.4,0,far_left,7,7,7,7,7.057564,7.057564,7,1.0,0.244556,0.057564
train,124.4,125.4,1,far_center,1,1,1,1,1.063287,1.0,1,0.0,0.304639,0.0
train,124.4,125.4,2,far_right,2,1,1,3,1.221251,1.0,1,0.0,0.181386,2.0
train,124.4,125.4,3,near_left,2,2,2,2,2.065853,2.0,2,0.0,0.160384,0.0
train,124.4,125.4,4,near_center,0,1,1,1,0.923993,1.0,1,0.0,0.076007,0.0
train,124.4,125.4,5,near_right,1,1,1,1,1.106583,1.0,1,0.0,0.299144,0.0
train,124.6,125.6,0,far_left,7,7,7,6,6.961149,6.961149,7,1.0,0.261345,0.961149
train,124.6,125.6,1,far_center,0,0,0,1,0.063791,0.0,0,0.0,0.253513,1.0
train,124.6,125.6,2,far_right,2,2,2,3,2.054942,2.0,2,0.0,0.208094,1.0
train,124.6,125.6,3,near_left,2,2,2,2,2.067843,2.0,2,0.0,0.146066,0.0
train,124.6,125.6,4,near_center,2,2,2,2,1.865849,2.0,2,0.0,0.156045,0.0
train,124.6,125.6,5,near_right,1,1,1,1,1.080629,1.0,1,0.0,0.235013,0.0
train,124.8,125.8,0,far_left,7,7,7,6,6.860445,6.860445,7,1.0,0.274824,0.860445
train,124.8,125.8,1,far_center,1,1,1,2,0.962417,1.0,1,0.0,0.263745,1.0
train,124.8,125.8,2,far_right,3,3,3,2,2.680872,3.0,3,0.0,0.33803,1.0
train,124.8,125.8,3,near_left,2,2,2,2,2.053969,2.0,2,0.0,0.14433,0.0
train,124.8,125.8,4,near_center,1,1,1,1,1.087742,1.0,1,0.0,0.171269,0.0
train,124.8,125.8,5,near_right,1,1,1,1,1.076741,1.0,1,0.0,0.202591,0.0
train,125.0,126.0,0,far_left,6,6,6,7,6.142549,6.142549,6,1.0,0.245999,0.857451
train,125.0,126.0,1,far_center,1,1,1,2,1.010248,1.0,1,0.0,0.270438,1.0
train,125.0,126.0,2,far_right,3,3,3,2,2.98737,3.0,3,0.0,0.280103,1.0
train,125.0,126.0,3,near_left,2,2,2,2,2.04062,2.0,2,0.0,0.143822,0.0
train,125.0,126.0,4,near_center,1,1,1,1,1.067113,1.0,1,0.0,0.203569,0.0
train,125.0,126.0,5,near_right,1,1,1,1,1.053096,1.0,1,0.0,0.184084,0.0
train,125.2,126.2,0,far_left,7,7,7,7,6.807846,6.807846,7,1.0,0.261192,0.192154
train,125.2,126.2,1,far_center,1,1,1,2,1.057953,1.0,1,0.0,0.270893,1.0
train,125.2,126.2,2,far_right,3,4,3,2,3.795131,4.0,4,0.0,0.224305,2.0
train,125.2,126.2,3,near_left,2,2,2,2,2.051743,2.0,2,0.0,0.138507,0.0
train,125.2,126.2,4,near_center,1,1,1,1,1.048256,1.0,1,0.0,0.221964,0.0
train,125.2,126.2,5,near_right,1,0,1,1,0.238219,0.0,0,0.0,0.179392,1.0
train,125.4,126.4,0,far_left,7,7,7,7,6.887663,6.887663,7,1.0,0.258296,0.112337
train,125.4,126.4,1,far_center,1,1,1,1,1.048413,1.0,1,0.0,0.271145,0.0
train,125.4,126.4,2,far_right,3,4,4,4,3.823142,4.0,4,0.0,0.209902,0.0
train,125.4,126.4,3,near_left,2,2,2,2,2.047968,2.0,2,0.0,0.136992,0.0
train,125.4,126.4,4,near_center,1,1,1,1,1.046327,1.0,1,0.0,0.241137,0.0
train,125.4,126.4,5,near_right,1,0,0,0,0.228448,0.0,0,0.0,0.175028,0.0
train,125.6,126.6,0,far_left,6,5,5,7,5.432212,5.432212,5,1.0,0.248094,1.567788
train,125.6,126.6,1,far_center,1,1,1,1,1.063466,1.0,1,0.0,0.275339,0.0
train,125.6,126.6,2,far_right,3,4,4,4,3.813237,4.0,4,0.0,0.195308,0.0
train,125.6,126.6,3,near_left,2,3,3,2,2.91976,3.0,3,0.0,0.137473,1.0
train,125.6,126.6,4,near_center,2,2,2,1,1.745114,2.0,2,0.0,0.269497,1.0
train,125.6,126.6,5,near_right,1,0,0,0,0.261574,0.0,0,0.0,0.1794,0.0
train,125.8,126.8,0,far_left,6,5,5,8,5.308492,5.308492,5,1.0,0.27365,2.691508
train,125.8,126.8,1,far_center,2,2,2,1,2.01461,2.0,2,0.0,0.268761,1.0
train,125.8,126.8,2,far_right,2,3,3,4,2.839576,3.0,3,0.0,0.205654,1.0
train,125.8,126.8,3,near_left,2,3,3,2,2.910397,3.0,3,0.0,0.138877,1.0
train,125.8,126.8,4,near_center,1,1,1,3,1.044202,1.0,1,0.0,0.277038,2.0
train,125.8,126.8,5,near_right,1,0,0,0,0.231523,0.0,0,0.0,0.1739,0.0
train,126.0,127.0,0,far_left,7,6,6,8,6.087858,6.087858,6,1.0,0.301278,1.912142
train,126.0,127.0,1,far_center,2,2,2,1,2.043185,2.0,2,0.0,0.276169,1.0
train,126.0,127.0,2,far_right,2,3,3,4,2.829494,3.0,3,0.0,0.202614,1.0
train,126.0,127.0,3,near_left,2,3,3,2,2.917312,3.0,3,0.0,0.136411,1.0
train,126.0,127.0,4,near_center,1,1,1,2,1.047556,1.0,1,0.0,0.284733,1.0
train,126.0,127.0,5,near_right,1,0,0,1,0.22605,0.0,0,0.0,0.174644,1.0
train,126.2,127.2,0,far_left,7,6,6,5,6.236712,6.236712,6,1.0,0.308135,1.236712
train,126.2,127.2,1,far_center,2,2,2,1,2.029197,2.0,2,0.0,0.278419,1.0
train,126.2,127.2,2,far_right,2,3,3,4,2.829283,3.0,3,0.0,0.198551,1.0
train,126.2,127.2,3,near_left,2,3,3,3,2.912455,3.0,3,0.0,0.137861,0.0
train,126.2,127.2,4,near_center,1,1,1,2,1.04139,1.0,1,0.0,0.285814,1.0
train,126.2,127.2,5,near_right,1,0,0,0,0.225274,0.0,0,0.0,0.174013,0.0
train,126.4,127.4,0,far_left,7,6,6,6,6.330605,6.330605,6,1.0,0.297427,0.330605
train,126.4,127.4,1,far_center,1,2,2,1,1.749394,2.0,2,0.0,0.282081,1.0
train,126.4,127.4,2,far_right,4,3,3,4,3.211245,3.0,3,0.0,0.197038,1.0
train,126.4,127.4,3,near_left,2,3,3,4,2.906703,3.0,3,0.0,0.136177,1.0
train,126.4,127.4,4,near_center,1,1,1,2,1.060562,1.0,1,0.0,0.277317,1.0
train,126.4,127.4,5,near_right,0,0,0,1,0.010207,0.0,0,0.0,0.151195,1.0
train,126.6,127.6,0,far_left,7,6,6,7,6.291972,6.291972,6,1.0,0.295456,0.708028
train,126.6,127.6,1,far_center,1,1,1,1,1.037141,1.0,1,0.0,0.290855,0.0
train,126.6,127.6,2,far_right,4,4,4,4,4.033712,4.0,4,0.0,0.191927,0.0
train,126.6,127.6,3,near_left,2,3,3,4,2.909068,3.0,3,0.0,0.137517,1.0
train,126.6,127.6,4,near_center,1,1,1,1,1.057552,1.0,1,0.0,0.265489,0.0
train,126.6,127.6,5,near_right,0,0,0,1,0.0,0.0,0,0.0,0.138532,1.0
train,126.8,127.8,0,far_left,8,7,7,9,6.877734,6.877734,7,1.0,0.356254,2.122266
train,126.8,127.8,1,far_center,1,1,1,1,1.141649,1.0,1,0.0,0.289188,0.0
train,126.8,127.8,2,far_right,4,4,4,4,4.047058,4.0,4,0.0,0.187747,0.0
train,126.8,127.8,3,near_left,2,3,3,4,2.955868,3.0,3,0.0,0.133916,1.0
train,126.8,127.8,4,near_center,3,3,3,1,1.890383,3.0,3,0.0,0.50475,2.0
train,126.8,127.8,5,near_right,0,0,0,1,0.014537,0.0,0,0.0,0.146906,1.0
train,127.0,128.0,0,far_left,8,7,7,8,7.031582,7.031582,7,1.0,0.32787,0.968418
train,127.0,128.0,1,far_center,1,1,1,1,1.065345,1.0,1,0.0,0.287507,0.0
train,127.0,128.0,2,far_right,4,4,4,4,4.051451,4.0,4,0.0,0.170852,0.0
train,127.0,128.0,3,near_left,2,3,3,4,2.921714,3.0,3,0.0,0.13564,1.0
train,127.0,128.0,4,near_center,2,2,1,1,2.11029,2.0,2,0.0,0.356969,1.0
train,127.0,128.0,5,near_right,1,1,2,1,0.890647,1.0,1,0.0,0.175659,0.0
train,127.2,128.2,0,far_left,5,5,5,9,5.180388,5.180388,5,1.0,0.250503,3.819612
train,127.2,128.2,1,far_center,1,1,1,1,1.031196,1.0,1,0.0,0.288436,0.0
train,127.2,128.2,2,far_right,4,4,4,4,4.002379,4.0,4,0.0,0.165281,0.0
train,127.2,128.2,3,near_left,3,3,3,4,3.027416,3.0,3,0.0,0.142623,1.0
train,127.2,128.2,4,near_center,2,2,1,1,2.150679,2.0,2,0.0,0.355444,1.0
train,127.2,128.2,5,near_right,0,0,1,1,0.01336,0.0,0,0.0,0.146686,1.0
train,127.4,128.4,0,far_left,6,6,6,8,5.576182,5.576182,6,1.0,0.326125,2.423818
train,127.4,128.4,1,far_center,1,1,1,1,1.093957,1.0,1,0.0,0.29039,0.0
train,127.4,128.4,2,far_right,4,4,4,4,4.028261,4.0,4,0.0,0.142837,0.0
train,127.4,128.4,3,near_left,4,4,4,4,4.005347,4.0,4,0.0,0.167557,0.0
train,127.4,128.4,4,near_center,2,2,1,1,2.201187,2.0,2,0.0,0.339557,1.0
train,127.4,128.4,5,near_right,1,1,2,1,0.894071,1.0,1,0.0,0.185908,0.0
train,127.6,128.6,0,far_left,7,7,7,9,6.397661,6.397661,6,1.0,0.365606,2.602339
train,127.6,128.6,1,far_center,1,1,1,1,1.145236,1.0,1,0.0,0.287476,0.0
train,127.6,128.6,2,far_right,4,4,4,4,3.683251,4.0,4,0.0,0.235008,0.0
train,127.6,128.6,3,near_left,4,4,4,3,4.064473,4.0,4,0.0,0.150014,1.0
train,127.6,128.6,4,near_center,1,1,1,2,1.060892,1.0,1,0.0,0.305622,1.0
train,127.6,128.6,5,near_right,1,1,1,1,1.132904,1.0,1,0.0,0.199301,0.0
train,127.8,128.8,0,far_left,9,9,9,8,7.725907,7.725907,8,1.0,0.535255,0.274093
train,127.8,128.8,1,far_center,1,1,1,1,1.146194,1.0,1,0.0,0.285811,0.0
train,127.8,128.8,2,far_right,4,4,4,3,3.898631,4.0,4,0.0,0.183412,1.0
train,127.8,128.8,3,near_left,4,4,4,3,4.009053,4.0,4,0.0,0.192978,1.0
train,127.8,128.8,4,near_center,1,1,1,2,1.07095,1.0,1,0.0,0.281159,1.0
train,127.8,128.8,5,near_right,1,1,1,1,1.116016,1.0,1,0.0,0.216221,0.0
train,128.0,129.0,0,far_left,8,8,8,9,7.655277,7.655277,8,1.0,0.384259,1.344723
train,128.0,129.0,1,far_center,1,1,1,1,1.078063,1.0,1,0.0,0.284128,0.0
train,128.0,129.0,2,far_right,4,4,4,4,3.977665,4.0,4,0.0,0.139745,0.0
train,128.0,129.0,3,near_left,4,4,4,4,4.042905,4.0,4,0.0,0.153618,0.0
train,128.0,129.0,4,near_center,1,1,1,2,1.037945,1.0,1,0.0,0.268483,1.0
train,128.0,129.0,5,near_right,1,1,1,1,1.104896,1.0,1,0.0,0.222206,0.0
train,128.2,129.2,0,far_left,9,9,9,9,8.122167,8.122167,8,1.0,0.470513,0.877833
train,128.2,129.2,1,far_center,1,1,1,1,1.098781,1.0,1,0.0,0.285164,0.0
train,128.2,129.2,2,far_right,4,4,4,3,3.995509,4.0,4,0.0,0.124336,1.0
train,128.2,129.2,3,near_left,4,4,4,5,4.060703,4.0,4,0.0,0.141114,1.0
train,128.2,129.2,4,near_center,1,1,1,1,1.035201,1.0,1,0.0,0.261141,0.0
train,128.2,129.2,5,near_right,1,1,1,2,1.094806,1.0,1,0.0,0.219157,1.0
train,128.4,129.4,0,far_left,8,8,8,10,7.717723,7.717723,8,1.0,0.365093,2.282277
train,128.4,129.4,1,far_center,1,1,1,1,1.077474,1.0,1,0.0,0.286208,0.0
train,128.4,129.4,2,far_right,4,4,3,2,3.984447,4.0,4,0.0,0.118993,2.0
train,128.4,129.4,3,near_left,4,4,4,4,3.999591,4.0,4,0.0,0.163318,0.0
train,128.4,129.4,4,near_center,1,1,1,1,1.04828,1.0,1,0.0,0.259034,0.0
train,128.4,129.4,5,near_right,1,1,2,3,1.092503,1.0,1,0.0,0.212968,2.0
train,128.6,129.6,0,far_left,9,9,8,9,8.318223,8.318223,8,1.0,0.417514,0.681777
train,128.6,129.6,1,far_center,1,1,1,1,1.136418,1.0,1,0.0,0.286303,0.0
train,128.6,129.6,2,far_right,4,3,3,2,2.971786,3.0,3,0.0,0.20888,1.0
train,128.6,129.6,3,near_left,3,3,4,5,3.115782,3.0,3,0.0,0.153174,2.0
train,128.6,129.6,4,near_center,2,2,2,1,1.974057,2.0,2,0.0,0.244946,1.0
train,128.6,129.6,5,near_right,1,2,2,4,1.907294,2.0,2,0.0,0.19917,2.0
train,128.8,129.8,0,far_left,8,8,8,10,7.959281,7.959281,8,1.0,0.342632,2.040719
train,128.8,129.8,1,far_center,1,1,1,1,1.040302,1.0,1,0.0,0.285628,0.0
train,128.8,129.8,2,far_right,3,2,2,2,2.28755,2.0,2,0.0,0.204996,0.0
train,128.8,129.8,3,near_left,3,3,3,5,3.065946,3.0,3,0.0,0.144649,2.0
train,128.8,129.8,4,near_center,2,2,1,1,2.01593,2.0,2,0.0,0.260505,1.0
train,128.8,129.8,5,near_right,1,2,3,4,1.868712,2.0,2,0.0,0.192589,2.0
train,129.0,130.0,0,far_left,9,9,9,9,8.477068,8.477068,8,1.0,0.405661,0.522932
train,129.0,130.0,1,far_center,1,1,1,1,1.099275,1.0,1,0.0,0.282943,0.0
train,129.0,130.0,2,far_right,4,3,3,2,3.118888,3.0,3,0.0,0.218574,1.0
train,129.0,130.0,3,near_left,4,4,4,4,4.023616,4.0,4,0.0,0.154253,0.0
train,129.0,130.0,4,near_center,2,2,1,1,2.048994,2.0,2,0.0,0.262689,1.0
train,129.0,130.0,5,near_right,1,2,3,4,1.884752,2.0,2,0.0,0.183041,2.0
train,129.2,130.2,0,far_left,9,9,9,9,8.513193,8.513193,9,1.0,0.395611,0.486807
train,129.2,130.2,1,far_center,1,1,1,1,1.064236,1.0,1,0.0,0.283502,0.0
train,129.2,130.2,2,far_right,3,2,2,2,2.282673,2.0,2,0.0,0.200879,0.0
train,129.2,130.2,3,near_left,5,5,5,4,4.902789,5.0,5,0.0,0.212316,1.0
train,129.2,130.2,4,near_center,1,1,1,1,1.065095,1.0,1,0.0,0.255716,0.0
train,129.2,130.2,5,near_right,2,3,3,4,2.870519,3.0,3,0.0,0.174596,1.0
train,129.4,130.4,0,far_left,10,10,10,10,9.246761,9.246761,9,1.0,0.433993,0.753239
train,129.4,130.4,1,far_center,1,1,1,1,1.085974,1.0,1,0.0,0.287335,0.0
train,129.4,130.4,2,far_right,2,2,2,2,2.018831,2.0,2,0.0,0.148565,0.0
train,129.4,130.4,3,near_left,4,4,4,5,4.117852,4.0,4,0.0,0.169753,1.0
train,129.4,130.4,4,near_center,1,1,1,2,0.988129,1.0,1,0.0,0.203943,1.0
train,129.4,130.4,5,near_right,3,3,3,4,3.053614,3.0,3,0.0,0.1902,1.0
train,129.6,130.6,0,far_left,9,8,8,9,8.267313,8.267313,8,1.0,0.355128,0.732687
train,129.6,130.6,1,far_center,1,1,1,1,1.050264,1.0,1,0.0,0.287627,0.0
train,129.6,130.6,2,far_right,2,2,2,2,2.021881,2.0,2,0.0,0.12684,0.0
train,129.6,130.6,3,near_left,5,6,6,4,5.862315,6.0,6,0.0,0.14847,2.0
train,129.6,130.6,4,near_center,1,1,1,2,1.053383,1.0,1,0.0,0.212983,1.0
train,129.6,130.6,5,near_right,4,4,4,4,3.94407,4.0,4,0.0,0.229617,0.0
train,129.8,130.8,0,far_left,10,9,9,10,8.940487,8.940487,9,1.0,0.38113,1.059513
train,129.8,130.8,1,far_center,1,1,1,1,1.06645,1.0,1,0.0,0.284609,0.0
train,129.8,130.8,2,far_right,2,2,2,2,2.010261,2.0,2,0.0,0.121651,0.0
train,129.8,130.8,3,near_left,5,6,6,4,5.900636,6.0,6,0.0,0.137878,2.0
train,129.8,130.8,4,near_center,1,1,1,3,1.035535,1.0,1,0.0,0.217686,2.0
train,129.8,130.8,5,near_right,4,4,4,4,4.029694,4.0,4,0.0,0.245724,0.0
train,130.0,131.0,0,far_left,9,8,8,10,8.629482,8.629482,9,1.0,0.328979,1.370518
train,130.0,131.0,1,far_center,1,1,1,1,1.018559,1.0,1,0.0,0.292047,0.0
train,130.0,131.0,2,far_right,2,2,2,2,2.010102,2.0,2,0.0,0.119821,0.0
train,130.0,131.0,3,near_left,4,5,5,5,4.930304,5.0,5,0.0,0.13854,0.0
train,130.0,131.0,4,near_center,1,1,1,3,1.020658,1.0,1,0.0,0.215489,2.0
train,130.0,131.0,5,near_right,4,4,4,4,4.03795,4.0,4,0.0,0.246828,0.0
train,130.2,131.2,0,far_left,9,8,8,9,8.599133,8.599133,9,1.0,0.321842,0.400867
train,130.2,131.2,1,far_center,1,2,1,1,1.721111,2.0,2,0.0,0.291895,1.0
train,130.2,131.2,2,far_right,2,2,2,2,2.014902,2.0,2,0.0,0.122909,0.0
train,130.2,131.2,3,near_left,4,5,5,6,4.89857,5.0,5,0.0,0.133998,1.0
train,130.2,131.2,4,near_center,1,1,1,3,1.029564,1.0,1,0.0,0.219591,2.0
train,130.2,131.2,5,near_right,4,3,4,4,3.300557,3.0,3,0.0,0.253684,1.0
train,130.4,131.4,0,far_left,10,9,9,9,8.820141,8.820141,9,1.0,0.423624,0.179859
train,130.4,131.4,1,far_center,1,1,1,1,1.084181,1.0,1,0.0,0.29196,0.0
train,130.4,131.4,2,far_right,2,3,2,2,2.886442,3.0,3,0.0,0.123646,1.0
train,130.4,131.4,3,near_left,5,6,6,6,5.887736,6.0,6,0.0,0.141893,0.0
train,130.4,131.4,4,near_center,2,2,2,3,1.999974,2.0,2,0.0,0.206663,1.0
train,130.4,131.4,5,near_right,4,3,4,4,3.317604,3.0,3,0.0,0.25918,1.0
train,130.6,131.6,0,far_left,9,8,8,8,8.177475,8.177475,8,1.0,0.331004,0.177475
train,130.6,131.6,1,far_center,1,2,1,1,1.748174,2.0,2,0.0,0.29311,1.0
train,130.6,131.6,2,far_right,2,2,2,2,2.014626,2.0,2,0.0,0.125884,0.0
train,130.6,131.6,3,near_left,4,5,5,6,4.934361,5.0,5,0.0,0.140901,1.0
train,130.6,131.6,4,near_center,2,2,2,3,2.017484,2.0,2,0.0,0.204135,1.0
train,130.6,131.6,5,near_right,4,3,4,5,3.311879,3.0,3,0.0,0.263244,2.0
train,130.8,131.8,0,far_left,10,9,9,7,8.887043,8.887043,9,1.0,0.34658,1.887043
train,130.8,131.8,1,far_center,1,3,3,1,2.479671,3.0,3,0.0,0.292606,2.0
train,130.8,131.8,2,far_right,2,1,1,3,1.162487,1.0,1,0.0,0.13571,2.0
train,130.8,131.8,3,near_left,4,5,5,6,4.913195,5.0,5,0.0,0.135956,1.0
train,130.8,131.8,4,near_center,3,3,3,3,2.99243,3.0,3,0.0,0.20743,0.0
train,130.8,131.8,5,near_right,4,3,3,4,3.317255,3.0,3,0.0,0.266991,1.0
train,131.0,132.0,0,far_left,10,9,9,7,9.00143,9.00143,9,1.0,0.309585,2.00143
train,131.0,132.0,1,far_center,1,2,2,2,1.768951,2.0,2,0.0,0.296131,0.0
train,131.0,132.0,2,far_right,2,2,2,2,2.019861,2.0,2,0.0,0.139049,0.0
train,131.0,132.0,3,near_left,5,6,6,6,5.669142,6.0,6,0.0,0.207223,0.0
train,131.0,132.0,4,near_center,3,3,3,3,3.04486,3.0,3,0.0,0.213289,0.0
train,131.0,132.0,5,near_right,4,3,3,4,3.324695,3.0,3,0.0,0.275129,1.0
train,131.2,132.2,0,far_left,9,8,8,7,8.079408,8.079408,8,1.0,0.274014,1.079408
train,131.2,132.2,1,far_center,1,3,3,2,2.467322,3.0,3,0.0,0.295251,1.0
train,131.2,132.2,2,far_right,2,1,1,2,1.17096,1.0,1,0.0,0.145522,1.0
train,131.2,132.2,3,near_left,6,7,7,7,6.450836,7.0,7,0.0,0.252642,0.0
train,131.2,132.2,4,near_center,3,3,3,3,3.057811,3.0,3,0.0,0.216695,0.0
train,131.2,132.2,5,near_right,4,3,3,4,3.309494,3.0,3,0.0,0.269908,1.0
train,131.4,132.4,0,far_left,9,8,7,5,8.09968,8.09968,8,1.0,0.2303,3.09968
train,131.4,132.4,1,far_center,1,2,2,2,1.765933,2.0,2,0.0,0.294762,0.0
train,131.4,132.4,2,far_right,2,2,2,2,2.011194,2.0,2,0.0,0.143757,0.0
train,131.4,132.4,3,near_left,6,7,8,7,6.685812,7.0,7,0.0,0.19541,0.0
train,131.4,132.4,4,near_center,3,3,3,3,3.047252,3.0,3,0.0,0.217505,0.0
train,131.4,132.4,5,near_right,4,3,3,4,3.307621,3.0,3,0.0,0.268018,1.0
train,131.6,132.6,0,far_left,8,6,6,5,6.698928,6.698928,7,1.0,0.2071,1.698928
train,131.6,132.6,1,far_center,1,3,3,2,2.416284,3.0,3,0.0,0.29455,1.0
train,131.6,132.6,2,far_right,2,1,1,2,1.178776,1.0,1,0.0,0.148359,1.0
train,131.6,132.6,3,near_left,6,8,8,8,7.720214,8.0,8,0.0,0.127917,0.0
train,131.6,132.6,4,near_center,3,3,3,3,3.039526,3.0,3,0.0,0.213008,0.0
train,131.6,132.6,5,near_right,5,4,4,4,4.243043,4.0,4,0.0,0.297006,0.0
train,131.8,132.8,0,far_left,7,5,5,6,5.730444,5.730444,6,1.0,0.219597,0.269556
train,131.8,132.8,1,far_center,1,2,2,2,1.72216,2.0,2,0.0,0.298103,0.0
train,131.8,132.8,2,far_right,3,2,3,2,2.15462,2.0,2,0.0,0.157056,0.0
train,131.8,132.8,3,near_left,6,8,8,8,7.79622,8.0,8,0.0,0.105574,0.0
train,131.8,132.8,4,near_center,3,3,3,3,3.027725,3.0,3,0.0,0.213418,0.0
train,131.8,132.8,5,near_right,4,4,3,4,4.01279,4.0,4,0.0,0.289531,0.0
train,132.0,133.0,0,far_left,7,5,5,6,5.707065,5.707065,6,1.0,0.248479,0.292935
train,132.0,133.0,1,far_center,2,2,2,2,2.019961,2.0,2,0.0,0.292939,0.0
train,132.0,133.0,2,far_right,2,2,3,2,1.98815,2.0,2,0.0,0.169073,0.0
train,132.0,133.0,3,near_left,6,8,8,9,7.82483,8.0,8,0.0,0.098088,1.0
train,132.0,133.0,4,near_center,3,3,3,3,3.018031,3.0,3,0.0,0.222502,0.0
train,132.0,133.0,5,near_right,4,4,3,4,4.028969,4.0,4,0.0,0.274164,0.0
train,132.2,133.2,0,far_left,7,6,6,5,5.954521,5.954521,6,1.0,0.297994,0.954521
train,132.2,133.2,1,far_center,2,2,2,2,2.097163,2.0,2,0.0,0.291425,0.0
train,132.2,133.2,2,far_right,2,2,2,2,1.978673,2.0,2,0.0,0.164865,0.0
train,132.2,133.2,3,near_left,7,8,8,8,7.826812,8.0,8,0.0,0.137315,0.0
train,132.2,133.2,4,near_center,3,3,3,3,3.036653,3.0,3,0.0,0.218778,0.0
train,132.2,133.2,5,near_right,4,4,4,4,4.027589,4.0,4,0.0,0.270591,0.0
train,132.4,133.4,0,far_left,5,4,4,6,4.502617,4.502617,5,1.0,0.250618,1.497383
train,132.4,133.4,1,far_center,2,2,2,2,2.061292,2.0,2,0.0,0.290538,0.0
train,132.4,133.4,2,far_right,2,2,2,2,1.974005,2.0,2,0.0,0.159448,0.0
train,132.4,133.4,3,near_left,7,8,8,7,7.865195,8.0,8,0.0,0.121083,1.0
train,132.4,133.4,4,near_center,3,3,3,3,3.016184,3.0,3,0.0,0.210648,0.0
train,132.4,133.4,5,near_right,4,4,4,4,4.030809,4.0,4,0.0,0.272768,0.0
train,132.6,133.6,0,far_left,5,5,5,6,5.113555,5.113555,5,1.0,0.215013,0.886445
train,132.6,133.6,1,far_center,2,2,2,2,2.064135,2.0,2,0.0,0.290151,0.0
train,132.6,133.6,2,far_right,2,2,2,2,1.981153,2.0,2,0.0,0.154187,0.0
train,132.6,133.6,3,near_left,8,8,8,9,7.836699,8.0,8,0.0,0.171529,1.0
train,132.6,133.6,4,near_center,3,3,3,3,3.031034,3.0,3,0.0,0.203197,0.0
train,132.6,133.6,5,near_right,4,4,4,4,4.033662,4.0,4,0.0,0.275615,0.0
train,132.8,133.8,0,far_left,6,7,5,7,6.706016,6.706016,7,1.0,0.200515,0.293984
train,132.8,133.8,1,far_center,2,2,2,1,2.096443,2.0,2,0.0,0.29335,1.0
train,132.8,133.8,2,far_right,2,2,2,3,1.976196,2.0,2,0.0,0.153517,1.0
train,132.8,133.8,3,near_left,8,7,9,7,6.964011,7.0,7,0.0,0.235089,0.0
train,132.8,133.8,4,near_center,3,3,3,3,3.031627,3.0,3,0.0,0.198151,0.0
train,132.8,133.8,5,near_right,4,4,4,4,4.038126,4.0,4,0.0,0.279488,0.0
train,133.0,134.0,0,far_left,6,6,6,6,6.019373,6.019373,6,1.0,0.151463,0.019373
train,133.0,134.0,1,far_center,2,2,2,1,2.102681,2.0,2,0.0,0.294825,1.0
train,133.0,134.0,2,far_right,2,2,2,3,1.96234,2.0,2,0.0,0.15648,1.0
train,133.0,134.0,3,near_left,9,9,9,9,8.308656,9.0,9,0.0,0.368515,0.0
train,133.0,134.0,4,near_center,3,3,3,4,3.040287,3.0,3,0.0,0.190527,1.0
train,133.0,134.0,5,near_right,4,4,4,5,4.048474,4.0,4,0.0,0.284005,1.0
train,133.2,134.2,0,far_left,5,4,4,5,4.26795,4.26795,4,1.0,0.136665,0.73205
train,133.2,134.2,1,far_center,2,1,1,2,1.357887,1.0,1,0.0,0.296438,1.0
train,133.2,134.2,2,far_right,2,3,3,2,2.830691,3.0,3,0.0,0.147272,1.0
train,133.2,134.2,3,near_left,8,9,9,9,8.672764,9.0,9,0.0,0.276556,0.0
train,133.2,134.2,4,near_center,3,3,3,4,3.009061,3.0,3,0.0,0.185928,1.0
train,133.2,134.2,5,near_right,4,4,4,4,4.039248,4.0,4,0.0,0.286232,0.0
train,133.4,134.4,0,far_left,6,5,5,5,5.154103,5.154103,5,1.0,0.137903,0.154103
train,133.4,134.4,1,far_center,2,1,1,3,1.362374,1.0,1,0.0,0.292887,2.0
train,133.4,134.4,2,far_right,2,3,3,1,2.836735,3.0,3,0.0,0.14419,2.0
train,133.4,134.4,3,near_left,7,8,8,9,7.965882,8.0,8,0.0,0.255509,1.0
train,133.4,134.4,4,near_center,3,3,3,4,2.999568,3.0,3,0.0,0.193207,1.0
train,133.4,134.4,5,near_right,4,4,4,5,4.037626,4.0,4,0.0,0.286562,1.0
train,133.6,134.6,0,far_left,6,6,6,6,5.967358,5.967358,6,1.0,0.146299,0.032642
train,133.6,134.6,1,far_center,2,1,1,2,1.380144,1.0,1,0.0,0.287437,1.0
train,133.6,134.6,2,far_right,2,3,3,2,2.835768,3.0,3,0.0,0.143805,1.0
train,133.6,134.6,3,near_left,9,9,9,9,8.649954,9.0,9,0.0,0.367968,0.0
train,133.6,134.6,4,near_center,3,3,3,4,3.018344,3.0,3,0.0,0.19307,1.0
train,133.6,134.6,5,near_right,4,4,4,4,4.046801,4.0,4,0.0,0.286398,0.0
train,133.8,134.8,0,far_left,7,6,6,6,6.115321,6.115321,6,1.0,0.116979,0.115321
train,133.8,134.8,1,far_center,1,1,1,2,1.073414,1.0,1,0.0,0.293778,1.0
train,133.8,134.8,2,far_right,3,3,3,1,2.943408,3.0,3,0.0,0.167163,2.0
train,133.8,134.8,3,near_left,7,8,8,8,7.819343,8.0,8,0.0,0.310997,0.0
train,133.8,134.8,4,near_center,3,3,3,4,3.012557,3.0,3,0.0,0.178682,1.0
train,133.8,134.8,5,near_right,4,4,4,4,4.039317,4.0,4,0.0,0.289811,0.0
train,134.0,135.0,0,far_left,6,6,6,6,5.728044,5.728044,6,1.0,0.212035,0.271956
train,134.0,135.0,1,far_center,1,1,1,2,1.172087,1.0,1,0.0,0.299224,1.0
train,134.0,135.0,2,far_right,3,3,3,1,2.960496,3.0,3,0.0,0.166551,2.0
train,134.0,135.0,3,near_left,9,9,9,8,8.488969,9.0,9,0.0,0.461639,1.0
train,134.0,135.0,4,near_center,4,4,4,4,3.905092,4.0,4,0.0,0.223575,0.0
train,134.0,135.0,5,near_right,5,5,5,4,4.806008,5.0,5,0.0,0.350133,1.0
train,134.2,135.2,0,far_left,5,5,5,6,5.036921,5.036921,5,1.0,0.14177,0.963079
train,134.2,135.2,1,far_center,2,2,1,2,2.079904,2.0,2,0.0,0.300289,0.0
train,134.2,135.2,2,far_right,2,2,3,1,1.973442,2.0,2,0.0,0.136774,1.0
train,134.2,135.2,3,near_left,9,9,9,8,7.969335,9.0,9,0.0,0.519179,1.0
train,134.2,135.2,4,near_center,4,4,3,3,3.996347,4.0,4,0.0,0.194847,1.0
train,134.2,135.2,5,near_right,4,4,5,5,4.068629,4.0,4,0.0,0.32222,1.0
train,134.4,135.4,0,far_left,5,5,5,4,5.053093,5.053093,5,1.0,0.106198,1.053093
train,134.4,135.4,1,far_center,3,3,3,3,2.926126,3.0,3,0.0,0.330764,0.0
train,134.4,135.4,2,far_right,1,1,1,2,1.027818,1.0,1,0.0,0.122975,1.0
train,134.4,135.4,3,near_left,9,9,9,7,7.37127,9.0,9,0.0,0.619356,2.0
train,134.4,135.4,4,near_center,4,4,3,3,4.060814,4.0,4,0.0,0.176444,1.0
train,134.4,135.4,5,near_right,5,5,6,5,4.72255,5.0,5,0.0,0.369802,0.0
train,134.6,135.6,0,far_left,6,6,6,4,5.985993,5.985993,6,1.0,0.10597,1.985993
train,134.6,135.6,1,far_center,2,2,2,3,2.063375,2.0,2,0.0,0.322009,1.0
train,134.6,135.6,2,far_right,2,2,2,2,1.979662,2.0,2,0.0,0.130082,0.0
train,134.6,135.6,3,near_left,9,9,9,7,7.616754,9.0,9,0.0,0.589901,2.0
train,134.6,135.6,4,near_center,4,4,3,2,4.050536,4.0,4,0.0,0.156192,2.0
train,134.6,135.6,5,near_right,4,4,5,5,4.037624,4.0,4,0.0,0.342777,1.0
train,134.8,135.8,0,far_left,6,6,6,6,5.986213,5.986213,6,1.0,0.086788,0.013787
train,134.8,135.8,1,far_center,2,2,2,3,2.074323,2.0,2,0.0,0.307908,1.0
train,134.8,135.8,2,far_right,1,1,1,2,1.021919,1.0,1,0.0,0.128155,1.0
train,134.8,135.8,3,near_left,8,8,9,7,7.948716,8.0,8,0.0,0.435617,1.0
train,134.8,135.8,4,near_center,4,4,2,2,4.001048,4.0,4,0.0,0.151017,2.0
train,134.8,135.8,5,near_right,4,4,5,5,4.027515,4.0,4,0.0,0.329438,1.0
train,135.0,136.0,0,far_left,6,6,6,5,6.014435,6.014435,6,1.0,0.07594,1.014435
train,135.0,136.0,1,far_center,2,2,2,3,2.059398,2.0,2,0.0,0.301755,1.0
train,135.0,136.0,2,far_right,1,1,1,2,1.003058,1.0,1,0.0,0.129947,1.0
train,135.0,136.0,3,near_left,8,8,9,8,8.052649,8.0,8,0.0,0.410259,0.0
train,135.0,136.0,4,near_center,4,3,2,2,3.164319,3.0,3,0.0,0.150354,1.0
train,135.0,136.0,5,near_right,4,5,5,4,4.712829,5.0,5,0.0,0.321093,1.0
train,135.2,136.2,0,far_left,6,6,6,5,5.950568,5.950568,6,1.0,0.096662,0.950568
train,135.2,136.2,1,far_center,2,2,2,3,2.093877,2.0,2,0.0,0.296352,1.0
train,135.2,136.2,2,far_right,1,1,1,2,0.997245,1.0,1,0.0,0.13397,1.0
train,135.2,136.2,3,near_left,8,8,9,8,7.845836,8.0,8,0.0,0.412908,0.0
train,135.2,136.2,4,near_center,3,3,2,2,3.020813,3.0,3,0.0,0.157425,1.0
train,135.2,136.2,5,near_right,5,5,5,4,4.995176,5.0,5,0.0,0.315304,1.0
train,135.4,136.4,0,far_left,4,3,3,4,3.174651,3.174651,3,1.0,0.085956,0.825349
train,135.4,136.4,1,far_center,3,3,3,3,2.916576,3.0,3,0.0,0.33201,0.0
train,135.4,136.4,2,far_right,2,2,2,1,1.717183,2.0,2,0.0,0.267896,1.0
train,135.4,136.4,3,near_left,7,8,9,9,8.402226,8.0,8,0.0,0.356902,1.0
train,135.4,136.4,4,near_center,3,3,2,2,2.773079,3.0,3,0.0,0.231806,1.0
train,135.4,136.4,5,near_right,5,5,5,4,5.097129,5.0,5,0.0,0.31064,1.0
train,135.6,136.6,0,far_left,4,3,3,3,3.197678,3.197678,3,1.0,0.106004,0.197678
train,135.6,136.6,1,far_center,3,3,4,3,2.977106,3.0,3,0.0,0.311888,0.0
train,135.6,136.6,2,far_right,2,2,1,1,1.854636,2.0,2,0.0,0.213967,1.0
train,135.6,136.6,3,near_left,7,8,8,9,8.343639,8.0,8,0.0,0.363022,1.0
train,135.6,136.6,4,near_center,2,2,2,2,2.020042,2.0,2,0.0,0.156746,0.0
train,135.6,136.6,5,near_right,5,5,5,4,5.047545,5.0,5,0.0,0.326658,1.0
train,135.8,136.8,0,far_left,6,3,3,3,3.371205,3.371205,3,1.0,0.120032,0.371205
train,135.8,136.8,1,far_center,3,3,4,3,2.970444,3.0,3,0.0,0.314774,0.0
train,135.8,136.8,2,far_right,2,2,1,1,1.924006,2.0,2,0.0,0.187282,1.0
train,135.8,136.8,3,near_left,7,10,10,10,9.564385,10.0,10,0.0,0.349543,0.0
train,135.8,136.8,4,near_center,2,2,2,2,2.035487,2.0,2,0.0,0.148581,0.0
train,135.8,136.8,5,near_right,5,5,5,4,4.904338,5.0,5,0.0,0.362568,1.0
train,136.0,137.0,0,far_left,5,2,2,3,2.543437,2.543437,3,1.0,0.14574,0.456563
train,136.0,137.0,1,far_center,3,3,4,4,2.995686,3.0,3,0.0,0.302294,1.0
train,136.0,137.0,2,far_right,2,2,1,1,1.943132,2.0,2,0.0,0.168244,1.0
train,136.0,137.0,3,near_left,8,11,11,9,9.875615,11.0,11,0.0,0.388307,2.0
train,136.0,137.0,4,near_center,2,2,2,2,2.03959,2.0,2,0.0,0.152404,0.0
train,136.0,137.0,5,near_right,4,4,4,4,4.064485,4.0,4,0.0,0.359273,0.0
train,136.2,137.2,0,far_left,5,2,2,3,2.575317,2.575317,3,1.0,0.167248,0.424683
train,136.2,137.2,1,far_center,3,3,3,4,3.016272,3.0,3,0.0,0.303434,1.0
train,136.2,137.2,2,far_right,2,2,2,1,1.790356,2.0,2,0.0,0.239355,1.0
train,136.2,137.2,3,near_left,8,11,11,10,10.046926,11.0,11,0.0,0.366904,1.0
train,136.2,137.2,4,near_center,2,2,2,2,2.033814,2.0,2,0.0,0.164201,0.0
train,136.2,137.2,5,near_right,4,4,4,4,4.072621,4.0,4,0.0,0.352637,0.0
train,136.4,137.4,0,far_left,4,3,2,3,3.22456,3.22456,3,1.0,0.167635,0.22456
train,136.4,137.4,1,far_center,3,3,3,3,3.018353,3.0,3,0.0,0.29902,0.0
train,136.4,137.4,2,far_right,1,1,1,1,0.965212,1.0,1,0.0,0.181267,0.0
train,136.4,137.4,3,near_left,9,10,11,10,9.094,10.0,10,0.0,0.449472,0.0
train,136.4,137.4,4,near_center,2,2,2,2,2.036161,2.0,2,0.0,0.17372,0.0
train,136.4,137.4,5,near_right,4,4,4,4,4.074111,4.0,4,0.0,0.351883,0.0
train,136.6,137.6,0,far_left,3,2,2,3,2.240666,2.240666,2,1.0,0.168638,0.759334
train,136.6,137.6,1,far_center,3,3,3,3,3.005014,3.0,3,0.0,0.296662,0.0
train,136.6,137.6,2,far_right,1,2,1,1,1.857718,2.0,2,0.0,0.133893,1.0
train,136.6,137.6,3,near_left,9,10,10,10,9.241297,10.0,10,0.0,0.436005,0.0
train,136.6,137.6,4,near_center,2,2,2,2,2.032144,2.0,2,0.0,0.172888,0.0
train,136.6,137.6,5,near_right,4,3,4,5,3.42628,3.0,3,0.0,0.348849,2.0
train,136.8,137.8,0,far_left,3,3,3,3,3.044478,3.044478,3,1.0,0.145685,0.044478
train,136.8,137.8,1,far_center,3,3,3,3,2.976377,3.0,3,0.0,0.300303,0.0
train,136.8,137.8,2,far_right,1,2,2,2,1.901716,2.0,2,0.0,0.109676,0.0
train,136.8,137.8,3,near_left,10,10,10,9,9.059113,10.0,10,0.0,0.544536,1.0
train,136.8,137.8,4,near_center,2,2,2,2,2.04694,2.0,2,0.0,0.177382,0.0
train,136.8,137.8,5,near_right,4,3,3,4,3.408551,3.0,3,0.0,0.339212,1.0
train,137.0,138.0,0,far_left,3,3,3,3,3.059372,3.059372,3,1.0,0.126901,0.059372
train,137.0,138.0,1,far_center,4,5,4,4,3.881193,5.0,5,0.0,0.437888,1.0
train,137.0,138.0,2,far_right,1,1,2,2,1.030411,1.0,1,0.0,0.11275,1.0
train,137.0,138.0,3,near_left,9,9,9,10,8.771052,9.0,9,0.0,0.483411,1.0
train,137.0,138.0,4,near_center,2,2,2,2,2.057988,2.0,2,0.0,0.176297,0.0
train,137.0,138.0,5,near_right,4,3,3,4,3.394252,3.0,3,0.0,0.322542,1.0
train,137.2,138.2,0,far_left,3,3,3,3,3.06555,3.06555,3,1.0,0.122821,0.06555
train,137.2,138.2,1,far_center,4,4,4,2,3.535523,4.0,4,0.0,0.401224,2.0
train,137.2,138.2,2,far_right,1,2,2,2,1.928604,2.0,2,0.0,0.103266,0.0
train,137.2,138.2,3,near_left,10,10,10,10,9.186867,10.0,10,0.0,0.560527,0.0
train,137.2,138.2,4,near_center,2,2,2,2,2.059757,2.0,2,0.0,0.179248,0.0
train,137.2,138.2,5,near_right,4,3,3,4,3.35954,3.0,3,0.0,0.302883,1.0
train,137.4,138.4,0,far_left,3,3,3,3,3.048666,3.048666,3,1.0,0.122017,0.048666
train,137.4,138.4,1,far_center,3,3,3,2,3.027997,3.0,3,0.0,0.339455,1.0
train,137.4,138.4,2,far_right,1,2,2,2,1.912516,2.0,2,0.0,0.104431,0.0
train,137.4,138.4,3,near_left,10,10,10,9,9.301503,10.0,10,0.0,0.54063,1.0
train,137.4,138.4,4,near_center,2,2,2,2,2.034833,2.0,2,0.0,0.167672,0.0
train,137.4,138.4,5,near_right,4,3,3,4,3.337871,3.0,3,0.0,0.292203,1.0
train,137.6,138.6,0,far_left,3,3,3,3,3.046839,3.046839,3,1.0,0.126628,0.046839
train,137.6,138.6,1,far_center,3,3,3,2,3.064418,3.0,3,0.0,0.322647,1.0
train,137.6,138.6,2,far_right,1,2,2,2,1.912139,2.0,2,0.0,0.107199,0.0
train,137.6,138.6,3,near_left,10,10,10,11,9.025751,10.0,10,0.0,0.58267,1.0
train,137.6,138.6,4,near_center,2,2,2,2,2.046651,2.0,2,0.0,0.171918,0.0
train,137.6,138.6,5,near_right,5,4,4,3,4.225676,4.0,4,0.0,0.335807,1.0
train,137.8,138.8,0,far_left,3,3,3,2,3.032239,3.032239,3,1.0,0.129399,1.032239
train,137.8,138.8,1,far_center,3,3,3,2,3.050708,3.0,3,0.0,0.30672,1.0
train,137.8,138.8,2,far_right,2,2,2,2,2.00212,2.0,2,0.0,0.119106,0.0
train,137.8,138.8,3,near_left,9,9,9,10,9.103024,9.0,9,0.0,0.51258,1.0
train,137.8,138.8,4,near_center,2,2,2,2,2.026402,2.0,2,0.0,0.17214,0.0
train,137.8,138.8,5,near_right,4,4,4,3,3.959013,4.0,4,0.0,0.319646,1.0
train,138.0,139.0,0,far_left,3,3,3,2,3.050842,3.050842,3,1.0,0.123979,1.050842
train,138.0,139.0,1,far_center,4,4,4,2,3.800014,4.0,4,0.0,0.345488,2.0
train,138.0,139.0,2,far_right,2,2,2,2,2.015401,2.0,2,0.0,0.123277,0.0
train,138.0,139.0,3,near_left,10,10,10,10,9.417603,10.0,10,0.0,0.578944,0.0
train,138.0,139.0,4,near_center,2,2,2,2,2.047209,2.0,2,0.0,0.175201,0.0
train,138.0,139.0,5,near_right,4,4,4,3,3.976112,4.0,4,0.0,0.308686,1.0
train,138.2,139.2,0,far_left,3,3,3,2,3.054952,3.054952,3,1.0,0.124317,1.054952
train,138.2,139.2,1,far_center,2,2,2,2,2.090729,2.0,2,0.0,0.322408,0.0
train,138.2,139.2,2,far_right,2,2,2,1,2.01729,2.0,2,0.0,0.122931,1.0
train,138.2,139.2,3,near_left,10,10,10,11,8.667458,10.0,10,0.0,0.642197,1.0
train,138.2,139.2,4,near_center,2,2,2,2,2.055625,2.0,2,0.0,0.170041,0.0
train,138.2,139.2,5,near_right,4,4,4,2,3.955719,4.0,4,0.0,0.309627,2.0
train,138.4,139.4,0,far_left,3,3,3,2,3.046179,3.046179,3,1.0,0.123371,1.046179
train,138.4,139.4,1,far_center,2,2,2,2,2.058173,2.0,2,0.0,0.311754,0.0
train,138.4,139.4,2,far_right,2,2,2,1,2.004355,2.0,2,0.0,0.130176,1.0
train,138.4,139.4,3,near_left,9,9,9,11,8.372889,9.0,9,0.0,0.567811,2.0
train,138.4,139.4,4,near_center,2,2,2,2,2.041954,2.0,2,0.0,0.167964,0.0
train,138.4,139.4,5,near_right,4,4,4,2,3.966971,4.0,4,0.0,0.310167,2.0
train,138.6,139.6,0,far_left,3,3,3,3,3.004907,3.004907,3,1.0,0.145866,0.004907
train,138.6,139.6,1,far_center,2,2,2,2,2.087828,2.0,2,0.0,0.29988,0.0
train,138.6,139.6,2,far_right,2,2,2,1,2.000937,2.0,2,0.0,0.132269,1.0
train,138.6,139.6,3,near_left,11,11,11,9,9.456559,11.0,11,0.0,0.666539,2.0
train,138.6,139.6,4,near_center,2,2,2,2,2.048,2.0,2,0.0,0.170065,0.0
train,138.6,139.6,5,near_right,3,3,3,3,3.050864,3.0,3,0.0,0.314192,0.0
train,138.8,139.8,0,far_left,2,2,2,3,2.010031,2.010031,2,1.0,0.10926,0.989969
train,138.8,139.8,1,far_center,2,2,2,2,2.086746,2.0,2,0.0,0.296253,0.0
train,138.8,139.8,2,far_right,2,2,2,1,1.995808,2.0,2,0.0,0.135493,1.0
train,138.8,139.8,3,near_left,10,10,10,9,9.292404,10.0,10,0.0,0.580343,1.0
train,138.8,139.8,4,near_center,2,3,3,3,2.870579,3.0,3,0.0,0.167943,0.0
train,138.8,139.8,5,near_right,3,2,2,0,2.338345,2.0,2,0.0,0.301215,2.0
train,139.0,140.0,0,far_left,2,3,3,3,2.943762,2.943762,3,1.0,0.095678,0.056238
train,139.0,140.0,1,far_center,2,2,2,2,2.127353,2.0,2,0.0,0.299998,0.0
train,139.0,140.0,2,far_right,2,2,2,1,1.441369,2.0,2,0.0,0.380611,1.0
train,139.0,140.0,3,near_left,10,9,9,9,9.333174,9.0,9,0.0,0.549599,0.0
train,139.0,140.0,4,near_center,2,3,3,2,2.891057,3.0,3,0.0,0.170041,1.0
train,139.0,140.0,5,near_right,3,2,2,3,1.927849,2.0,2,0.0,0.458274,1.0
train,139.2,140.2,0,far_left,2,2,2,2,2.049963,2.049963,2,1.0,0.0965,0.049963
train,139.2,140.2,1,far_center,2,2,2,2,2.049985,2.0,2,0.0,0.302207,0.0
train,139.2,140.2,2,far_right,1,1,1,2,1.062724,1.0,1,0.0,0.248461,1.0
train,139.2,140.2,3,near_left,11,11,11,9,9.817591,11.0,11,0.0,0.636397,2.0
train,139.2,140.2,4,near_center,2,3,3,2,2.877211,3.0,3,0.0,0.171945,1.0
train,139.2,140.2,5,near_right,2,1,1,3,1.371514,1.0,1,0.0,0.35683,2.0
train,139.4,140.4,0,far_left,2,3,3,2,2.896405,2.896405,3,1.0,0.108747,0.896405
train,139.4,140.4,1,far_center,2,3,3,2,2.765538,3.0,3,0.0,0.300868,1.0
train,139.4,140.4,2,far_right,1,0,0,2,0.276205,0.0,0,0.0,0.205685,2.0
train,139.4,140.4,3,near_left,11,10,10,9,9.401154,10.0,10,0.0,0.639644,1.0
train,139.4,140.4,4,near_center,2,3,3,2,2.866687,3.0,3,0.0,0.179032,1.0
train,139.4,140.4,5,near_right,2,1,1,4,1.393718,1.0,1,0.0,0.335138,3.0
train,139.6,140.6,0,far_left,3,4,4,2,3.921277,3.921277,4,1.0,0.081592,1.921277
train,139.6,140.6,1,far_center,2,3,3,2,2.732102,3.0,3,0.0,0.299381,1.0
train,139.6,140.6,2,far_right,1,0,0,2,0.26525,0.0,0,0.0,0.175358,2.0
train,139.6,140.6,3,near_left,9,8,8,8,9.708824,8.0,8,0.0,0.506406,0.0
train,139.6,140.6,4,near_center,2,3,3,2,2.873511,3.0,3,0.0,0.175668,1.0
train,139.6,140.6,5,near_right,3,2,2,4,1.582037,2.0,2,0.0,0.536986,2.0
train,139.8,140.8,0,far_left,3,4,4,3,3.937324,3.937324,4,1.0,0.082923,0.937324
train,139.8,140.8,1,far_center,2,2,2,2,2.001094,2.0,2,0.0,0.296251,0.0
train,139.8,140.8,2,far_right,1,1,1,2,1.074575,1.0,1,0.0,0.172223,1.0
train,139.8,140.8,3,near_left,9,8,8,7,9.516891,8.0,8,0.0,0.529228,1.0
train,139.8,140.8,4,near_center,3,3,3,2,3.013003,3.0,3,0.0,0.184074,1.0
train,139.8,140.8,5,near_right,0,0,0,4,0.00085,0.0,0,0.0,0.354775,4.0
train,140.0,141.0,0,far_left,3,4,4,2,3.881323,3.881323,4,1.0,0.094214,1.881323
train,140.0,141.0,1,far_center,2,3,2,1,2.749975,3.0,3,0.0,0.29874,2.0
train,140.0,141.0,2,far_right,1,0,0,2,0.225505,0.0,0,0.0,0.162604,2.0
train,140.0,141.0,3,near_left,9,8,8,10,9.295075,8.0,8,0.0,0.529397,2.0
train,140.0,141.0,4,near_center,2,3,4,3,2.857038,3.0,3,0.0,0.189043,0.0
train,140.0,141.0,5,near_right,3,2,2,3,2.080853,2.0,2,0.0,0.356341,1.0
train,140.2,141.2,0,far_left,2,4,3,3,3.882256,3.882256,4,1.0,0.082496,0.882256
train,140.2,141.2,1,far_center,2,3,3,2,2.727845,3.0,3,0.0,0.302515,1.0
train,140.2,141.2,2,far_right,2,2,2,1,1.997517,2.0,2,0.0,0.15309,1.0
train,140.2,141.2,3,near_left,9,8,8,10,8.822155,8.0,8,0.0,0.526612,2.0
train,140.2,141.2,4,near_center,2,1,2,2,1.248158,1.0,1,0.0,0.200205,1.0
train,140.2,141.2,5,near_right,3,2,2,4,2.337064,2.0,2,0.0,0.324035,2.0
train,140.4,141.4,0,far_left,2,4,4,3,3.861305,3.861305,4,1.0,0.089177,0.861305
train,140.4,141.4,1,far_center,2,3,3,3,2.695942,3.0,3,0.0,0.295533,0.0
train,140.4,141.4,2,far_right,2,2,2,1,2.036258,2.0,2,0.0,0.143072,1.0
train,140.4,141.4,3,near_left,9,8,8,10,8.838032,8.0,8,0.0,0.521695,2.0
train,140.4,141.4,4,near_center,2,1,1,1,1.260711,1.0,1,0.0,0.202064,0.0
train,140.4,141.4,5,near_right,4,3,3,4,3.232882,3.0,3,0.0,0.31104,1.0
train,140.6,141.6,0,far_left,2,5,5,3,4.740142,4.740142,5,1.0,0.098337,1.740142
train,140.6,141.6,1,far_center,2,3,3,3,2.717762,3.0,3,0.0,0.302463,0.0
train,140.6,141.6,2,far_right,2,1,1,1,1.184956,1.0,1,0.0,0.150845,0.0
train,140.6,141.6,3,near_left,8,6,6,10,8.048501,6.0,6,0.0,0.490687,4.0
train,140.6,141.6,4,near_center,2,2,2,1,2.032695,2.0,2,0.0,0.201806,1.0
train,140.6,141.6,5,near_right,4,3,3,4,3.35425,3.0,3,0.0,0.323945,1.0
train,140.8,141.8,0,far_left,3,4,4,3,3.919466,3.919466,4,1.0,0.098218,0.919466
train,140.8,141.8,1,far_center,2,2,2,2,2.03801,2.0,2,0.0,0.306008,0.0
train,140.8,141.8,2,far_right,2,3,2,3,2.880133,3.0,3,0.0,0.143358,0.0
train,140.8,141.8,3,near_left,7,7,7,9,7.703131,7.0,7,0.0,0.501207,2.0
train,140.8,141.8,4,near_center,2,1,1,1,1.244902,1.0,1,0.0,0.198397,0.0
train,140.8,141.8,5,near_right,4,3,4,4,3.305667,3.0,3,0.0,0.347454,1.0
train,141.0,142.0,0,far_left,2,4,4,3,3.845949,3.845949,4,1.0,0.108681,0.845949
train,141.0,142.0,1,far_center,1,3,2,2,2.425137,3.0,3,0.0,0.299261,1.0
train,141.0,142.0,2,far_right,2,2,3,4,2.030047,2.0,2,0.0,0.151517,2.0
train,141.0,142.0,3,near_left,10,9,9,8,8.483562,9.0,9,0.0,0.637311,1.0
train,141.0,142.0,4,near_center,3,1,1,1,1.459238,1.0,1,0.0,0.199233,0.0
train,141.0,142.0,5,near_right,3,2,2,3,2.427799,2.0,2,0.0,0.340508,1.0
train,141.2,142.2,0,far_left,3,3,3,3,3.056148,3.056148,3,1.0,0.112833,0.056148
train,141.2,142.2,1,far_center,2,3,3,2,2.722397,3.0,3,0.0,0.286249,1.0
train,141.2,142.2,2,far_right,1,2,2,4,1.881794,2.0,2,0.0,0.144618,2.0
train,141.2,142.2,3,near_left,10,10,10,9,8.412664,10.0,10,0.0,0.665311,1.0
train,141.2,142.2,4,near_center,2,1,1,1,1.2942,1.0,1,0.0,0.206195,0.0
train,141.2,142.2,5,near_right,4,3,3,3,3.286659,3.0,3,0.0,0.271867,0.0
train,141.4,142.4,0,far_left,3,3,3,3,3.061982,3.061982,3,1.0,0.124288,0.061982
train,141.4,142.4,1,far_center,3,3,3,3,3.00443,3.0,3,0.0,0.278599,0.0
train,141.4,142.4,2,far_right,1,2,2,3,1.871668,2.0,2,0.0,0.141904,1.0
train,141.4,142.4,3,near_left,10,10,10,9,8.232057,10.0,10,0.0,0.675446,1.0
train,141.4,142.4,4,near_center,1,1,1,1,1.090489,1.0,1,0.0,0.230765,0.0
train,141.4,142.4,5,near_right,4,3,3,2,3.276862,3.0,3,0.0,0.223258,1.0
train,141.6,142.6,0,far_left,3,3,3,3,3.059463,3.059463,3,1.0,0.13502,0.059463
train,141.6,142.6,1,far_center,3,3,3,3,3.016898,3.0,3,0.0,0.278513,0.0
train,141.6,142.6,2,far_right,1,2,2,3,1.872283,2.0,2,0.0,0.149392,1.0
train,141.6,142.6,3,near_left,10,10,10,8,8.540184,10.0,10,0.0,0.64673,2.0
train,141.6,142.6,4,near_center,1,1,1,1,1.066047,1.0,1,0.0,0.22991,0.0
train,141.6,142.6,5,near_right,4,3,3,3,3.253151,3.0,3,0.0,0.20033,0.0
train,141.8,142.8,0,far_left,3,4,4,3,3.889388,3.889388,4,1.0,0.141437,0.889388
train,141.8,142.8,1,far_center,2,3,3,3,2.768583,3.0,3,0.0,0.282973,0.0
train,141.8,142.8,2,far_right,3,3,3,3,2.945261,3.0,3,0.0,0.181576,0.0
train,141.8,142.8,3,near_left,9,8,8,10,9.270518,8.0,8,0.0,0.511134,2.0
train,141.8,142.8,4,near_center,1,1,1,1,1.023084,1.0,1,0.0,0.226577,0.0
train,141.8,142.8,5,near_right,4,3,3,3,3.257299,3.0,3,0.0,0.193958,0.0
train,142.0,143.0,0,far_left,3,4,4,3,3.877737,3.877737,4,1.0,0.144672,0.877737
train,142.0,143.0,1,far_center,2,2,2,2,2.045864,2.0,2,0.0,0.281903,0.0
train,142.0,143.0,2,far_right,4,4,4,4,3.885813,4.0,4,0.0,0.208588,0.0
train,142.0,143.0,3,near_left,8,7,7,8,8.789133,7.0,7,0.0,0.485761,1.0
train,142.0,143.0,4,near_center,1,1,1,1,1.014769,1.0,1,0.0,0.222429,0.0
train,142.0,143.0,5,near_right,3,3,3,2,3.052669,3.0,3,0.0,0.194409,1.0
train,142.2,143.2,0,far_left,3,3,3,3,3.037229,3.037229,3,1.0,0.154618,0.037229
train,142.2,143.2,1,far_center,2,2,2,2,2.050953,2.0,2,0.0,0.280833,0.0
train,142.2,143.2,2,far_right,4,4,4,4,3.970958,4.0,4,0.0,0.182286,0.0
train,142.2,143.2,3,near_left,9,9,9,10,9.712694,9.0,9,0.0,0.525257,1.0
train,142.2,143.2,4,near_center,1,1,1,1,1.061465,1.0,1,0.0,0.222666,0.0
train,142.2,143.2,5,near_right,3,3,3,2,2.782546,3.0,3,0.0,0.265814,1.0
train,142.4,143.4,0,far_left,3,5,4,4,4.713873,4.713873,5,1.0,0.160971,0.713873
train,142.4,143.4,1,far_center,3,1,1,2,1.597772,1.0,1,0.0,0.283552,1.0
train,142.4,143.4,2,far_right,3,4,4,4,3.874986,4.0,4,0.0,0.151562,0.0
train,142.4,143.4,3,near_left,9,8,9,9,9.202951,8.0,8,0.0,0.510166,1.0
train,142.4,143.4,4,near_center,1,1,1,1,1.026361,1.0,1,0.0,0.226482,0.0
train,142.4,143.4,5,near_right,2,2,2,2,2.064678,2.0,2,0.0,0.230211,0.0
train,142.6,143.6,0,far_left,3,5,5,5,4.708792,4.708792,5,1.0,0.163704,0.291208
train,142.6,143.6,1,far_center,3,1,1,1,1.608018,1.0,1,0.0,0.285824,0.0
train,142.6,143.6,2,far_right,3,4,4,4,3.880601,4.0,4,0.0,0.147667,0.0
train,142.6,143.6,3,near_left,8,7,7,9,8.576754,7.0,7,0.0,0.457587,2.0
train,142.6,143.6,4,near_center,1,1,1,1,1.041715,1.0,1,0.0,0.227972,0.0
train,142.6,143.6,5,near_right,3,3,3,2,2.952606,3.0,3,0.0,0.190731,1.0
train,142.8,143.8,0,far_left,3,5,5,5,4.746531,4.746531,5,1.0,0.15092,0.253469
train,142.8,143.8,1,far_center,3,2,2,1,2.340652,2.0,2,0.0,0.287276,1.0
train,142.8,143.8,2,far_right,3,3,3,4,3.038693,3.0,3,0.0,0.138746,1.0
train,142.8,143.8,3,near_left,10,9,9,9,9.117759,9.0,9,0.0,0.559628,0.0
train,142.8,143.8,4,near_center,1,1,1,1,1.093471,1.0,1,0.0,0.222389,0.0
train,142.8,143.8,5,near_right,3,3,3,2,2.61972,3.0,3,0.0,0.302392,1.0
train,143.0,144.0,0,far_left,3,4,4,6,3.882843,3.882843,4,1.0,0.156465,2.117157
train,143.0,144.0,1,far_center,2,2,2,1,2.048981,2.0,2,0.0,0.290329,1.0
train,143.0,144.0,2,far_right,4,3,3,4,3.135391,3.0,3,0.0,0.151215,1.0
train,143.0,144.0,3,near_left,8,8,8,7,9.011468,8.0,8,0.0,0.457294,1.0
train,143.0,144.0,4,near_center,1,1,1,1,1.02337,1.0,1,0.0,0.220299,0.0
train,143.0,144.0,5,near_right,2,2,2,2,2.069705,2.0,2,0.0,0.25043,0.0
train,143.2,144.2,0,far_left,3,5,5,6,4.765808,4.765808,5,1.0,0.132379,1.234192
train,143.2,144.2,1,far_center,2,1,1,1,1.363132,1.0,1,0.0,0.288472,0.0
train,143.2,144.2,2,far_right,4,4,4,4,3.956647,4.0,4,0.0,0.169816,0.0
train,143.2,144.2,3,near_left,10,9,9,7,8.884092,9.0,9,0.0,0.600664,2.0
train,143.2,144.2,4,near_center,1,1,1,1,1.053986,1.0,1,0.0,0.213883,0.0
train,143.2,144.2,5,near_right,2,2,2,2,2.079563,2.0,2,0.0,0.225321,0.0
train,143.4,144.4,0,far_left,4,5,5,6,4.910363,4.910363,5,1.0,0.12286,1.089637
train,143.4,144.4,1,far_center,2,1,1,1,1.361473,1.0,1,0.0,0.292492,0.0
train,143.4,144.4,2,far_right,4,4,4,4,3.963175,4.0,4,0.0,0.167261,0.0
train,143.4,144.4,3,near_left,9,9,9,8,7.769078,9.0,9,0.0,0.634692,1.0
train,143.4,144.4,4,near_center,1,1,1,1,1.062577,1.0,1,0.0,0.208708,0.0
train,143.4,144.4,5,near_right,2,2,2,2,2.069868,2.0,2,0.0,0.210787,0.0
train,143.6,144.6,0,far_left,5,5,5,7,5.034926,5.034926,5,1.0,0.126855,1.965074
train,143.6,144.6,1,far_center,1,1,1,2,1.055826,1.0,1,0.0,0.29303,1.0
train,143.6,144.6,2,far_right,4,4,4,3,3.989354,4.0,4,0.0,0.144672,1.0
train,143.6,144.6,3,near_left,9,9,9,7,7.365862,9.0,9,0.0,0.668592,2.0
train,143.6,144.6,4,near_center,1,1,1,1,1.07376,1.0,1,0.0,0.205532,0.0
train,143.6,144.6,5,near_right,2,2,2,2,2.059903,2.0,2,0.0,0.196301,0.0
train,143.8,144.8,0,far_left,5,5,5,6,5.047425,5.047425,5,1.0,0.129282,0.952575
train,143.8,144.8,1,far_center,1,1,1,2,1.041874,1.0,1,0.0,0.294237,1.0
train,143.8,144.8,2,far_right,4,4,4,3,3.985384,4.0,4,0.0,0.138598,1.0
train,143.8,144.8,3,near_left,9,9,9,7,7.225037,9.0,9,0.0,0.677423,2.0
train,143.8,144.8,4,near_center,1,1,1,1,1.074761,1.0,1,0.0,0.20248,0.0
train,143.8,144.8,5,near_right,2,2,2,2,2.061635,2.0,2,0.0,0.197136,0.0
train,144.0,145.0,0,far_left,6,6,6,6,5.925484,5.925484,6,1.0,0.15335,0.074516
train,144.0,145.0,1,far_center,1,1,1,1,1.058446,1.0,1,0.0,0.290591,0.0
train,144.0,145.0,2,far_right,4,4,4,5,3.987599,4.0,4,0.0,0.135465,1.0
train,144.0,145.0,3,near_left,7,7,7,7,7.673434,7.0,7,0.0,0.482954,0.0
train,144.0,145.0,4,near_center,1,1,1,1,1.029935,1.0,1,0.0,0.203508,0.0
train,144.0,145.0,5,near_right,2,2,2,2,2.05932,2.0,2,0.0,0.193704,0.0
train,144.2,145.2,0,far_left,6,7,7,6,6.805098,6.805098,7,1.0,0.151155,0.805098
train,144.2,145.2,1,far_center,1,1,1,1,1.053447,1.0,1,0.0,0.291141,0.0
train,144.2,145.2,2,far_right,4,4,4,5,3.987753,4.0,4,0.0,0.131272,1.0
train,144.2,145.2,3,near_left,7,6,6,7,7.03876,6.0,6,0.0,0.450659,1.0
train,144.2,145.2,4,near_center,1,1,1,1,1.025799,1.0,1,0.0,0.208522,0.0
train,144.2,145.2,5,near_right,2,2,2,2,2.059914,2.0,2,0.0,0.195315,0.0
train,144.4,145.4,0,far_left,6,7,7,8,6.896546,6.896546,7,1.0,0.114944,1.103454
train,144.4,145.4,1,far_center,1,2,2,2,1.746272,2.0,2,0.0,0.290494,0.0
train,144.4,145.4,2,far_right,4,3,3,3,3.137232,3.0,3,0.0,0.135384,0.0
train,144.4,145.4,3,near_left,8,7,7,5,7.238922,7.0,7,0.0,0.485835,2.0
train,144.4,145.4,4,near_center,1,1,1,1,1.043622,1.0,1,0.0,0.206271,0.0
train,144.4,145.4,5,near_right,2,2,2,3,2.059384,2.0,2,0.0,0.199588,1.0
train,144.6,145.6,0,far_left,7,8,8,8,7.43546,7.43546,7,1.0,0.22441,0.56454
train,144.6,145.6,1,far_center,2,2,2,2,2.057124,2.0,2,0.0,0.289545,0.0
train,144.6,145.6,2,far_right,3,3,3,3,3.000041,3.0,3,0.0,0.139995,0.0
train,144.6,145.6,3,near_left,7,6,6,7,7.240475,6.0,6,0.0,0.380408,1.0
train,144.6,145.6,4,near_center,1,1,1,1,1.01242,1.0,1,0.0,0.215904,0.0
train,144.6,145.6,5,near_right,2,2,2,4,2.061308,2.0,2,0.0,0.19714,2.0
train,144.8,145.8,0,far_left,6,7,7,7,6.884458,6.884458,7,1.0,0.148775,0.115542
train,144.8,145.8,1,far_center,2,2,2,1,2.041122,2.0,2,0.0,0.28566,1.0
train,144.8,145.8,2,far_right,3,3,3,4,2.96453,3.0,3,0.0,0.15456,1.0
train,144.8,145.8,3,near_left,7,6,6,5,7.034643,6.0,6,0.0,0.364126,1.0
train,144.8,145.8,4,near_center,1,1,1,1,1.011878,1.0,1,0.0,0.220125,0.0
train,144.8,145.8,5,near_right,2,2,2,5,2.066483,2.0,2,0.0,0.193773,3.0
train,145.0,146.0,0,far_left,6,7,7,8,6.930709,6.930709,7,1.0,0.113093,1.069291
train,145.0,146.0,1,far_center,1,2,2,1,1.782045,2.0,2,0.0,0.289358,1.0
train,145.0,146.0,2,far_right,5,4,4,4,3.950199,4.0,4,0.0,0.269035,0.0
train,145.0,146.0,3,near_left,7,6,6,5,6.677264,6.0,6,0.0,0.326758,1.0
train,145.0,146.0,4,near_center,1,1,1,1,1.024926,1.0,1,0.0,0.215967,0.0
train,145.0,146.0,5,near_right,2,2,2,6,2.068396,2.0,2,0.0,0.18549,4.0
train,145.2,146.2,0,far_left,6,7,7,7,6.931093,6.931093,7,1.0,0.097058,0.068907
train,145.2,146.2,1,far_center,1,2,2,1,1.76413,2.0,2,0.0,0.293299,1.0
train,145.2,146.2,2,far_right,5,4,4,4,4.088802,4.0,4,0.0,0.220551,0.0
train,145.2,146.2,3,near_left,7,6,6,5,6.411576,6.0,6,0.0,0.31629,1.0
train,145.2,146.2,4,near_center,1,1,1,1,1.034532,1.0,1,0.0,0.214431,0.0
train,145.2,146.2,5,near_right,2,2,2,6,2.055849,2.0,2,0.0,0.181347,4.0
train,145.4,146.4,0,far_left,8,8,8,7,7.637356,7.637356,8,1.0,0.239669,0.637356
train,145.4,146.4,1,far_center,2,2,2,1,2.044334,2.0,2,0.0,0.288639,1.0
train,145.4,146.4,2,far_right,3,3,2,4,3.107607,3.0,3,0.0,0.172704,1.0
train,145.4,146.4,3,near_left,5,5,5,5,5.288923,5.0,5,0.0,0.227953,0.0
train,145.4,146.4,4,near_center,1,1,1,1,1.038952,1.0,1,0.0,0.220526,0.0
train,145.4,146.4,5,near_right,3,3,4,5,2.97083,3.0,3,0.0,0.163199,2.0
train,145.6,146.6,0,far_left,8,8,8,6,7.599036,7.599036,8,1.0,0.303934,1.599036
train,145.6,146.6,1,far_center,2,2,2,1,2.075726,2.0,2,0.0,0.287495,1.0
train,145.6,146.6,2,far_right,3,3,1,2,3.059189,3.0,3,0.0,0.137939,1.0
train,145.6,146.6,3,near_left,7,7,7,5,6.357194,7.0,7,0.0,0.499309,2.0
train,145.6,146.6,4,near_center,1,1,1,1,1.106097,1.0,1,0.0,0.215483,0.0
train,145.6,146.6,5,near_right,4,4,6,7,3.602217,4.0,4,0.0,0.315871,3.0
train,145.8,146.8,0,far_left,7,7,7,7,7.141201,7.141201,7,1.0,0.199191,0.141201
train,145.8,146.8,1,far_center,1,1,1,1,1.033259,1.0,1,0.0,0.288211,0.0
train,145.8,146.8,2,far_right,4,3,2,2,3.168262,3.0,3,0.0,0.116263,1.0
train,145.8,146.8,3,near_left,5,5,5,4,5.402297,5.0,5,0.0,0.332298,1.0
train,145.8,146.8,4,near_center,1,1,1,1,1.082302,1.0,1,0.0,0.207351,0.0
train,145.8,146.8,5,near_right,5,6,7,7,4.203585,6.0,6,0.0,0.55145,1.0
train,146.0,147.0,0,far_left,8,8,8,8,7.794929,7.794929,8,1.0,0.234929,0.205071
train,146.0,147.0,1,far_center,1,2,1,1,1.762813,2.0,2,0.0,0.290077,1.0
train,146.0,147.0,2,far_right,4,1,3,2,1.453829,1.0,1,0.0,0.125384,1.0
train,146.0,147.0,3,near_left,5,5,5,4,5.149631,5.0,5,0.0,0.239193,1.0
train,146.0,147.0,4,near_center,1,1,1,1,1.088769,1.0,1,0.0,0.203835,0.0
train,146.0,147.0,5,near_right,6,8,7,7,6.008221,8.0,8,0.0,0.4883,1.0
train,146.2,147.2,0,far_left,7,7,7,7,7.087745,7.087745,7,1.0,0.216188,0.087745
train,146.2,147.2,1,far_center,1,1,1,1,1.024933,1.0,1,0.0,0.29127,0.0
train,146.2,147.2,2,far_right,4,2,2,2,2.32463,2.0,2,0.0,0.132042,0.0
train,146.2,147.2,3,near_left,5,5,5,4,5.060859,5.0,5,0.0,0.186124,1.0
train,146.2,147.2,4,near_center,1,1,1,1,1.06817,1.0,1,0.0,0.208439,0.0
train,146.2,147.2,5,near_right,6,8,8,7,6.779338,8.0,8,0.0,0.355481,1.0
train,146.4,147.4,0,far_left,7,7,7,7,6.822383,6.822383,7,1.0,0.222482,0.177617
train,146.4,147.4,1,far_center,1,1,1,1,1.058726,1.0,1,0.0,0.293536,0.0
train,146.4,147.4,2,far_right,4,3,2,2,3.180629,3.0,3,0.0,0.131055,1.0
train,146.4,147.4,3,near_left,5,5,5,3,5.023282,5.0,5,0.0,0.201367,2.0
train,146.4,147.4,4,near_center,1,1,1,1,1.063456,1.0,1,0.0,0.191519,0.0
train,146.4,147.4,5,near_right,5,6,7,7,5.247142,6.0,6,0.0,0.324948,1.0
train,146.6,147.6,0,far_left,6,6,6,6,6.139466,6.139466,6,1.0,0.180208,0.139466
train,146.6,147.6,1,far_center,1,1,1,1,1.033126,1.0,1,0.0,0.299314,0.0
train,146.6,147.6,2,far_right,2,2,2,2,2.045595,2.0,2,0.0,0.135324,0.0
train,146.6,147.6,3,near_left,5,5,5,4,4.749059,5.0,5,0.0,0.267728,1.0
train,146.6,147.6,4,near_center,1,1,1,1,1.083889,1.0,1,0.0,0.192175,0.0
train,146.6,147.6,5,near_right,7,7,7,6,6.468807,7.0,7,0.0,0.352959,1.0
train,146.8,147.8,0,far_left,7,7,7,9,6.697115,6.697115,7,1.0,0.253628,2.302885
train,146.8,147.8,1,far_center,1,1,1,1,1.079518,1.0,1,0.0,0.300577,0.0
train,146.8,147.8,2,far_right,2,2,2,2,2.016401,2.0,2,0.0,0.134705,0.0
train,146.8,147.8,3,near_left,4,4,4,3,4.195681,4.0,4,0.0,0.20721,1.0
train,146.8,147.8,4,near_center,1,1,1,1,1.04044,1.0,1,0.0,0.192414,0.0
train,146.8,147.8,5,near_right,7,7,7,6,6.853335,7.0,7,0.0,0.268742,1.0
train,147.0,148.0,0,far_left,8,9,9,6,7.609977,7.609977,8,1.0,0.445563,1.609977
train,147.0,148.0,1,far_center,1,1,1,1,1.108868,1.0,1,0.0,0.300446,0.0
train,147.0,148.0,2,far_right,2,2,2,2,2.007907,2.0,2,0.0,0.131361,0.0
train,147.0,148.0,3,near_left,4,3,3,3,3.320369,3.0,3,0.0,0.173535,0.0
train,147.0,148.0,4,near_center,1,1,1,1,1.039586,1.0,1,0.0,0.194312,0.0
train,147.0,148.0,5,near_right,7,7,7,7,6.913303,7.0,7,0.0,0.252881,0.0
train,147.2,148.2,0,far_left,7,8,8,6,7.152856,7.152856,7,1.0,0.381396,1.152856
train,147.2,148.2,1,far_center,1,1,1,2,1.071501,1.0,1,0.0,0.301164,1.0
train,147.2,148.2,2,far_right,2,3,3,3,2.884922,3.0,3,0.0,0.12697,0.0
train,147.2,148.2,3,near_left,4,3,3,3,3.237004,3.0,3,0.0,0.190562,0.0
train,147.2,148.2,4,near_center,1,1,1,1,1.050524,1.0,1,0.0,0.196806,0.0
train,147.2,148.2,5,near_right,7,6,6,6,6.209203,6.0,6,0.0,0.243236,0.0
train,147.4,148.4,0,far_left,7,8,8,6,6.664666,6.664666,7,1.0,0.464359,0.664666
train,147.4,148.4,1,far_center,1,1,1,2,1.088553,1.0,1,0.0,0.300784,1.0
train,147.4,148.4,2,far_right,2,3,3,3,2.904854,3.0,3,0.0,0.124422,0.0
train,147.4,148.4,3,near_left,3,2,2,3,2.382895,2.0,2,0.0,0.185986,1.0
train,147.4,148.4,4,near_center,1,1,1,1,1.049418,1.0,1,0.0,0.195323,0.0
train,147.4,148.4,5,near_right,7,6,6,5,6.055706,6.0,6,0.0,0.267676,1.0
train,147.6,148.6,0,far_left,6,8,8,7,7.285056,7.285056,7,1.0,0.350627,0.285056
train,147.6,148.6,1,far_center,1,0,0,2,0.34708,0.0,0,0.0,0.304282,2.0
train,147.6,148.6,2,far_right,2,3,3,3,2.890029,3.0,3,0.0,0.126275,0.0
train,147.6,148.6,3,near_left,4,3,3,3,3.265232,3.0,3,0.0,0.19351,0.0
train,147.6,148.6,4,near_center,1,1,1,1,1.038008,1.0,1,0.0,0.195613,0.0
train,147.6,148.6,5,near_right,6,5,5,5,5.308826,5.0,5,0.0,0.280279,0.0
train,147.8,148.8,0,far_left,9,10,10,8,8.4141,8.4141,8,1.0,0.534675,0.4141
train,147.8,148.8,1,far_center,1,0,0,1,0.388104,0.0,0,0.0,0.30078,1.0
train,147.8,148.8,2,far_right,2,3,3,3,2.881806,3.0,3,0.0,0.129306,0.0
train,147.8,148.8,3,near_left,3,3,3,3,3.066518,3.0,3,0.0,0.170296,0.0
train,147.8,148.8,4,near_center,1,1,1,1,1.050267,1.0,1,0.0,0.197438,0.0
train,147.8,148.8,5,near_right,6,5,5,5,5.276331,5.0,5,0.0,0.2656,0.0
train,148.0,149.0,0,far_left,6,7,7,9,7.46543,7.46543,7,1.0,0.388456,1.53457
train,148.0,149.0,1,far_center,1,1,1,1,1.010944,1.0,1,0.0,0.301268,0.0
train,148.0,149.0,2,far_right,2,2,2,3,2.039717,2.0,2,0.0,0.130949,1.0
train,148.0,149.0,3,near_left,3,3,3,3,3.044478,3.0,3,0.0,0.155005,0.0
train,148.0,149.0,4,near_center,1,1,1,1,1.0612,1.0,1,0.0,0.194346,0.0
train,148.0,149.0,5,near_right,7,6,6,6,5.889885,6.0,6,0.0,0.381526,0.0
train,148.2,149.2,0,far_left,6,6,6,8,6.907857,6.907857,7,1.0,0.418398,1.092143
train,148.2,149.2,1,far_center,2,1,1,1,1.319299,1.0,1,0.0,0.29838,0.0
train,148.2,149.2,2,far_right,3,3,3,3,2.942223,3.0,3,0.0,0.172551,0.0
train,148.2,149.2,3,near_left,3,4,4,4,3.881707,4.0,4,0.0,0.147549,0.0
train,148.2,149.2,4,near_center,1,1,1,1,1.056263,1.0,1,0.0,0.200503,0.0
train,148.2,149.2,5,near_right,6,6,6,6,5.848557,6.0,6,0.0,0.295665,0.0
train,148.4,149.4,0,far_left,6,6,6,8,6.753367,6.753367,7,1.0,0.42933,1.246633
train,148.4,149.4,1,far_center,2,1,1,1,1.332737,1.0,1,0.0,0.299795,0.0
train,148.4,149.4,2,far_right,3,3,3,3,2.973655,3.0,3,0.0,0.143266,0.0
train,148.4,149.4,3,near_left,3,4,4,3,3.885194,4.0,4,0.0,0.149274,1.0
train,148.4,149.4,4,near_center,1,1,1,1,1.040054,1.0,1,0.0,0.202642,0.0
train,148.4,149.4,5,near_right,5,5,5,6,5.032844,5.0,5,0.0,0.288356,1.0
train,148.6,149.6,0,far_left,7,7,7,8,6.842529,6.842529,7,1.0,0.421631,1.157471
train,148.6,149.6,1,far_center,2,1,1,1,1.367008,1.0,1,0.0,0.300338,0.0
train,148.6,149.6,2,far_right,3,3,3,3,2.982905,3.0,3,0.0,0.134048,0.0
train,148.6,149.6,3,near_left,3,4,4,3,3.898751,4.0,4,0.0,0.146644,1.0
train,148.6,149.6,4,near_center,1,1,1,1,1.045142,1.0,1,0.0,0.203508,0.0
train,148.6,149.6,5,near_right,5,5,5,6,4.983702,5.0,5,0.0,0.256108,1.0
train,148.8,149.8,0,far_left,8,7,7,8,7.484303,7.484303,7,1.0,0.437235,0.515697
train,148.8,149.8,1,far_center,1,2,2,1,1.757477,2.0,2,0.0,0.283086,1.0
train,148.8,149.8,2,far_right,3,2,2,3,2.150883,2.0,2,0.0,0.143794,1.0
train,148.8,149.8,3,near_left,3,4,4,3,3.892423,4.0,4,0.0,0.145219,1.0
train,148.8,149.8,4,near_center,1,1,1,1,1.041782,1.0,1,0.0,0.210263,0.0
train,148.8,149.8,5,near_right,5,5,5,6,4.977336,5.0,5,0.0,0.257221,1.0
train,149.0,150.0,0,far_left,9,8,8,7,7.863369,7.863369,8,1.0,0.489757,0.863369
train,149.0,150.0,1,far_center,1,2,2,1,1.793857,2.0,2,0.0,0.276429,1.0
train,149.0,150.0,2,far_right,3,2,2,3,2.189735,2.0,2,0.0,0.149861,1.0
train,149.0,150.0,3,near_left,3,4,4,3,3.886842,4.0,4,0.0,0.151302,1.0
train,149.0,150.0,4,near_center,1,1,1,1,1.090075,1.0,1,0.0,0.206922,0.0
train,149.0,150.0,5,near_right,6,6,6,6,4.769719,6.0,6,0.0,0.557804,0.0
train,149.2,150.2,0,far_left,8,8,8,7,7.792128,7.792128,8,1.0,0.449762,0.792128
train,149.2,150.2,1,far_center,1,2,2,2,1.775747,2.0,2,0.0,0.274428,0.0
train,149.2,150.2,2,far_right,3,2,2,2,2.163246,2.0,2,0.0,0.152731,0.0
train,149.2,150.2,3,near_left,4,4,4,3,3.463395,4.0,4,0.0,0.377544,1.0
train,149.2,150.2,4,near_center,1,1,1,1,1.078324,1.0,1,0.0,0.200294,0.0
train,149.2,150.2,5,near_right,6,6,6,6,5.72544,6.0,6,0.0,0.366118,0.0
train,149.4,150.4,0,far_left,8,8,8,7,8.20041,8.20041,8,1.0,0.427554,1.20041
train,149.4,150.4,1,far_center,1,2,2,2,1.75011,2.0,2,0.0,0.275934,0.0
train,149.4,150.4,2,far_right,3,2,2,2,2.160079,2.0,2,0.0,0.154929,0.0
train,149.4,150.4,3,near_left,3,3,3,3,3.075506,3.0,3,0.0,0.22923,0.0
train,149.4,150.4,4,near_center,1,1,1,1,1.030686,1.0,1,0.0,0.19616,0.0
train,149.4,150.4,5,near_right,6,6,6,6,5.868463,6.0,6,0.0,0.309711,0.0
train,149.6,150.6,0,far_left,8,8,8,7,8.306311,8.306311,8,1.0,0.435213,1.306311
train,149.6,150.6,1,far_center,1,2,2,2,1.744519,2.0,2,0.0,0.277895,0.0
train,149.6,150.6,2,far_right,3,2,2,2,2.171038,2.0,2,0.0,0.158818,0.0
train,149.6,150.6,3,near_left,3,3,3,3,3.030327,3.0,3,0.0,0.164704,0.0
train,149.6,150.6,4,near_center,1,1,1,0,1.029128,1.0,1,0.0,0.194328,1.0
train,149.6,150.6,5,near_right,6,6,6,5,5.867153,6.0,6,0.0,0.28724,1.0
train,149.8,150.8,0,far_left,8,8,8,8,8.117565,8.117565,8,1.0,0.441769,0.117565
train,149.8,150.8,1,far_center,1,2,2,1,1.75792,2.0,2,0.0,0.279381,1.0
train,149.8,150.8,2,far_right,3,2,2,3,2.165061,2.0,2,0.0,0.166996,1.0
train,149.8,150.8,3,near_left,3,3,3,3,3.026707,3.0,3,0.0,0.149692,0.0
train,149.8,150.8,4,near_center,1,1,1,0,1.01774,1.0,1,0.0,0.188623,1.0
train,149.8,150.8,5,near_right,6,6,6,7,5.891478,6.0,6,0.0,0.280702,1.0
train,150.0,151.0,0,far_left,7,7,7,8,7.557122,7.557122,8,1.0,0.44122,0.442878
train,150.0,151.0,1,far_center,1,2,2,0,1.756662,2.0,2,0.0,0.278587,2.0
train,150.0,151.0,2,far_right,3,2,2,3,2.163662,2.0,2,0.0,0.168059,1.0
train,150.0,151.0,3,near_left,3,3,3,3,3.009113,3.0,3,0.0,0.154172,0.0
train,150.0,151.0,4,near_center,1,1,1,0,1.021121,1.0,1,0.0,0.190101,1.0
train,150.0,151.0,5,near_right,6,6,6,7,5.90377,6.0,6,0.0,0.274246,1.0
train,150.2,151.2,0,far_left,7,7,7,8,7.156878,7.156878,7,1.0,0.448167,0.843122
train,150.2,151.2,1,far_center,2,2,2,0,1.994231,2.0,2,0.0,0.299877,2.0
train,150.2,151.2,2,far_right,2,2,2,4,2.023555,2.0,2,0.0,0.159547,2.0
train,150.2,151.2,3,near_left,3,3,3,3,3.043357,3.0,3,0.0,0.174971,0.0
train,150.2,151.2,4,near_center,1,1,1,0,0.894511,1.0,1,0.0,0.209367,1.0
train,150.2,151.2,5,near_right,6,6,6,7,5.91542,6.0,6,0.0,0.284482,1.0
train,150.4,151.4,0,far_left,7,7,7,9,7.091841,7.091841,7,1.0,0.447374,1.908159
train,150.4,151.4,1,far_center,2,2,2,1,2.058239,2.0,2,0.0,0.303403,1.0
train,150.4,151.4,2,far_right,2,2,2,3,2.061947,2.0,2,0.0,0.165189,1.0
train,150.4,151.4,3,near_left,3,3,3,3,3.072902,3.0,3,0.0,0.181357,0.0
train,150.4,151.4,4,near_center,1,1,1,0,0.379434,1.0,1,0.0,0.620566,1.0
train,150.4,151.4,5,near_right,6,6,6,6,5.291449,6.0,6,0.0,0.471281,0.0
train,150.6,151.6,0,far_left,7,7,7,7,6.9356,6.9356,7,1.0,0.441353,0.0644
train,150.6,151.6,1,far_center,2,2,2,0,1.999779,2.0,2,0.0,0.300053,2.0
train,150.6,151.6,2,far_right,2,3,3,4,2.852852,3.0,3,0.0,0.178736,1.0
train,150.6,151.6,3,near_left,3,3,3,3,3.062929,3.0,3,0.0,0.199265,0.0
train,150.6,151.6,4,near_center,0,0,0,0,0.0,0.0,0,0.0,0.310448,0.0
train,150.6,151.6,5,near_right,5,4,4,6,4.416117,4.0,4,0.0,0.326159,2.0
train,150.8,151.8,0,far_left,8,8,8,8,7.41688,7.41688,7,1.0,0.492444,0.58312
train,150.8,151.8,1,far_center,1,1,1,0,0.400691,1.0,1,0.0,0.599309,1.0
train,150.8,151.8,2,far_right,3,4,4,4,3.890733,4.0,4,0.0,0.184457,0.0
train,150.8,151.8,3,near_left,3,3,3,3,3.067662,3.0,3,0.0,0.203906,0.0
train,150.8,151.8,4,near_center,0,0,0,0,0.073041,0.0,0,0.0,0.154946,0.0
train,150.8,151.8,5,near_right,7,6,6,7,5.395633,6.0,6,0.0,0.567513,1.0
train,151.0,152.0,0,far_left,8,8,8,9,7.717206,7.717206,8,1.0,0.425394,1.282794
train,151.0,152.0,1,far_center,0,0,0,0,0.0,0.0,0,0.0,0.385602,0.0
train,151.0,152.0,2,far_right,3,4,4,3,3.886601,4.0,4,0.0,0.153482,1.0
train,151.0,152.0,3,near_left,3,3,3,3,3.032768,3.0,3,0.0,0.210165,0.0
train,151.0,152.0,4,near_center,0,0,0,0,0.037617,0.0,0,0.0,0.087281,0.0
train,151.0,152.0,5,near_right,7,6,6,7,6.082874,6.0,6,0.0,0.432036,1.0
train,151.2,152.2,0,far_left,8,8,8,8,7.926428,7.926428,8,1.0,0.398198,0.073572
train,151.2,152.2,1,far_center,0,0,0,0,0.038364,0.0,0,0.0,0.286483,0.0
train,151.2,152.2,2,far_right,4,5,5,3,4.469913,5.0,5,0.0,0.261348,2.0
train,151.2,152.2,3,near_left,3,3,3,3,3.029221,3.0,3,0.0,0.207495,0.0
train,151.2,152.2,4,near_center,0,0,0,0,0.039557,0.0,0,0.0,0.067739,0.0
train,151.2,152.2,5,near_right,7,6,6,6,5.651249,6.0,6,0.0,0.509744,0.0
train,151.4,152.4,0,far_left,9,9,9,9,8.240899,8.240899,8,1.0,0.496116,0.759101
train,151.4,152.4,1,far_center,1,0,0,0,0.356005,0.0,0,0.0,0.259583,0.0
train,151.4,152.4,2,far_right,3,4,4,4,3.806402,4.0,4,0.0,0.159352,0.0
train,151.4,152.4,3,near_left,3,3,3,3,3.015891,3.0,3,0.0,0.202824,0.0
train,151.4,152.4,4,near_center,0,0,0,0,0.024204,0.0,0,0.0,0.061067,0.0
train,151.4,152.4,5,near_right,6,6,6,7,6.057339,6.0,6,0.0,0.400969,1.0
train,151.6,152.6,0,far_left,7,7,7,9,7.6976,7.6976,8,1.0,0.395614,1.3024
train,151.6,152.6,1,far_center,0,0,0,0,0.030131,0.0,0,0.0,0.237133,0.0
train,151.6,152.6,2,far_right,4,4,4,5,3.959124,4.0,4,0.0,0.125232,1.0
train,151.6,152.6,3,near_left,3,3,3,3,3.031013,3.0,3,0.0,0.199573,0.0
train,151.6,152.6,4,near_center,0,0,0,0,0.019448,0.0,0,0.0,0.06016,0.0
train,151.6,152.6,5,near_right,6,6,6,7,5.951136,6.0,6,0.0,0.373287,1.0
train,151.8,152.8,0,far_left,8,8,8,9,7.962855,7.962855,8,1.0,0.434482,1.037145
train,151.8,152.8,1,far_center,0,0,0,0,0.068661,0.0,0,0.0,0.239431,0.0
train,151.8,152.8,2,far_right,4,4,4,5,3.633295,4.0,4,0.0,0.243747,1.0
train,151.8,152.8,3,near_left,3,3,3,3,3.034857,3.0,3,0.0,0.197463,0.0
train,151.8,152.8,4,near_center,0,0,0,0,0.03167,0.0,0,0.0,0.061204,0.0
train,151.8,152.8,5,near_right,7,7,7,6,6.487306,7.0,7,0.0,0.433103,1.0
train,152.0,153.0,0,far_left,9,9,9,9,8.109285,8.109285,8,1.0,0.537756,0.890715
train,152.0,153.0,1,far_center,0,0,0,0,0.020689,0.0,0,0.0,0.233396,0.0
train,152.0,153.0,2,far_right,3,3,3,5,3.075617,3.0,3,0.0,0.121425,2.0
train,152.0,153.0,3,near_left,3,3,3,3,3.014237,3.0,3,0.0,0.210397,0.0
train,152.0,153.0,4,near_center,0,0,0,0,0.031742,0.0,0,0.0,0.062977,0.0
train,152.0,153.0,5,near_right,7,7,7,6,6.513961,7.0,7,0.0,0.393898,1.0
train,152.2,153.2,0,far_left,8,8,8,9,7.803502,7.803502,8,1.0,0.450416,1.196498
train,152.2,153.2,1,far_center,0,0,0,0,0.00141,0.0,0,0.0,0.231998,0.0
train,152.2,153.2,2,far_right,3,3,3,4,3.024202,3.0,3,0.0,0.086368,1.0
train,152.2,153.2,3,near_left,3,3,3,3,3.037879,3.0,3,0.0,0.201695,0.0
train,152.2,153.2,4,near_center,0,0,0,0,0.017978,0.0,0,0.0,0.064486,0.0
train,152.2,153.2,5,near_right,6,6,6,6,6.008096,6.0,6,0.0,0.363279,0.0
train,152.4,153.4,0,far_left,9,9,9,9,8.281783,8.281783,8,1.0,0.511437,0.718217
train,152.4,153.4,1,far_center,0,0,0,0,0.075784,0.0,0,0.0,0.235861,0.0
train,152.4,153.4,2,far_right,4,4,4,3,3.89046,4.0,4,0.0,0.140821,1.0
train,152.4,153.4,3,near_left,3,3,3,3,3.039913,3.0,3,0.0,0.191142,0.0
train,152.4,153.4,4,near_center,0,0,0,0,0.031775,0.0,0,0.0,0.067101,0.0
train,152.4,153.4,5,near_right,7,7,7,5,6.396784,7.0,7,0.0,0.435225,2.0
train,152.6,153.6,0,far_left,9,9,9,8,8.480897,8.480897,8,1.0,0.481174,0.480897
train,152.6,153.6,1,far_center,0,0,0,0,0.092526,0.0,0,0.0,0.239108,0.0
train,152.6,153.6,2,far_right,5,5,5,4,4.575595,5.0,5,0.0,0.241826,1.0
train,152.6,153.6,3,near_left,3,3,3,3,3.018242,3.0,3,0.0,0.195824,0.0
train,152.6,153.6,4,near_center,0,0,0,0,0.031088,0.0,0,0.0,0.068514,0.0
train,152.6,153.6,5,near_right,7,7,7,6,6.626801,7.0,7,0.0,0.409325,1.0
train,152.8,153.8,0,far_left,9,9,9,9,8.690442,8.690442,9,1.0,0.451296,0.309558
train,152.8,153.8,1,far_center,0,0,0,0,0.068009,0.0,0,0.0,0.230828,0.0
train,152.8,153.8,2,far_right,5,5,5,4,4.782262,5.0,5,0.0,0.180549,1.0
train,152.8,153.8,3,near_left,3,3,3,3,3.002308,3.0,3,0.0,0.198187,0.0
train,152.8,153.8,4,near_center,0,0,0,0,0.028166,0.0,0,0.0,0.068711,0.0
train,152.8,153.8,5,near_right,6,6,6,6,5.773216,6.0,6,0.0,0.345891,0.0
train,153.0,154.0,0,far_left,9,8,8,9,8.686696,8.686696,9,1.0,0.421356,0.313304
train,153.0,154.0,1,far_center,0,0,0,0,0.049189,0.0,0,0.0,0.224421,0.0
train,153.0,154.0,2,far_right,5,5,5,5,4.867646,5.0,5,0.0,0.138815,0.0
train,153.0,154.0,3,near_left,3,4,4,3,3.747787,4.0,4,0.0,0.20338,1.0
train,153.0,154.0,4,near_center,0,0,0,0,0.027861,0.0,0,0.0,0.07083,0.0
train,153.0,154.0,5,near_right,6,6,6,5,5.888984,6.0,6,0.0,0.283953,1.0
train,153.2,154.2,0,far_left,9,8,8,10,8.385463,8.385463,8,1.0,0.42971,1.614537
train,153.2,154.2,1,far_center,0,0,0,0,0.008353,0.0,0,0.0,0.216765,0.0
train,153.2,154.2,2,far_right,4,4,4,4,4.088511,4.0,4,0.0,0.091742,0.0
train,153.2,154.2,3,near_left,3,4,4,3,3.833074,4.0,4,0.0,0.183543,1.0
train,153.2,154.2,4,near_center,0,0,0,0,0.027705,0.0,0,0.0,0.073042,0.0
train,153.2,154.2,5,near_right,6,6,6,5,5.62461,6.0,6,0.0,0.286947,1.0
train,153.4,154.4,0,far_left,9,8,8,9,8.168195,8.168195,8,1.0,0.43847,0.831805
train,153.4,154.4,1,far_center,0,0,0,0,0.0,0.0,0,0.0,0.219034,0.0
train,153.4,154.4,2,far_right,3,3,3,4,3.125827,3.0,3,0.0,0.103186,1.0
train,153.4,154.4,3,near_left,3,4,4,3,3.852643,4.0,4,0.0,0.178268,1.0
train,153.4,154.4,4,near_center,0,0,0,1,0.012732,0.0,0,0.0,0.074553,1.0
train,153.4,154.4,5,near_right,5,5,5,5,5.040495,5.0,5,0.0,0.236005,0.0
train,153.6,154.6,0,far_left,8,7,7,8,8.053304,8.053304,8,1.0,0.413072,0.053304
train,153.6,154.6,1,far_center,0,0,0,0,0.019875,0.0,0,0.0,0.217337,0.0
train,153.6,154.6,2,far_right,4,4,4,4,4.02266,4.0,4,0.0,0.120182,0.0
train,153.6,154.6,3,near_left,3,4,4,4,3.858033,4.0,4,0.0,0.17912,0.0
train,153.6,154.6,4,near_center,0,0,0,1,0.026204,0.0,0,0.0,0.076458,1.0
train,153.6,154.6,5,near_right,6,6,6,4,5.55565,6.0,6,0.0,0.321177,2.0
train,153.8,154.8,0,far_left,9,8,8,9,8.423016,8.423016,8,1.0,0.44175,0.576984
train,153.8,154.8,1,far_center,0,0,0,1,0.036565,0.0,0,0.0,0.226693,1.0
train,153.8,154.8,2,far_right,4,4,4,3,4.019671,4.0,4,0.0,0.094521,1.0
train,153.8,154.8,3,near_left,3,4,4,4,3.863458,4.0,4,0.0,0.17345,0.0
train,153.8,154.8,4,near_center,0,0,0,1,0.035282,0.0,0,0.0,0.078023,1.0
train,153.8,154.8,5,near_right,6,6,6,3,5.182347,6.0,6,0.0,0.421021,3.0
train,154.0,155.0,0,far_left,9,8,8,8,8.256355,8.256355,8,1.0,0.433789,0.256355
train,154.0,155.0,1,far_center,0,0,0,1,0.063405,0.0,0,0.0,0.235945,1.0
train,154.0,155.0,2,far_right,5,5,5,3,4.831749,5.0,5,0.0,0.131982,2.0
train,154.0,155.0,3,near_left,3,4,4,4,3.85473,4.0,4,0.0,0.178513,0.0
train,154.0,155.0,4,near_center,0,0,0,1,0.020119,0.0,0,0.0,0.077809,1.0
train,154.0,155.0,5,near_right,5,5,5,2,5.041481,5.0,5,0.0,0.291317,3.0
train,154.2,155.2,0,far_left,10,9,9,8,8.603101,8.603101,9,1.0,0.535115,0.603101
train,154.2,155.2,1,far_center,0,0,0,1,0.034935,0.0,0,0.0,0.222063,1.0
train,154.2,155.2,2,far_right,4,4,3,3,4.084927,4.0,4,0.0,0.097093,1.0
train,154.2,155.2,3,near_left,3,4,4,4,3.883379,4.0,4,0.0,0.168206,0.0
train,154.2,155.2,4,near_center,0,0,0,1,0.01426,0.0,0,0.0,0.080134,1.0
train,154.2,155.2,5,near_right,5,5,6,2,4.924694,5.0,5,0.0,0.24206,3.0
train,154.4,155.4,0,far_left,9,8,8,8,8.504147,8.504147,9,1.0,0.440596,0.504147
train,154.4,155.4,1,far_center,0,0,0,1,0.007147,0.0,0,0.0,0.207696,1.0
train,154.4,155.4,2,far_right,4,3,2,2,3.184306,3.0,3,0.0,0.096074,1.0
train,154.4,155.4,3,near_left,3,4,4,4,3.881896,4.0,4,0.0,0.147941,0.0
train,154.4,155.4,4,near_center,1,1,1,1,1.054803,1.0,1,0.0,0.104588,0.0
train,154.4,155.4,5,near_right,5,6,7,3,4.927177,6.0,6,0.0,0.36939,3.0
train,154.6,155.6,0,far_left,8,8,8,8,7.81501,7.81501,8,1.0,0.428631,0.18499
train,154.6,155.6,1,far_center,0,0,0,1,0.048057,0.0,0,0.0,0.213235,1.0
train,154.6,155.6,2,far_right,4,2,2,1,2.226558,2.0,2,0.0,0.111544,1.0
train,154.6,155.6,3,near_left,4,4,4,4,3.910169,4.0,4,0.0,0.201939,0.0
train,154.6,155.6,4,near_center,1,1,1,1,1.102908,1.0,1,0.0,0.133809,0.0
train,154.6,155.6,5,near_right,4,6,6,4,4.726284,6.0,6,0.0,0.345025,2.0
train,154.8,155.8,0,far_left,9,9,9,6,7.773071,7.773071,8,1.0,0.578878,1.773071
train,154.8,155.8,1,far_center,1,1,1,1,0.963888,1.0,1,0.0,0.244031,0.0
train,154.8,155.8,2,far_right,3,1,1,1,1.375196,1.0,1,0.0,0.120604,0.0
train,154.8,155.8,3,near_left,4,4,4,4,3.975472,4.0,4,0.0,0.205464,0.0
train,154.8,155.8,4,near_center,1,1,1,1,1.114424,1.0,1,0.0,0.159831,0.0
train,154.8,155.8,5,near_right,3,5,5,4,4.411121,5.0,5,0.0,0.205718,1.0
train,155.0,156.0,0,far_left,8,8,8,7,7.713583,7.713583,8,1.0,0.430011,0.713583
train,155.0,156.0,1,far_center,1,1,1,1,1.009376,1.0,1,0.0,0.258416,0.0
train,155.0,156.0,2,far_right,3,1,1,1,1.353919,1.0,1,0.0,0.135364,0.0
train,155.0,156.0,3,near_left,4,4,4,4,4.000569,4.0,4,0.0,0.175965,0.0
train,155.0,156.0,4,near_center,1,1,1,1,1.066498,1.0,1,0.0,0.179458,0.0
train,155.0,156.0,5,near_right,2,4,4,4,3.829856,4.0,4,0.0,0.156902,0.0
train,155.2,156.2,0,far_left,8,8,8,7,7.754959,7.754959,8,1.0,0.370855,0.754959
train,155.2,156.2,1,far_center,1,1,1,1,1.031162,1.0,1,0.0,0.267534,0.0
train,155.2,156.2,2,far_right,3,1,1,2,1.338627,1.0,1,0.0,0.141747,1.0
train,155.2,156.2,3,near_left,4,4,4,4,3.989232,4.0,4,0.0,0.184423,0.0
train,155.2,156.2,4,near_center,1,1,1,1,1.064015,1.0,1,0.0,0.193837,0.0
train,155.2,156.2,5,near_right,2,4,4,4,3.837613,4.0,4,0.0,0.146114,0.0
train,155.4,156.4,0,far_left,8,8,8,7,7.645416,7.645416,8,1.0,0.361069,0.645416
train,155.4,156.4,1,far_center,1,1,1,1,1.044893,1.0,1,0.0,0.268644,0.0
train,155.4,156.4,2,far_right,2,1,1,2,1.181405,1.0,1,0.0,0.139269,1.0
train,155.4,156.4,3,near_left,4,4,4,4,3.993155,4.0,4,0.0,0.188189,0.0
train,155.4,156.4,4,near_center,1,1,1,1,1.069079,1.0,1,0.0,0.201101,0.0
train,155.4,156.4,5,near_right,3,4,4,4,3.93703,4.0,4,0.0,0.139441,0.0
train,155.6,156.6,0,far_left,8,8,8,7,7.368717,7.368717,7,1.0,0.415777,0.368717
train,155.6,156.6,1,far_center,1,1,1,1,1.063335,1.0,1,0.0,0.272566,0.0
train,155.6,156.6,2,far_right,1,1,1,2,1.032098,1.0,1,0.0,0.132416,1.0
train,155.6,156.6,3,near_left,4,4,4,3,3.972143,4.0,4,0.0,0.223959,1.0
train,155.6,156.6,4,near_center,1,1,1,1,1.074838,1.0,1,0.0,0.202228,0.0
train,155.6,156.6,5,near_right,4,4,4,4,4.046733,4.0,4,0.0,0.147908,0.0
train,155.8,156.8,0,far_left,6,6,6,6,6.538119,6.538119,7,1.0,0.297699,0.538119
train,155.8,156.8,1,far_center,1,1,1,1,0.997601,1.0,1,0.0,0.277253,0.0
train,155.8,156.8,2,far_right,1,1,1,2,1.02429,1.0,1,0.0,0.132594,1.0
train,155.8,156.8,3,near_left,4,4,4,3,3.967223,4.0,4,0.0,0.218186,1.0
train,155.8,156.8,4,near_center,1,1,1,1,1.062147,1.0,1,0.0,0.205066,0.0
train,155.8,156.8,5,near_right,4,4,4,4,4.050009,4.0,4,0.0,0.167731,0.0
train,156.0,157.0,0,far_left,7,7,7,6,7.190695,7.190695,7,1.0,0.286186,1.190695
train,156.0,157.0,1,far_center,1,1,1,1,1.02564,1.0,1,0.0,0.280849,0.0
train,156.0,157.0,2,far_right,1,2,1,2,1.890317,2.0,2,0.0,0.133008,0.0
train,156.0,157.0,3,near_left,4,4,4,3,3.881596,4.0,4,0.0,0.244118,1.0
train,156.0,157.0,4,near_center,1,1,1,1,1.073857,1.0,1,0.0,0.207986,0.0
train,156.0,157.0,5,near_right,4,3,4,4,3.260864,3.0,3,0.0,0.194852,1.0
train,156.2,157.2,0,far_left,7,7,7,7,6.935041,6.935041,7,1.0,0.266332,0.064959
train,156.2,157.2,1,far_center,1,1,1,1,1.079859,1.0,1,0.0,0.28038,0.0
train,156.2,157.2,2,far_right,2,3,1,1,2.834383,3.0,3,0.0,0.141169,2.0
train,156.2,157.2,3,near_left,4,4,4,3,3.975522,4.0,4,0.0,0.202306,1.0
train,156.2,157.2,4,near_center,1,1,1,1,1.069118,1.0,1,0.0,0.208875,0.0
train,156.2,157.2,5,near_right,4,3,5,4,3.276253,3.0,3,0.0,0.207951,1.0
train,156.4,157.4,0,far_left,7,7,7,6,7.055012,7.055012,7,1.0,0.246836,1.055012
train,156.4,157.4,1,far_center,1,1,1,1,1.047955,1.0,1,0.0,0.285392,0.0
train,156.4,157.4,2,far_right,2,4,4,2,3.767944,4.0,4,0.0,0.121515,2.0
train,156.4,157.4,3,near_left,4,4,4,3,3.439688,4.0,4,0.0,0.362881,1.0
train,156.4,157.4,4,near_center,1,1,1,1,1.09616,1.0,1,0.0,0.213188,0.0
train,156.4,157.4,5,near_right,4,2,2,3,2.499875,2.0,2,0.0,0.220944,1.0
train,156.6,157.6,0,far_left,7,7,7,6,7.099166,7.099166,7,1.0,0.210748,1.099166
train,156.6,157.6,1,far_center,1,1,1,1,1.037405,1.0,1,0.0,0.289846,0.0
train,156.6,157.6,2,far_right,2,4,3,2,3.772256,4.0,4,0.0,0.119571,2.0
train,156.6,157.6,3,near_left,3,3,3,3,3.08588,3.0,3,0.0,0.261337,0.0
train,156.6,157.6,4,near_center,1,1,1,1,1.058412,1.0,1,0.0,0.215118,0.0
train,156.6,157.6,5,near_right,4,2,3,3,2.527647,2.0,2,0.0,0.233012,1.0
train,156.8,157.8,0,far_left,6,6,5,6,6.274494,6.274494,6,1.0,0.196884,0.274494
train,156.8,157.8,1,far_center,1,1,1,2,1.013912,1.0,1,0.0,0.293585,1.0
train,156.8,157.8,2,far_right,2,4,3,1,3.775708,4.0,4,0.0,0.120915,3.0
train,156.8,157.8,3,near_left,3,3,4,3,3.040845,3.0,3,0.0,0.21069,0.0
train,156.8,157.8,4,near_center,1,1,1,1,1.054356,1.0,1,0.0,0.220179,0.0
train,156.8,157.8,5,near_right,4,2,3,4,2.521122,2.0,2,0.0,0.233943,2.0
train,157.0,158.0,0,far_left,6,6,5,5,6.043921,6.043921,6,1.0,0.198798,1.043921
train,157.0,158.0,1,far_center,1,1,1,2,1.046593,1.0,1,0.0,0.294167,1.0
train,157.0,158.0,2,far_right,2,4,3,1,3.785588,4.0,4,0.0,0.118549,3.0
train,157.0,158.0,3,near_left,3,3,4,4,3.053588,3.0,3,0.0,0.172869,1.0
train,157.0,158.0,4,near_center,1,1,1,1,1.074522,1.0,1,0.0,0.222741,0.0
train,157.0,158.0,5,near_right,4,2,3,4,2.529903,2.0,2,0.0,0.28498,2.0
train,157.2,158.2,0,far_left,7,6,6,3,6.065711,6.065711,6,1.0,0.215317,3.065711
train,157.2,158.2,1,far_center,1,1,1,1,1.063471,1.0,1,0.0,0.299303,0.0
train,157.2,158.2,2,far_right,1,2,2,1,1.886625,2.0,2,0.0,0.126653,1.0
train,157.2,158.2,3,near_left,3,4,4,4,3.902708,4.0,4,0.0,0.150055,0.0
train,157.2,158.2,4,near_center,1,1,1,2,1.062291,1.0,1,0.0,0.221355,1.0
train,157.2,158.2,5,near_right,4,3,3,4,3.356892,3.0,3,0.0,0.299614,1.0
train,157.4,158.4,0,far_left,6,5,5,4,5.459269,5.459269,5,1.0,0.207285,1.459269
train,157.4,158.4,1,far_center,1,1,1,1,1.017732,1.0,1,0.0,0.30055,0.0
train,157.4,158.4,2,far_right,2,1,1,1,1.155824,1.0,1,0.0,0.134654,0.0
train,157.4,158.4,3,near_left,3,4,4,5,3.908956,4.0,4,0.0,0.140359,1.0
train,157.4,158.4,4,near_center,1,1,1,2,1.052024,1.0,1,0.0,0.219745,1.0
train,157.4,158.4,5,near_right,3,4,4,4,3.743281,4.0,4,0.0,0.295368,0.0
train,157.6,158.6,0,far_left,6,5,5,4,5.498789,5.498789,5,1.0,0.237296,1.498789
train,157.6,158.6,1,far_center,1,1,1,1,1.003681,1.0,1,0.0,0.301175,0.0
train,157.6,158.6,2,far_right,2,1,1,1,1.181481,1.0,1,0.0,0.146892,0.0
train,157.6,158.6,3,near_left,3,4,4,4,3.899666,4.0,4,0.0,0.146921,0.0
train,157.6,158.6,4,near_center,1,1,1,2,1.054741,1.0,1,0.0,0.219714,1.0
train,157.6,158.6,5,near_right,3,4,4,4,3.73561,4.0,4,0.0,0.294264,0.0
train,157.8,158.8,0,far_left,6,5,5,6,5.441683,5.441683,5,1.0,0.256614,0.558317
train,157.8,158.8,1,far_center,2,2,2,1,1.933581,2.0,2,0.0,0.308489,1.0
train,157.8,158.8,2,far_right,1,1,1,1,1.02953,1.0,1,0.0,0.148337,0.0
train,157.8,158.8,3,near_left,3,4,4,5,3.891716,4.0,4,0.0,0.149181,1.0
train,157.8,158.8,4,near_center,1,1,1,2,1.067039,1.0,1,0.0,0.21729,1.0
train,157.8,158.8,5,near_right,4,4,4,4,4.008416,4.0,4,0.0,0.299659,0.0
train,158.0,159.0,0,far_left,5,5,5,5,4.888522,4.888522,5,1.0,0.239909,0.111478
train,158.0,159.0,1,far_center,2,2,2,1,2.017605,2.0,2,0.0,0.31786,1.0
train,158.0,159.0,2,far_right,1,1,1,1,1.005039,1.0,1,0.0,0.160561,0.0
train,158.0,159.0,3,near_left,4,4,4,5,3.983784,4.0,4,0.0,0.197033,1.0
train,158.0,159.0,4,near_center,1,1,1,2,1.079764,1.0,1,0.0,0.213267,1.0
train,158.0,159.0,5,near_right,4,4,4,4,4.027942,4.0,4,0.0,0.314338,0.0
train,158.2,159.2,0,far_left,3,3,3,4,3.189692,3.189692,3,1.0,0.208807,0.810308
train,158.2,159.2,1,far_center,1,1,1,1,1.063951,1.0,1,0.0,0.320046,0.0
train,158.2,159.2,2,far_right,1,1,1,1,1.020331,1.0,1,0.0,0.146822,0.0
train,158.2,159.2,3,near_left,4,4,4,5,4.075068,4.0,4,0.0,0.192364,1.0
train,158.2,159.2,4,near_center,2,2,2,2,1.977367,2.0,2,0.0,0.192825,0.0
train,158.2,159.2,5,near_right,4,4,4,4,4.032045,4.0,4,0.0,0.309794,0.0
train,158.4,159.4,0,far_left,4,4,4,4,4.071424,4.071424,4,1.0,0.187819,0.071424
train,158.4,159.4,1,far_center,1,1,1,1,1.125199,1.0,1,0.0,0.309192,0.0
train,158.4,159.4,2,far_right,1,1,1,1,0.527923,1.0,1,0.0,0.472077,0.0
train,158.4,159.4,3,near_left,5,5,5,4,4.397589,5.0,5,0.0,0.42,1.0
train,158.4,159.4,4,near_center,2,2,2,2,2.064502,2.0,2,0.0,0.181106,0.0
train,158.4,159.4,5,near_right,4,4,4,4,4.058628,4.0,4,0.0,0.301349,0.0
train,158.6,159.6,0,far_left,4,4,4,4,4.057568,4.057568,4,1.0,0.171073,0.057568
train,158.6,159.6,1,far_center,1,1,1,1,1.057122,1.0,1,0.0,0.309378,0.0
train,158.6,159.6,2,far_right,1,0,0,1,0.168974,0.0,0,0.0,0.226029,1.0
train,158.6,159.6,3,near_left,4,4,4,3,4.213829,4.0,4,0.0,0.34833,1.0
train,158.6,159.6,4,near_center,2,2,2,2,2.038787,2.0,2,0.0,0.188261,0.0
train,158.6,159.6,5,near_right,4,5,5,4,4.73814,5.0,5,0.0,0.301029,1.0
train,158.8,159.8,0,far_left,6,6,6,5,5.386383,5.386383,5,1.0,0.369622,0.386383
train,158.8,159.8,1,far_center,1,1,1,1,1.095747,1.0,1,0.0,0.311696,0.0
train,158.8,159.8,2,far_right,1,1,1,1,1.020805,1.0,1,0.0,0.132134,0.0
train,158.8,159.8,3,near_left,5,5,5,4,4.773667,5.0,5,0.0,0.399916,1.0
train,158.8,159.8,4,near_center,2,2,2,2,2.056355,2.0,2,0.0,0.185788,0.0
train,158.8,159.8,5,near_right,4,4,4,4,4.01863,4.0,4,0.0,0.306427,0.0
train,159.0,160.0,0,far_left,5,5,5,5,5.070148,5.070148,5,1.0,0.249446,0.070148
train,159.0,160.0,1,far_center,1,1,1,1,1.035788,1.0,1,0.0,0.309608,0.0
train,159.0,160.0,2,far_right,1,1,1,1,1.017854,1.0,1,0.0,0.108243,0.0
train,159.0,160.0,3,near_left,5,5,5,5,4.686492,5.0,5,0.0,0.367382,0.0
train,159.0,160.0,4,near_center,2,2,2,2,2.054155,2.0,2,0.0,0.189537,0.0
train,159.0,160.0,5,near_right,4,4,4,4,4.016548,4.0,4,0.0,0.307742,0.0
train,159.2,160.2,0,far_left,4,4,4,5,4.068756,4.068756,4,1.0,0.180327,0.931244
train,159.2,160.2,1,far_center,1,1,1,1,1.032465,1.0,1,0.0,0.312328,0.0
train,159.2,160.2,2,far_right,1,1,1,1,1.022047,1.0,1,0.0,0.110027,0.0
train,159.2,160.2,3,near_left,5,5,5,5,4.399858,5.0,5,0.0,0.413839,0.0
train,159.2,160.2,4,near_center,2,2,2,2,2.060369,2.0,2,0.0,0.189845,0.0
train,159.2,160.2,5,near_right,4,4,4,4,4.017707,4.0,4,0.0,0.318643,0.0
train,159.4,160.4,0,far_left,4,4,4,5,4.113734,4.113734,4,1.0,0.147994,0.886266
train,159.4,160.4,1,far_center,1,1,1,1,1.011476,1.0,1,0.0,0.311567,0.0
train,159.4,160.4,2,far_right,1,1,1,1,1.022114,1.0,1,0.0,0.115173,0.0
train,159.4,160.4,3,near_left,4,4,4,4,3.995319,4.0,4,0.0,0.320322,0.0
train,159.4,160.4,4,near_center,2,2,2,2,2.039747,2.0,2,0.0,0.190216,0.0
train,159.4,160.4,5,near_right,4,4,4,4,4.016918,4.0,4,0.0,0.320419,0.0
train,159.6,160.6,0,far_left,4,4,4,5,4.103498,4.103498,4,1.0,0.153983,0.896502
train,159.6,160.6,1,far_center,1,1,1,1,1.008181,1.0,1,0.0,0.31191,0.0
train,159.6,160.6,2,far_right,1,1,1,1,1.020699,1.0,1,0.0,0.121912,0.0
train,159.6,160.6,3,near_left,3,3,3,4,3.364788,3.0,3,0.0,0.298854,1.0
train,159.6,160.6,4,near_center,2,2,2,2,2.024044,2.0,2,0.0,0.193761,0.0
train,159.6,160.6,5,near_right,4,4,4,4,4.016431,4.0,4,0.0,0.321592,0.0
train,159.8,160.8,0,far_left,5,5,5,6,4.8634,4.8634,5,1.0,0.179434,1.1366
train,159.8,160.8,1,far_center,1,1,1,1,1.065921,1.0,1,0.0,0.313995,0.0
train,159.8,160.8,2,far_right,1,1,1,1,1.017962,1.0,1,0.0,0.126163,0.0
train,159.8,160.8,3,near_left,4,4,4,4,4.112093,4.0,4,0.0,0.273361,0.0
train,159.8,160.8,4,near_center,2,2,2,2,2.033666,2.0,2,0.0,0.19374,0.0
train,159.8,160.8,5,near_right,4,4,4,4,4.018067,4.0,4,0.0,0.324934,0.0
train,160.0,161.0,0,far_left,5,5,5,5,5.012524,5.012524,5,1.0,0.147547,0.012524
train,160.0,161.0,1,far_center,1,1,1,1,1.049176,1.0,1,0.0,0.315313,0.0
train,160.0,161.0,2,far_right,1,1,1,1,1.015788,1.0,1,0.0,0.128375,0.0
train,160.0,161.0,3,near_left,5,5,5,3,4.639983,5.0,5,0.0,0.367692,2.0
train,160.0,161.0,4,near_center,2,2,2,2,2.053279,2.0,2,0.0,0.192413,0.0
train,160.0,161.0,5,near_right,4,4,4,5,4.020889,4.0,4,0.0,0.329824,1.0
train,160.2,161.2,0,far_left,5,5,5,7,5.039232,5.039232,5,1.0,0.132038,1.960768
train,160.2,161.2,1,far_center,1,1,1,0,1.037587,1.0,1,0.0,0.312032,1.0
train,160.2,161.2,2,far_right,1,1,1,1,1.018372,1.0,1,0.0,0.132216,0.0
train,160.2,161.2,3,near_left,5,5,5,4,4.217053,5.0,5,0.0,0.457288,1.0
train,160.2,161.2,4,near_center,2,2,2,2,2.068143,2.0,2,0.0,0.194309,0.0
train,160.2,161.2,5,near_right,4,4,4,4,4.019508,4.0,4,0.0,0.326523,0.0
train,160.4,161.4,0,far_left,5,5,5,7,4.917616,4.917616,5,1.0,0.137399,2.082384
train,160.4,161.4,1,far_center,1,1,1,0,1.048039,1.0,1,0.0,0.310452,1.0
train,160.4,161.4,2,far_right,1,1,1,1,1.021922,1.0,1,0.0,0.13635,0.0
train,160.4,161.4,3,near_left,4,4,4,4,4.280565,4.0,4,0.0,0.316551,0.0
train,160.4,161.4,4,near_center,2,1,2,2,1.249631,1.0,1,0.0,0.203621,1.0
train,160.4,161.4,5,near_right,4,5,4,4,4.689195,5.0,5,0.0,0.324862,1.0
train,160.6,161.6,0,far_left,5,6,6,7,5.90006,5.90006,6,1.0,0.118035,1.09994
train,160.6,161.6,1,far_center,1,0,0,0,0.342033,0.0,0,0.0,0.311528,0.0
train,160.6,161.6,2,far_right,1,1,1,1,1.021933,1.0,1,0.0,0.138937,0.0
train,160.6,161.6,3,near_left,4,4,4,4,4.143131,4.0,4,0.0,0.230272,0.0
train,160.6,161.6,4,near_center,2,1,2,2,1.251373,1.0,1,0.0,0.20957,1.0
train,160.6,161.6,5,near_right,4,5,4,4,4.68905,5.0,5,0.0,0.324002,1.0
train,160.8,161.8,0,far_left,6,7,7,4,6.453182,6.453182,6,1.0,0.227032,2.453182
train,160.8,161.8,1,far_center,1,0,0,0,0.404985,0.0,0,0.0,0.312411,0.0
train,160.8,161.8,2,far_right,1,1,1,1,1.021353,1.0,1,0.0,0.141317,0.0
train,160.8,161.8,3,near_left,4,4,4,4,4.090167,4.0,4,0.0,0.18894,0.0
train,160.8,161.8,4,near_center,2,1,1,2,1.239864,1.0,1,0.0,0.200478,1.0
train,160.8,161.8,5,near_right,4,5,5,4,4.684767,5.0,5,0.0,0.327161,1.0
train,161.0,162.0,0,far_left,5,6,6,6,5.95343,5.95343,6,1.0,0.152883,0.04657
train,161.0,162.0,1,far_center,1,0,0,0,0.333476,0.0,0,0.0,0.311012,0.0
train,161.0,162.0,2,far_right,1,1,1,1,1.031928,1.0,1,0.0,0.141299,0.0
train,161.0,162.0,3,near_left,3,3,3,4,3.162776,3.0,3,0.0,0.177085,1.0
train,161.0,162.0,4,near_center,2,1,1,2,1.262562,1.0,1,0.0,0.208263,1.0
train,161.0,162.0,5,near_right,5,6,6,4,5.343042,6.0,6,0.0,0.396187,2.0
train,161.2,162.2,0,far_left,7,7,7,6,6.502872,6.502872,7,1.0,0.351854,0.502872
train,161.2,162.2,1,far_center,0,0,0,0,0.030625,0.0,0,0.0,0.288573,0.0
train,161.2,162.2,2,far_right,1,1,1,1,1.037992,1.0,1,0.0,0.148474,0.0
train,161.2,162.2,3,near_left,4,4,4,4,4.056293,4.0,4,0.0,0.199832,0.0
train,161.2,162.2,4,near_center,2,2,2,2,2.070438,2.0,2,0.0,0.208222,0.0
train,161.2,162.2,5,near_right,4,4,4,4,3.992617,4.0,4,0.0,0.38437,0.0
train,161.4,162.4,0,far_left,7,7,7,5,6.720272,6.720272,7,1.0,0.33052,1.720272
train,161.4,162.4,1,far_center,0,0,0,0,0.0,0.0,0,0.0,0.280191,0.0
train,161.4,162.4,2,far_right,1,1,1,1,1.035462,1.0,1,0.0,0.152781,0.0
train,161.4,162.4,3,near_left,4,4,4,4,4.039441,4.0,4,0.0,0.183171,0.0
train,161.4,162.4,4,near_center,2,2,2,2,2.063689,2.0,2,0.0,0.214484,0.0
train,161.4,162.4,5,near_right,4,4,4,4,4.008066,4.0,4,0.0,0.367613,0.0
train,161.6,162.6,0,far_left,7,7,7,5,6.308813,6.308813,6,1.0,0.430432,1.308813
train,161.6,162.6,1,far_center,0,0,0,0,0.0,0.0,0,0.0,0.275989,0.0
train,161.6,162.6,2,far_right,1,1,1,1,1.040398,1.0,1,0.0,0.153627,0.0
train,161.6,162.6,3,near_left,4,4,4,4,4.047191,4.0,4,0.0,0.17672,0.0
train,161.6,162.6,4,near_center,2,1,1,2,1.295727,1.0,1,0.0,0.220541,1.0
train,161.6,162.6,5,near_right,4,5,5,4,4.658073,5.0,5,0.0,0.351719,1.0
train,161.8,162.8,0,far_left,4,4,4,5,4.624257,4.624257,5,1.0,0.337175,0.375743
train,161.8,162.8,1,far_center,0,0,0,0,0.0,0.0,0,0.0,0.242959,0.0
train,161.8,162.8,2,far_right,1,1,1,1,1.032461,1.0,1,0.0,0.153863,0.0
train,161.8,162.8,3,near_left,4,4,4,3,4.0735,4.0,4,0.0,0.164301,1.0
train,161.8,162.8,4,near_center,2,1,1,2,1.26904,1.0,1,0.0,0.222053,1.0
train,161.8,162.8,5,near_right,4,5,5,5,4.665929,5.0,5,0.0,0.34126,0.0
train,162.0,163.0,0,far_left,6,6,6,6,6.164807,6.164807,6,1.0,0.370995,0.164807
train,162.0,163.0,1,far_center,0,0,0,0,0.0,0.0,0,0.0,0.249386,0.0
train,162.0,163.0,2,far_right,1,1,1,1,1.038346,1.0,1,0.0,0.152746,0.0
train,162.0,163.0,3,near_left,4,4,4,4,4.05101,4.0,4,0.0,0.158568,0.0
train,162.0,163.0,4,near_center,2,1,1,3,1.281328,1.0,1,0.0,0.221785,2.0
train,162.0,163.0,5,near_right,4,5,5,5,4.673634,5.0,5,0.0,0.334236,0.0
train,162.2,163.2,0,far_left,6,6,6,6,5.915658,5.915658,6,1.0,0.376006,0.084342
train,162.2,163.2,1,far_center,0,0,0,0,0.0,0.0,0,0.0,0.254828,0.0
train,162.2,163.2,2,far_right,1,1,1,1,1.035423,1.0,1,0.0,0.154424,0.0
train,162.2,163.2,3,near_left,4,4,4,4,4.049404,4.0,4,0.0,0.160743,0.0
train,162.2,163.2,4,near_center,2,1,1,3,1.278741,1.0,1,0.0,0.219242,2.0
train,162.2,163.2,5,near_right,4,5,5,5,4.681682,5.0,5,0.0,0.328809,0.0
train,162.4,163.4,0,far_left,5,5,5,6,5.309287,5.309287,5,1.0,0.355628,0.690713
train,162.4,163.4,1,far_center,0,0,0,0,0.0,0.0,0,0.0,0.249946,0.0
train,162.4,163.4,2,far_right,1,1,1,2,1.036628,1.0,1,0.0,0.157266,1.0
train,162.4,163.4,3,near_left,4,4,4,4,4.042057,4.0,4,0.0,0.155888,0.0
train,162.4,163.4,4,near_center,2,2,2,3,2.041628,2.0,2,0.0,0.216359,1.0
train,162.4,163.4,5,near_right,4,4,4,5,3.994725,4.0,4,0.0,0.313207,1.0
train,162.6,163.6,0,far_left,5,5,5,6,5.433705,5.433705,5,1.0,0.362931,0.566295
train,162.6,163.6,1,far_center,0,0,0,0,0.0,0.0,0,0.0,0.252336,0.0
train,162.6,163.6,2,far_right,1,1,1,2,1.041866,1.0,1,0.0,0.157323,1.0
train,162.6,163.6,3,near_left,4,4,4,3,3.794339,4.0,4,0.0,0.275642,1.0
train,162.6,163.6,4,near_center,2,2,2,3,2.067481,2.0,2,0.0,0.211994,1.0
train,162.6,163.6,5,near_right,4,4,4,6,3.985364,4.0,4,0.0,0.304084,2.0
train,162.8,163.8,0,far_left,5,5,5,5,5.295956,5.295956,5,1.0,0.358546,0.295956
train,162.8,163.8,1,far_center,0,0,0,0,0.0,0.0,0,0.0,0.258744,0.0
train,162.8,163.8,2,far_right,1,1,1,2,1.052328,1.0,1,0.0,0.154288,1.0
train,162.8,163.8,3,near_left,3,3,3,4,3.167571,3.0,3,0.0,0.222708,1.0
train,162.8,163.8,4,near_center,2,2,2,3,2.054579,2.0,2,0.0,0.210989,1.0
train,162.8,163.8,5,near_right,5,5,5,7,4.712975,5.0,5,0.0,0.367647,2.0
train,163.0,164.0,0,far_left,6,6,6,6,5.676037,5.676037,6,1.0,0.35304,0.323963
train,163.0,164.0,1,far_center,0,0,0,0,0.0,0.0,0,0.0,0.26089,0.0
train,163.0,164.0,2,far_right,1,1,1,2,1.050911,1.0,1,0.0,0.154083,1.0
train,163.0,164.0,3,near_left,4,4,4,4,3.991803,4.0,4,0.0,0.277485,0.0
train,163.0,164.0,4,near_center,3,3,3,3,2.981825,3.0,3,0.0,0.214568,0.0
train,163.0,164.0,5,near_right,5,5,5,7,4.887854,5.0,5,0.0,0.325239,2.0
train,163.2,164.2,0,far_left,6,6,6,7,5.658823,5.658823,6,1.0,0.343753,1.341177
train,163.2,164.2,1,far_center,0,0,0,0,0.0,0.0,0,0.0,0.260002,0.0
train,163.2,164.2,2,far_right,1,1,1,2,1.045247,1.0,1,0.0,0.154682,1.0
train,163.2,164.2,3,near_left,4,4,4,3,4.081219,4.0,4,0.0,0.235478,1.0
train,163.2,164.2,4,near_center,3,4,3,4,3.829709,4.0,4,0.0,0.205675,0.0
train,163.2,164.2,5,near_right,5,4,5,6,4.255104,4.0,4,0.0,0.316557,2.0
train,163.4,164.4,0,far_left,6,6,6,5,5.810238,5.810238,6,1.0,0.308889,0.810238
train,163.4,164.4,1,far_center,0,0,0,0,0.0,0.0,0,0.0,0.254862,0.0
train,163.4,164.4,2,far_right,2,2,2,2,1.994178,2.0,2,0.0,0.172151,0.0
train,163.4,164.4,3,near_left,4,4,4,4,3.823884,4.0,4,0.0,0.281536,0.0
train,163.4,164.4,4,near_center,3,3,3,4,3.078818,3.0,3,0.0,0.21367,1.0
train,163.4,164.4,5,near_right,5,5,5,6,4.918022,5.0,5,0.0,0.292802,1.0
train,163.6,164.6,0,far_left,6,6,6,6,6.115732,6.115732,6,1.0,0.269602,0.115732
train,163.6,164.6,1,far_center,0,0,0,0,0.003178,0.0,0,0.0,0.23169,0.0
train,163.6,164.6,2,far_right,2,2,2,2,2.045286,2.0,2,0.0,0.143028,0.0
train,163.6,164.6,3,near_left,3,3,3,4,3.18149,3.0,3,0.0,0.211336,1.0
train,163.6,164.6,4,near_center,3,4,4,4,3.832833,4.0,4,0.0,0.210265,0.0
train,163.6,164.6,5,near_right,6,5,5,6,5.096554,5.0,5,0.0,0.29475,1.0
train,163.8,164.8,0,far_left,5,5,5,5,5.298726,5.298726,5,1.0,0.283859,0.298726
train,163.8,164.8,1,far_center,0,0,0,0,0.022944,0.0,0,0.0,0.210503,0.0
train,163.8,164.8,2,far_right,2,2,2,2,2.052092,2.0,2,0.0,0.132539,0.0
train,163.8,164.8,3,near_left,4,4,4,4,4.051143,4.0,4,0.0,0.15946,0.0
train,163.8,164.8,4,near_center,3,4,4,4,3.835791,4.0,4,0.0,0.212142,0.0
train,163.8,164.8,5,near_right,7,6,6,6,5.894859,6.0,6,0.0,0.369728,0.0
train,164.0,165.0,0,far_left,6,6,6,6,5.997412,5.997412,6,1.0,0.296667,0.002588
train,164.0,165.0,1,far_center,0,0,0,0,0.034239,0.0,0,0.0,0.209881,0.0
train,164.0,165.0,2,far_right,2,2,2,3,2.041122,2.0,2,0.0,0.13081,1.0
train,164.0,165.0,3,near_left,4,4,4,4,4.070389,4.0,4,0.0,0.144566,0.0
train,164.0,165.0,4,near_center,3,4,4,4,3.816088,4.0,4,0.0,0.214256,0.0
train,164.0,165.0,5,near_right,7,6,6,6,6.123947,6.0,6,0.0,0.287708,0.0
train,164.2,165.2,0,far_left,7,5,5,6,5.730287,5.730287,6,1.0,0.326397,0.269713
train,164.2,165.2,1,far_center,0,0,0,0,0.018181,0.0,0,0.0,0.218295,0.0
train,164.2,165.2,2,far_right,2,2,2,3,2.039387,2.0,2,0.0,0.128528,1.0
train,164.2,165.2,3,near_left,3,5,5,4,4.776883,5.0,5,0.0,0.140037,1.0
train,164.2,165.2,4,near_center,4,4,4,4,3.970172,4.0,4,0.0,0.218924,0.0
train,164.2,165.2,5,near_right,6,6,6,6,5.883351,6.0,6,0.0,0.266837,0.0
train,164.4,165.4,0,far_left,5,5,5,6,5.252568,5.252568,5,1.0,0.328214,0.747432
train,164.4,165.4,1,far_center,0,0,0,0,0.002471,0.0,0,0.0,0.22081,0.0
train,164.4,165.4,2,far_right,2,2,2,3,2.037661,2.0,2,0.0,0.1272,1.0
train,164.4,165.4,3,near_left,4,4,4,4,3.962539,4.0,4,0.0,0.195209,0.0
train,164.4,165.4,4,near_center,4,4,4,4,4.013166,4.0,4,0.0,0.217417,0.0
train,164.4,165.4,5,near_right,6,6,6,6,5.884437,6.0,6,0.0,0.256701,0.0
train,164.6,165.6,0,far_left,6,6,6,4,5.788553,5.788553,6,1.0,0.327585,1.788553
train,164.6,165.6,1,far_center,0,0,0,0,0.021975,0.0,0,0.0,0.230419,0.0
train,164.6,165.6,2,far_right,2,2,2,3,2.029858,2.0,2,0.0,0.128778,1.0
train,164.6,165.6,3,near_left,4,4,4,5,4.021629,4.0,4,0.0,0.173632,1.0
train,164.6,165.6,4,near_center,4,4,4,4,4.024961,4.0,4,0.0,0.215153,0.0
train,164.6,165.6,5,near_right,6,6,6,6,5.87893,6.0,6,0.0,0.257164,0.0
train,164.8,165.8,0,far_left,5,5,4,4,5.13191,5.13191,5,1.0,0.310173,1.13191
train,164.8,165.8,1,far_center,0,0,0,0,0.001941,0.0,0,0.0,0.230724,0.0
train,164.8,165.8,2,far_right,2,2,2,3,2.027179,2.0,2,0.0,0.131496,1.0
train,164.8,165.8,3,near_left,4,4,5,6,4.038959,4.0,4,0.0,0.174424,2.0
train,164.8,165.8,4,near_center,4,4,4,4,4.006546,4.0,4,0.0,0.210693,0.0
train,164.8,165.8,5,near_right,6,6,6,6,5.869642,6.0,6,0.0,0.257806,0.0
train,165.0,166.0,0,far_left,6,4,4,5,4.772045,4.772045,5,1.0,0.328328,0.227955
train,165.0,166.0,1,far_center,0,0,0,0,0.036376,0.0,0,0.0,0.231136,0.0
train,165.0,166.0,2,far_right,3,3,3,3,2.847079,3.0,3,0.0,0.21403,0.0
train,165.0,166.0,3,near_left,4,6,6,6,5.719299,6.0,6,0.0,0.164569,0.0
train,165.0,166.0,4,near_center,4,4,4,4,4.02141,4.0,4,0.0,0.208109,0.0
train,165.0,166.0,5,near_right,6,6,6,6,5.907693,6.0,6,0.0,0.261352,0.0
train,165.2,166.2,0,far_left,6,4,4,4,4.820915,4.820915,5,1.0,0.344842,0.820915
train,165.2,166.2,1,far_center,0,0,0,1,0.01544,0.0,0,0.0,0.224593,1.0
train,165.2,166.2,2,far_right,3,3,3,3,2.995217,3.0,3,0.0,0.146034,0.0
train,165.2,166.2,3,near_left,4,6,6,6,5.73965,6.0,6,0.0,0.162488,0.0
train,165.2,166.2,4,near_center,4,3,3,4,3.257065,3.0,3,0.0,0.214217,1.0
train,165.2,166.2,5,near_right,6,7,7,6,6.67755,7.0,7,0.0,0.235753,1.0
train,165.4,166.4,0,far_left,6,5,4,4,5.416417,5.416417,5,1.0,0.346006,1.416417
train,165.4,166.4,1,far_center,0,0,0,1,0.011001,0.0,0,0.0,0.219025,1.0
train,165.4,166.4,2,far_right,3,3,3,3,3.022418,3.0,3,0.0,0.115337,0.0
train,165.4,166.4,3,near_left,4,5,6,6,4.889578,5.0,5,0.0,0.158713,1.0
train,165.4,166.4,4,near_center,4,3,3,5,3.25965,3.0,3,0.0,0.218846,2.0
train,165.4,166.4,5,near_right,6,7,7,5,6.699142,7.0,7,0.0,0.221899,2.0
train,165.6,166.6,0,far_left,4,3,3,4,3.498094,3.498094,3,1.0,0.339004,0.501906
train,165.6,166.6,1,far_center,0,0,0,0,0.026715,0.0,0,0.0,0.208311,0.0
train,165.6,166.6,2,far_right,3,3,3,3,3.019416,3.0,3,0.0,0.108637,0.0
train,165.6,166.6,3,near_left,5,6,6,6,5.857908,6.0,6,0.0,0.165087,0.0
train,165.6,166.6,4,near_center,4,3,3,5,3.250444,3.0,3,0.0,0.21786,2.0
train,165.6,166.6,5,near_right,6,7,7,5,6.704943,7.0,7,0.0,0.219136,2.0
train,165.8,166.8,0,far_left,4,4,4,4,4.016527,4.016527,4,1.0,0.286741,0.016527
train,165.8,166.8,1,far_center,0,0,0,1,0.023947,0.0,0,0.0,0.226805,1.0
train,165.8,166.8,2,far_right,3,3,3,3,3.023786,3.0,3,0.0,0.110249,0.0
train,165.8,166.8,3,near_left,6,6,6,6,5.681183,6.0,6,0.0,0.312778,0.0
train,165.8,166.8,4,near_center,4,5,5,5,4.819006,5.0,5,0.0,0.209719,0.0
train,165.8,166.8,5,near_right,6,5,5,5,5.184055,5.0,5,0.0,0.225343,0.0
train,166.0,167.0,0,far_left,5,5,5,3,4.751109,4.751109,5,1.0,0.313389,1.751109
train,166.0,167.0,1,far_center,0,0,0,0,0.042235,0.0,0,0.0,0.240923,0.0
train,166.0,167.0,2,far_right,3,3,3,4,3.021511,3.0,3,0.0,0.115586,1.0
train,166.0,167.0,3,near_left,6,6,6,5,5.025567,6.0,6,0.0,0.516216,1.0
train,166.0,167.0,4,near_center,4,5,5,5,4.847338,5.0,5,0.0,0.205612,0.0
train,166.0,167.0,5,near_right,6,5,5,5,5.184621,5.0,5,0.0,0.230166,0.0
train,166.2,167.2,0,far_left,4,4,4,3,4.143023,4.143023,4,1.0,0.244536,1.143023
train,166.2,167.2,1,far_center,1,2,2,1,1.710987,2.0,2,0.0,0.257412,1.0
train,166.2,167.2,2,far_right,3,3,3,4,3.007708,3.0,3,0.0,0.116503,1.0
train,166.2,167.2,3,near_left,6,6,6,5,5.599419,6.0,6,0.0,0.38728,1.0
train,166.2,167.2,4,near_center,4,4,4,5,4.05297,4.0,4,0.0,0.191988,1.0
train,166.2,167.2,5,near_right,6,5,5,3,5.203771,5.0,5,0.0,0.233665,2.0
train,166.4,167.4,0,far_left,4,4,4,4,4.144131,4.144131,4,1.0,0.225096,0.144131
train,166.4,167.4,1,far_center,1,2,2,2,1.758125,2.0,2,0.0,0.271415,0.0
train,166.4,167.4,2,far_right,3,3,3,3,3.016183,3.0,3,0.0,0.104948,0.0
train,166.4,167.4,3,near_left,6,6,6,6,5.620615,6.0,6,0.0,0.34325,0.0
train,166.4,167.4,4,near_center,5,4,4,4,4.200741,4.0,4,0.0,0.192252,0.0
train,166.4,167.4,5,near_right,5,5,5,3,4.9331,5.0,5,0.0,0.23608,2.0
train,166.6,167.6,0,far_left,4,4,4,4,4.144488,4.144488,4,1.0,0.24197,0.144488
train,166.6,167.6,1,far_center,0,1,1,2,0.833465,1.0,1,0.0,0.228383,1.0
train,166.6,167.6,2,far_right,3,3,3,3,3.015221,3.0,3,0.0,0.11496,0.0
train,166.6,167.6,3,near_left,6,6,6,6,5.809291,6.0,6,0.0,0.256935,0.0
train,166.6,167.6,4,near_center,5,4,4,4,4.224691,4.0,4,0.0,0.199141,0.0
train,166.6,167.6,5,near_right,5,5,5,3,4.91404,5.0,5,0.0,0.237404,2.0
train,166.8,167.8,0,far_left,4,4,4,4,4.125595,4.125595,4,1.0,0.231473,0.125595
train,166.8,167.8,1,far_center,1,2,2,2,1.73197,2.0,2,0.0,0.275415,0.0
train,166.8,167.8,2,far_right,3,3,3,3,3.015818,3.0,3,0.0,0.113482,0.0
train,166.8,167.8,3,near_left,6,6,6,6,5.909312,6.0,6,0.0,0.20504,0.0
train,166.8,167.8,4,near_center,5,4,4,4,4.216718,4.0,4,0.0,0.192099,0.0
train,166.8,167.8,5,near_right,5,5,5,3,4.844807,5.0,5,0.0,0.264082,2.0
train,167.0,168.0,0,far_left,3,3,3,4,3.129104,3.129104,3,1.0,0.248162,0.870896
train,167.0,168.0,1,far_center,0,1,1,2,0.875992,1.0,1,0.0,0.218768,1.0
train,167.0,168.0,2,far_right,4,4,4,3,3.87239,4.0,4,0.0,0.206722,1.0
train,167.0,168.0,3,near_left,5,5,5,6,5.130236,5.0,5,0.0,0.140502,1.0
train,167.0,168.0,4,near_center,5,4,4,4,4.242528,4.0,4,0.0,0.199797,0.0
train,167.0,168.0,5,near_right,5,5,5,3,3.845841,5.0,5,0.0,0.528462,2.0
train,167.2,168.2,0,far_left,3,3,3,4,3.111106,3.111106,3,1.0,0.247769,0.888894
train,167.2,168.2,1,far_center,1,2,2,2,1.780541,2.0,2,0.0,0.271829,0.0
train,167.2,168.2,2,far_right,4,4,4,3,3.600289,4.0,4,0.0,0.259568,1.0
train,167.2,168.2,3,near_left,5,5,5,6,5.074298,5.0,5,0.0,0.12306,1.0
train,167.2,168.2,4,near_center,5,4,4,4,4.204146,4.0,4,0.0,0.199192,0.0
train,167.2,168.2,5,near_right,3,3,3,3,3.055719,3.0,3,0.0,0.305183,0.0
train,167.4,168.4,0,far_left,4,4,4,4,3.938441,3.938441,4,1.0,0.2245,0.061559
train,167.4,168.4,1,far_center,2,2,2,2,2.053442,2.0,2,0.0,0.273396,0.0
train,167.4,168.4,2,far_right,3,3,3,3,3.041438,3.0,3,0.0,0.149533,0.0
train,167.4,168.4,3,near_left,6,6,6,7,5.933334,6.0,6,0.0,0.223987,1.0
train,167.4,168.4,4,near_center,4,4,4,4,3.974843,4.0,4,0.0,0.204082,0.0
train,167.4,168.4,5,near_right,3,3,3,3,3.023335,3.0,3,0.0,0.193909,0.0
train,167.6,168.6,0,far_left,4,4,4,4,4.00273,4.00273,4,1.0,0.191971,0.00273
train,167.6,168.6,1,far_center,2,2,2,2,2.060518,2.0,2,0.0,0.281295,0.0
train,167.6,168.6,2,far_right,3,3,3,3,3.026781,3.0,3,0.0,0.105125,0.0
train,167.6,168.6,3,near_left,6,6,6,7,5.93718,6.0,6,0.0,0.232882,1.0
train,167.6,168.6,4,near_center,4,4,4,4,3.958273,4.0,4,0.0,0.200988,0.0
train,167.6,168.6,5,near_right,3,3,3,3,3.011138,3.0,3,0.0,0.156028,0.0
train,167.8,168.8,0,far_left,4,4,4,4,4.04373,4.04373,4,1.0,0.176773,0.04373
train,167.8,168.8,1,far_center,2,2,2,2,2.059156,2.0,2,0.0,0.283595,0.0
train,167.8,168.8,2,far_right,3,3,3,3,3.022072,3.0,3,0.0,0.0954,0.0
train,167.8,168.8,3,near_left,6,6,6,6,5.803025,6.0,6,0.0,0.273458,0.0
train,167.8,168.8,4,near_center,4,4,4,4,3.952025,4.0,4,0.0,0.198204,0.0
train,167.8,168.8,5,near_right,3,3,3,3,3.018523,3.0,3,0.0,0.143204,0.0
train,168.0,169.0,0,far_left,4,4,4,4,4.070007,4.070007,4,1.0,0.183638,0.070007
train,168.0,169.0,1,far_center,2,2,2,2,2.061093,2.0,2,0.0,0.285192,0.0
train,168.0,169.0,2,far_right,3,3,3,3,3.014458,3.0,3,0.0,0.095449,0.0
train,168.0,169.0,3,near_left,6,6,6,6,5.251421,6.0,6,0.0,0.433297,0.0
train,168.0,169.0,4,near_center,4,4,4,4,3.976261,4.0,4,0.0,0.193231,0.0
train,168.0,169.0,5,near_right,3,3,3,3,3.025485,3.0,3,0.0,0.142716,0.0
train,168.2,169.2,0,far_left,4,4,4,4,4.051013,4.051013,4,1.0,0.176251,0.051013
train,168.2,169.2,1,far_center,2,2,2,2,2.050484,2.0,2,0.0,0.286227,0.0
train,168.2,169.2,2,far_right,3,3,3,3,3.009799,3.0,3,0.0,0.099825,0.0
train,168.2,169.2,3,near_left,6,6,6,7,5.784586,6.0,6,0.0,0.336505,1.0
train,168.2,169.2,4,near_center,4,4,4,4,3.969409,4.0,4,0.0,0.173197,0.0
train,168.2,169.2,5,near_right,3,3,3,3,3.024943,3.0,3,0.0,0.143529,0.0
train,168.4,169.4,0,far_left,4,4,4,4,4.056414,4.056414,4,1.0,0.176246,0.056414
train,168.4,169.4,1,far_center,2,2,2,2,2.069912,2.0,2,0.0,0.289203,0.0
train,168.4,169.4,2,far_right,3,3,3,3,3.001966,3.0,3,0.0,0.104035,0.0
train,168.4,169.4,3,near_left,7,7,7,7,6.260192,7.0,7,0.0,0.447061,0.0
train,168.4,169.4,4,near_center,4,4,4,4,3.995822,4.0,4,0.0,0.167645,0.0
train,168.4,169.4,5,near_right,3,3,3,3,3.030216,3.0,3,0.0,0.145416,0.0
train,168.6,169.6,0,far_left,4,3,3,4,3.251902,3.251902,3,1.0,0.186759,0.748098
train,168.6,169.6,1,far_center,2,2,2,2,2.059834,2.0,2,0.0,0.289028,0.0
train,168.6,169.6,2,far_right,3,3,3,3,3.003832,3.0,3,0.0,0.110739,0.0
train,168.6,169.6,3,near_left,7,7,7,7,6.197841,7.0,7,0.0,0.467196,0.0
train,168.6,169.6,4,near_center,4,5,5,4,4.837162,5.0,5,0.0,0.160647,1.0
train,168.6,169.6,5,near_right,3,3,3,4,3.032796,3.0,3,0.0,0.146381,1.0
train,168.8,169.8,0,far_left,4,3,3,3,3.257511,3.257511,3,1.0,0.198628,0.257511
train,168.8,169.8,1,far_center,2,2,2,2,1.271899,2.0,2,0.0,0.45842,0.0
train,168.8,169.8,2,far_right,3,3,3,3,3.028916,3.0,3,0.0,0.104876,0.0
train,168.8,169.8,3,near_left,6,6,6,7,6.397209,6.0,6,0.0,0.307046,1.0
train,168.8,169.8,4,near_center,4,5,5,4,4.853324,5.0,5,0.0,0.143778,1.0
train,168.8,169.8,5,near_right,3,3,3,2,3.031513,3.0,3,0.0,0.146971,1.0
train,169.0,170.0,0,far_left,4,3,3,3,3.239991,3.239991,3,1.0,0.208477,0.239991
train,169.0,170.0,1,far_center,2,2,2,2,1.96413,2.0,2,0.0,0.329363,0.0
train,169.0,170.0,2,far_right,3,3,3,3,3.011325,3.0,3,0.0,0.110283,0.0
train,169.0,170.0,3,near_left,6,6,6,8,6.231684,6.0,6,0.0,0.222441,2.0
train,169.0,170.0,4,near_center,4,5,5,4,4.834176,5.0,5,0.0,0.138291,1.0
train,169.0,170.0,5,near_right,3,3,3,2,3.022578,3.0,3,0.0,0.154004,1.0
train,169.2,170.2,0,far_left,4,3,3,3,3.269124,3.269124,3,1.0,0.210176,0.269124
train,169.2,170.2,1,far_center,2,2,2,2,2.033208,2.0,2,0.0,0.292558,0.0
train,169.2,170.2,2,far_right,3,3,3,2,3.019732,3.0,3,0.0,0.119382,1.0
train,169.2,170.2,3,near_left,7,8,8,8,7.514072,8.0,8,0.0,0.314658,0.0
train,169.2,170.2,4,near_center,4,4,4,4,3.999519,4.0,4,0.0,0.136641,0.0
train,169.2,170.2,5,near_right,3,3,3,2,2.998217,3.0,3,0.0,0.156184,1.0
train,169.4,170.4,0,far_left,4,3,3,3,3.307741,3.307741,3,1.0,0.219727,0.307741
train,169.4,170.4,1,far_center,2,2,2,2,2.059375,2.0,2,0.0,0.279419,0.0
train,169.4,170.4,2,far_right,3,3,3,1,3.003223,3.0,3,0.0,0.126368,2.0
train,169.4,170.4,3,near_left,7,8,8,8,6.399804,8.0,8,0.0,0.527309,0.0
train,169.4,170.4,4,near_center,4,4,4,4,4.030965,4.0,4,0.0,0.139717,0.0
train,169.4,170.4,5,near_right,3,3,3,3,3.007413,3.0,3,0.0,0.157878,0.0
train,169.6,170.6,0,far_left,4,3,2,3,3.293848,3.293848,3,1.0,0.219943,0.293848
train,169.6,170.6,1,far_center,2,2,2,2,2.06627,2.0,2,0.0,0.277147,0.0
train,169.6,170.6,2,far_right,3,2,2,1,2.173972,2.0,2,0.0,0.123139,1.0
train,169.6,170.6,3,near_left,7,8,9,8,6.722314,8.0,8,0.0,0.498031,0.0
train,169.6,170.6,4,near_center,4,4,4,4,4.064823,4.0,4,0.0,0.13636,0.0
train,169.6,170.6,5,near_right,4,5,5,3,3.464481,5.0,5,0.0,0.493189,2.0
train,169.8,170.8,0,far_left,3,2,2,3,2.289998,2.289998,2,1.0,0.225377,0.710002
train,169.8,170.8,1,far_center,2,2,2,2,2.022914,2.0,2,0.0,0.273692,0.0
train,169.8,170.8,2,far_right,3,2,2,1,2.183701,2.0,2,0.0,0.149151,1.0
train,169.8,170.8,3,near_left,7,8,8,9,7.763347,8.0,8,0.0,0.392959,1.0
train,169.8,170.8,4,near_center,4,3,3,4,3.17043,3.0,3,0.0,0.149307,1.0
train,169.8,170.8,5,near_right,2,4,4,3,3.46839,4.0,4,0.0,0.300021,1.0
train,170.0,171.0,0,far_left,3,2,2,4,2.282962,2.282962,2,1.0,0.208645,1.717038
train,170.0,171.0,1,far_center,2,2,2,2,2.091487,2.0,2,0.0,0.275986,0.0
train,170.0,171.0,2,far_right,3,2,2,1,1.890669,2.0,2,0.0,0.306516,1.0
train,170.0,171.0,3,near_left,8,9,9,7,7.764766,9.0,9,0.0,0.517446,2.0
train,170.0,171.0,4,near_center,4,3,3,4,3.202489,3.0,3,0.0,0.168743,1.0
train,170.0,171.0,5,near_right,2,4,4,4,3.672976,4.0,4,0.0,0.226453,0.0
train,170.2,171.2,0,far_left,3,3,2,3,3.041088,3.041088,3,1.0,0.187927,0.041088
train,170.2,171.2,1,far_center,2,2,2,2,2.049352,2.0,2,0.0,0.278852,0.0
train,170.2,171.2,2,far_right,2,1,1,1,1.314051,1.0,1,0.0,0.264804,0.0
train,170.2,171.2,3,near_left,8,8,9,8,8.294508,8.0,8,0.0,0.444537,0.0
train,170.2,171.2,4,near_center,4,3,3,4,3.180588,3.0,3,0.0,0.180434,1.0
train,170.2,171.2,5,near_right,2,4,4,4,3.712099,4.0,4,0.0,0.180127,0.0
train,170.4,171.4,0,far_left,3,3,3,3,3.036056,3.036056,3,1.0,0.183044,0.036056
train,170.4,171.4,1,far_center,2,2,2,2,2.055357,2.0,2,0.0,0.280489,0.0
train,170.4,171.4,2,far_right,1,1,1,1,1.038512,1.0,1,0.0,0.200775,0.0
train,170.4,171.4,3,near_left,8,8,8,8,8.525396,8.0,8,0.0,0.426409,0.0
train,170.4,171.4,4,near_center,4,4,4,4,3.945448,4.0,4,0.0,0.185831,0.0
train,170.4,171.4,5,near_right,3,3,3,4,3.049675,3.0,3,0.0,0.160053,1.0
train,170.6,171.6,0,far_left,3,3,3,3,3.035751,3.035751,3,1.0,0.17321,0.035751
train,170.6,171.6,1,far_center,2,2,2,2,2.05341,2.0,2,0.0,0.283809,0.0
train,170.6,171.6,2,far_right,1,1,1,1,1.023783,1.0,1,0.0,0.17444,0.0
train,170.6,171.6,3,near_left,8,8,8,8,8.416676,8.0,8,0.0,0.421579,0.0
train,170.6,171.6,4,near_center,4,4,4,4,3.946457,4.0,4,0.0,0.183395,0.0
train,170.6,171.6,5,near_right,3,3,3,4,3.054046,3.0,3,0.0,0.157869,1.0
train,170.8,171.8,0,far_left,3,3,3,3,3.070976,3.070976,3,1.0,0.175229,0.070976
train,170.8,171.8,1,far_center,2,2,2,2,2.051656,2.0,2,0.0,0.283952,0.0
train,170.8,171.8,2,far_right,1,1,1,1,1.025763,1.0,1,0.0,0.166795,0.0
train,170.8,171.8,3,near_left,9,9,10,8,8.115751,9.0,9,0.0,0.554436,1.0
train,170.8,171.8,4,near_center,4,4,3,4,3.992294,4.0,4,0.0,0.177149,0.0
train,170.8,171.8,5,near_right,3,3,3,4,3.053947,3.0,3,0.0,0.162478,1.0
train,171.0,172.0,0,far_left,4,3,3,3,3.201002,3.201002,3,1.0,0.170578,0.201002
train,171.0,172.0,1,far_center,2,2,2,2,2.034658,2.0,2,0.0,0.287682,0.0
train,171.0,172.0,2,far_right,1,1,1,1,1.041072,1.0,1,0.0,0.157728,0.0
train,171.0,172.0,3,near_left,7,9,9,9,8.71168,9.0,9,0.0,0.401207,0.0
train,171.0,172.0,4,near_center,4,3,3,3,3.173119,3.0,3,0.0,0.169931,0.0
train,171.0,172.0,5,near_right,4,4,4,4,3.964883,4.0,4,0.0,0.173437,0.0
train,171.2,172.2,0,far_left,3,3,3,3,3.046245,3.046245,3,1.0,0.156536,0.046245
train,171.2,172.2,1,far_center,2,2,2,2,2.037159,2.0,2,0.0,0.291726,0.0
train,171.2,172.2,2,far_right,1,1,1,1,1.03106,1.0,1,0.0,0.158804,0.0
train,171.2,172.2,3,near_left,8,9,9,8,8.363893,9.0,9,0.0,0.455149,1.0
train,171.2,172.2,4,near_center,4,3,3,3,3.176536,3.0,3,0.0,0.174848,0.0
train,171.2,172.2,5,near_right,4,4,4,4,4.016253,4.0,4,0.0,0.174819,0.0
train,171.4,172.4,0,far_left,3,3,3,3,3.056731,3.056731,3,1.0,0.155882,0.056731
train,171.4,172.4,1,far_center,2,2,2,2,2.037375,2.0,2,0.0,0.295664,0.0
train,171.4,172.4,2,far_right,1,1,1,1,1.059563,1.0,1,0.0,0.157036,0.0
train,171.4,172.4,3,near_left,8,9,9,9,8.14791,9.0,9,0.0,0.466595,0.0
train,171.4,172.4,4,near_center,4,3,3,3,3.231836,3.0,3,0.0,0.179062,0.0
train,171.4,172.4,5,near_right,4,4,4,5,3.589531,4.0,4,0.0,0.32374,1.0
train,171.6,172.6,0,far_left,3,3,3,4,3.062983,3.062983,3,1.0,0.15616,0.937017
train,171.6,172.6,1,far_center,2,2,2,1,2.026559,2.0,2,0.0,0.295069,1.0
train,171.6,172.6,2,far_right,1,1,1,1,1.041982,1.0,1,0.0,0.161619,0.0
train,171.6,172.6,3,near_left,8,9,10,9,8.146262,9.0,9,0.0,0.456851,0.0
train,171.6,172.6,4,near_center,4,3,2,3,3.20066,3.0,3,0.0,0.175131,0.0
train,171.6,172.6,5,near_right,4,4,4,3,3.959013,4.0,4,0.0,0.23387,1.0
train,171.8,172.8,0,far_left,3,3,3,4,3.065076,3.065076,3,1.0,0.161633,0.934924
train,171.8,172.8,1,far_center,2,2,2,2,2.035093,2.0,2,0.0,0.294307,0.0
train,171.8,172.8,2,far_right,1,1,1,1,1.03558,1.0,1,0.0,0.164544,0.0
train,171.8,172.8,3,near_left,8,9,10,8,8.097435,9.0,9,0.0,0.459974,1.0
train,171.8,172.8,4,near_center,4,3,2,3,3.191098,3.0,3,0.0,0.181739,0.0
train,171.8,172.8,5,near_right,4,4,4,3,4.002092,4.0,4,0.0,0.197164,1.0
train,172.0,173.0,0,far_left,3,3,3,5,3.070318,3.070318,3,1.0,0.15999,1.929682
train,172.0,173.0,1,far_center,2,2,2,2,2.032503,2.0,2,0.0,0.294388,0.0
train,172.0,173.0,2,far_right,1,1,1,1,1.034445,1.0,1,0.0,0.169062,0.0
train,172.0,173.0,3,near_left,9,9,10,8,8.00051,9.0,9,0.0,0.549456,1.0
train,172.0,173.0,4,near_center,3,3,2,2,3.032235,3.0,3,0.0,0.179872,1.0
train,172.0,173.0,5,near_right,4,4,4,3,4.014684,4.0,4,0.0,0.182978,1.0
train,172.2,173.2,0,far_left,3,3,3,6,3.048318,3.048318,3,1.0,0.156472,2.951682
train,172.2,173.2,1,far_center,2,2,2,1,2.02943,2.0,2,0.0,0.297321,1.0
train,172.2,173.2,2,far_right,1,1,1,1,1.037922,1.0,1,0.0,0.170782,0.0
train,172.2,173.2,3,near_left,8,8,9,7,8.07567,8.0,8,0.0,0.462722,1.0
train,172.2,173.2,4,near_center,3,3,2,2,3.00145,3.0,3,0.0,0.175813,1.0
train,172.2,173.2,5,near_right,4,4,4,2,4.000184,4.0,4,0.0,0.179817,2.0
train,172.4,173.4,0,far_left,3,4,3,5,3.90253,3.90253,4,1.0,0.148194,1.09747
train,172.4,173.4,1,far_center,2,2,2,1,2.047912,2.0,2,0.0,0.297845,1.0
train,172.4,173.4,2,far_right,1,1,1,1,1.075006,1.0,1,0.0,0.163817,0.0
train,172.4,173.4,3,near_left,9,8,10,8,7.895673,8.0,8,0.0,0.547395,0.0
train,172.4,173.4,4,near_center,3,3,2,2,3.063056,3.0,3,0.0,0.174363,1.0
train,172.4,173.4,5,near_right,5,5,5,2,3.763208,5.0,5,0.0,0.560505,3.0
train,172.6,173.6,0,far_left,4,4,5,4,4.038623,4.038623,4,1.0,0.177268,0.038623
train,172.6,173.6,1,far_center,1,1,1,2,1.025089,1.0,1,0.0,0.283554,1.0
train,172.6,173.6,2,far_right,1,1,1,1,1.057,1.0,1,0.0,0.186383,0.0
train,172.6,173.6,3,near_left,9,9,9,8,7.642357,9.0,9,0.0,0.62756,1.0
train,172.6,173.6,4,near_center,3,3,2,2,3.020856,3.0,3,0.0,0.176994,1.0
train,172.6,173.6,5,near_right,3,3,3,2,3.091085,3.0,3,0.0,0.360078,1.0
train,172.8,173.8,0,far_left,4,4,5,4,4.043985,4.043985,4,1.0,0.168315,0.043985
train,172.8,173.8,1,far_center,2,3,3,3,2.069286,3.0,3,0.0,0.410174,0.0
train,172.8,173.8,2,far_right,1,1,1,1,1.06984,1.0,1,0.0,0.189277,0.0
train,172.8,173.8,3,near_left,8,8,8,8,8.082767,8.0,8,0.0,0.493657,0.0
train,172.8,173.8,4,near_center,3,2,1,1,2.196208,2.0,2,0.0,0.176484,1.0
train,172.8,173.8,5,near_right,3,3,3,2,3.132601,3.0,3,0.0,0.315847,1.0
train,173.0,174.0,0,far_left,5,5,6,4,3.952219,3.952219,4,1.0,0.507382,0.047781
train,173.0,174.0,1,far_center,2,3,2,3,2.451892,3.0,3,0.0,0.357302,0.0
train,173.0,174.0,2,far_right,1,1,1,1,1.063981,1.0,1,0.0,0.199128,0.0
train,173.0,174.0,3,near_left,8,7,8,8,7.372384,7.0,7,0.0,0.495636,1.0
train,173.0,174.0,4,near_center,2,2,1,1,2.072615,2.0,2,0.0,0.19432,1.0
train,173.0,174.0,5,near_right,3,3,3,2,3.088036,3.0,3,0.0,0.280441,1.0
train,173.2,174.2,0,far_left,6,6,6,4,4.874173,4.874173,5,1.0,0.512073,0.874173
train,173.2,174.2,1,far_center,1,2,2,3,1.79358,2.0,2,0.0,0.300212,1.0
train,173.2,174.2,2,far_right,1,1,1,1,1.042377,1.0,1,0.0,0.202039,0.0
train,173.2,174.2,3,near_left,7,7,7,8,7.577841,7.0,7,0.0,0.407615,1.0
train,173.2,174.2,4,near_center,2,1,1,1,1.241318,1.0,1,0.0,0.205212,0.0
train,173.2,174.2,5,near_right,2,2,2,2,2.117897,2.0,2,0.0,0.279758,0.0
train,173.4,174.4,0,far_left,5,5,5,4,4.888473,4.888473,5,1.0,0.352819,0.888473
train,173.4,174.4,1,far_center,1,2,2,3,1.764922,2.0,2,0.0,0.269191,1.0
train,173.4,174.4,2,far_right,1,1,1,1,1.039144,1.0,1,0.0,0.200425,0.0
train,173.4,174.4,3,near_left,8,8,8,8,7.819484,8.0,8,0.0,0.448631,0.0
train,173.4,174.4,4,near_center,2,1,1,1,1.259116,1.0,1,0.0,0.212549,0.0
train,173.4,174.4,5,near_right,2,2,2,2,2.081623,2.0,2,0.0,0.268565,0.0
train,173.6,174.6,0,far_left,4,4,4,3,4.152234,4.152234,4,1.0,0.218556,1.152234
train,173.6,174.6,1,far_center,2,3,3,3,2.729454,3.0,3,0.0,0.283885,0.0
train,173.6,174.6,2,far_right,1,1,1,1,1.020015,1.0,1,0.0,0.178817,0.0
train,173.6,174.6,3,near_left,8,8,8,8,7.597534,8.0,8,0.0,0.463094,0.0
train,173.6,174.6,4,near_center,2,1,1,1,1.250093,1.0,1,0.0,0.20611,0.0
train,173.6,174.6,5,near_right,2,2,2,2,2.076926,2.0,2,0.0,0.268284,0.0
train,173.8,174.8,0,far_left,4,4,4,4,4.130411,4.130411,4,1.0,0.16106,0.130411
train,173.8,174.8,1,far_center,3,3,3,3,2.99012,3.0,3,0.0,0.293339,0.0
train,173.8,174.8,2,far_right,1,1,1,1,1.005296,1.0,1,0.0,0.165687,0.0
train,173.8,174.8,3,near_left,8,8,8,7,7.559574,8.0,8,0.0,0.465999,1.0
train,173.8,174.8,4,near_center,1,1,1,1,1.040721,1.0,1,0.0,0.197947,0.0
train,173.8,174.8,5,near_right,2,2,2,2,2.077707,2.0,2,0.0,0.259749,0.0
train,174.0,175.0,0,far_left,4,4,4,5,4.044547,4.044547,4,1.0,0.117609,0.955453
train,174.0,175.0,1,far_center,3,3,3,3,3.049241,3.0,3,0.0,0.300678,0.0
train,174.0,175.0,2,far_right,1,1,1,1,0.988866,1.0,1,0.0,0.160667,0.0
train,174.0,175.0,3,near_left,8,8,8,5,7.49454,8.0,8,0.0,0.478457,3.0
train,174.0,175.0,4,near_center,1,1,1,1,1.033046,1.0,1,0.0,0.193089,0.0
train,174.0,175.0,5,near_right,2,2,2,2,2.081902,2.0,2,0.0,0.26154,0.0
train,174.2,175.2,0,far_left,4,4,4,6,4.072628,4.072628,4,1.0,0.098758,1.927372
train,174.2,175.2,1,far_center,3,3,3,3,3.011507,3.0,3,0.0,0.305251,0.0
train,174.2,175.2,2,far_right,1,1,1,1,1.008024,1.0,1,0.0,0.160064,0.0
train,174.2,175.2,3,near_left,8,8,8,6,7.441562,8.0,8,0.0,0.489276,2.0
train,174.2,175.2,4,near_center,1,1,1,1,1.034422,1.0,1,0.0,0.190887,0.0
train,174.2,175.2,5,near_right,2,2,2,3,2.067887,2.0,2,0.0,0.260158,1.0
train,174.4,175.4,0,far_left,4,5,5,6,4.927607,4.927607,5,1.0,0.087471,1.072393
train,174.4,175.4,1,far_center,3,3,3,3,3.035808,3.0,3,0.0,0.305964,0.0
train,174.4,175.4,2,far_right,1,1,1,1,1.009789,1.0,1,0.0,0.160108,0.0
train,174.4,175.4,3,near_left,8,7,7,8,7.468406,7.0,7,0.0,0.458836,1.0
train,174.4,175.4,4,near_center,1,1,1,1,1.023557,1.0,1,0.0,0.192608,0.0
train,174.4,175.4,5,near_right,2,2,2,3,2.056284,2.0,2,0.0,0.256877,1.0
train,174.6,175.6,0,far_left,3,4,4,7,3.996994,3.996994,4,1.0,0.081279,3.003006
train,174.6,175.6,1,far_center,3,3,3,2,3.002477,3.0,3,0.0,0.30119,1.0
train,174.6,175.6,2,far_right,1,1,1,1,1.007818,1.0,1,0.0,0.1633,0.0
train,174.6,175.6,3,near_left,8,7,7,8,7.554228,7.0,7,0.0,0.461149,1.0
train,174.6,175.6,4,near_center,1,1,1,1,1.018618,1.0,1,0.0,0.195508,0.0
train,174.6,175.6,5,near_right,2,2,2,2,2.059469,2.0,2,0.0,0.260433,0.0
train,174.8,175.8,0,far_left,4,5,5,5,4.954548,4.954548,5,1.0,0.076561,0.045452
train,174.8,175.8,1,far_center,3,3,3,4,2.994019,3.0,3,0.0,0.301434,1.0
train,174.8,175.8,2,far_right,1,2,2,1,1.854694,2.0,2,0.0,0.16784,1.0
train,174.8,175.8,3,near_left,7,6,6,7,7.363933,6.0,6,0.0,0.436289,1.0
train,174.8,175.8,4,near_center,1,1,1,1,1.012894,1.0,1,0.0,0.200898,0.0
train,174.8,175.8,5,near_right,2,1,1,3,1.323162,1.0,1,0.0,0.262253,2.0
train,175.0,176.0,0,far_left,5,6,5,5,5.871701,5.871701,6,1.0,0.098662,0.871701
train,175.0,176.0,1,far_center,3,2,3,3,2.343387,2.0,2,0.0,0.296176,1.0
train,175.0,176.0,2,far_right,1,2,2,1,1.85945,2.0,2,0.0,0.168026,1.0
train,175.0,176.0,3,near_left,5,5,5,8,5.977926,5.0,5,0.0,0.424333,3.0
train,175.0,176.0,4,near_center,1,1,1,1,1.020107,1.0,1,0.0,0.20632,0.0
train,175.0,176.0,5,near_right,2,1,1,4,1.323552,1.0,1,0.0,0.269327,3.0
train,175.2,176.2,0,far_left,6,6,6,6,5.63119,5.63119,6,1.0,0.226177,0.36881
train,175.2,176.2,1,far_center,3,3,3,3,3.069705,3.0,3,0.0,0.296442,0.0
train,175.2,176.2,2,far_right,1,2,2,1,1.871398,2.0,2,0.0,0.15878,1.0
train,175.2,176.2,3,near_left,6,6,6,8,6.441429,6.0,6,0.0,0.430284,2.0
train,175.2,176.2,4,near_center,1,1,1,1,1.037829,1.0,1,0.0,0.204865,0.0
train,175.2,176.2,5,near_right,3,2,2,4,2.266963,2.0,2,0.0,0.279333,2.0
train,175.4,176.4,0,far_left,6,7,7,5,6.603227,6.603227,7,1.0,0.204103,1.603227
train,175.4,176.4,1,far_center,3,2,2,3,2.360734,2.0,2,0.0,0.29577,1.0
train,175.4,176.4,2,far_right,1,2,2,2,1.869121,2.0,2,0.0,0.16492,0.0
train,175.4,176.4,3,near_left,8,8,8,8,7.172375,8.0,8,0.0,0.562618,0.0
train,175.4,176.4,4,near_center,1,1,1,2,1.06249,1.0,1,0.0,0.20143,1.0
train,175.4,176.4,5,near_right,3,2,2,3,2.311759,2.0,2,0.0,0.28732,1.0
train,175.6,176.6,0,far_left,7,8,8,4,7.47818,7.47818,7,1.0,0.259849,3.47818
train,175.6,176.6,1,far_center,2,1,1,3,1.362969,1.0,1,0.0,0.288081,2.0
train,175.6,176.6,2,far_right,1,1,1,2,1.040029,1.0,1,0.0,0.177966,1.0
train,175.6,176.6,3,near_left,8,8,8,8,6.729697,8.0,8,0.0,0.608942,0.0
train,175.6,176.6,4,near_center,1,1,1,2,1.075863,1.0,1,0.0,0.207259,1.0
train,175.6,176.6,5,near_right,2,2,2,3,2.057856,2.0,2,0.0,0.292843,1.0
train,175.8,176.8,0,far_left,5,6,6,6,5.976824,5.976824,6,1.0,0.14549,0.023176
train,175.8,176.8,1,far_center,4,3,3,3,3.035403,3.0,3,0.0,0.378294,0.0
train,175.8,176.8,2,far_right,1,1,1,2,1.05562,1.0,1,0.0,0.165434,1.0
train,175.8,176.8,3,near_left,7,7,7,7,7.376442,7.0,7,0.0,0.443441,0.0
train,175.8,176.8,4,near_center,1,0,0,2,0.286829,0.0,0,0.0,0.206103,2.0
train,175.8,176.8,5,near_right,3,4,4,3,3.565629,4.0,4,0.0,0.320164,1.0
train,176.0,177.0,0,far_left,5,6,6,5,5.978359,5.978359,6,1.0,0.104091,0.978359
train,176.0,177.0,1,far_center,3,2,2,4,2.350568,2.0,2,0.0,0.343033,2.0
train,176.0,177.0,2,far_right,1,2,2,2,1.885606,2.0,2,0.0,0.16189,0.0
train,176.0,177.0,3,near_left,8,8,8,6,7.67446,8.0,8,0.0,0.498347,2.0
train,176.0,177.0,4,near_center,1,0,0,3,0.287925,0.0,0,0.0,0.205585,3.0
train,176.0,177.0,5,near_right,4,4,4,3,3.783741,4.0,4,0.0,0.355278,1.0
train,176.2,177.2,0,far_left,6,7,7,5,6.574523,6.574523,7,1.0,0.217109,1.574523
train,176.2,177.2,1,far_center,3,2,2,4,2.406548,2.0,2,0.0,0.324689,2.0
train,176.2,177.2,2,far_right,1,2,2,3,1.867766,2.0,2,0.0,0.161609,1.0
train,176.2,177.2,3,near_left,8,8,8,7,7.631179,8.0,8,0.0,0.486961,1.0
train,176.2,177.2,4,near_center,1,0,0,1,0.279021,0.0,0,0.0,0.209181,1.0
train,176.2,177.2,5,near_right,4,4,4,4,3.988433,4.0,4,0.0,0.342272,0.0
train,176.4,177.4,0,far_left,5,6,6,6,5.980326,5.980326,6,1.0,0.136932,0.019674
train,176.4,177.4,1,far_center,3,2,2,3,2.37261,2.0,2,0.0,0.312957,1.0
train,176.4,177.4,2,far_right,2,2,2,2,1.963374,2.0,2,0.0,0.16924,0.0
train,176.4,177.4,3,near_left,8,7,8,5,7.277986,7.0,7,0.0,0.441935,2.0
train,176.4,177.4,4,near_center,2,2,1,2,2.010331,2.0,2,0.0,0.200712,0.0
train,176.4,177.4,5,near_right,3,4,4,4,3.732407,4.0,4,0.0,0.321819,0.0
train,176.6,177.6,0,far_left,4,4,4,6,4.207298,4.207298,4,1.0,0.135731,1.792702
train,176.6,177.6,1,far_center,3,3,3,3,3.010228,3.0,3,0.0,0.30936,0.0
train,176.6,177.6,2,far_right,2,2,2,2,1.951155,2.0,2,0.0,0.168836,0.0
train,176.6,177.6,3,near_left,8,7,8,5,7.041005,7.0,7,0.0,0.456455,2.0
train,176.6,177.6,4,near_center,2,3,1,1,2.840546,3.0,3,0.0,0.197977,2.0
train,176.6,177.6,5,near_right,3,3,4,4,3.057574,3.0,3,0.0,0.313386,1.0
train,176.8,177.8,0,far_left,6,6,6,6,6.038933,6.038933,6,1.0,0.181323,0.038933
train,176.8,177.8,1,far_center,3,3,3,4,3.058601,3.0,3,0.0,0.309773,1.0
train,176.8,177.8,2,far_right,2,2,2,2,1.866864,2.0,2,0.0,0.209325,0.0
train,176.8,177.8,3,near_left,7,6,7,5,6.912124,6.0,6,0.0,0.374616,1.0
train,176.8,177.8,4,near_center,2,3,1,1,2.826251,3.0,3,0.0,0.199414,2.0
train,176.8,177.8,5,near_right,3,3,4,4,3.072658,3.0,3,0.0,0.318062,1.0
train,177.0,178.0,0,far_left,5,6,5,6,6.052046,6.052046,6,1.0,0.163826,0.052046
train,177.0,178.0,1,far_center,4,4,4,4,3.695666,4.0,4,0.0,0.378104,0.0
train,177.0,178.0,2,far_right,2,2,2,2,1.910654,2.0,2,0.0,0.197211,0.0
train,177.0,178.0,3,near_left,6,5,7,6,5.810873,5.0,5,0.0,0.316717,1.0
train,177.0,178.0,4,near_center,3,3,1,1,3.012542,3.0,3,0.0,0.202264,2.0
train,177.0,178.0,5,near_right,3,3,4,4,3.060356,3.0,3,0.0,0.30257,1.0
train,177.2,178.2,0,far_left,5,6,6,6,5.968865,5.968865,6,1.0,0.138622,0.031135
train,177.2,178.2,1,far_center,4,4,4,4,3.930621,4.0,4,0.0,0.352311,0.0
train,177.2,178.2,2,far_right,3,3,3,2,2.459379,3.0,3,0.0,0.356938,1.0
train,177.2,178.2,3,near_left,7,5,6,6,5.886716,5.0,5,0.0,0.304076,1.0
train,177.2,178.2,4,near_center,1,2,1,1,1.845137,2.0,2,0.0,0.197023,1.0
train,177.2,178.2,5,near_right,4,4,4,4,4.069031,4.0,4,0.0,0.305802,0.0
train,177.4,178.4,0,far_left,6,6,6,6,6.104207,6.104207,6,1.0,0.151745,0.104207
train,177.4,178.4,1,far_center,3,3,3,4,3.133472,3.0,3,0.0,0.319128,1.0
train,177.4,178.4,2,far_right,2,2,2,3,1.889017,2.0,2,0.0,0.256194,1.0
train,177.4,178.4,3,near_left,5,5,6,6,5.237389,5.0,5,0.0,0.234216,1.0
train,177.4,178.4,4,near_center,2,2,1,1,1.45759,2.0,2,0.0,0.368751,1.0
train,177.4,178.4,5,near_right,4,4,4,4,4.092788,4.0,4,0.0,0.303204,0.0
train,177.6,178.6,0,far_left,6,6,6,6,6.122689,6.122689,6,1.0,0.17859,0.122689
train,177.6,178.6,1,far_center,3,3,3,4,3.052457,3.0,3,0.0,0.2984,1.0
train,177.6,178.6,2,far_right,2,2,2,2,1.87142,2.0,2,0.0,0.2089,0.0
train,177.6,178.6,3,near_left,5,5,5,6,5.112069,5.0,5,0.0,0.196721,1.0
train,177.6,178.6,4,near_center,1,1,1,1,1.00432,1.0,1,0.0,0.266965,0.0
train,177.6,178.6,5,near_right,4,4,4,4,4.069921,4.0,4,0.0,0.323045,0.0
train,177.8,178.8,0,far_left,6,6,6,6,6.116857,6.116857,6,1.0,0.18534,0.116857
train,177.8,178.8,1,far_center,4,4,4,4,3.707858,4.0,4,0.0,0.374313,0.0
train,177.8,178.8,2,far_right,2,2,2,2,1.927635,2.0,2,0.0,0.17184,0.0
train,177.8,178.8,3,near_left,5,5,5,6,5.067942,5.0,5,0.0,0.179371,1.0
train,177.8,178.8,4,near_center,1,1,1,1,1.042185,1.0,1,0.0,0.220409,0.0
train,177.8,178.8,5,near_right,4,4,4,4,4.067469,4.0,4,0.0,0.325293,0.0
train,178.0,179.0,0,far_left,6,6,6,8,6.073258,6.073258,6,1.0,0.172755,1.926742
train,178.0,179.0,1,far_center,4,4,4,4,3.895091,4.0,4,0.0,0.337014,0.0
train,178.0,179.0,2,far_right,2,2,2,2,1.973643,2.0,2,0.0,0.130995,0.0
train,178.0,179.0,3,near_left,6,6,6,5,5.757512,6.0,6,0.0,0.298978,1.0
train,178.0,179.0,4,near_center,1,1,1,1,1.06013,1.0,1,0.0,0.194904,0.0
train,178.0,179.0,5,near_right,4,4,4,4,4.054888,4.0,4,0.0,0.323444,0.0
train,178.2,179.2,0,far_left,6,6,6,8,6.019073,6.019073,6,1.0,0.163117,1.980927
train,178.2,179.2,1,far_center,4,3,3,3,3.32185,3.0,3,0.0,0.31201,0.0
train,178.2,179.2,2,far_right,2,2,2,2,1.994728,2.0,2,0.0,0.104048,0.0
train,178.2,179.2,3,near_left,6,6,6,5,6.02186,6.0,6,0.0,0.257342,1.0
train,178.2,179.2,4,near_center,1,2,2,2,1.844093,2.0,2,0.0,0.188709,0.0
train,178.2,179.2,5,near_right,4,4,4,4,4.038009,4.0,4,0.0,0.313699,0.0
train,178.4,179.4,0,far_left,6,8,7,8,7.742674,7.742674,8,1.0,0.132436,0.257326
train,178.4,179.4,1,far_center,4,3,3,3,3.406677,3.0,3,0.0,0.298618,0.0
train,178.4,179.4,2,far_right,3,3,3,3,2.83187,3.0,3,0.0,0.179791,0.0
train,178.4,179.4,3,near_left,6,4,5,4,4.63574,4.0,4,0.0,0.240393,0.0
train,178.4,179.4,4,near_center,1,2,2,2,1.832908,2.0,2,0.0,0.187855,0.0
train,178.4,179.4,5,near_right,4,4,4,2,4.048005,4.0,4,0.0,0.289678,2.0
train,178.6,179.6,0,far_left,6,8,8,8,7.792483,7.792483,8,1.0,0.115632,0.207517
train,178.6,179.6,1,far_center,4,3,3,3,3.340256,3.0,3,0.0,0.291562,0.0
train,178.6,179.6,2,far_right,2,2,2,1,2.0089,2.0,2,0.0,0.101638,1.0
train,178.6,179.6,3,near_left,6,4,4,4,4.587546,4.0,4,0.0,0.222504,0.0
train,178.6,179.6,4,near_center,1,2,2,2,1.828632,2.0,2,0.0,0.189213,0.0
train,178.6,179.6,5,near_right,4,4,4,2,4.023198,4.0,4,0.0,0.278859,2.0
train,178.8,179.8,0,far_left,6,8,8,9,7.808059,7.808059,8,1.0,0.103514,1.191941
train,178.8,179.8,1,far_center,4,3,3,3,3.402663,3.0,3,0.0,0.286641,0.0
train,178.8,179.8,2,far_right,2,2,2,1,1.575011,2.0,2,0.0,0.276741,1.0
train,178.8,179.8,3,near_left,6,4,4,4,4.559479,4.0,4,0.0,0.215662,0.0
train,178.8,179.8,4,near_center,1,2,2,2,1.835487,2.0,2,0.0,0.191236,0.0
train,178.8,179.8,5,near_right,4,4,4,2,4.042957,4.0,4,0.0,0.267399,2.0
validation,179.0,180.0,0,far_left,8,9,9,9,8.463823,8.463823,8,1.0,0.223106,0.536177
validation,179.0,180.0,1,far_center,4,3,3,3,3.411906,3.0,3,0.0,0.28567,0.0
validation,179.0,180.0,2,far_right,2,2,2,1,1.824541,2.0,2,0.0,0.199995,1.0
validation,179.0,180.0,3,near_left,5,4,4,4,4.316037,4.0,4,0.0,0.18915,0.0
validation,179.0,180.0,4,near_center,1,2,2,2,1.833324,2.0,2,0.0,0.196362,0.0
validation,179.0,180.0,5,near_right,4,4,4,2,4.028857,4.0,4,0.0,0.293036,2.0
validation,179.2,180.2,0,far_left,8,9,9,11,8.204552,8.204552,8,1.0,0.30753,2.795448
validation,179.2,180.2,1,far_center,3,3,3,3,3.128576,3.0,3,0.0,0.277169,0.0
validation,179.2,180.2,2,far_right,2,2,2,1,1.979251,2.0,2,0.0,0.159305,1.0
validation,179.2,180.2,3,near_left,5,4,4,4,4.269631,4.0,4,0.0,0.175452,0.0
validation,179.2,180.2,4,near_center,2,2,2,2,2.060081,2.0,2,0.0,0.208199,0.0
validation,179.2,180.2,5,near_right,4,4,4,2,2.58214,4.0,4,0.0,0.619603,2.0
validation,179.4,180.4,0,far_left,8,9,8,11,8.454607,8.454607,8,1.0,0.280175,2.545393
validation,179.4,180.4,1,far_center,3,3,3,3,3.100739,3.0,3,0.0,0.275731,0.0
validation,179.4,180.4,2,far_right,3,3,3,1,2.285588,3.0,3,0.0,0.380099,2.0
validation,179.4,180.4,3,near_left,4,3,4,4,3.269346,3.0,3,0.0,0.166756,1.0
validation,179.4,180.4,4,near_center,2,2,2,2,2.03483,2.0,2,0.0,0.228605,0.0
validation,179.4,180.4,5,near_right,2,2,2,2,2.15124,2.0,2,0.0,0.395907,0.0
validation,179.6,180.6,0,far_left,8,9,8,12,8.469016,8.469016,8,1.0,0.286152,3.530984
validation,179.6,180.6,1,far_center,3,3,3,3,3.031057,3.0,3,0.0,0.275287,0.0
validation,179.6,180.6,2,far_right,1,1,1,1,1.006325,1.0,1,0.0,0.258769,0.0
validation,179.6,180.6,3,near_left,4,3,4,3,3.248806,3.0,3,0.0,0.163786,0.0
validation,179.6,180.6,4,near_center,2,2,2,2,2.018685,2.0,2,0.0,0.243431,0.0
validation,179.6,180.6,5,near_right,2,2,2,2,2.188561,2.0,2,0.0,0.391813,0.0
validation,179.8,180.8,0,far_left,9,10,9,12,8.882365,8.882365,9,1.0,0.408759,3.117635
validation,179.8,180.8,1,far_center,3,3,3,3,3.039837,3.0,3,0.0,0.281861,0.0
validation,179.8,180.8,2,far_right,1,1,1,1,1.001555,1.0,1,0.0,0.192678,0.0
validation,179.8,180.8,3,near_left,4,3,4,3,3.251732,3.0,3,0.0,0.161805,0.0
validation,179.8,180.8,4,near_center,2,2,2,2,2.024765,2.0,2,0.0,0.253751,0.0
validation,179.8,180.8,5,near_right,2,2,2,2,2.160744,2.0,2,0.0,0.369372,0.0
validation,180.0,181.0,0,far_left,9,10,9,10,8.623864,8.623864,9,1.0,0.472204,1.376136
validation,180.0,181.0,1,far_center,3,3,3,3,3.054068,3.0,3,0.0,0.28056,0.0
validation,180.0,181.0,2,far_right,1,1,1,2,0.987872,1.0,1,0.0,0.163286,1.0
validation,180.0,181.0,3,near_left,4,3,4,3,3.258733,3.0,3,0.0,0.16664,0.0
validation,180.0,181.0,4,near_center,2,2,2,2,2.021188,2.0,2,0.0,0.25906,0.0
validation,180.0,181.0,5,near_right,2,2,2,2,2.140508,2.0,2,0.0,0.349376,0.0
validation,180.2,181.2,0,far_left,11,12,12,9,9.853022,9.853022,10,1.0,0.603243,0.853022
validation,180.2,181.2,1,far_center,3,3,3,3,3.05095,3.0,3,0.0,0.283126,0.0
validation,180.2,181.2,2,far_right,1,1,1,1,0.990622,1.0,1,0.0,0.149885,0.0
validation,180.2,181.2,3,near_left,4,3,3,3,3.251211,3.0,3,0.0,0.164407,0.0
validation,180.2,181.2,4,near_center,2,2,2,2,2.034066,2.0,2,0.0,0.26548,0.0
validation,180.2,181.2,5,near_right,2,2,2,2,2.124024,2.0,2,0.0,0.328537,0.0
validation,180.4,181.4,0,far_left,11,12,12,11,10.06513,10.06513,10,1.0,0.591499,0.93487
validation,180.4,181.4,1,far_center,3,3,3,2,3.061445,3.0,3,0.0,0.271421,1.0
validation,180.4,181.4,2,far_right,1,1,1,1,0.979905,1.0,1,0.0,0.129317,0.0
validation,180.4,181.4,3,near_left,4,3,3,2,3.242584,3.0,3,0.0,0.160606,1.0
validation,180.4,181.4,4,near_center,2,2,2,3,2.023556,2.0,2,0.0,0.266357,1.0
validation,180.4,181.4,5,near_right,2,2,2,2,2.109014,2.0,2,0.0,0.300049,0.0
validation,180.6,181.6,0,far_left,12,12,12,10,10.481228,10.481228,10,1.0,0.622974,0.481228
validation,180.6,181.6,1,far_center,3,2,3,2,2.346483,2.0,2,0.0,0.259517,0.0
validation,180.6,181.6,2,far_right,1,1,1,1,0.998382,1.0,1,0.0,0.103259,0.0
validation,180.6,181.6,3,near_left,3,3,3,2,3.080648,3.0,3,0.0,0.150923,1.0
validation,180.6,181.6,4,near_center,2,3,2,3,2.756387,3.0,3,0.0,0.261013,0.0
validation,180.6,181.6,5,near_right,2,2,2,3,2.081298,2.0,2,0.0,0.252723,1.0
validation,180.8,181.8,0,far_left,12,12,11,9,10.434001,10.434001,10,1.0,0.633681,1.434001
validation,180.8,181.8,1,far_center,3,3,3,2,3.092441,3.0,3,0.0,0.259541,1.0
validation,180.8,181.8,2,far_right,1,1,1,1,1.010817,1.0,1,0.0,0.097756,0.0
validation,180.8,181.8,3,near_left,3,2,3,3,2.228684,2.0,2,0.0,0.144673,1.0
validation,180.8,181.8,4,near_center,2,3,3,3,2.75649,3.0,3,0.0,0.263589,0.0
validation,180.8,181.8,5,near_right,2,2,2,4,2.047243,2.0,2,0.0,0.21235,2.0
validation,181.0,182.0,0,far_left,10,9,9,9,10.236289,10.236289,10,1.0,0.511605,1.236289
validation,181.0,182.0,1,far_center,3,4,4,1,3.793639,4.0,4,0.0,0.259888,3.0
validation,181.0,182.0,2,far_right,2,2,2,1,1.956602,2.0,2,0.0,0.131888,1.0
validation,181.0,182.0,3,near_left,3,2,2,3,2.2117,2.0,2,0.0,0.143037,1.0
validation,181.0,182.0,4,near_center,2,2,2,3,2.022847,2.0,2,0.0,0.273716,1.0
validation,181.0,182.0,5,near_right,2,3,3,4,2.880941,3.0,3,0.0,0.193611,1.0
validation,181.2,182.2,0,far_left,9,9,9,9,9.995512,9.995512,10,1.0,0.512232,0.995512
validation,181.2,182.2,1,far_center,3,3,3,1,2.848326,3.0,3,0.0,0.312742,2.0
validation,181.2,182.2,2,far_right,1,1,1,1,1.020166,1.0,1,0.0,0.110914,0.0
validation,181.2,182.2,3,near_left,3,2,2,3,2.20221,2.0,2,0.0,0.142015,1.0
validation,181.2,182.2,4,near_center,2,2,2,3,2.044153,2.0,2,0.0,0.282587,1.0
validation,181.2,182.2,5,near_right,2,3,3,4,2.889156,3.0,3,0.0,0.187342,1.0
validation,181.4,182.4,0,far_left,11,10,10,9,10.350162,10.350162,10,1.0,0.554959,1.350162
validation,181.4,182.4,1,far_center,2,3,3,2,2.753352,3.0,3,0.0,0.250747,1.0
validation,181.4,182.4,2,far_right,1,1,1,1,1.008762,1.0,1,0.0,0.130606,0.0
validation,181.4,182.4,3,near_left,2,2,2,3,2.057602,2.0,2,0.0,0.139376,1.0
validation,181.4,182.4,4,near_center,3,2,2,3,2.308587,2.0,2,0.0,0.29146,1.0
validation,181.4,182.4,5,near_right,2,3,3,4,2.887876,3.0,3,0.0,0.176036,1.0
validation,181.6,182.6,0,far_left,10,8,8,10,9.439253,9.439253,9,1.0,0.535419,0.560747
validation,181.6,182.6,1,far_center,2,4,4,2,3.565208,4.0,4,0.0,0.230742,2.0
validation,181.6,182.6,2,far_right,1,1,1,1,0.975521,1.0,1,0.0,0.148514,0.0
validation,181.6,182.6,3,near_left,2,2,2,3,2.048431,2.0,2,0.0,0.136615,1.0
validation,181.6,182.6,4,near_center,3,2,2,3,2.336148,2.0,2,0.0,0.300652,1.0
validation,181.6,182.6,5,near_right,3,4,4,5,3.850575,4.0,4,0.0,0.166934,1.0
validation,181.8,182.8,0,far_left,9,8,8,10,9.464993,9.464993,9,1.0,0.533033,0.535007
validation,181.8,182.8,1,far_center,2,3,3,3,1.949956,3.0,3,0.0,0.399769,0.0
validation,181.8,182.8,2,far_right,1,1,1,1,1.032138,1.0,1,0.0,0.125026,0.0
validation,181.8,182.8,3,near_left,3,3,3,3,2.998755,3.0,3,0.0,0.147579,0.0
validation,181.8,182.8,4,near_center,3,2,2,3,2.402446,2.0,2,0.0,0.296821,1.0
validation,181.8,182.8,5,near_right,4,5,5,5,4.799774,5.0,5,0.0,0.176275,0.0
validation,182.0,183.0,0,far_left,9,7,7,10,8.919821,8.919821,9,1.0,0.541986,1.080179
validation,182.0,183.0,1,far_center,1,3,3,2,2.461197,3.0,3,0.0,0.283924,1.0
validation,182.0,183.0,2,far_right,1,1,1,1,0.991328,1.0,1,0.0,0.119397,0.0
validation,182.0,183.0,3,near_left,3,3,3,3,3.024997,3.0,3,0.0,0.146257,0.0
validation,182.0,183.0,4,near_center,3,3,3,3,3.011736,3.0,3,0.0,0.293482,0.0
validation,182.0,183.0,5,near_right,4,4,4,5,4.026337,4.0,4,0.0,0.178117,1.0
validation,182.2,183.2,0,far_left,9,7,7,8,8.480248,8.480248,8,1.0,0.553968,0.480248
validation,182.2,183.2,1,far_center,1,3,3,3,2.603262,3.0,3,0.0,0.228598,0.0
validation,182.2,183.2,2,far_right,1,2,1,1,1.872401,2.0,2,0.0,0.114654,1.0
validation,182.2,183.2,3,near_left,3,3,3,3,3.035665,3.0,3,0.0,0.144604,0.0
validation,182.2,183.2,4,near_center,3,3,3,3,2.994083,3.0,3,0.0,0.293984,0.0
validation,182.2,183.2,5,near_right,4,3,4,5,3.247048,3.0,3,0.0,0.189304,2.0
validation,182.4,183.4,0,far_left,9,8,8,7,7.755951,7.755951,8,1.0,0.581625,0.755951
validation,182.4,183.4,1,far_center,2,3,3,3,2.8582,3.0,3,0.0,0.223718,0.0
validation,182.4,183.4,2,far_right,1,2,2,2,1.874393,2.0,2,0.0,0.108971,0.0
validation,182.4,183.4,3,near_left,3,3,3,3,3.054955,3.0,3,0.0,0.141835,0.0
validation,182.4,183.4,4,near_center,3,3,3,3,2.995315,3.0,3,0.0,0.287915,0.0
validation,182.4,183.4,5,near_right,4,3,3,4,3.253347,3.0,3,0.0,0.191899,1.0
validation,182.6,183.6,0,far_left,10,9,9,8,8.146873,8.146873,8,1.0,0.647235,0.146873
validation,182.6,183.6,1,far_center,2,3,3,3,2.883216,3.0,3,0.0,0.227668,0.0
validation,182.6,183.6,2,far_right,1,2,2,1,1.894758,2.0,2,0.0,0.099874,1.0
validation,182.6,183.6,3,near_left,3,3,3,3,3.062327,3.0,3,0.0,0.146837,0.0
validation,182.6,183.6,4,near_center,3,3,3,3,3.014045,3.0,3,0.0,0.278257,0.0
validation,182.6,183.6,5,near_right,5,4,4,4,4.196044,4.0,4,0.0,0.202232,0.0
validation,182.8,183.8,0,far_left,10,10,10,8,8.33976,8.33976,8,1.0,0.665716,0.33976
validation,182.8,183.8,1,far_center,3,3,3,3,3.051742,3.0,3,0.0,0.246665,0.0
validation,182.8,183.8,2,far_right,1,2,2,1,1.896972,2.0,2,0.0,0.0958,1.0
validation,182.8,183.8,3,near_left,3,3,3,3,3.06556,3.0,3,0.0,0.150126,0.0
validation,182.8,183.8,4,near_center,3,3,3,2,3.009149,3.0,3,0.0,0.26885,1.0
validation,182.8,183.8,5,near_right,5,4,4,4,4.257876,4.0,4,0.0,0.209544,0.0
validation,183.0,184.0,0,far_left,10,9,9,7,8.191003,8.191003,8,1.0,0.644814,1.191003
validation,183.0,184.0,1,far_center,2,3,3,3,2.879029,3.0,3,0.0,0.239639,0.0
validation,183.0,184.0,2,far_right,1,3,3,2,2.835166,3.0,3,0.0,0.082847,1.0
validation,183.0,184.0,3,near_left,3,3,3,3,3.064777,3.0,3,0.0,0.147161,0.0
validation,183.0,184.0,4,near_center,3,3,3,2,2.990959,3.0,3,0.0,0.265575,1.0
validation,183.0,184.0,5,near_right,5,3,3,3,3.494321,3.0,3,0.0,0.215285,0.0
validation,183.2,184.2,0,far_left,8,8,8,6,7.500193,7.500193,8,1.0,0.550199,1.500193
validation,183.2,184.2,1,far_center,3,3,3,3,3.072862,3.0,3,0.0,0.251315,0.0
validation,183.2,184.2,2,far_right,1,3,3,2,2.797157,3.0,3,0.0,0.093035,1.0
validation,183.2,184.2,3,near_left,3,3,3,4,3.056549,3.0,3,0.0,0.148535,1.0
validation,183.2,184.2,4,near_center,3,3,3,2,2.983957,3.0,3,0.0,0.266033,1.0
validation,183.2,184.2,5,near_right,5,3,3,3,3.52074,3.0,3,0.0,0.220795,0.0
validation,183.4,184.4,0,far_left,7,7,7,6,7.582276,7.582276,8,1.0,0.501747,1.582276
validation,183.4,184.4,1,far_center,3,3,3,3,3.094467,3.0,3,0.0,0.247975,0.0
validation,183.4,184.4,2,far_right,2,3,3,2,2.233799,3.0,3,0.0,0.285702,1.0
validation,183.4,184.4,3,near_left,3,3,4,4,2.946341,3.0,3,0.0,0.196297,1.0
validation,183.4,184.4,4,near_center,3,3,2,2,3.017414,3.0,3,0.0,0.261629,1.0
validation,183.4,184.4,5,near_right,4,3,3,3,3.313695,3.0,3,0.0,0.220573,0.0
validation,183.6,184.6,0,far_left,8,8,8,6,7.573309,7.573309,8,1.0,0.539643,1.573309
validation,183.6,184.6,1,far_center,3,3,3,3,3.135125,3.0,3,0.0,0.248669,0.0
validation,183.6,184.6,2,far_right,1,2,2,2,1.838524,2.0,2,0.0,0.184413,0.0
validation,183.6,184.6,3,near_left,3,3,4,3,3.079187,3.0,3,0.0,0.163146,0.0
validation,183.6,184.6,4,near_center,3,3,2,2,2.06821,3.0,3,0.0,0.455496,1.0
validation,183.6,184.6,5,near_right,4,3,3,3,3.329833,3.0,3,0.0,0.227226,0.0
validation,183.8,184.8,0,far_left,8,8,8,7,7.455457,7.455457,7,1.0,0.512162,0.455457
validation,183.8,184.8,1,far_center,3,3,3,3,3.085397,3.0,3,0.0,0.266229,0.0
validation,183.8,184.8,2,far_right,1,2,2,2,1.890372,2.0,2,0.0,0.138006,0.0
validation,183.8,184.8,3,near_left,3,3,3,4,3.066539,3.0,3,0.0,0.150119,1.0
validation,183.8,184.8,4,near_center,2,2,2,1,1.958734,2.0,2,0.0,0.301601,1.0
validation,183.8,184.8,5,near_right,4,3,3,3,3.301895,3.0,3,0.0,0.239786,0.0
validation,184.0,185.0,0,far_left,7,6,6,8,7.450729,7.450729,7,1.0,0.473568,0.549271
validation,184.0,185.0,1,far_center,3,4,4,3,3.749768,4.0,4,0.0,0.275247,1.0
validation,184.0,185.0,2,far_right,2,2,2,3,2.009777,2.0,2,0.0,0.114458,1.0
validation,184.0,185.0,3,near_left,3,3,3,5,3.040745,3.0,3,0.0,0.143423,2.0
validation,184.0,185.0,4,near_center,2,2,2,1,2.01413,2.0,2,0.0,0.254429,1.0
validation,184.0,185.0,5,near_right,3,3,3,3,3.034735,3.0,3,0.0,0.247214,0.0
validation,184.2,185.2,0,far_left,6,5,5,8,6.591088,6.591088,7,1.0,0.461491,1.408912
validation,184.2,185.2,1,far_center,3,4,4,3,3.73568,4.0,4,0.0,0.281946,1.0
validation,184.2,185.2,2,far_right,2,2,2,2,2.016487,2.0,2,0.0,0.113614,0.0
validation,184.2,185.2,3,near_left,4,4,4,4,3.967102,4.0,4,0.0,0.166688,0.0
validation,184.2,185.2,4,near_center,2,2,2,1,2.037977,2.0,2,0.0,0.230401,1.0
validation,184.2,185.2,5,near_right,3,3,3,3,3.022073,3.0,3,0.0,0.25091,0.0
validation,184.4,185.4,0,far_left,6,5,5,7,6.42914,6.42914,6,1.0,0.461524,0.57086
validation,184.4,185.4,1,far_center,3,4,4,4,3.719405,4.0,4,0.0,0.29056,0.0
validation,184.4,185.4,2,far_right,2,2,2,2,2.01585,2.0,2,0.0,0.118019,0.0
validation,184.4,185.4,3,near_left,4,5,5,4,4.873625,5.0,5,0.0,0.153488,1.0
validation,184.4,185.4,4,near_center,2,1,1,1,1.267464,1.0,1,0.0,0.232531,0.0
validation,184.4,185.4,5,near_right,3,3,3,3,3.022416,3.0,3,0.0,0.256926,0.0
validation,184.6,185.6,0,far_left,6,5,5,7,6.332335,6.332335,6,1.0,0.465944,0.667665
validation,184.6,185.6,1,far_center,3,4,4,5,3.710203,4.0,4,0.0,0.293168,1.0
validation,184.6,185.6,2,far_right,2,2,2,2,2.017807,2.0,2,0.0,0.127202,0.0
validation,184.6,185.6,3,near_left,3,4,4,4,3.936186,4.0,4,0.0,0.148712,0.0
validation,184.6,185.6,4,near_center,2,1,1,1,1.266374,1.0,1,0.0,0.235605,0.0
validation,184.6,185.6,5,near_right,3,3,3,3,3.021789,3.0,3,0.0,0.259466,0.0
validation,184.8,185.8,0,far_left,7,6,6,7,6.101943,6.101943,6,1.0,0.458663,0.898057
validation,184.8,185.8,1,far_center,3,4,4,5,3.756706,4.0,4,0.0,0.292529,1.0
validation,184.8,185.8,2,far_right,2,2,2,2,2.007907,2.0,2,0.0,0.136153,0.0
validation,184.8,185.8,3,near_left,4,4,4,5,4.045294,4.0,4,0.0,0.148908,1.0
validation,184.8,185.8,4,near_center,1,1,1,1,1.039584,1.0,1,0.0,0.222735,0.0
validation,184.8,185.8,5,near_right,3,3,3,3,3.037275,3.0,3,0.0,0.272198,0.0
validation,185.0,186.0,0,far_left,8,7,7,7,6.49002,6.49002,6,1.0,0.558414,0.50998
validation,185.0,186.0,1,far_center,3,4,4,4,3.835414,4.0,4,0.0,0.29684,0.0
validation,185.0,186.0,2,far_right,3,3,3,2,2.696077,3.0,3,0.0,0.268123,1.0
validation,185.0,186.0,3,near_left,5,5,5,5,4.880709,5.0,5,0.0,0.282232,0.0
validation,185.0,186.0,4,near_center,1,1,1,1,1.063454,1.0,1,0.0,0.208921,0.0
validation,185.0,186.0,5,near_right,3,3,3,3,3.065501,3.0,3,0.0,0.268002,0.0
validation,185.2,186.2,0,far_left,8,7,7,7,6.783576,6.783576,7,1.0,0.490148,0.216424
validation,185.2,186.2,1,far_center,3,5,4,4,4.481835,5.0,5,0.0,0.295279,1.0
validation,185.2,186.2,2,far_right,2,1,2,2,1.252168,1.0,1,0.0,0.218347,1.0
validation,185.2,186.2,3,near_left,4,4,4,5,4.166431,4.0,4,0.0,0.220568,1.0
validation,185.2,186.2,4,near_center,1,1,1,1,1.027117,1.0,1,0.0,0.209031,0.0
validation,185.2,186.2,5,near_right,3,3,3,3,3.033679,3.0,3,0.0,0.267239,0.0
validation,185.4,186.4,0,far_left,7,7,7,6,6.617716,6.617716,7,1.0,0.40567,0.617716
validation,185.4,186.4,1,far_center,4,4,4,4,4.008891,4.0,4,0.0,0.307098,0.0
validation,185.4,186.4,2,far_right,2,2,2,2,1.98564,2.0,2,0.0,0.153895,0.0
validation,185.4,186.4,3,near_left,4,4,4,5,4.133418,4.0,4,0.0,0.22177,1.0
validation,185.4,186.4,4,near_center,1,1,1,1,1.029152,1.0,1,0.0,0.196371,0.0
validation,185.4,186.4,5,near_right,3,3,3,3,3.045433,3.0,3,0.0,0.26644,0.0
validation,185.6,186.6,0,far_left,7,7,7,8,6.524516,6.524516,7,1.0,0.406659,1.475484
validation,185.6,186.6,1,far_center,5,5,5,4,4.775855,5.0,5,0.0,0.380418,1.0
validation,185.6,186.6,2,far_right,2,2,2,2,2.026104,2.0,2,0.0,0.136793,0.0
validation,185.6,186.6,3,near_left,4,4,4,5,4.112744,4.0,4,0.0,0.211377,1.0
validation,185.6,186.6,4,near_center,1,1,1,1,1.078189,1.0,1,0.0,0.19311,0.0
validation,185.6,186.6,5,near_right,3,3,3,3,2.295372,3.0,3,0.0,0.476743,0.0
validation,185.8,186.8,0,far_left,7,7,7,6,6.924561,6.924561,7,1.0,0.344521,0.924561
validation,185.8,186.8,1,far_center,5,5,5,4,4.324553,5.0,5,0.0,0.446319,1.0
validation,185.8,186.8,2,far_right,2,2,2,2,2.021708,2.0,2,0.0,0.126758,0.0
validation,185.8,186.8,3,near_left,5,5,5,5,4.874567,5.0,5,0.0,0.296369,0.0
validation,185.8,186.8,4,near_center,1,1,1,1,1.086984,1.0,1,0.0,0.19212,0.0
validation,185.8,186.8,5,near_right,3,3,3,3,2.923201,3.0,3,0.0,0.360449,0.0
validation,186.0,187.0,0,far_left,7,7,7,6,6.731937,6.731937,7,1.0,0.325071,0.731937
validation,186.0,187.0,1,far_center,4,3,3,3,3.418856,3.0,3,0.0,0.350384,0.0
validation,186.0,187.0,2,far_right,2,3,3,3,2.89255,3.0,3,0.0,0.114006,0.0
validation,186.0,187.0,3,near_left,5,5,5,4,4.995613,5.0,5,0.0,0.259791,1.0
validation,186.0,187.0,4,near_center,1,1,1,1,1.050143,1.0,1,0.0,0.196656,0.0
validation,186.0,187.0,5,near_right,3,3,3,3,3.010491,3.0,3,0.0,0.327121,0.0
validation,186.2,187.2,0,far_left,7,7,7,7,6.276484,6.276484,6,1.0,0.423756,0.723516
validation,186.2,187.2,1,far_center,4,3,3,4,3.49769,3.0,3,0.0,0.330118,1.0
validation,186.2,187.2,2,far_right,2,3,3,3,2.910639,3.0,3,0.0,0.110103,0.0
validation,186.2,187.2,3,near_left,5,4,5,4,4.30653,4.0,4,0.0,0.213545,0.0
validation,186.2,187.2,4,near_center,1,2,1,1,1.855452,2.0,2,0.0,0.196384,1.0
validation,186.2,187.2,5,near_right,3,3,3,3,2.501466,3.0,3,0.0,0.413575,0.0
validation,186.4,187.4,0,far_left,6,6,6,8,6.283875,6.283875,6,1.0,0.329899,1.716125
validation,186.4,187.4,1,far_center,4,4,4,4,4.085532,4.0,4,0.0,0.319222,0.0
validation,186.4,187.4,2,far_right,2,2,2,3,2.012537,2.0,2,0.0,0.11931,1.0
validation,186.4,187.4,3,near_left,5,4,5,4,4.262963,4.0,4,0.0,0.205574,0.0
validation,186.4,187.4,4,near_center,1,2,1,1,1.827261,2.0,2,0.0,0.198944,1.0
validation,186.4,187.4,5,near_right,3,3,3,2,2.973084,3.0,3,0.0,0.343421,1.0
validation,186.6,187.6,0,far_left,8,8,8,6,7.298381,7.298381,7,1.0,0.483604,1.298381
validation,186.6,187.6,1,far_center,4,4,4,4,4.063872,4.0,4,0.0,0.28095,0.0
validation,186.6,187.6,2,far_right,2,2,2,3,2.0358,2.0,2,0.0,0.136404,1.0
validation,186.6,187.6,3,near_left,5,4,5,4,4.271966,4.0,4,0.0,0.200611,0.0
validation,186.6,187.6,4,near_center,1,2,1,1,1.863093,2.0,2,0.0,0.19914,1.0
validation,186.6,187.6,5,near_right,3,3,3,2,2.426982,3.0,3,0.0,0.416628,1.0
validation,186.8,187.8,0,far_left,6,6,6,8,6.62533,6.62533,7,1.0,0.368581,1.37467
validation,186.8,187.8,1,far_center,4,4,4,4,4.008029,4.0,4,0.0,0.263083,0.0
validation,186.8,187.8,2,far_right,2,2,2,3,2.038733,2.0,2,0.0,0.161738,1.0
validation,186.8,187.8,3,near_left,5,4,5,4,4.188803,4.0,4,0.0,0.223108,0.0
validation,186.8,187.8,4,near_center,1,2,1,1,1.83704,2.0,2,0.0,0.20054,1.0
validation,186.8,187.8,5,near_right,3,3,3,2,2.946229,3.0,3,0.0,0.29418,1.0
validation,187.0,188.0,0,far_left,6,6,6,8,6.635284,6.635284,7,1.0,0.363881,1.364716
validation,187.0,188.0,1,far_center,3,4,4,4,3.758947,4.0,4,0.0,0.26017,0.0
validation,187.0,188.0,2,far_right,3,2,2,3,2.194069,2.0,2,0.0,0.179025,1.0
validation,187.0,188.0,3,near_left,4,4,4,4,4.09819,4.0,4,0.0,0.189949,0.0
validation,187.0,188.0,4,near_center,1,1,1,1,1.022235,1.0,1,0.0,0.206644,0.0
validation,187.0,188.0,5,near_right,3,3,3,2,3.011736,3.0,3,0.0,0.24971,1.0
validation,187.2,188.2,0,far_left,7,7,7,7,6.760402,6.760402,7,1.0,0.408516,0.239598
validation,187.2,188.2,1,far_center,4,4,4,4,3.809848,4.0,4,0.0,0.314252,0.0
validation,187.2,188.2,2,far_right,3,3,3,3,3.064289,3.0,3,0.0,0.174302,0.0
validation,187.2,188.2,3,near_left,4,4,4,4,4.069396,4.0,4,0.0,0.17269,0.0
validation,187.2,188.2,4,near_center,1,1,1,2,1.08049,1.0,1,0.0,0.203916,1.0
validation,187.2,188.2,5,near_right,3,3,3,3,2.464221,3.0,3,0.0,0.389704,0.0
validation,187.4,188.4,0,far_left,8,8,8,6,6.616612,6.616612,7,1.0,0.583359,0.616612
validation,187.4,188.4,1,far_center,4,4,4,4,4.014575,4.0,4,0.0,0.283632,0.0
validation,187.4,188.4,2,far_right,3,3,3,3,3.02709,3.0,3,0.0,0.185175,0.0
validation,187.4,188.4,3,near_left,4,4,4,3,4.081071,4.0,4,0.0,0.165254,1.0
validation,187.4,188.4,4,near_center,1,1,1,2,1.044836,1.0,1,0.0,0.210811,1.0
validation,187.4,188.4,5,near_right,2,2,2,3,2.064075,2.0,2,0.0,0.306215,1.0
validation,187.6,188.6,0,far_left,6,7,6,8,7.025252,7.025252,7,1.0,0.405696,0.974748
validation,187.6,188.6,1,far_center,4,4,4,4,4.005905,4.0,4,0.0,0.262367,0.0
validation,187.6,188.6,2,far_right,3,3,3,3,2.998141,3.0,3,0.0,0.192531,0.0
validation,187.6,188.6,3,near_left,4,3,4,3,3.242904,3.0,3,0.0,0.167414,0.0
validation,187.6,188.6,4,near_center,1,1,1,2,1.014977,1.0,1,0.0,0.215203,1.0
validation,187.6,188.6,5,near_right,2,2,2,3,2.086815,2.0,2,0.0,0.271146,1.0
validation,187.8,188.8,0,far_left,8,9,9,6,7.6193,7.6193,8,1.0,0.531717,1.6193
validation,187.8,188.8,1,far_center,4,4,4,4,4.054433,4.0,4,0.0,0.259944,0.0
validation,187.8,188.8,2,far_right,3,3,3,2,2.992645,3.0,3,0.0,0.197164,1.0
validation,187.8,188.8,3,near_left,4,3,3,3,3.254559,3.0,3,0.0,0.166048,0.0
validation,187.8,188.8,4,near_center,1,1,1,2,1.024658,1.0,1,0.0,0.218738,1.0
validation,187.8,188.8,5,near_right,2,2,2,3,2.080244,2.0,2,0.0,0.246287,1.0
validation,188.0,189.0,0,far_left,8,9,8,6,7.207993,7.207993,7,1.0,0.560203,1.207993
validation,188.0,189.0,1,far_center,4,4,4,4,4.070379,4.0,4,0.0,0.260968,0.0
validation,188.0,189.0,2,far_right,3,3,3,2,2.987677,3.0,3,0.0,0.201205,1.0
validation,188.0,189.0,3,near_left,4,3,4,3,3.280846,3.0,3,0.0,0.177442,0.0
validation,188.0,189.0,4,near_center,1,1,1,2,1.022209,1.0,1,0.0,0.220573,1.0
validation,188.0,189.0,5,near_right,2,2,2,3,2.075677,2.0,2,0.0,0.232445,1.0
validation,188.2,189.2,0,far_left,7,8,8,6,6.741801,6.741801,7,1.0,0.486492,0.741801
validation,188.2,189.2,1,far_center,4,4,4,4,4.07662,4.0,4,0.0,0.258275,0.0
validation,188.2,189.2,2,far_right,3,3,3,2,2.979984,3.0,3,0.0,0.19364,1.0
validation,188.2,189.2,3,near_left,4,3,3,3,3.264389,3.0,3,0.0,0.166842,0.0
validation,188.2,189.2,4,near_center,2,2,2,2,1.980655,2.0,2,0.0,0.210598,0.0
validation,188.2,189.2,5,near_right,3,3,3,3,2.993994,3.0,3,0.0,0.223158,0.0
validation,188.4,189.4,0,far_left,6,6,6,7,6.741799,6.741799,7,1.0,0.395292,0.258201
validation,188.4,189.4,1,far_center,4,5,5,4,4.717231,5.0,5,0.0,0.260488,1.0
validation,188.4,189.4,2,far_right,3,2,2,2,2.190457,2.0,2,0.0,0.197338,0.0
validation,188.4,189.4,3,near_left,3,3,3,4,3.051723,3.0,3,0.0,0.155469,1.0
validation,188.4,189.4,4,near_center,2,2,2,2,2.016612,2.0,2,0.0,0.219785,0.0
validation,188.4,189.4,5,near_right,3,3,3,3,3.032132,3.0,3,0.0,0.222357,0.0
validation,188.6,189.6,0,far_left,8,7,7,6,7.931091,7.931091,8,1.0,0.399846,1.931091
validation,188.6,189.6,1,far_center,4,4,4,4,4.003892,4.0,4,0.0,0.258925,0.0
validation,188.6,189.6,2,far_right,3,3,3,2,2.938669,3.0,3,0.0,0.201679,1.0
validation,188.6,189.6,3,near_left,3,4,4,3,3.903522,4.0,4,0.0,0.144298,1.0
validation,188.6,189.6,4,near_center,2,2,2,2,2.034244,2.0,2,0.0,0.225944,0.0
validation,188.6,189.6,5,near_right,3,3,3,3,3.050425,3.0,3,0.0,0.222072,0.0
validation,188.8,189.8,0,far_left,6,6,5,6,6.841516,6.841516,7,1.0,0.38628,0.841516
validation,188.8,189.8,1,far_center,4,4,4,4,3.993059,4.0,4,0.0,0.256593,0.0
validation,188.8,189.8,2,far_right,2,2,2,2,2.039807,2.0,2,0.0,0.193903,0.0
validation,188.8,189.8,3,near_left,3,3,4,5,3.048161,3.0,3,0.0,0.143667,2.0
validation,188.8,189.8,4,near_center,2,2,2,2,2.027539,2.0,2,0.0,0.230552,0.0
validation,188.8,189.8,5,near_right,3,3,3,3,3.025476,3.0,3,0.0,0.213555,0.0
validation,189.0,190.0,0,far_left,6,6,6,6,6.726432,6.726432,7,1.0,0.389763,0.726432
validation,189.0,190.0,1,far_center,4,4,4,4,4.011887,4.0,4,0.0,0.258523,0.0
validation,189.0,190.0,2,far_right,2,3,2,1,2.766213,3.0,3,0.0,0.190095,2.0
validation,189.0,190.0,3,near_left,3,3,3,4,3.055037,3.0,3,0.0,0.152231,1.0
validation,189.0,190.0,4,near_center,2,2,2,2,2.030255,2.0,2,0.0,0.234071,0.0
validation,189.0,190.0,5,near_right,3,2,3,3,2.292885,2.0,2,0.0,0.226056,1.0
validation,189.2,190.2,0,far_left,6,6,6,6,6.678041,6.678041,7,1.0,0.390481,0.678041
validation,189.2,190.2,1,far_center,4,4,4,3,4.051208,4.0,4,0.0,0.265084,1.0
validation,189.2,190.2,2,far_right,2,3,3,2,1.78029,3.0,3,0.0,0.430968,1.0
validation,189.2,190.2,3,near_left,3,3,3,4,3.057618,3.0,3,0.0,0.152942,1.0
validation,189.2,190.2,4,near_center,2,2,2,2,2.042983,2.0,2,0.0,0.237648,0.0
validation,189.2,190.2,5,near_right,3,2,2,2,2.317552,2.0,2,0.0,0.22911,0.0
validation,189.4,190.4,0,far_left,7,8,7,5,6.654264,6.654264,7,1.0,0.494816,1.654264
validation,189.4,190.4,1,far_center,4,4,4,3,4.080206,4.0,4,0.0,0.274967,1.0
validation,189.4,190.4,2,far_right,2,3,3,2,2.479441,3.0,3,0.0,0.288308,1.0
validation,189.4,190.4,3,near_left,4,3,4,5,3.236659,3.0,3,0.0,0.172394,2.0
validation,189.4,190.4,4,near_center,2,2,2,2,2.054209,2.0,2,0.0,0.231577,0.0
validation,189.4,190.4,5,near_right,3,2,2,2,2.307338,2.0,2,0.0,0.238382,0.0
validation,189.6,190.6,0,far_left,6,5,5,5,5.782775,5.782775,6,1.0,0.383601,0.782775
validation,189.6,190.6,1,far_center,4,4,4,3,4.013902,4.0,4,0.0,0.270299,1.0
validation,189.6,190.6,2,far_right,2,4,4,3,3.520675,4.0,4,0.0,0.193521,1.0
validation,189.6,190.6,3,near_left,3,4,4,5,3.933724,4.0,4,0.0,0.17053,1.0
validation,189.6,190.6,4,near_center,2,2,2,2,2.041146,2.0,2,0.0,0.232585,0.0
validation,189.6,190.6,5,near_right,3,1,1,1,1.575546,1.0,1,0.0,0.250397,0.0
validation,189.8,190.8,0,far_left,6,5,5,6,5.735088,5.735088,6,1.0,0.32998,0.264912
validation,189.8,190.8,1,far_center,4,4,4,3,4.047138,4.0,4,0.0,0.282382,1.0
validation,189.8,190.8,2,far_right,2,4,4,3,2.435758,4.0,4,0.0,0.410956,1.0
validation,189.8,190.8,3,near_left,5,6,6,5,4.937312,6.0,6,0.0,0.46029,1.0
validation,189.8,190.8,4,near_center,2,2,2,2,2.085187,2.0,2,0.0,0.222838,0.0
validation,189.8,190.8,5,near_right,3,1,1,0,1.628679,1.0,1,0.0,0.262821,1.0
validation,190.0,191.0,0,far_left,6,5,5,8,5.598341,5.598341,6,1.0,0.304354,2.401659
validation,190.0,191.0,1,far_center,4,4,4,3,3.72889,4.0,4,0.0,0.339562,1.0
validation,190.0,191.0,2,far_right,1,3,3,3,2.596999,3.0,3,0.0,0.230429,0.0
validation,190.0,191.0,3,near_left,4,5,5,5,4.85975,5.0,5,0.0,0.332136,0.0
validation,190.0,191.0,4,near_center,2,2,2,2,2.06414,2.0,2,0.0,0.220496,0.0
validation,190.0,191.0,5,near_right,3,1,1,0,1.601957,1.0,1,0.0,0.268361,1.0
validation,190.2,191.2,0,far_left,6,6,5,7,6.115674,6.115674,6,1.0,0.250115,0.884326
validation,190.2,191.2,1,far_center,3,3,3,3,3.011841,3.0,3,0.0,0.297253,0.0
validation,190.2,191.2,2,far_right,2,3,3,3,2.896199,3.0,3,0.0,0.144699,0.0
validation,190.2,191.2,3,near_left,4,4,5,5,4.064525,4.0,4,0.0,0.299739,1.0
validation,190.2,191.2,4,near_center,2,2,2,2,2.055608,2.0,2,0.0,0.21348,0.0
validation,190.2,191.2,5,near_right,2,1,1,0,1.276387,1.0,1,0.0,0.263493,1.0
validation,190.4,191.4,0,far_left,5,5,5,7,5.072832,5.072832,5,1.0,0.203224,1.927168
validation,190.4,191.4,1,far_center,3,3,3,3,3.019442,3.0,3,0.0,0.2882,0.0
validation,190.4,191.4,2,far_right,2,3,3,3,2.91419,3.0,3,0.0,0.124222,0.0
validation,190.4,191.4,3,near_left,5,5,5,5,4.766036,5.0,5,0.0,0.354371,0.0
validation,190.4,191.4,4,near_center,2,2,2,2,2.061047,2.0,2,0.0,0.20934,0.0
validation,190.4,191.4,5,near_right,2,1,1,0,1.271317,1.0,1,0.0,0.259073,1.0
validation,190.6,191.6,0,far_left,5,5,5,7,5.029796,5.029796,5,1.0,0.161087,1.970204
validation,190.6,191.6,1,far_center,3,3,3,3,3.059921,3.0,3,0.0,0.283028,0.0
validation,190.6,191.6,2,far_right,3,3,3,3,3.026939,3.0,3,0.0,0.124947,0.0
validation,190.6,191.6,3,near_left,5,5,5,5,4.784161,5.0,5,0.0,0.378113,0.0
validation,190.6,191.6,4,near_center,2,2,2,2,2.087362,2.0,2,0.0,0.191144,0.0
validation,190.6,191.6,5,near_right,1,1,1,0,0.382113,1.0,1,0.0,0.617887,1.0
validation,190.8,191.8,0,far_left,6,6,6,6,5.73742,5.73742,6,1.0,0.225494,0.26258
validation,190.8,191.8,1,far_center,3,3,3,3,3.052606,3.0,3,0.0,0.283716,0.0
validation,190.8,191.8,2,far_right,3,3,3,2,3.045736,3.0,3,0.0,0.119386,1.0
validation,190.8,191.8,3,near_left,5,5,5,5,4.853367,5.0,5,0.0,0.352471,0.0
validation,190.8,191.8,4,near_center,2,2,2,2,2.082149,2.0,2,0.0,0.198341,0.0
validation,190.8,191.8,5,near_right,0,0,0,0,0.0,0.0,0,0.0,0.385826,0.0
validation,191.0,192.0,0,far_left,8,8,8,7,6.479772,6.479772,6,1.0,0.58304,0.520228
validation,191.0,192.0,1,far_center,3,3,3,3,3.089588,3.0,3,0.0,0.27856,0.0
validation,191.0,192.0,2,far_right,3,3,3,3,3.046556,3.0,3,0.0,0.125021,0.0
validation,191.0,192.0,3,near_left,5,5,5,5,4.921638,5.0,5,0.0,0.302931,0.0
validation,191.0,192.0,4,near_center,2,2,2,2,2.088918,2.0,2,0.0,0.203802,0.0
validation,191.0,192.0,5,near_right,0,0,0,0,0.0,0.0,0,0.0,0.255495,0.0
validation,191.2,192.2,0,far_left,7,7,7,7,6.624008,6.624008,7,1.0,0.398006,0.375992
validation,191.2,192.2,1,far_center,3,3,3,3,3.041341,3.0,3,0.0,0.27913,0.0
validation,191.2,192.2,2,far_right,3,3,3,3,3.036258,3.0,3,0.0,0.132884,0.0
validation,191.2,192.2,3,near_left,5,5,5,5,4.941206,5.0,5,0.0,0.27434,0.0
validation,191.2,192.2,4,near_center,2,2,2,2,2.082181,2.0,2,0.0,0.207892,0.0
validation,191.2,192.2,5,near_right,0,0,0,0,0.0,0.0,0,0.0,0.209323,0.0
validation,191.4,192.4,0,far_left,7,7,7,6,5.891631,5.891631,6,1.0,0.523466,0.108369
validation,191.4,192.4,1,far_center,3,3,3,3,3.08605,3.0,3,0.0,0.282026,0.0
validation,191.4,192.4,2,far_right,3,3,3,2,3.021474,3.0,3,0.0,0.144393,1.0
validation,191.4,192.4,3,near_left,5,5,5,5,4.987976,5.0,5,0.0,0.258785,0.0
validation,191.4,192.4,4,near_center,2,2,2,2,2.083961,2.0,2,0.0,0.209266,0.0
validation,191.4,192.4,5,near_right,0,0,0,0,0.0,0.0,0,0.0,0.197204,0.0
validation,191.6,192.6,0,far_left,7,7,7,6,6.46561,6.46561,6,1.0,0.41109,0.46561
validation,191.6,192.6,1,far_center,3,3,3,3,3.115766,3.0,3,0.0,0.282128,0.0
validation,191.6,192.6,2,far_right,3,3,3,2,2.540173,3.0,3,0.0,0.31424,1.0
validation,191.6,192.6,3,near_left,5,5,5,5,4.945634,5.0,5,0.0,0.257584,0.0
validation,191.6,192.6,4,near_center,2,2,2,2,2.082556,2.0,2,0.0,0.2018,0.0
validation,191.6,192.6,5,near_right,0,0,0,0,0.007658,0.0,0,0.0,0.196397,0.0
validation,191.8,192.8,0,far_left,6,6,6,7,5.242549,5.242549,5,1.0,0.439585,1.757451
validation,191.8,192.8,1,far_center,3,3,3,3,3.07092,3.0,3,0.0,0.284233,0.0
validation,191.8,192.8,2,far_right,2,2,2,2,2.100219,2.0,2,0.0,0.224109,0.0
validation,191.8,192.8,3,near_left,5,5,5,5,5.013419,5.0,5,0.0,0.25152,0.0
validation,191.8,192.8,4,near_center,2,2,2,2,2.070754,2.0,2,0.0,0.204153,0.0
validation,191.8,192.8,5,near_right,0,0,0,0,0.0,0.0,0,0.0,0.176406,0.0
validation,192.0,193.0,0,far_left,7,7,7,4,6.26325,6.26325,6,1.0,0.434605,2.26325
validation,192.0,193.0,1,far_center,3,2,2,2,2.399033,2.0,2,0.0,0.288664,0.0
validation,192.0,193.0,2,far_right,3,3,3,2,2.944503,3.0,3,0.0,0.195833,1.0
validation,192.0,193.0,3,near_left,5,5,5,5,5.007566,5.0,5,0.0,0.23233,0.0
validation,192.0,193.0,4,near_center,2,3,3,3,2.871894,3.0,3,0.0,0.202336,0.0
validation,192.0,193.0,5,near_right,0,0,0,0,0.0,0.0,0,0.0,0.173851,0.0
validation,192.2,193.2,0,far_left,7,7,7,5,6.149262,6.149262,6,1.0,0.457361,1.149262
validation,192.2,193.2,1,far_center,3,3,3,2,3.146245,3.0,3,0.0,0.291549,1.0
validation,192.2,193.2,2,far_right,3,2,2,2,1.924108,2.0,2,0.0,0.273685,0.0
validation,192.2,193.2,3,near_left,5,5,5,5,4.995283,5.0,5,0.0,0.229856,0.0
validation,192.2,193.2,4,near_center,2,3,3,3,2.875891,3.0,3,0.0,0.202383,0.0
validation,192.2,193.2,5,near_right,0,0,0,0,0.018053,0.0,0,0.0,0.17913,0.0
validation,192.4,193.4,0,far_left,6,6,6,5,5.697831,5.697831,6,1.0,0.338733,0.697831
validation,192.4,193.4,1,far_center,3,2,2,1,2.368855,2.0,2,0.0,0.30085,1.0
validation,192.4,193.4,2,far_right,2,1,1,2,1.365747,1.0,1,0.0,0.202508,1.0
validation,192.4,193.4,3,near_left,5,5,5,5,5.025643,5.0,5,0.0,0.233457,0.0
validation,192.4,193.4,4,near_center,2,4,4,4,3.672518,4.0,4,0.0,0.18324,0.0
validation,192.4,193.4,5,near_right,0,0,0,0,0.0,0.0,0,0.0,0.175899,0.0
validation,192.6,193.6,0,far_left,6,6,6,5,6.132029,6.132029,6,1.0,0.229553,1.132029
validation,192.6,193.6,1,far_center,3,2,2,1,2.334232,2.0,2,0.0,0.305946,1.0
validation,192.6,193.6,2,far_right,2,1,1,2,1.341659,1.0,1,0.0,0.189076,1.0
validation,192.6,193.6,3,near_left,5,5,5,5,5.00422,5.0,5,0.0,0.216252,0.0
validation,192.6,193.6,4,near_center,2,4,4,4,3.664774,4.0,4,0.0,0.193775,0.0
validation,192.6,193.6,5,near_right,0,0,0,0,0.0,0.0,0,0.0,0.176278,0.0
validation,192.8,193.8,0,far_left,7,7,7,5,6.55114,6.55114,7,1.0,0.338266,1.55114
validation,192.8,193.8,1,far_center,3,2,2,2,2.392548,2.0,2,0.0,0.308143,0.0
validation,192.8,193.8,2,far_right,2,1,1,2,1.294586,1.0,1,0.0,0.178323,1.0
validation,192.8,193.8,3,near_left,5,5,5,5,5.026292,5.0,5,0.0,0.218745,0.0
validation,192.8,193.8,4,near_center,2,4,4,4,3.670229,4.0,4,0.0,0.196949,0.0
validation,192.8,193.8,5,near_right,0,0,0,0,0.0,0.0,0,0.0,0.178468,0.0
validation,193.0,194.0,0,far_left,4,4,4,5,4.464932,4.464932,4,1.0,0.23562,0.535068
validation,193.0,194.0,1,far_center,2,2,2,3,2.000476,2.0,2,0.0,0.304921,1.0
validation,193.0,194.0,2,far_right,2,1,1,1,1.279816,1.0,1,0.0,0.179147,0.0
validation,193.0,194.0,3,near_left,5,5,5,5,5.027208,5.0,5,0.0,0.184845,0.0
validation,193.0,194.0,4,near_center,3,4,4,4,3.821222,4.0,4,0.0,0.204895,0.0
validation,193.0,194.0,5,near_right,0,0,0,0,0.0,0.0,0,0.0,0.17398,0.0
validation,193.2,194.2,0,far_left,5,5,5,5,5.284489,5.284489,5,1.0,0.201889,0.284489
validation,193.2,194.2,1,far_center,2,1,1,2,1.318081,1.0,1,0.0,0.302241,1.0
validation,193.2,194.2,2,far_right,2,2,2,1,2.051323,2.0,2,0.0,0.172632,1.0
validation,193.2,194.2,3,near_left,5,5,5,5,4.981311,5.0,5,0.0,0.200111,0.0
validation,193.2,194.2,4,near_center,3,4,4,4,3.83654,4.0,4,0.0,0.215672,0.0
validation,193.2,194.2,5,near_right,0,0,0,0,0.0,0.0,0,0.0,0.167855,0.0
validation,193.4,194.4,0,far_left,5,5,5,5,5.232707,5.232707,5,1.0,0.198117,0.232707
validation,193.4,194.4,1,far_center,1,1,1,2,1.022289,1.0,1,0.0,0.297524,1.0
validation,193.4,194.4,2,far_right,2,2,2,1,2.050078,2.0,2,0.0,0.164149,1.0
validation,193.4,194.4,3,near_left,5,5,5,5,4.96974,5.0,5,0.0,0.194271,0.0
validation,193.4,194.4,4,near_center,4,3,3,3,3.284036,3.0,3,0.0,0.228277,0.0
validation,193.4,194.4,5,near_right,0,1,1,1,0.860496,1.0,1,0.0,0.139504,0.0
validation,193.6,194.6,0,far_left,5,5,5,5,5.109257,5.109257,5,1.0,0.185946,0.109257
validation,193.6,194.6,1,far_center,1,1,1,2,1.02315,1.0,1,0.0,0.294058,1.0
validation,193.6,194.6,2,far_right,2,2,2,1,2.057656,2.0,2,0.0,0.165766,1.0
validation,193.6,194.6,3,near_left,5,5,5,4,4.986197,5.0,5,0.0,0.199724,1.0
validation,193.6,194.6,4,near_center,4,3,3,4,3.303244,3.0,3,0.0,0.240888,1.0
validation,193.6,194.6,5,near_right,0,1,1,1,0.878477,1.0,1,0.0,0.121523,0.0
validation,193.8,194.8,0,far_left,5,5,5,4,5.057777,5.057777,5,1.0,0.17496,1.057777
validation,193.8,194.8,1,far_center,2,2,2,2,1.92754,2.0,2,0.0,0.302045,0.0
validation,193.8,194.8,2,far_right,2,2,2,1,2.076133,2.0,2,0.0,0.174276,1.0
validation,193.8,194.8,3,near_left,5,5,5,4,4.946195,5.0,5,0.0,0.229335,1.0
validation,193.8,194.8,4,near_center,4,3,3,4,3.325056,3.0,3,0.0,0.246845,1.0
validation,193.8,194.8,5,near_right,0,1,1,1,0.889928,1.0,1,0.0,0.110072,0.0
validation,194.0,195.0,0,far_left,5,5,5,5,5.013607,5.013607,5,1.0,0.15864,0.013607
validation,194.0,195.0,1,far_center,3,3,3,2,2.952677,3.0,3,0.0,0.304063,1.0
validation,194.0,195.0,2,far_right,1,1,1,1,1.073328,1.0,1,0.0,0.164615,0.0
validation,194.0,195.0,3,near_left,5,5,5,4,4.962435,5.0,5,0.0,0.236957,1.0
validation,194.0,195.0,4,near_center,4,3,3,4,3.31843,3.0,3,0.0,0.253805,1.0
validation,194.0,195.0,5,near_right,0,1,1,1,0.907632,1.0,1,0.0,0.099262,0.0
validation,194.2,195.2,0,far_left,5,5,5,3,5.057543,5.057543,5,1.0,0.140828,2.057543
validation,194.2,195.2,1,far_center,2,2,2,2,2.035975,2.0,2,0.0,0.308668,0.0
validation,194.2,195.2,2,far_right,1,1,1,1,1.031201,1.0,1,0.0,0.173442,0.0
validation,194.2,195.2,3,near_left,5,5,5,4,4.51114,5.0,5,0.0,0.36474,1.0
validation,194.2,195.2,4,near_center,4,3,3,3,3.338144,3.0,3,0.0,0.246961,0.0
validation,194.2,195.2,5,near_right,0,1,1,1,0.849677,1.0,1,0.0,0.150323,0.0
validation,194.4,195.4,0,far_left,5,5,5,2,5.052769,5.052769,5,1.0,0.136048,3.052769
validation,194.4,195.4,1,far_center,2,2,2,2,2.031716,2.0,2,0.0,0.30059,0.0
validation,194.4,195.4,2,far_right,1,1,1,1,0.955679,1.0,1,0.0,0.200791,0.0
validation,194.4,195.4,3,near_left,5,5,5,3,4.630907,5.0,5,0.0,0.370556,2.0
validation,194.4,195.4,4,near_center,3,3,3,5,3.051214,3.0,3,0.0,0.241661,2.0
validation,194.4,195.4,5,near_right,1,1,1,1,1.074986,1.0,1,0.0,0.187983,0.0
validation,194.6,195.6,0,far_left,5,5,5,1,5.024387,5.024387,5,1.0,0.140641,4.024387
validation,194.6,195.6,1,far_center,2,2,2,2,2.066694,2.0,2,0.0,0.298568,0.0
validation,194.6,195.6,2,far_right,1,1,1,1,0.928902,1.0,1,0.0,0.210731,0.0
validation,194.6,195.6,3,near_left,4,4,4,3,4.233315,4.0,4,0.0,0.259493,1.0
validation,194.6,195.6,4,near_center,4,4,4,5,3.839785,4.0,4,0.0,0.260801,1.0
validation,194.6,195.6,5,near_right,1,1,1,1,1.111488,1.0,1,0.0,0.215542,0.0
validation,194.8,195.8,0,far_left,4,3,3,2,3.251467,3.251467,3,1.0,0.163727,1.251467
validation,194.8,195.8,1,far_center,2,2,2,2,2.086486,2.0,2,0.0,0.294777,0.0
validation,194.8,195.8,2,far_right,1,1,1,1,0.477394,1.0,1,0.0,0.522606,0.0
validation,194.8,195.8,3,near_left,4,4,4,4,4.182714,4.0,4,0.0,0.206237,0.0
validation,194.8,195.8,4,near_center,4,5,5,4,4.71136,5.0,5,0.0,0.241665,1.0
validation,194.8,195.8,5,near_right,1,1,1,1,1.133746,1.0,1,0.0,0.23141,0.0
validation,195.0,196.0,0,far_left,5,4,4,2,3.97825,3.97825,4,1.0,0.253803,1.97825
validation,195.0,196.0,1,far_center,2,2,2,2,2.115963,2.0,2,0.0,0.292682,0.0
validation,195.0,196.0,2,far_right,1,1,1,0,0.557397,1.0,1,0.0,0.442603,1.0
validation,195.0,196.0,3,near_left,4,4,4,4,4.172944,4.0,4,0.0,0.183351,0.0
validation,195.0,196.0,4,near_center,4,5,5,6,4.737804,5.0,5,0.0,0.233956,1.0
validation,195.0,196.0,5,near_right,1,1,1,2,1.114694,1.0,1,0.0,0.245973,1.0
validation,195.2,196.2,0,far_left,3,2,2,2,2.424804,2.424804,2,1.0,0.232743,0.424804
validation,195.2,196.2,1,far_center,2,2,2,2,2.043403,2.0,2,0.0,0.298588,0.0
validation,195.2,196.2,2,far_right,1,1,1,0,0.692524,1.0,1,0.0,0.338081,1.0
validation,195.2,196.2,3,near_left,4,4,4,4,4.162145,4.0,4,0.0,0.190361,0.0
validation,195.2,196.2,4,near_center,3,4,4,5,3.791468,4.0,4,0.0,0.237008,1.0
validation,195.2,196.2,5,near_right,1,1,1,1,1.094656,1.0,1,0.0,0.257713,0.0
validation,195.4,196.4,0,far_left,2,1,1,3,1.476088,1.476088,1,1.0,0.249164,1.523912
validation,195.4,196.4,1,far_center,2,2,2,2,2.134952,2.0,2,0.0,0.29331,0.0
validation,195.4,196.4,2,far_right,1,1,1,0,0.395771,1.0,1,0.0,0.604229,1.0
validation,195.4,196.4,3,near_left,3,4,4,4,3.822504,4.0,4,0.0,0.212516,0.0
validation,195.4,196.4,4,near_center,5,5,5,5,4.541533,5.0,5,0.0,0.350789,0.0
validation,195.4,196.4,5,near_right,1,1,1,1,1.156471,1.0,1,0.0,0.250917,0.0
validation,195.6,196.6,0,far_left,1,1,1,3,1.149787,1.149787,1,1.0,0.224849,1.850213
validation,195.6,196.6,1,far_center,2,2,2,2,2.066789,2.0,2,0.0,0.299724,0.0
validation,195.6,196.6,2,far_right,1,1,1,0,0.590921,1.0,1,0.0,0.409079,1.0
validation,195.6,196.6,3,near_left,3,3,3,4,3.162201,3.0,3,0.0,0.249017,1.0
validation,195.6,196.6,4,near_center,5,5,5,5,4.853307,5.0,5,0.0,0.276346,0.0
validation,195.6,196.6,5,near_right,1,1,1,1,1.113532,1.0,1,0.0,0.26149,0.0
validation,195.8,196.8,0,far_left,2,2,2,3,2.061409,2.061409,2,1.0,0.17747,0.938591
validation,195.8,196.8,1,far_center,2,2,2,2,2.082204,2.0,2,0.0,0.297,0.0
validation,195.8,196.8,2,far_right,1,1,1,0,0.379278,1.0,1,0.0,0.620722,1.0
validation,195.8,196.8,3,near_left,4,4,4,4,3.897624,4.0,4,0.0,0.281327,0.0
validation,195.8,196.8,4,near_center,4,4,4,7,4.088902,4.0,4,0.0,0.237845,3.0
validation,195.8,196.8,5,near_right,1,1,1,1,1.118198,1.0,1,0.0,0.255453,0.0
validation,196.0,197.0,0,far_left,2,2,2,3,2.092007,2.092007,2,1.0,0.20078,0.907993
validation,196.0,197.0,1,far_center,2,2,2,2,2.113633,2.0,2,0.0,0.293711,0.0
validation,196.0,197.0,2,far_right,0,0,0,0,0.0,0.0,0,0.0,0.298971,0.0
validation,196.0,197.0,3,near_left,4,4,4,5,4.071846,4.0,4,0.0,0.193108,1.0
validation,196.0,197.0,4,near_center,6,6,6,5,4.917127,6.0,6,0.0,0.490113,1.0
validation,196.0,197.0,5,near_right,2,2,2,1,2.044919,2.0,2,0.0,0.237214,1.0
validation,196.2,197.2,0,far_left,2,2,2,3,2.082354,2.082354,2,1.0,0.206424,0.917646
validation,196.2,197.2,1,far_center,2,2,2,2,2.031158,2.0,2,0.0,0.29748,0.0
validation,196.2,197.2,2,far_right,0,0,0,0,0.002779,0.0,0,0.0,0.154805,0.0
validation,196.2,197.2,3,near_left,4,4,4,5,4.050895,4.0,4,0.0,0.177218,1.0
validation,196.2,197.2,4,near_center,5,4,4,6,4.382389,4.0,4,0.0,0.339617,2.0
validation,196.2,197.2,5,near_right,1,2,2,1,1.872934,2.0,2,0.0,0.225968,1.0
validation,196.4,197.4,0,far_left,3,3,3,3,3.030217,3.030217,3,1.0,0.183998,0.030217
validation,196.4,197.4,1,far_center,2,2,2,2,2.03358,2.0,2,0.0,0.299229,0.0
validation,196.4,197.4,2,far_right,0,0,0,0,0.003461,0.0,0,0.0,0.10651,0.0
validation,196.4,197.4,3,near_left,4,4,4,4,4.015121,4.0,4,0.0,0.162593,0.0
validation,196.4,197.4,4,near_center,5,5,5,6,5.035533,5.0,5,0.0,0.306987,1.0
validation,196.4,197.4,5,near_right,1,1,1,1,1.084003,1.0,1,0.0,0.222974,0.0
validation,196.6,197.6,0,far_left,3,3,3,3,3.076061,3.076061,3,1.0,0.195601,0.076061
validation,196.6,197.6,1,far_center,2,2,2,2,2.034669,2.0,2,0.0,0.303904,0.0
validation,196.6,197.6,2,far_right,0,0,0,0,0.003317,0.0,0,0.0,0.088184,0.0
validation,196.6,197.6,3,near_left,4,4,4,4,4.006686,4.0,4,0.0,0.173485,0.0
validation,196.6,197.6,4,near_center,5,5,5,5,4.964195,5.0,5,0.0,0.264959,0.0
validation,196.6,197.6,5,near_right,1,1,1,1,1.089173,1.0,1,0.0,0.224485,0.0
validation,196.8,197.8,0,far_left,3,3,3,3,3.084531,3.084531,3,1.0,0.195859,0.084531
validation,196.8,197.8,1,far_center,2,2,2,2,2.100399,2.0,2,0.0,0.304503,0.0
validation,196.8,197.8,2,far_right,0,0,0,0,0.005354,0.0,0,0.0,0.07973,0.0
validation,196.8,197.8,3,near_left,4,4,4,3,4.036945,4.0,4,0.0,0.176041,1.0
validation,196.8,197.8,4,near_center,7,7,7,5,5.645473,7.0,7,0.0,0.536206,2.0
validation,196.8,197.8,5,near_right,1,1,1,1,1.124985,1.0,1,0.0,0.217669,0.0
validation,197.0,198.0,0,far_left,3,3,3,3,3.081386,3.081386,3,1.0,0.182798,0.081386
validation,197.0,198.0,1,far_center,2,2,2,2,2.026572,2.0,2,0.0,0.307467,0.0
validation,197.0,198.0,2,far_right,0,0,0,0,0.006023,0.0,0,0.0,0.07496,0.0
validation,197.0,198.0,3,near_left,5,5,5,3,4.579047,5.0,5,0.0,0.315073,2.0
validation,197.0,198.0,4,near_center,5,5,5,7,5.229251,5.0,5,0.0,0.352391,2.0
validation,197.0,198.0,5,near_right,1,1,1,1,1.080895,1.0,1,0.0,0.227339,0.0
validation,197.2,198.2,0,far_left,3,3,3,3,3.076856,3.076856,3,1.0,0.18143,0.076856
validation,197.2,198.2,1,far_center,2,2,3,2,2.057687,2.0,2,0.0,0.311032,0.0
validation,197.2,198.2,2,far_right,0,0,0,0,0.008713,0.0,0,0.0,0.073921,0.0
validation,197.2,198.2,3,near_left,5,5,5,3,4.688869,5.0,5,0.0,0.360367,2.0
validation,197.2,198.2,4,near_center,6,6,5,5,5.706285,6.0,6,0.0,0.313863,1.0
validation,197.2,198.2,5,near_right,1,1,1,1,1.102411,1.0,1,0.0,0.239405,0.0
validation,197.4,198.4,0,far_left,3,3,3,3,3.059387,3.059387,3,1.0,0.180273,0.059387
validation,197.4,198.4,1,far_center,2,2,3,3,2.037618,2.0,2,0.0,0.315239,1.0
validation,197.4,198.4,2,far_right,0,0,0,1,0.008428,0.0,0,0.0,0.074283,1.0
validation,197.4,198.4,3,near_left,4,4,4,3,4.141433,4.0,4,0.0,0.301396,1.0
validation,197.4,198.4,4,near_center,6,6,5,5,5.888963,6.0,6,0.0,0.2223,1.0
validation,197.4,198.4,5,near_right,1,1,1,1,1.093362,1.0,1,0.0,0.251799,0.0
validation,197.6,198.6,0,far_left,3,3,3,3,3.068631,3.068631,3,1.0,0.181851,0.068631
validation,197.6,198.6,1,far_center,2,2,2,3,2.000262,2.0,2,0.0,0.314131,1.0
validation,197.6,198.6,2,far_right,0,0,0,1,0.006994,0.0,0,0.0,0.075892,1.0
validation,197.6,198.6,3,near_left,4,4,4,4,3.818253,4.0,4,0.0,0.313036,0.0
validation,197.6,198.6,4,near_center,5,5,5,4,5.152079,5.0,5,0.0,0.185194,1.0
validation,197.6,198.6,5,near_right,1,1,1,1,1.06517,1.0,1,0.0,0.25462,0.0
validation,197.8,198.8,0,far_left,3,3,3,3,3.05347,3.05347,3,1.0,0.184759,0.05347
validation,197.8,198.8,1,far_center,2,2,2,3,2.008846,2.0,2,0.0,0.312019,1.0
validation,197.8,198.8,2,far_right,0,0,0,1,0.005763,0.0,0,0.0,0.079398,1.0
validation,197.8,198.8,3,near_left,3,3,3,4,3.261542,3.0,3,0.0,0.283836,1.0
validation,197.8,198.8,4,near_center,5,5,5,4,5.04474,5.0,5,0.0,0.179363,1.0
validation,197.8,198.8,5,near_right,1,1,1,1,1.072124,1.0,1,0.0,0.258401,0.0
validation,198.0,199.0,0,far_left,3,3,3,3,3.05401,3.05401,3,1.0,0.183303,0.05401
validation,198.0,199.0,1,far_center,2,3,3,2,2.770335,3.0,3,0.0,0.315825,1.0
validation,198.0,199.0,2,far_right,0,0,0,2,0.006919,0.0,0,0.0,0.079866,2.0
validation,198.0,199.0,3,near_left,3,3,3,4,3.299151,3.0,3,0.0,0.262814,1.0
validation,198.0,199.0,4,near_center,7,6,6,5,5.537397,6.0,6,0.0,0.413776,1.0
validation,198.0,199.0,5,near_right,1,1,1,1,1.12708,1.0,1,0.0,0.252942,0.0
validation,198.2,199.2,0,far_left,3,3,3,3,3.051163,3.051163,3,1.0,0.191196,0.051163
validation,198.2,199.2,1,far_center,2,2,2,2,2.013547,2.0,2,0.0,0.315755,0.0
validation,198.2,199.2,2,far_right,0,0,0,2,0.00168,0.0,0,0.0,0.083181,2.0
validation,198.2,199.2,3,near_left,3,3,3,4,3.171865,3.0,3,0.0,0.22251,1.0
validation,198.2,199.2,4,near_center,5,5,5,4,5.204033,5.0,5,0.0,0.309166,1.0
validation,198.2,199.2,5,near_right,1,1,1,2,1.074822,1.0,1,0.0,0.247568,1.0
validation,198.4,199.4,0,far_left,3,3,3,3,3.052238,3.052238,3,1.0,0.190563,0.052238
validation,198.4,199.4,1,far_center,3,3,2,2,2.878787,3.0,3,0.0,0.343792,1.0
validation,198.4,199.4,2,far_right,1,1,1,2,1.009645,1.0,1,0.0,0.085026,1.0
validation,198.4,199.4,3,near_left,3,3,3,4,3.150346,3.0,3,0.0,0.210417,1.0
validation,198.4,199.4,4,near_center,5,4,5,5,4.554858,4.0,4,0.0,0.334418,1.0
validation,198.4,199.4,5,near_right,1,2,2,2,1.832315,2.0,2,0.0,0.227865,0.0
validation,198.6,199.6,0,far_left,3,3,3,3,3.045797,3.045797,3,1.0,0.18696,0.045797
validation,198.6,199.6,1,far_center,3,2,2,1,2.33859,2.0,2,0.0,0.33362,1.0
validation,198.6,199.6,2,far_right,1,1,1,2,1.030613,1.0,1,0.0,0.099787,1.0
validation,198.6,199.6,3,near_left,4,4,4,4,4.041865,4.0,4,0.0,0.213268,0.0
validation,198.6,199.6,4,near_center,4,3,3,6,3.588777,3.0,3,0.0,0.348724,3.0
validation,198.6,199.6,5,near_right,1,3,3,2,2.634151,3.0,3,0.0,0.206375,1.0
validation,198.8,199.8,0,far_left,3,3,3,3,2.914554,2.914554,3,1.0,0.210548,0.085446
validation,198.8,199.8,1,far_center,3,2,2,3,2.38878,2.0,2,0.0,0.328695,1.0
validation,198.8,199.8,2,far_right,1,1,1,2,1.037045,1.0,1,0.0,0.118859,1.0
validation,198.8,199.8,3,near_left,4,4,4,4,4.121396,4.0,4,0.0,0.202615,0.0
validation,198.8,199.8,4,near_center,4,3,3,4,3.465849,3.0,3,0.0,0.348394,1.0
validation,198.8,199.8,5,near_right,1,3,3,2,2.660624,3.0,3,0.0,0.192523,1.0
validation,199.0,200.0,0,far_left,3,3,3,3,3.044169,3.044169,3,1.0,0.185598,0.044169
validation,199.0,200.0,1,far_center,2,1,1,1,1.384791,1.0,1,0.0,0.326659,0.0
validation,199.0,200.0,2,far_right,2,3,3,3,2.884578,3.0,3,0.0,0.120498,0.0
validation,199.0,200.0,3,near_left,4,4,4,4,4.109183,4.0,4,0.0,0.197233,0.0
validation,199.0,200.0,4,near_center,5,3,3,5,3.729639,3.0,3,0.0,0.341583,2.0
validation,199.0,200.0,5,near_right,1,3,3,2,2.680556,3.0,3,0.0,0.187014,1.0
validation,199.2,200.2,0,far_left,3,3,3,3,2.913018,2.913018,3,1.0,0.202416,0.086982
validation,199.2,200.2,1,far_center,2,1,1,2,1.377779,1.0,1,0.0,0.315282,1.0
validation,199.2,200.2,2,far_right,2,4,4,3,3.778349,4.0,4,0.0,0.123561,1.0
validation,199.2,200.2,3,near_left,4,4,4,4,4.111245,4.0,4,0.0,0.197469,0.0
validation,199.2,200.2,4,near_center,4,3,3,4,3.385447,3.0,3,0.0,0.322974,1.0
validation,199.2,200.2,5,near_right,2,2,2,2,2.047547,2.0,2,0.0,0.196207,0.0
validation,199.4,200.4,0,far_left,3,3,3,3,3.059099,3.059099,3,1.0,0.18805,0.059099
validation,199.4,200.4,1,far_center,2,1,1,2,1.350603,1.0,1,0.0,0.31303,1.0
validation,199.4,200.4,2,far_right,2,5,5,4,4.640985,5.0,5,0.0,0.130164,1.0
validation,199.4,200.4,3,near_left,4,4,4,4,4.065473,4.0,4,0.0,0.199416,0.0
validation,199.4,200.4,4,near_center,5,3,3,4,3.60692,3.0,3,0.0,0.304857,1.0
validation,199.4,200.4,5,near_right,2,2,2,1,2.05194,2.0,2,0.0,0.200828,1.0
validation,199.6,200.6,0,far_left,3,3,3,3,3.095688,3.095688,3,1.0,0.187314,0.095688
validation,199.6,200.6,1,far_center,1,1,1,2,1.086274,1.0,1,0.0,0.302202,1.0
validation,199.6,200.6,2,far_right,2,3,4,5,2.898463,3.0,3,0.0,0.140578,2.0
validation,199.6,200.6,3,near_left,4,4,4,4,4.031225,4.0,4,0.0,0.216706,0.0
validation,199.6,200.6,4,near_center,6,6,5,5,5.160658,6.0,6,0.0,0.449125,1.0
validation,199.6,200.6,5,near_right,2,1,1,1,1.272902,1.0,1,0.0,0.19663,0.0
validation,199.8,200.8,0,far_left,3,3,3,3,3.072542,3.072542,3,1.0,0.191641,0.072542
validation,199.8,200.8,1,far_center,3,2,1,2,2.285996,2.0,2,0.0,0.315517,0.0
validation,199.8,200.8,2,far_right,2,4,5,5,3.744963,4.0,4,0.0,0.145295,1.0
validation,199.8,200.8,3,near_left,4,4,4,4,4.055058,4.0,4,0.0,0.196774,0.0
validation,199.8,200.8,4,near_center,4,4,4,4,4.021562,4.0,4,0.0,0.319737,0.0
validation,199.8,200.8,5,near_right,2,1,1,2,1.249017,1.0,1,0.0,0.199078,1.0
validation,200.0,201.0,0,far_left,3,3,3,2,3.074886,3.074886,3,1.0,0.18546,1.074886
validation,200.0,201.0,1,far_center,1,1,1,2,1.068257,1.0,1,0.0,0.311721,1.0
validation,200.0,201.0,2,far_right,3,4,4,5,3.880455,4.0,4,0.0,0.149639,1.0
validation,200.0,201.0,3,near_left,4,4,4,4,4.050418,4.0,4,0.0,0.205427,0.0
validation,200.0,201.0,4,near_center,5,5,5,4,4.662008,5.0,5,0.0,0.305531,1.0
validation,200.0,201.0,5,near_right,2,1,1,1,1.270728,1.0,1,0.0,0.204672,0.0
validation,200.2,201.2,0,far_left,3,3,3,2,2.752439,2.752439,3,1.0,0.249503,0.752439
validation,200.2,201.2,1,far_center,2,2,2,2,1.970649,2.0,2,0.0,0.30808,0.0
validation,200.2,201.2,2,far_right,3,4,4,5,3.88418,4.0,4,0.0,0.162783,1.0
validation,200.2,201.2,3,near_left,4,4,4,4,4.094503,4.0,4,0.0,0.205201,0.0
validation,200.2,201.2,4,near_center,4,4,3,4,4.036378,4.0,4,0.0,0.222707,0.0
validation,200.2,201.2,5,near_right,2,1,2,1,1.256997,1.0,1,0.0,0.209781,0.0
validation,200.4,201.4,0,far_left,3,3,3,2,2.704618,2.704618,3,1.0,0.240377,0.704618
validation,200.4,201.4,1,far_center,2,2,2,2,2.028888,2.0,2,0.0,0.301775,0.0
validation,200.4,201.4,2,far_right,4,4,4,5,4.009357,4.0,4,0.0,0.161938,1.0
validation,200.4,201.4,3,near_left,4,4,4,4,4.090187,4.0,4,0.0,0.194054,0.0
validation,200.4,201.4,4,near_center,4,3,3,4,3.267049,3.0,3,0.0,0.196771,1.0
validation,200.4,201.4,5,near_right,1,2,2,1,1.828665,2.0,2,0.0,0.216462,1.0
validation,200.6,201.6,0,far_left,3,3,3,2,3.02283,3.02283,3,1.0,0.144685,1.02283
validation,200.6,201.6,1,far_center,2,2,2,2,2.062674,2.0,2,0.0,0.300278,0.0
validation,200.6,201.6,2,far_right,5,5,5,5,4.887962,5.0,5,0.0,0.212429,0.0
validation,200.6,201.6,3,near_left,4,4,4,5,4.076373,4.0,4,0.0,0.200885,1.0
validation,200.6,201.6,4,near_center,5,4,4,3,4.089515,4.0,4,0.0,0.206351,1.0
validation,200.6,201.6,5,near_right,1,2,2,2,1.869639,2.0,2,0.0,0.214216,0.0
validation,200.8,201.8,0,far_left,3,3,3,2,2.277501,2.277501,2,1.0,0.376235,0.277501
validation,200.8,201.8,1,far_center,2,2,2,2,2.080441,2.0,2,0.0,0.297101,0.0
validation,200.8,201.8,2,far_right,5,5,5,5,5.005708,5.0,5,0.0,0.157558,0.0
validation,200.8,201.8,3,near_left,4,4,4,4,4.097933,4.0,4,0.0,0.190078,0.0
validation,200.8,201.8,4,near_center,4,3,3,3,3.286098,3.0,3,0.0,0.192855,0.0
validation,200.8,201.8,5,near_right,2,3,3,2,2.777577,3.0,3,0.0,0.192027,1.0
validation,201.0,202.0,0,far_left,2,2,2,2,2.112723,2.112723,2,1.0,0.195104,0.112723
validation,201.0,202.0,1,far_center,2,2,2,2,2.000494,2.0,2,0.0,0.296602,0.0
validation,201.0,202.0,2,far_right,5,5,5,5,5.020475,5.0,5,0.0,0.124061,0.0
validation,201.0,202.0,3,near_left,4,4,4,4,4.07051,4.0,4,0.0,0.189142,0.0
validation,201.0,202.0,4,near_center,4,3,3,3,3.23692,3.0,3,0.0,0.19406,0.0
validation,201.0,202.0,5,near_right,1,2,2,2,1.838645,2.0,2,0.0,0.210228,0.0
validation,201.2,202.2,0,far_left,2,2,2,2,2.203921,2.203921,2,1.0,0.175091,0.203921
validation,201.2,202.2,1,far_center,2,2,2,2,1.987827,2.0,2,0.0,0.296893,0.0
validation,201.2,202.2,2,far_right,5,5,5,5,5.015412,5.0,5,0.0,0.117933,0.0
validation,201.2,202.2,3,near_left,4,4,4,4,3.854069,4.0,4,0.0,0.273514,0.0
validation,201.2,202.2,4,near_center,4,3,3,3,3.264176,3.0,3,0.0,0.2008,0.0
validation,201.2,202.2,5,near_right,1,2,2,2,1.833559,2.0,2,0.0,0.206704,0.0
validation,201.4,202.4,0,far_left,2,2,2,2,2.155337,2.155337,2,1.0,0.16733,0.155337
validation,201.4,202.4,1,far_center,2,2,2,3,1.989334,2.0,2,0.0,0.297212,1.0
validation,201.4,202.4,2,far_right,5,5,5,5,5.013151,5.0,5,0.0,0.117735,0.0
validation,201.4,202.4,3,near_left,4,4,4,4,4.094318,4.0,4,0.0,0.256381,0.0
validation,201.4,202.4,4,near_center,4,3,3,3,3.235163,3.0,3,0.0,0.202338,0.0
validation,201.4,202.4,5,near_right,1,2,2,2,1.83144,2.0,2,0.0,0.208638,0.0
validation,201.6,202.6,0,far_left,2,2,2,2,2.13853,2.13853,2,1.0,0.161707,0.13853
validation,201.6,202.6,1,far_center,2,2,2,3,2.016321,2.0,2,0.0,0.296324,1.0
validation,201.6,202.6,2,far_right,5,5,5,5,4.992322,5.0,5,0.0,0.12609,0.0
validation,201.6,202.6,3,near_left,5,5,5,5,4.790875,5.0,5,0.0,0.341504,0.0
validation,201.6,202.6,4,near_center,3,3,3,3,3.042401,3.0,3,0.0,0.192937,0.0
validation,201.6,202.6,5,near_right,2,2,2,2,2.041463,2.0,2,0.0,0.21623,0.0
validation,201.8,202.8,0,far_left,2,3,2,2,2.938354,2.938354,3,1.0,0.15602,0.938354
validation,201.8,202.8,1,far_center,2,2,2,3,2.013772,2.0,2,0.0,0.297871,1.0
validation,201.8,202.8,2,far_right,5,5,5,5,5.005078,5.0,5,0.0,0.120229,0.0
validation,201.8,202.8,3,near_left,4,3,4,5,3.560145,3.0,3,0.0,0.314377,2.0
validation,201.8,202.8,4,near_center,3,3,3,3,3.020204,3.0,3,0.0,0.190474,0.0
validation,201.8,202.8,5,near_right,2,2,2,2,2.039123,2.0,2,0.0,0.224317,0.0
validation,202.0,203.0,0,far_left,2,3,3,3,2.921353,2.921353,3,1.0,0.155785,0.078647
validation,202.0,203.0,1,far_center,2,2,2,2,2.011281,2.0,2,0.0,0.297624,0.0
validation,202.0,203.0,2,far_right,5,5,5,5,5.013676,5.0,5,0.0,0.115862,0.0
validation,202.0,203.0,3,near_left,4,3,3,3,3.514424,3.0,3,0.0,0.302766,0.0
validation,202.0,203.0,4,near_center,3,3,3,5,3.012039,3.0,3,0.0,0.191527,2.0
validation,202.0,203.0,5,near_right,2,2,2,2,2.037176,2.0,2,0.0,0.224496,0.0
validation,202.2,203.2,0,far_left,2,3,3,3,2.908342,2.908342,3,1.0,0.152885,0.091658
validation,202.2,203.2,1,far_center,2,1,1,2,1.330036,1.0,1,0.0,0.300668,1.0
validation,202.2,203.2,2,far_right,5,5,5,5,5.01579,5.0,5,0.0,0.118483,0.0
validation,202.2,203.2,3,near_left,4,3,3,3,3.493295,3.0,3,0.0,0.293724,0.0
validation,202.2,203.2,4,near_center,3,4,4,4,3.81817,4.0,4,0.0,0.18822,0.0
validation,202.2,203.2,5,near_right,2,2,2,2,2.037031,2.0,2,0.0,0.223939,0.0
validation,202.4,203.4,0,far_left,2,3,3,3,2.904159,2.904159,3,1.0,0.145027,0.095841
validation,202.4,203.4,1,far_center,3,2,2,2,2.281385,2.0,2,0.0,0.307891,0.0
validation,202.4,203.4,2,far_right,5,5,5,5,5.01337,5.0,5,0.0,0.120694,0.0
validation,202.4,203.4,3,near_left,4,3,3,4,3.486427,3.0,3,0.0,0.29072,1.0
validation,202.4,203.4,4,near_center,3,4,4,6,3.827273,4.0,4,0.0,0.188926,2.0
validation,202.4,203.4,5,near_right,2,2,2,1,2.039631,2.0,2,0.0,0.221183,1.0
validation,202.6,203.6,0,far_left,2,3,3,3,2.913825,2.913825,3,1.0,0.138611,0.086175
validation,202.6,203.6,1,far_center,3,2,2,2,2.313214,2.0,2,0.0,0.305493,0.0
validation,202.6,203.6,2,far_right,5,5,5,5,5.023984,5.0,5,0.0,0.120252,0.0
validation,202.6,203.6,3,near_left,5,4,4,4,4.343914,4.0,4,0.0,0.34304,0.0
validation,202.6,203.6,4,near_center,3,4,5,5,3.835958,4.0,4,0.0,0.190988,1.0
validation,202.6,203.6,5,near_right,2,2,1,2,2.030135,2.0,2,0.0,0.218924,0.0
validation,202.8,203.8,0,far_left,2,3,3,3,2.898577,2.898577,3,1.0,0.145706,0.101423
validation,202.8,203.8,1,far_center,3,2,2,2,2.319818,2.0,2,0.0,0.305908,0.0
validation,202.8,203.8,2,far_right,5,5,5,5,5.021523,5.0,5,0.0,0.121643,0.0
validation,202.8,203.8,3,near_left,5,4,4,3,4.468964,4.0,4,0.0,0.294392,1.0
validation,202.8,203.8,4,near_center,3,5,5,5,4.628898,5.0,5,0.0,0.193281,0.0
validation,202.8,203.8,5,near_right,2,1,1,1,1.2456,1.0,1,0.0,0.211263,0.0
validation,203.0,204.0,0,far_left,3,3,3,4,3.042504,3.042504,3,1.0,0.152161,0.957496
validation,203.0,204.0,1,far_center,2,3,3,2,2.708762,3.0,3,0.0,0.305268,1.0
validation,203.0,204.0,2,far_right,5,5,5,5,5.034268,5.0,5,0.0,0.124298,0.0
validation,203.0,204.0,3,near_left,3,3,3,3,3.208559,3.0,3,0.0,0.240647,0.0
validation,203.0,204.0,4,near_center,5,4,4,6,4.1536,4.0,4,0.0,0.216057,2.0
validation,203.0,204.0,5,near_right,2,2,2,1,2.036949,2.0,2,0.0,0.196495,1.0
validation,203.2,204.2,0,far_left,3,3,3,4,3.047146,3.047146,3,1.0,0.168558,0.952854
validation,203.2,204.2,1,far_center,2,3,3,2,2.699207,3.0,3,0.0,0.301883,1.0
validation,203.2,204.2,2,far_right,5,5,5,5,5.008578,5.0,5,0.0,0.127741,0.0
validation,203.2,204.2,3,near_left,3,3,3,3,3.121441,3.0,3,0.0,0.210006,0.0
validation,203.2,204.2,4,near_center,4,3,3,5,3.279061,3.0,3,0.0,0.229905,2.0
validation,203.2,204.2,5,near_right,2,2,2,2,2.033163,2.0,2,0.0,0.197034,0.0
validation,203.4,204.4,0,far_left,3,3,3,3,3.071192,3.071192,3,1.0,0.172359,0.071192
validation,203.4,204.4,1,far_center,2,3,3,2,2.754954,3.0,3,0.0,0.3008,1.0
validation,203.4,204.4,2,far_right,5,5,5,5,5.011075,5.0,5,0.0,0.133907,0.0
validation,203.4,204.4,3,near_left,4,4,4,3,4.007333,4.0,4,0.0,0.252733,1.0
validation,203.4,204.4,4,near_center,6,5,5,5,4.71255,5.0,5,0.0,0.423992,0.0
validation,203.4,204.4,5,near_right,1,1,1,1,1.066078,1.0,1,0.0,0.182725,0.0
validation,203.6,204.6,0,far_left,3,3,3,4,3.086176,3.086176,3,1.0,0.17377,0.913824
validation,203.6,204.6,1,far_center,2,3,3,3,2.063681,3.0,3,0.0,0.427465,0.0
validation,203.6,204.6,2,far_right,5,5,5,5,5.012048,5.0,5,0.0,0.13601,0.0
validation,203.6,204.6,3,near_left,4,4,4,3,3.820013,4.0,4,0.0,0.28327,1.0
validation,203.6,204.6,4,near_center,5,4,4,5,4.416425,4.0,4,0.0,0.293014,1.0
validation,203.6,204.6,5,near_right,2,2,2,1,1.960052,2.0,2,0.0,0.186121,1.0
validation,203.8,204.8,0,far_left,3,3,3,4,3.056989,3.056989,3,1.0,0.183067,0.943011
validation,203.8,204.8,1,far_center,2,3,3,3,2.590266,3.0,3,0.0,0.325502,0.0
validation,203.8,204.8,2,far_right,5,5,5,4,5.002594,5.0,5,0.0,0.113206,1.0
validation,203.8,204.8,3,near_left,3,3,3,3,3.123706,3.0,3,0.0,0.20499,0.0
validation,203.8,204.8,4,near_center,5,4,4,4,4.287902,4.0,4,0.0,0.257085,0.0
validation,203.8,204.8,5,near_right,1,1,1,1,1.04301,1.0,1,0.0,0.177748,0.0
validation,204.0,205.0,0,far_left,4,4,4,4,3.988722,3.988722,4,1.0,0.183452,0.011278
validation,204.0,205.0,1,far_center,2,3,3,3,2.783049,3.0,3,0.0,0.290952,0.0
validation,204.0,205.0,2,far_right,5,5,5,5,5.007507,5.0,5,0.0,0.104298,0.0
validation,204.0,205.0,3,near_left,3,3,3,3,3.089002,3.0,3,0.0,0.162094,0.0
validation,204.0,205.0,4,near_center,6,5,5,4,4.843431,5.0,5,0.0,0.350453,1.0
validation,204.0,205.0,5,near_right,1,1,1,0,1.057034,1.0,1,0.0,0.168435,1.0
validation,204.2,205.2,0,far_left,4,4,4,4,3.798642,3.798642,4,1.0,0.242821,0.201358
validation,204.2,205.2,1,far_center,2,2,2,3,2.093113,2.0,2,0.0,0.274647,1.0
validation,204.2,205.2,2,far_right,5,5,5,4,5.008989,5.0,5,0.0,0.102528,1.0
validation,204.2,205.2,3,near_left,3,3,3,3,3.074113,3.0,3,0.0,0.149591,0.0
validation,204.2,205.2,4,near_center,5,5,5,3,5.007595,5.0,5,0.0,0.258906,2.0
validation,204.2,205.2,5,near_right,2,2,2,0,1.943833,2.0,2,0.0,0.17687,2.0
validation,204.4,205.4,0,far_left,3,3,3,4,3.046072,3.046072,3,1.0,0.194416,0.953928
validation,204.4,205.4,1,far_center,2,2,2,3,2.052915,2.0,2,0.0,0.267981,1.0
validation,204.4,205.4,2,far_right,5,5,5,5,5.011418,5.0,5,0.0,0.096753,0.0
validation,204.4,205.4,3,near_left,3,3,3,3,3.063321,3.0,3,0.0,0.143584,0.0
validation,204.4,205.4,4,near_center,5,5,5,3,4.962111,5.0,5,0.0,0.216698,2.0
validation,204.4,205.4,5,near_right,1,1,1,1,1.035276,1.0,1,0.0,0.157236,0.0
validation,204.6,205.6,0,far_left,4,4,4,4,3.848462,3.848462,4,1.0,0.215929,0.151538
validation,204.6,205.6,1,far_center,3,3,4,3,3.101913,3.0,3,0.0,0.27986,0.0
validation,204.6,205.6,2,far_right,5,5,5,4,4.966604,5.0,5,0.0,0.111045,1.0
validation,204.6,205.6,3,near_left,3,3,3,3,3.098804,3.0,3,0.0,0.143159,0.0
validation,204.6,205.6,4,near_center,5,5,4,5,4.583903,5.0,5,0.0,0.283891,0.0
validation,204.6,205.6,5,near_right,1,1,1,1,1.04988,1.0,1,0.0,0.15361,0.0
validation,204.8,205.8,0,far_left,4,4,4,3,3.984877,3.984877,4,1.0,0.182904,0.984877
validation,204.8,205.8,1,far_center,3,3,3,3,3.048122,3.0,3,0.0,0.27022,0.0
validation,204.8,205.8,2,far_right,4,4,4,4,4.066998,4.0,4,0.0,0.075864,0.0
validation,204.8,205.8,3,near_left,3,3,3,4,3.077184,3.0,3,0.0,0.144769,1.0
validation,204.8,205.8,4,near_center,4,5,5,5,4.867674,5.0,5,0.0,0.186629,0.0
validation,204.8,205.8,5,near_right,1,0,0,1,0.0,0.0,0,0.0,0.44804,1.0
validation,205.0,206.0,0,far_left,4,4,3,3,4.013031,4.013031,4,1.0,0.170832,1.013031
validation,205.0,206.0,1,far_center,3,3,3,4,3.130488,3.0,3,0.0,0.271136,1.0
validation,205.0,206.0,2,far_right,5,5,5,6,4.860727,5.0,5,0.0,0.139013,1.0
validation,205.0,206.0,3,near_left,3,3,4,4,3.071762,3.0,3,0.0,0.142252,1.0
validation,205.0,206.0,4,near_center,4,4,4,6,3.846948,4.0,4,0.0,0.180433,2.0
validation,205.0,206.0,5,near_right,0,0,0,1,0.007308,0.0,0,0.0,0.252138,1.0
validation,205.2,206.2,0,far_left,4,3,3,3,3.251886,3.251886,3,1.0,0.19479,0.251886
validation,205.2,206.2,1,far_center,3,3,2,4,3.016733,3.0,3,0.0,0.272247,1.0
validation,205.2,206.2,2,far_right,4,4,5,6,4.058393,4.0,4,0.0,0.12155,2.0
validation,205.2,206.2,3,near_left,3,4,4,4,3.907117,4.0,4,0.0,0.141752,0.0
validation,205.2,206.2,4,near_center,3,3,3,5,3.098999,3.0,3,0.0,0.15529,2.0
validation,205.2,206.2,5,near_right,0,0,0,1,0.0,0.0,0,0.0,0.144332,1.0
validation,205.4,206.4,0,far_left,4,3,3,2,3.183982,3.183982,3,1.0,0.209205,1.183982
validation,205.4,206.4,1,far_center,3,3,3,4,3.090538,3.0,3,0.0,0.272578,1.0
validation,205.4,206.4,2,far_right,5,5,5,4,4.73227,5.0,5,0.0,0.208693,1.0
validation,205.4,206.4,3,near_left,3,4,4,6,3.911175,4.0,4,0.0,0.143517,2.0
validation,205.4,206.4,4,near_center,3,3,3,4,3.096246,3.0,3,0.0,0.176915,1.0
validation,205.4,206.4,5,near_right,1,1,1,1,0.982298,1.0,1,0.0,0.15396,0.0
validation,205.6,206.6,0,far_left,4,3,3,2,3.295528,3.295528,3,1.0,0.232716,1.295528
validation,205.6,206.6,1,far_center,3,2,2,4,2.21457,2.0,2,0.0,0.328121,2.0
validation,205.6,206.6,2,far_right,4,5,5,5,4.969532,5.0,5,0.0,0.104662,0.0
validation,205.6,206.6,3,near_left,3,4,4,6,3.937201,4.0,4,0.0,0.136322,2.0
validation,205.6,206.6,4,near_center,5,5,5,4,4.456963,5.0,5,0.0,0.328296,1.0
validation,205.6,206.6,5,near_right,1,1,1,1,1.026442,1.0,1,0.0,0.112437,0.0
validation,205.8,206.8,0,far_left,3,3,3,2,3.058372,3.058372,3,1.0,0.219323,1.058372
validation,205.8,206.8,1,far_center,3,2,2,4,2.331046,2.0,2,0.0,0.287367,2.0
validation,205.8,206.8,2,far_right,4,4,4,4,4.075466,4.0,4,0.0,0.094857,0.0
validation,205.8,206.8,3,near_left,4,4,4,5,4.018947,4.0,4,0.0,0.153643,1.0
validation,205.8,206.8,4,near_center,5,5,5,5,4.886864,5.0,5,0.0,0.242779,0.0
validation,205.8,206.8,5,near_right,1,2,2,2,1.921716,2.0,2,0.0,0.093712,0.0
validation,206.0,207.0,0,far_left,3,3,3,2,3.053352,3.053352,3,1.0,0.188131,1.053352
validation,206.0,207.0,1,far_center,4,3,3,3,3.215373,3.0,3,0.0,0.347836,0.0
validation,206.0,207.0,2,far_right,6,5,5,4,5.043262,5.0,5,0.0,0.139356,1.0
validation,206.0,207.0,3,near_left,4,4,6,6,4.040892,4.0,4,0.0,0.182904,2.0
validation,206.0,207.0,4,near_center,6,6,4,4,5.632339,6.0,6,0.0,0.254922,2.0
validation,206.0,207.0,5,near_right,1,3,3,2,2.881703,3.0,3,0.0,0.088967,1.0
validation,206.2,207.2,0,far_left,3,3,3,2,2.517887,2.517887,3,1.0,0.307288,0.517887
validation,206.2,207.2,1,far_center,4,3,3,4,3.4705,3.0,3,0.0,0.29784,1.0
validation,206.2,207.2,2,far_right,6,6,4,2,5.941549,6.0,6,0.0,0.120005,4.0
validation,206.2,207.2,3,near_left,4,4,7,8,4.070152,4.0,4,0.0,0.202446,4.0
validation,206.2,207.2,4,near_center,5,5,2,3,5.063461,5.0,5,0.0,0.167683,2.0
validation,206.2,207.2,5,near_right,1,2,4,4,1.181594,2.0,2,0.0,0.409203,2.0
validation,206.4,207.4,0,far_left,2,2,2,2,2.076186,2.076186,2,1.0,0.179441,0.076186
validation,206.4,207.4,1,far_center,4,3,3,4,3.332634,3.0,3,0.0,0.295181,1.0
validation,206.4,207.4,2,far_right,4,2,2,1,2.367068,2.0,2,0.0,0.109797,1.0
validation,206.4,207.4,3,near_left,6,7,8,7,5.999025,7.0,7,0.0,0.391032,0.0
validation,206.4,207.4,4,near_center,4,3,2,3,3.294743,3.0,3,0.0,0.156692,0.0
validation,206.4,207.4,5,near_right,1,4,4,4,3.509987,4.0,4,0.0,0.147808,0.0
validation,206.6,207.6,0,far_left,2,2,2,2,2.101308,2.101308,2,1.0,0.155281,0.101308
validation,206.6,207.6,1,far_center,4,4,4,3,3.960863,4.0,4,0.0,0.283914,1.0
validation,206.6,207.6,2,far_right,5,2,1,1,2.514132,2.0,2,0.0,0.128297,1.0
validation,206.6,207.6,3,near_left,6,7,8,5,6.148657,7.0,7,0.0,0.401021,2.0
validation,206.6,207.6,4,near_center,4,3,2,3,3.281846,3.0,3,0.0,0.173169,0.0
validation,206.6,207.6,5,near_right,1,4,5,4,3.744274,4.0,4,0.0,0.08454,0.0
validation,206.8,207.8,0,far_left,2,2,2,2,2.091183,2.091183,2,1.0,0.148173,0.091183
validation,206.8,207.8,1,far_center,4,4,4,3,3.96181,4.0,4,0.0,0.279207,1.0
validation,206.8,207.8,2,far_right,4,1,1,1,1.520947,1.0,1,0.0,0.135636,0.0
validation,206.8,207.8,3,near_left,5,6,8,7,5.668461,6.0,6,0.0,0.322875,1.0
validation,206.8,207.8,4,near_center,5,4,2,3,4.172398,4.0,4,0.0,0.156026,1.0
validation,206.8,207.8,5,near_right,2,5,5,5,4.784359,5.0,5,0.0,0.080357,0.0
validation,207.0,208.0,0,far_left,2,2,2,2,2.074369,2.074369,2,1.0,0.136303,0.074369
validation,207.0,208.0,1,far_center,3,3,3,3,3.052744,3.0,3,0.0,0.284687,0.0
validation,207.0,208.0,2,far_right,4,1,1,1,1.490241,1.0,1,0.0,0.140034,0.0
validation,207.0,208.0,3,near_left,6,6,7,6,5.619805,6.0,6,0.0,0.372521,0.0
validation,207.0,208.0,4,near_center,4,4,3,4,4.034033,4.0,4,0.0,0.148002,0.0
validation,207.0,208.0,5,near_right,2,5,5,5,4.756652,5.0,5,0.0,0.093637,0.0
validation,207.2,208.2,0,far_left,2,2,2,2,2.092801,2.092801,2,1.0,0.118945,0.092801
validation,207.2,208.2,1,far_center,4,4,4,3,3.62906,4.0,4,0.0,0.37692,1.0
validation,207.2,208.2,2,far_right,2,1,1,1,1.200692,1.0,1,0.0,0.121277,0.0
validation,207.2,208.2,3,near_left,8,7,8,6,5.997298,7.0,7,0.0,0.636668,1.0
validation,207.2,208.2,4,near_center,3,4,3,4,3.975164,4.0,4,0.0,0.134148,0.0
validation,207.2,208.2,5,near_right,4,5,5,4,4.744363,5.0,5,0.0,0.165324,1.0
validation,207.4,208.4,0,far_left,2,2,2,2,2.088694,2.088694,2,1.0,0.122904,0.088694
validation,207.4,208.4,1,far_center,4,4,4,4,3.7722,4.0,4,0.0,0.33476,0.0
validation,207.4,208.4,2,far_right,1,1,1,1,1.046036,1.0,1,0.0,0.120544,0.0
validation,207.4,208.4,3,near_left,7,7,7,6,5.686193,7.0,7,0.0,0.611225,1.0
validation,207.4,208.4,4,near_center,3,3,3,4,3.067714,3.0,3,0.0,0.127295,1.0
validation,207.4,208.4,5,near_right,4,4,4,4,4.040818,4.0,4,0.0,0.187278,0.0
validation,207.6,208.6,0,far_left,2,3,3,2,2.924206,2.924206,3,1.0,0.125749,0.924206
validation,207.6,208.6,1,far_center,3,3,3,3,3.032458,3.0,3,0.0,0.307109,0.0
validation,207.6,208.6,2,far_right,1,1,1,1,1.024031,1.0,1,0.0,0.119667,0.0
validation,207.6,208.6,3,near_left,5,4,4,7,5.478741,4.0,4,0.0,0.462705,3.0
validation,207.6,208.6,4,near_center,3,3,3,5,3.018013,3.0,3,0.0,0.131367,2.0
validation,207.6,208.6,5,near_right,4,4,4,4,4.024268,4.0,4,0.0,0.212883,0.0
validation,207.8,208.8,0,far_left,2,3,3,3,2.918842,2.918842,3,1.0,0.124366,0.081158
validation,207.8,208.8,1,far_center,3,3,3,3,3.039113,3.0,3,0.0,0.287809,0.0
validation,207.8,208.8,2,far_right,1,1,1,1,1.038415,1.0,1,0.0,0.118245,0.0
validation,207.8,208.8,3,near_left,7,6,6,6,6.655945,6.0,6,0.0,0.512136,0.0
validation,207.8,208.8,4,near_center,3,3,3,5,3.037323,3.0,3,0.0,0.138008,2.0
validation,207.8,208.8,5,near_right,5,5,5,4,4.801883,5.0,5,0.0,0.271338,1.0
validation,208.0,209.0,0,far_left,2,3,3,3,2.918183,2.918183,3,1.0,0.131342,0.081817
validation,208.0,209.0,1,far_center,3,3,3,3,3.05567,3.0,3,0.0,0.279888,0.0
validation,208.0,209.0,2,far_right,1,1,1,2,1.052649,1.0,1,0.0,0.120103,1.0
validation,208.0,209.0,3,near_left,6,5,5,7,5.77917,5.0,5,0.0,0.44552,2.0
validation,208.0,209.0,4,near_center,4,4,4,5,3.995258,4.0,4,0.0,0.162047,1.0
validation,208.0,209.0,5,near_right,5,5,5,4,4.429224,5.0,5,0.0,0.3689,1.0
validation,208.2,209.2,0,far_left,2,3,3,3,2.918281,2.918281,3,1.0,0.127242,0.081719
validation,208.2,209.2,1,far_center,3,3,3,5,3.021323,3.0,3,0.0,0.273299,2.0
validation,208.2,209.2,2,far_right,1,1,1,2,1.030251,1.0,1,0.0,0.127263,1.0
validation,208.2,209.2,3,near_left,6,5,5,7,5.611394,5.0,5,0.0,0.428635,2.0
validation,208.2,209.2,4,near_center,4,4,4,5,4.012375,4.0,4,0.0,0.154601,1.0
validation,208.2,209.2,5,near_right,4,4,4,4,3.995107,4.0,4,0.0,0.270584,0.0
validation,208.4,209.4,0,far_left,2,3,3,3,2.933407,2.933407,3,1.0,0.126783,0.066593
validation,208.4,209.4,1,far_center,4,4,4,5,3.628469,4.0,4,0.0,0.364751,1.0
validation,208.4,209.4,2,far_right,1,1,1,2,1.044453,1.0,1,0.0,0.128544,1.0
validation,208.4,209.4,3,near_left,6,5,5,5,5.51549,5.0,5,0.0,0.410418,0.0
validation,208.4,209.4,4,near_center,4,4,4,5,4.001565,4.0,4,0.0,0.170149,1.0
validation,208.4,209.4,5,near_right,4,4,4,5,4.029479,4.0,4,0.0,0.251418,1.0
validation,208.6,209.6,0,far_left,2,3,3,3,2.933151,2.933151,3,1.0,0.128153,0.066849
validation,208.6,209.6,1,far_center,3,3,3,5,3.069645,3.0,3,0.0,0.308425,2.0
validation,208.6,209.6,2,far_right,1,1,1,2,1.030119,1.0,1,0.0,0.133558,1.0
validation,208.6,209.6,3,near_left,7,6,7,6,5.824987,6.0,6,0.0,0.507646,0.0
validation,208.6,209.6,4,near_center,5,5,4,5,4.858839,5.0,5,0.0,0.214978,0.0
validation,208.6,209.6,5,near_right,4,4,4,5,4.037574,4.0,4,0.0,0.234497,1.0
validation,208.8,209.8,0,far_left,3,3,3,3,3.050118,3.050118,3,1.0,0.123535,0.050118
validation,208.8,209.8,1,far_center,3,3,3,5,3.041627,3.0,3,0.0,0.278663,2.0
validation,208.8,209.8,2,far_right,1,1,1,2,1.027515,1.0,1,0.0,0.136063,1.0
validation,208.8,209.8,3,near_left,6,6,7,5,5.268247,6.0,6,0.0,0.476256,1.0
validation,208.8,209.8,4,near_center,5,5,4,5,4.977245,5.0,5,0.0,0.184526,0.0
validation,208.8,209.8,5,near_right,4,4,4,4,4.023911,4.0,4,0.0,0.234721,0.0
validation,209.0,210.0,0,far_left,3,3,3,3,3.066744,3.066744,3,1.0,0.122342,0.066744
validation,209.0,210.0,1,far_center,3,3,3,4,3.046138,3.0,3,0.0,0.279714,1.0
validation,209.0,210.0,2,far_right,2,2,2,2,1.982033,2.0,2,0.0,0.144275,0.0
validation,209.0,210.0,3,near_left,7,8,7,6,5.773169,8.0,8,0.0,0.625523,2.0
validation,209.0,210.0,4,near_center,5,4,5,5,4.202724,4.0,4,0.0,0.152358,1.0
validation,209.0,210.0,5,near_right,4,4,4,4,4.021229,4.0,4,0.0,0.237733,0.0
validation,209.2,210.2,0,far_left,3,3,3,2,3.092016,3.092016,3,1.0,0.117964,1.092016
validation,209.2,210.2,1,far_center,5,5,5,3,3.80765,5.0,5,0.0,0.523151,2.0
validation,209.2,210.2,2,far_right,2,2,2,3,2.035298,2.0,2,0.0,0.127217,1.0
validation,209.2,210.2,3,near_left,7,8,7,3,5.261595,8.0,8,0.0,0.693049,5.0
validation,209.2,210.2,4,near_center,5,4,5,5,4.244316,4.0,4,0.0,0.142489,1.0
validation,209.2,210.2,5,near_right,4,4,4,4,4.023123,4.0,4,0.0,0.243687,0.0
validation,209.4,210.4,0,far_left,3,3,3,2,3.046741,3.046741,3,1.0,0.113365,1.046741
validation,209.4,210.4,1,far_center,5,5,5,3,4.468238,5.0,5,0.0,0.41837,2.0
validation,209.4,210.4,2,far_right,2,2,2,3,2.05671,2.0,2,0.0,0.113509,1.0
validation,209.4,210.4,3,near_left,5,5,5,5,5.657783,5.0,5,0.0,0.469765,0.0
validation,209.4,210.4,4,near_center,5,5,5,5,4.952802,5.0,5,0.0,0.170449,0.0
validation,209.4,210.4,5,near_right,5,5,5,4,4.529987,5.0,5,0.0,0.374938,1.0
validation,209.6,210.6,0,far_left,3,3,3,3,3.045985,3.045985,3,1.0,0.116298,0.045985
validation,209.6,210.6,1,far_center,5,5,5,4,4.735277,5.0,5,0.0,0.351968,1.0
validation,209.6,210.6,2,far_right,2,2,2,3,2.063329,2.0,2,0.0,0.106809,1.0
validation,209.6,210.6,3,near_left,6,6,6,6,6.014012,6.0,6,0.0,0.500628,0.0
validation,209.6,210.6,4,near_center,5,5,5,5,5.040621,5.0,5,0.0,0.13963,0.0
validation,209.6,210.6,5,near_right,5,5,5,4,4.082891,5.0,5,0.0,0.450655,1.0
validation,209.8,210.8,0,far_left,3,3,3,3,3.035758,3.035758,3,1.0,0.122054,0.035758
validation,209.8,210.8,1,far_center,5,5,5,4,4.80208,5.0,5,0.0,0.31478,1.0
validation,209.8,210.8,2,far_right,2,2,2,3,2.040062,2.0,2,0.0,0.111551,1.0
validation,209.8,210.8,3,near_left,5,5,5,4,5.595669,5.0,5,0.0,0.409876,1.0
validation,209.8,210.8,4,near_center,5,5,5,5,5.016069,5.0,5,0.0,0.112524,0.0
validation,209.8,210.8,5,near_right,4,4,4,4,3.921998,4.0,4,0.0,0.277947,0.0
validation,210.0,211.0,0,far_left,3,3,3,3,3.025887,3.025887,3,1.0,0.112888,0.025887
validation,210.0,211.0,1,far_center,4,3,3,3,3.448366,3.0,3,0.0,0.286777,0.0
validation,210.0,211.0,2,far_right,2,3,3,3,2.902608,3.0,3,0.0,0.113405,0.0
validation,210.0,211.0,3,near_left,6,6,6,4,5.516972,6.0,6,0.0,0.490348,2.0
validation,210.0,211.0,4,near_center,5,5,5,5,5.02046,5.0,5,0.0,0.101898,0.0
validation,210.0,211.0,5,near_right,4,4,4,3,3.968597,4.0,4,0.0,0.226297,1.0
validation,210.2,211.2,0,far_left,2,2,2,3,2.045056,2.045056,2,1.0,0.122382,0.954944
validation,210.2,211.2,1,far_center,3,3,3,3,3.0951,3.0,3,0.0,0.253116,0.0
validation,210.2,211.2,2,far_right,3,3,3,3,3.012868,3.0,3,0.0,0.119224,0.0
validation,210.2,211.2,3,near_left,3,3,3,5,3.732644,3.0,3,0.0,0.385594,2.0
validation,210.2,211.2,4,near_center,5,5,5,5,5.017009,5.0,5,0.0,0.09994,0.0
validation,210.2,211.2,5,near_right,4,4,4,3,3.965715,4.0,4,0.0,0.195367,1.0
validation,210.4,211.4,0,far_left,2,2,2,3,2.039644,2.039644,2,1.0,0.127155,0.960356
validation,210.4,211.4,1,far_center,3,3,3,3,3.049362,3.0,3,0.0,0.238256,0.0
validation,210.4,211.4,2,far_right,3,2,2,3,2.171898,2.0,2,0.0,0.135895,1.0
validation,210.4,211.4,3,near_left,5,5,5,5,4.949405,5.0,5,0.0,0.439122,0.0
validation,210.4,211.4,4,near_center,5,5,5,5,4.996755,5.0,5,0.0,0.119933,0.0
validation,210.4,211.4,5,near_right,4,5,5,4,4.819433,5.0,5,0.0,0.179681,1.0
validation,210.6,211.6,0,far_left,3,3,3,3,3.040768,3.040768,3,1.0,0.13888,0.040768
validation,210.6,211.6,1,far_center,4,4,4,3,3.553791,4.0,4,0.0,0.344788,1.0
validation,210.6,211.6,2,far_right,3,2,2,2,2.205915,2.0,2,0.0,0.14684,0.0
validation,210.6,211.6,3,near_left,6,6,6,5,5.132738,6.0,6,0.0,0.536426,1.0
validation,210.6,211.6,4,near_center,5,4,4,5,4.206982,4.0,4,0.0,0.12889,1.0
validation,210.6,211.6,5,near_right,4,6,6,6,5.665679,6.0,6,0.0,0.170152,0.0
validation,210.8,211.8,0,far_left,3,3,3,3,3.039361,3.039361,3,1.0,0.14314,0.039361
validation,210.8,211.8,1,far_center,4,4,4,3,3.863675,4.0,4,0.0,0.27288,1.0
validation,210.8,211.8,2,far_right,3,1,1,1,1.38948,1.0,1,0.0,0.166621,0.0
validation,210.8,211.8,3,near_left,4,4,4,5,4.563991,4.0,4,0.0,0.364945,1.0
validation,210.8,211.8,4,near_center,5,4,4,5,4.191339,4.0,4,0.0,0.153272,1.0
validation,210.8,211.8,5,near_right,4,7,7,6,6.49659,7.0,7,0.0,0.169764,1.0
validation,211.0,212.0,0,far_left,3,3,3,3,3.026405,3.026405,3,1.0,0.150128,0.026405
validation,211.0,212.0,1,far_center,3,3,3,3,3.084335,3.0,3,0.0,0.246921,0.0
validation,211.0,212.0,2,far_right,3,1,1,1,1.390042,1.0,1,0.0,0.178328,0.0
validation,211.0,212.0,3,near_left,4,4,4,5,4.254911,4.0,4,0.0,0.256603,1.0
validation,211.0,212.0,4,near_center,5,4,4,5,4.188334,4.0,4,0.0,0.179267,1.0
validation,211.0,212.0,5,near_right,3,6,6,6,5.512189,6.0,6,0.0,0.176578,0.0
validation,211.2,212.2,0,far_left,3,3,3,3,3.033949,3.033949,3,1.0,0.149679,0.033949
validation,211.2,212.2,1,far_center,3,3,3,4,3.083176,3.0,3,0.0,0.224762,1.0
validation,211.2,212.2,2,far_right,3,1,1,1,1.40024,1.0,1,0.0,0.182779,0.0
validation,211.2,212.2,3,near_left,5,5,5,5,4.919269,5.0,5,0.0,0.307271,0.0
validation,211.2,212.2,4,near_center,5,5,5,5,4.969832,5.0,5,0.0,0.193627,0.0
validation,211.2,212.2,5,near_right,3,5,5,6,4.674718,5.0,5,0.0,0.181725,1.0
validation,211.4,212.4,0,far_left,3,3,3,3,3.046208,3.046208,3,1.0,0.151181,0.046208
validation,211.4,212.4,1,far_center,3,3,3,4,3.071567,3.0,3,0.0,0.212543,1.0
validation,211.4,212.4,2,far_right,3,1,1,1,1.416086,1.0,1,0.0,0.181552,0.0
validation,211.4,212.4,3,near_left,5,5,5,5,4.608335,5.0,5,0.0,0.357182,0.0
validation,211.4,212.4,4,near_center,5,5,5,5,4.996575,5.0,5,0.0,0.202232,0.0
validation,211.4,212.4,5,near_right,4,6,6,6,5.50563,6.0,6,0.0,0.207906,0.0
validation,211.6,212.6,0,far_left,3,3,3,3,3.048025,3.048025,3,1.0,0.152873,0.048025
validation,211.6,212.6,1,far_center,3,3,3,5,3.068957,3.0,3,0.0,0.217378,2.0
validation,211.6,212.6,2,far_right,2,1,1,1,1.244251,1.0,1,0.0,0.169537,0.0
validation,211.6,212.6,3,near_left,5,5,5,5,4.818161,5.0,5,0.0,0.301781,0.0
validation,211.6,212.6,4,near_center,5,5,5,5,5.016647,5.0,5,0.0,0.200521,0.0
validation,211.6,212.6,5,near_right,6,7,7,6,5.45148,7.0,7,0.0,0.499469,1.0
validation,211.8,212.8,0,far_left,3,3,3,3,3.062899,3.062899,3,1.0,0.150897,0.062899
validation,211.8,212.8,1,far_center,3,3,3,3,2.985427,3.0,3,0.0,0.253267,0.0
validation,211.8,212.8,2,far_right,1,1,1,1,1.051023,1.0,1,0.0,0.158342,0.0
validation,211.8,212.8,3,near_left,5,5,5,5,4.861266,5.0,5,0.0,0.27498,0.0
validation,211.8,212.8,4,near_center,5,5,5,5,5.008275,5.0,5,0.0,0.163881,0.0
validation,211.8,212.8,5,near_right,6,6,6,6,5.845612,6.0,6,0.0,0.305051,0.0
validation,212.0,213.0,0,far_left,3,3,3,3,3.056163,3.056163,3,1.0,0.147437,0.056163
validation,212.0,213.0,1,far_center,3,3,3,3,2.991918,3.0,3,0.0,0.258949,0.0
validation,212.0,213.0,2,far_right,1,1,1,1,1.043871,1.0,1,0.0,0.153322,0.0
validation,212.0,213.0,3,near_left,5,5,5,5,4.902668,5.0,5,0.0,0.266367,0.0
validation,212.0,213.0,4,near_center,5,5,5,5,5.007133,5.0,5,0.0,0.150721,0.0
validation,212.0,213.0,5,near_right,6,6,6,6,5.9318,6.0,6,0.0,0.246055,0.0
validation,212.2,213.2,0,far_left,3,3,3,3,3.076369,3.076369,3,1.0,0.143149,0.076369
validation,212.2,213.2,1,far_center,4,4,4,4,3.42919,4.0,4,0.0,0.375881,0.0
validation,212.2,213.2,2,far_right,1,1,1,1,1.062399,1.0,1,0.0,0.147719,0.0
validation,212.2,213.2,3,near_left,5,5,5,5,4.826727,5.0,5,0.0,0.285794,0.0
validation,212.2,213.2,4,near_center,5,5,5,5,5.02907,5.0,5,0.0,0.15219,0.0
validation,212.2,213.2,5,near_right,6,6,6,6,5.968534,6.0,6,0.0,0.227073,0.0
validation,212.4,213.4,0,far_left,3,3,3,3,3.06923,3.06923,3,1.0,0.146836,0.06923
validation,212.4,213.4,1,far_center,4,4,4,4,3.822695,4.0,4,0.0,0.297145,0.0
validation,212.4,213.4,2,far_right,1,1,1,1,1.049829,1.0,1,0.0,0.147378,0.0
validation,212.4,213.4,3,near_left,5,5,5,4,4.753751,5.0,5,0.0,0.30569,1.0
validation,212.4,213.4,4,near_center,5,5,5,6,5.015454,5.0,5,0.0,0.14559,1.0
validation,212.4,213.4,5,near_right,6,6,6,6,5.969403,6.0,6,0.0,0.217598,0.0
validation,212.6,213.6,0,far_left,3,4,3,2,3.790578,3.790578,4,1.0,0.159946,1.790578
validation,212.6,213.6,1,far_center,5,4,5,4,3.944512,4.0,4,0.0,0.336421,0.0
validation,212.6,213.6,2,far_right,1,0,0,0,0.20924,0.0,0,0.0,0.150913,0.0
validation,212.6,213.6,3,near_left,5,4,5,4,4.31931,4.0,4,0.0,0.280224,0.0
validation,212.6,213.6,4,near_center,5,6,5,6,5.896522,6.0,6,0.0,0.129194,0.0
validation,212.6,213.6,5,near_right,6,7,7,6,6.779401,7.0,7,0.0,0.211038,1.0
validation,212.8,213.8,0,far_left,3,4,4,4,3.925607,3.925607,4,1.0,0.115629,0.074393
validation,212.8,213.8,1,far_center,3,2,2,3,2.43576,2.0,2,0.0,0.275634,1.0
validation,212.8,213.8,2,far_right,1,0,0,0,0.194056,0.0,0,0.0,0.157667,0.0
validation,212.8,213.8,3,near_left,5,4,4,3,4.26611,4.0,4,0.0,0.260344,1.0
validation,212.8,213.8,4,near_center,5,6,6,6,5.901477,6.0,6,0.0,0.111534,0.0
validation,212.8,213.8,5,near_right,6,7,7,8,6.751697,7.0,7,0.0,0.215319,1.0
validation,213.0,214.0,0,far_left,3,4,4,4,3.71318,3.71318,4,1.0,0.145301,0.28682
validation,213.0,214.0,1,far_center,3,2,2,3,2.448733,2.0,2,0.0,0.254645,1.0
validation,213.0,214.0,2,far_right,1,0,0,0,0.184568,0.0,0,0.0,0.154427,0.0
validation,213.0,214.0,3,near_left,5,4,4,4,4.322685,4.0,4,0.0,0.253348,0.0
validation,213.0,214.0,4,near_center,5,6,6,5,5.870571,6.0,6,0.0,0.12338,1.0
validation,213.0,214.0,5,near_right,6,7,7,9,6.754522,7.0,7,0.0,0.21518,2.0
validation,213.2,214.2,0,far_left,3,4,4,5,3.925277,3.925277,4,1.0,0.089208,1.074723
validation,213.2,214.2,1,far_center,4,4,3,5,4.065491,4.0,4,0.0,0.250005,1.0
validation,213.2,214.2,2,far_right,1,0,0,0,0.194078,0.0,0,0.0,0.161596,0.0
validation,213.2,214.2,3,near_left,5,5,5,5,4.79828,5.0,5,0.0,0.317731,0.0
validation,213.2,214.2,4,near_center,5,5,5,4,5.041452,5.0,5,0.0,0.122639,1.0
validation,213.2,214.2,5,near_right,6,6,7,9,6.002453,6.0,6,0.0,0.221618,3.0
validation,213.4,214.4,0,far_left,3,5,4,4,4.805023,4.805023,5,1.0,0.081579,0.805023
validation,213.4,214.4,1,far_center,4,4,5,4,3.942958,4.0,4,0.0,0.251342,0.0
validation,213.4,214.4,2,far_right,1,0,0,0,0.212626,0.0,0,0.0,0.159617,0.0
validation,213.4,214.4,3,near_left,4,4,4,5,4.145755,4.0,4,0.0,0.253029,1.0
validation,213.4,214.4,4,near_center,6,5,5,4,5.168184,5.0,5,0.0,0.137033,1.0
validation,213.4,214.4,5,near_right,6,6,6,9,5.990677,6.0,6,0.0,0.220932,3.0
validation,213.6,214.6,0,far_left,2,4,3,2,3.927407,3.927407,4,1.0,0.076429,1.927407
validation,213.6,214.6,1,far_center,4,4,5,4,3.520592,4.0,4,0.0,0.335476,0.0
validation,213.6,214.6,2,far_right,0,0,0,0,0.030971,0.0,0,0.0,0.152865,0.0
validation,213.6,214.6,3,near_left,4,4,4,4,4.182202,4.0,4,0.0,0.215526,0.0
validation,213.6,214.6,4,near_center,6,4,4,4,4.369016,4.0,4,0.0,0.162425,0.0
validation,213.6,214.6,5,near_right,6,6,6,9,6.024248,6.0,6,0.0,0.247649,3.0
validation,213.8,214.8,0,far_left,4,4,4,3,4.024311,4.024311,4,1.0,0.102278,1.024311
validation,213.8,214.8,1,far_center,3,4,4,4,3.731551,4.0,4,0.0,0.260823,0.0
validation,213.8,214.8,2,far_right,0,0,0,0,0.014963,0.0,0,0.0,0.16028,0.0
validation,213.8,214.8,3,near_left,3,4,4,4,3.939197,4.0,4,0.0,0.183357,0.0
validation,213.8,214.8,4,near_center,6,5,5,4,5.228483,5.0,5,0.0,0.185856,1.0
validation,213.8,214.8,5,near_right,8,7,7,7,6.722251,7.0,7,0.0,0.449818,0.0
validation,214.0,215.0,0,far_left,4,5,5,6,4.865262,4.865262,5,1.0,0.111299,1.134738
validation,214.0,215.0,1,far_center,3,4,4,5,3.859691,4.0,4,0.0,0.233967,1.0
validation,214.0,215.0,2,far_right,0,0,0,0,0.0,0.0,0,0.0,0.154336,0.0
validation,214.0,215.0,3,near_left,4,3,3,4,3.251158,3.0,3,0.0,0.192259,1.0
validation,214.0,215.0,4,near_center,5,4,4,4,4.265594,4.0,4,0.0,0.199078,0.0
validation,214.0,215.0,5,near_right,9,9,9,8,7.697492,9.0,9,0.0,0.570978,1.0
validation,214.2,215.2,0,far_left,5,6,6,7,5.5466,5.5466,6,1.0,0.189803,1.4534
validation,214.2,215.2,1,far_center,5,5,5,5,4.64605,5.0,5,0.0,0.359218,0.0
validation,214.2,215.2,2,far_right,0,0,0,0,0.002219,0.0,0,0.0,0.147734,0.0
validation,214.2,215.2,3,near_left,5,4,4,3,4.237724,4.0,4,0.0,0.254731,1.0
validation,214.2,215.2,4,near_center,4,4,4,4,4.089866,4.0,4,0.0,0.183335,0.0
validation,214.2,215.2,5,near_right,9,9,9,7,8.213977,9.0,9,0.0,0.487947,2.0
validation,214.4,215.4,0,far_left,4,5,5,4,3.904088,3.904088,4,1.0,0.345257,0.095912
validation,214.4,215.4,1,far_center,4,4,4,5,4.253367,4.0,4,0.0,0.280875,1.0
validation,214.4,215.4,2,far_right,0,0,0,0,0.0,0.0,0,0.0,0.131491,0.0
validation,214.4,215.4,3,near_left,5,4,4,4,4.373678,4.0,4,0.0,0.253098,0.0
validation,214.4,215.4,4,near_center,4,4,4,4,4.013371,4.0,4,0.0,0.16558,0.0
validation,214.4,215.4,5,near_right,9,9,9,6,8.242353,9.0,9,0.0,0.469958,3.0
validation,214.6,215.6,0,far_left,2,3,3,5,3.027853,3.027853,3,1.0,0.168276,1.972147
validation,214.6,215.6,1,far_center,4,4,4,5,4.178115,4.0,4,0.0,0.272073,1.0
validation,214.6,215.6,2,far_right,0,0,0,0,0.0,0.0,0,0.0,0.119569,0.0
validation,214.6,215.6,3,near_left,4,3,3,4,3.452618,3.0,3,0.0,0.234745,1.0
validation,214.6,215.6,4,near_center,4,4,4,4,4.021844,4.0,4,0.0,0.152505,0.0
validation,214.6,215.6,5,near_right,9,9,9,6,7.918791,9.0,9,0.0,0.525511,3.0
validation,214.8,215.8,0,far_left,3,5,4,7,4.868435,4.868435,5,1.0,0.112567,2.131565
validation,214.8,215.8,1,far_center,4,4,4,6,4.092435,4.0,4,0.0,0.26635,2.0
validation,214.8,215.8,2,far_right,0,0,0,0,0.0,0.0,0,0.0,0.101118,0.0
validation,214.8,215.8,3,near_left,4,2,3,3,2.676537,2.0,2,0.0,0.242537,1.0
validation,214.8,215.8,4,near_center,4,4,4,4,3.995284,4.0,4,0.0,0.153447,0.0
validation,214.8,215.8,5,near_right,7,7,7,7,7.290191,7.0,7,0.0,0.3903,0.0
validation,215.0,216.0,0,far_left,6,6,6,7,5.841521,5.841521,6,1.0,0.206776,1.158479
validation,215.0,216.0,1,far_center,5,6,6,6,5.363545,6.0,6,0.0,0.337569,0.0
validation,215.0,216.0,2,far_right,0,0,0,0,0.020276,0.0,0,0.0,0.101616,0.0
validation,215.0,216.0,3,near_left,4,3,3,3,3.359582,3.0,3,0.0,0.247632,0.0
validation,215.0,216.0,4,near_center,4,4,4,4,4.027432,4.0,4,0.0,0.160701,0.0
validation,215.0,216.0,5,near_right,8,8,8,7,7.499972,8.0,8,0.0,0.458178,1.0
validation,215.2,216.2,0,far_left,7,8,8,7,6.785423,6.785423,7,1.0,0.393088,0.214577
validation,215.2,216.2,1,far_center,5,5,5,6,4.920166,5.0,5,0.0,0.302455,1.0
validation,215.2,216.2,2,far_right,0,0,0,0,0.003918,0.0,0,0.0,0.099354,0.0
validation,215.2,216.2,3,near_left,3,2,2,4,2.435226,2.0,2,0.0,0.205051,2.0
validation,215.2,216.2,4,near_center,4,4,4,4,4.034739,4.0,4,0.0,0.166634,0.0
validation,215.2,216.2,5,near_right,7,7,7,7,6.781038,7.0,7,0.0,0.397659,0.0
validation,215.4,216.4,0,far_left,4,5,5,5,5.113056,5.113056,5,1.0,0.267491,0.113056
validation,215.4,216.4,1,far_center,5,5,5,5,4.980874,5.0,5,0.0,0.269196,0.0
validation,215.4,216.4,2,far_right,0,0,0,0,0.0,0.0,0,0.0,0.096427,0.0
validation,215.4,216.4,3,near_left,4,3,3,4,3.288836,3.0,3,0.0,0.203275,1.0
validation,215.4,216.4,4,near_center,4,4,4,4,3.995226,4.0,4,0.0,0.175917,0.0
validation,215.4,216.4,5,near_right,6,6,6,7,6.28021,6.0,6,0.0,0.385467,1.0
validation,215.6,216.6,0,far_left,5,6,6,6,5.97154,5.97154,6,1.0,0.220365,0.02846
validation,215.6,216.6,1,far_center,5,5,4,5,4.950063,5.0,5,0.0,0.253202,0.0
validation,215.6,216.6,2,far_right,0,0,0,0,0.0,0.0,0,0.0,0.101107,0.0
validation,215.6,216.6,3,near_left,4,3,3,5,3.33267,3.0,3,0.0,0.20944,2.0
validation,215.6,216.6,4,near_center,4,4,5,4,4.005789,4.0,4,0.0,0.181868,0.0
validation,215.6,216.6,5,near_right,6,6,6,7,6.104186,6.0,6,0.0,0.360861,1.0
validation,215.8,216.8,0,far_left,7,6,6,5,6.042705,6.042705,6,1.0,0.294426,1.042705
validation,215.8,216.8,1,far_center,6,5,5,5,4.929296,5.0,5,0.0,0.340208,0.0
validation,215.8,216.8,2,far_right,0,0,0,0,0.013031,0.0,0,0.0,0.101123,0.0
validation,215.8,216.8,3,near_left,3,4,5,5,3.986346,4.0,4,0.0,0.192752,1.0
validation,215.8,216.8,4,near_center,4,5,4,4,4.885695,5.0,5,0.0,0.170347,1.0
validation,215.8,216.8,5,near_right,7,7,7,7,6.656286,7.0,7,0.0,0.357094,0.0
validation,216.0,217.0,0,far_left,7,6,6,5,5.884841,5.884841,6,1.0,0.337721,0.884841
validation,216.0,217.0,1,far_center,6,5,5,6,5.240246,5.0,5,0.0,0.292671,1.0
validation,216.0,217.0,2,far_right,0,0,0,0,0.0,0.0,0,0.0,0.095228,0.0
validation,216.0,217.0,3,near_left,3,4,5,5,3.983918,4.0,4,0.0,0.178965,1.0
validation,216.0,217.0,4,near_center,4,4,3,4,4.048031,4.0,4,0.0,0.178597,0.0
validation,216.0,217.0,5,near_right,7,8,8,7,7.542531,8.0,8,0.0,0.311608,1.0
validation,216.2,217.2,0,far_left,7,6,6,5,5.91036,5.91036,6,1.0,0.316032,0.91036
validation,216.2,217.2,1,far_center,6,5,5,5,5.270967,5.0,5,0.0,0.283539,0.0
validation,216.2,217.2,2,far_right,0,0,0,0,0.0,0.0,0,0.0,0.084727,0.0
validation,216.2,217.2,3,near_left,4,5,6,5,4.812856,5.0,5,0.0,0.21983,0.0
validation,216.2,217.2,4,near_center,4,4,3,4,4.066847,4.0,4,0.0,0.178684,0.0
validation,216.2,217.2,5,near_right,7,8,8,7,7.617057,8.0,8,0.0,0.276058,1.0
validation,216.4,217.4,0,far_left,5,4,4,5,4.682866,4.682866,5,1.0,0.24608,0.317134
validation,216.4,217.4,1,far_center,5,4,4,6,4.5832,4.0,4,0.0,0.266724,2.0
validation,216.4,217.4,2,far_right,0,0,0,0,0.0,0.0,0,0.0,0.078708,0.0
validation,216.4,217.4,3,near_left,4,5,6,5,4.698035,5.0,5,0.0,0.234878,0.0
validation,216.4,217.4,4,near_center,4,4,3,4,4.036215,4.0,4,0.0,0.184459,0.0
validation,216.4,217.4,5,near_right,7,8,8,7,7.655025,8.0,8,0.0,0.254205,1.0
validation,216.6,217.6,0,far_left,6,5,5,6,5.41857,5.41857,5,1.0,0.23817,0.58143
validation,216.6,217.6,1,far_center,5,5,5,5,5.045352,5.0,5,0.0,0.279764,0.0
validation,216.6,217.6,2,far_right,0,0,0,0,0.010597,0.0,0,0.0,0.079358,0.0
validation,216.6,217.6,3,near_left,5,5,6,5,4.591462,5.0,5,0.0,0.322602,0.0
validation,216.6,217.6,4,near_center,4,4,3,4,4.080799,4.0,4,0.0,0.183599,0.0
validation,216.6,217.6,5,near_right,7,8,8,7,7.337492,8.0,8,0.0,0.309523,1.0
validation,216.8,217.8,0,far_left,5,5,5,6,5.14616,5.14616,5,1.0,0.170822,0.85384
validation,216.8,217.8,1,far_center,5,5,5,5,5.017146,5.0,5,0.0,0.265817,0.0
validation,216.8,217.8,2,far_right,0,0,0,0,0.0,0.0,0,0.0,0.081062,0.0
validation,216.8,217.8,3,near_left,5,5,5,5,5.047554,5.0,5,0.0,0.274015,0.0
validation,216.8,217.8,4,near_center,4,3,3,4,3.222734,3.0,3,0.0,0.184728,1.0
validation,216.8,217.8,5,near_right,7,8,8,7,7.591739,8.0,8,0.0,0.270711,1.0
validation,217.0,218.0,0,far_left,5,5,5,6,5.025366,5.025366,5,1.0,0.163759,0.974634
validation,217.0,218.0,1,far_center,6,6,6,5,5.338881,6.0,6,0.0,0.388855,1.0
validation,217.0,218.0,2,far_right,0,1,1,1,0.939354,1.0,1,0.0,0.079007,0.0
validation,217.0,218.0,3,near_left,5,5,5,5,4.97736,5.0,5,0.0,0.280524,0.0
validation,217.0,218.0,4,near_center,4,3,3,4,3.254825,3.0,3,0.0,0.186695,1.0
validation,217.0,218.0,5,near_right,7,7,7,7,6.993737,7.0,7,0.0,0.256157,0.0
validation,217.2,218.2,0,far_left,5,5,5,6,5.114999,5.114999,5,1.0,0.130515,0.885001
validation,217.2,218.2,1,far_center,5,5,5,6,4.976298,5.0,5,0.0,0.31238,1.0
validation,217.2,218.2,2,far_right,0,1,1,1,0.926247,1.0,1,0.0,0.074747,0.0
validation,217.2,218.2,3,near_left,5,5,5,5,4.813261,5.0,5,0.0,0.289613,0.0
validation,217.2,218.2,4,near_center,4,4,4,4,4.026221,4.0,4,0.0,0.184087,0.0
validation,217.2,218.2,5,near_right,7,6,6,6,6.239152,6.0,6,0.0,0.260013,0.0
validation,217.4,218.4,0,far_left,5,5,5,6,5.092977,5.092977,5,1.0,0.112206,0.907023
validation,217.4,218.4,1,far_center,6,7,6,4,6.081195,7.0,7,0.0,0.373688,3.0
validation,217.4,218.4,2,far_right,0,1,1,3,0.939424,1.0,1,0.0,0.074752,2.0
validation,217.4,218.4,3,near_left,5,5,5,5,4.830595,5.0,5,0.0,0.298267,0.0
validation,217.4,218.4,4,near_center,4,3,4,4,3.235031,3.0,3,0.0,0.184587,1.0
validation,217.4,218.4,5,near_right,7,6,6,5,6.27605,6.0,6,0.0,0.272908,1.0
validation,217.6,218.6,0,far_left,6,6,6,5,5.741523,5.741523,6,1.0,0.22492,0.741523
validation,217.6,218.6,1,far_center,5,7,6,4,5.941499,7.0,7,0.0,0.365444,3.0
validation,217.6,218.6,2,far_right,0,2,2,4,1.880709,2.0,2,0.0,0.068175,2.0
validation,217.6,218.6,3,near_left,5,5,5,5,4.619616,5.0,5,0.0,0.360452,0.0
validation,217.6,218.6,4,near_center,4,2,3,4,2.485989,2.0,2,0.0,0.194353,2.0
validation,217.6,218.6,5,near_right,7,5,5,4,5.631161,5.0,5,0.0,0.29894,1.0
validation,217.8,218.8,0,far_left,6,5,5,5,5.116895,5.116895,5,1.0,0.180282,0.116895
validation,217.8,218.8,1,far_center,5,8,8,5,6.905545,8.0,8,0.0,0.3249,3.0
validation,217.8,218.8,2,far_right,0,2,2,4,1.871029,2.0,2,0.0,0.067761,2.0
validation,217.8,218.8,3,near_left,5,5,5,5,4.80953,5.0,5,0.0,0.315314,0.0
validation,217.8,218.8,4,near_center,4,2,2,3,2.488777,2.0,2,0.0,0.208283,1.0
validation,217.8,218.8,5,near_right,7,5,5,4,5.667785,5.0,5,0.0,0.31192,1.0
validation,218.0,219.0,0,far_left,6,6,5,7,6.04083,6.04083,6,1.0,0.150051,0.95917
validation,218.0,219.0,1,far_center,5,8,8,6,7.200562,8.0,8,0.0,0.283614,2.0
validation,218.0,219.0,2,far_right,1,2,2,4,1.965069,2.0,2,0.0,0.069103,2.0
validation,218.0,219.0,3,near_left,5,4,5,5,4.331129,4.0,4,0.0,0.266862,1.0
validation,218.0,219.0,4,near_center,4,2,2,2,2.520155,2.0,2,0.0,0.215443,0.0
validation,218.0,219.0,5,near_right,7,6,6,4,5.399279,6.0,6,0.0,0.542984,2.0
validation,218.2,219.2,0,far_left,6,7,7,8,6.848149,6.848149,7,1.0,0.127505,1.151851
validation,218.2,219.2,1,far_center,6,8,8,6,6.9494,8.0,8,0.0,0.32466,2.0
validation,218.2,219.2,2,far_right,1,2,2,4,1.962762,2.0,2,0.0,0.075252,2.0
validation,218.2,219.2,3,near_left,5,4,4,4,4.300809,4.0,4,0.0,0.216058,0.0
validation,218.2,219.2,4,near_center,4,2,2,2,2.519279,2.0,2,0.0,0.219978,0.0
validation,218.2,219.2,5,near_right,6,5,5,4,5.158429,5.0,5,0.0,0.397749,1.0
validation,218.4,219.4,0,far_left,6,7,7,7,6.78908,6.78908,7,1.0,0.110273,0.21092
validation,218.4,219.4,1,far_center,4,7,6,6,6.534209,7.0,7,0.0,0.269202,1.0
validation,218.4,219.4,2,far_right,3,4,4,4,3.891897,4.0,4,0.0,0.087611,0.0
validation,218.4,219.4,3,near_left,5,4,4,5,4.297359,4.0,4,0.0,0.196359,1.0
validation,218.4,219.4,4,near_center,4,2,2,2,2.495382,2.0,2,0.0,0.229006,0.0
validation,218.4,219.4,5,near_right,5,3,4,4,3.811596,3.0,3,0.0,0.349406,1.0
validation,218.6,219.6,0,far_left,5,6,6,7,5.907579,5.907579,6,1.0,0.083702,1.092421
validation,218.6,219.6,1,far_center,4,7,7,6,6.561591,7.0,7,0.0,0.234972,1.0
validation,218.6,219.6,2,far_right,4,4,4,5,3.984413,4.0,4,0.0,0.087856,1.0
validation,218.6,219.6,3,near_left,5,4,4,5,4.30786,4.0,4,0.0,0.198253,1.0
validation,218.6,219.6,4,near_center,4,2,2,3,2.497846,2.0,2,0.0,0.238133,1.0
validation,218.6,219.6,5,near_right,4,3,3,2,3.39405,3.0,3,0.0,0.302847,1.0
validation,218.8,219.8,0,far_left,5,6,6,7,5.929061,5.929061,6,1.0,0.074571,1.070939
validation,218.8,219.8,1,far_center,5,7,7,7,6.717137,7.0,7,0.0,0.214644,0.0
validation,218.8,219.8,2,far_right,4,4,4,4,3.980025,4.0,4,0.0,0.093307,0.0
validation,218.8,219.8,3,near_left,5,4,4,6,4.299195,4.0,4,0.0,0.196918,2.0
validation,218.8,219.8,4,near_center,3,2,2,2,2.274748,2.0,2,0.0,0.242501,0.0
validation,218.8,219.8,5,near_right,4,3,3,2,3.292705,3.0,3,0.0,0.244548,1.0
validation,219.0,220.0,0,far_left,7,8,8,8,7.553421,7.553421,8,1.0,0.185259,0.446579
validation,219.0,220.0,1,far_center,6,7,7,7,6.861403,7.0,7,0.0,0.20883,0.0
validation,219.0,220.0,2,far_right,4,4,4,4,3.987661,4.0,4,0.0,0.093929,0.0
validation,219.0,220.0,3,near_left,5,4,4,6,4.26905,4.0,4,0.0,0.167482,2.0
validation,219.0,220.0,4,near_center,2,3,3,2,2.801916,3.0,3,0.0,0.230388,1.0
validation,219.0,220.0,5,near_right,4,2,2,2,2.531918,2.0,2,0.0,0.224843,0.0
validation,219.2,220.2,0,far_left,8,8,8,7,7.451933,7.451933,7,1.0,0.288034,0.451933
validation,219.2,220.2,1,far_center,6,7,7,7,6.846459,7.0,7,0.0,0.202552,0.0
validation,219.2,220.2,2,far_right,4,4,4,3,3.990061,4.0,4,0.0,0.095069,1.0
validation,219.2,220.2,3,near_left,4,4,4,6,4.099843,4.0,4,0.0,0.160988,2.0
validation,219.2,220.2,4,near_center,2,3,3,2,2.814402,3.0,3,0.0,0.215629,1.0
validation,219.2,220.2,5,near_right,4,2,2,2,2.502378,2.0,2,0.0,0.212137,0.0
validation,219.4,220.4,0,far_left,7,7,7,6,6.786831,6.786831,7,1.0,0.227771,0.786831
validation,219.4,220.4,1,far_center,6,7,7,7,6.838628,7.0,7,0.0,0.196778,0.0
validation,219.4,220.4,2,far_right,4,4,4,3,3.983896,4.0,4,0.0,0.097683,1.0
validation,219.4,220.4,3,near_left,5,5,5,5,4.827374,5.0,5,0.0,0.258826,0.0
validation,219.4,220.4,4,near_center,2,3,3,3,2.850848,3.0,3,0.0,0.204665,0.0
validation,219.4,220.4,5,near_right,4,2,2,2,2.459507,2.0,2,0.0,0.198188,0.0
validation,219.6,220.6,0,far_left,7,7,7,5,6.644109,6.644109,7,1.0,0.263786,1.644109
validation,219.6,220.6,1,far_center,6,7,7,8,6.941092,7.0,7,0.0,0.196163,1.0
validation,219.6,220.6,2,far_right,5,4,4,3,4.065766,4.0,4,0.0,0.125456,1.0
validation,219.6,220.6,3,near_left,5,5,5,4,4.842885,5.0,5,0.0,0.316904,1.0
validation,219.6,220.6,4,near_center,3,3,3,3,2.358646,3.0,3,0.0,0.382066,0.0
validation,219.6,220.6,5,near_right,2,2,2,2,2.113971,2.0,2,0.0,0.200652,0.0
validation,219.8,220.8,0,far_left,7,7,7,5,6.209759,6.209759,6,1.0,0.414913,1.209759
validation,219.8,220.8,1,far_center,7,7,7,7,7.022717,7.0,7,0.0,0.2239,0.0
validation,219.8,220.8,2,far_right,4,4,4,3,3.894359,4.0,4,0.0,0.144138,1.0
validation,219.8,220.8,3,near_left,6,6,5,4,5.077919,6.0,6,0.0,0.514175,2.0
validation,219.8,220.8,4,near_center,2,2,3,3,2.074203,2.0,2,0.0,0.218465,1.0
validation,219.8,220.8,5,near_right,2,2,2,2,2.090493,2.0,2,0.0,0.196344,0.0
validation,220.0,221.0,0,far_left,8,7,8,3,6.332776,6.332776,6,1.0,0.500485,3.332776
validation,220.0,221.0,1,far_center,7,8,7,7,7.861546,8.0,8,0.0,0.227449,1.0
validation,220.0,221.0,2,far_right,4,4,4,3,3.397289,4.0,4,0.0,0.314801,1.0
validation,220.0,221.0,3,near_left,6,6,5,4,5.471265,6.0,6,0.0,0.431297,2.0
validation,220.0,221.0,4,near_center,2,2,3,3,2.083093,2.0,2,0.0,0.176327,1.0
validation,220.0,221.0,5,near_right,2,2,2,2,2.084715,2.0,2,0.0,0.191509,0.0
validation,220.2,221.2,0,far_left,7,7,7,5,6.419872,6.419872,6,1.0,0.37232,1.419872
validation,220.2,221.2,1,far_center,7,8,8,8,7.840972,8.0,8,0.0,0.213322,0.0
validation,220.2,221.2,2,far_right,3,3,3,3,2.963504,3.0,3,0.0,0.154496,0.0
validation,220.2,221.2,3,near_left,6,5,5,4,5.245452,5.0,5,0.0,0.33801,1.0
validation,220.2,221.2,4,near_center,2,2,2,3,2.026678,2.0,2,0.0,0.146151,1.0
validation,220.2,221.2,5,near_right,2,2,2,2,2.063915,2.0,2,0.0,0.191537,0.0
validation,220.4,221.4,0,far_left,6,6,6,5,5.960265,5.960265,6,1.0,0.248811,0.960265
validation,220.4,221.4,1,far_center,7,8,8,8,7.749314,8.0,8,0.0,0.213312,0.0
validation,220.4,221.4,2,far_right,3,3,3,3,2.994131,3.0,3,0.0,0.092825,0.0
validation,220.4,221.4,3,near_left,5,4,4,4,4.352448,4.0,4,0.0,0.282058,0.0
validation,220.4,221.4,4,near_center,3,3,3,3,3.020168,3.0,3,0.0,0.144267,0.0
validation,220.4,221.4,5,near_right,2,2,2,2,2.044022,2.0,2,0.0,0.188616,0.0
validation,220.6,221.6,0,far_left,5,6,6,6,6.006124,6.006124,6,1.0,0.17181,0.006124
validation,220.6,221.6,1,far_center,8,8,8,8,7.666891,8.0,8,0.0,0.2697,0.0
validation,220.6,221.6,2,far_right,3,3,3,3,2.999444,3.0,3,0.0,0.080985,0.0
validation,220.6,221.6,3,near_left,4,3,3,3,3.649293,3.0,3,0.0,0.263422,0.0
validation,220.6,221.6,4,near_center,3,3,3,3,3.038883,3.0,3,0.0,0.154377,0.0
validation,220.6,221.6,5,near_right,2,2,2,2,2.042137,2.0,2,0.0,0.18939,0.0
validation,220.8,221.8,0,far_left,5,6,6,6,5.918864,5.918864,6,1.0,0.143843,0.081136
validation,220.8,221.8,1,far_center,7,7,7,8,6.996952,7.0,7,0.0,0.243269,1.0
validation,220.8,221.8,2,far_right,3,3,3,3,2.99284,3.0,3,0.0,0.070607,0.0
validation,220.8,221.8,3,near_left,4,3,3,4,3.613642,3.0,3,0.0,0.259252,1.0
validation,220.8,221.8,4,near_center,3,3,3,3,3.027617,3.0,3,0.0,0.172236,0.0
validation,220.8,221.8,5,near_right,2,2,2,2,2.032586,2.0,2,0.0,0.190026,0.0
validation,221.0,222.0,0,far_left,3,4,4,6,4.089838,4.089838,4,1.0,0.144148,1.910162
validation,221.0,222.0,1,far_center,7,7,7,8,7.033894,7.0,7,0.0,0.224656,1.0
validation,221.0,222.0,2,far_right,3,3,3,3,2.987168,3.0,3,0.0,0.070493,0.0
validation,221.0,222.0,3,near_left,4,3,3,5,3.578613,3.0,3,0.0,0.270175,2.0
validation,221.0,222.0,4,near_center,3,3,3,3,3.028977,3.0,3,0.0,0.191818,0.0
validation,221.0,222.0,5,near_right,2,2,2,1,2.028891,2.0,2,0.0,0.187707,1.0
validation,221.2,222.2,0,far_left,5,5,5,7,5.064046,5.064046,5,1.0,0.231579,1.935954
validation,221.2,222.2,1,far_center,8,9,9,8,8.328158,9.0,9,0.0,0.30102,1.0
validation,221.2,222.2,2,far_right,3,3,3,3,3.015099,3.0,3,0.0,0.072308,0.0
validation,221.2,222.2,3,near_left,4,3,3,4,3.54102,3.0,3,0.0,0.257677,1.0
validation,221.2,222.2,4,near_center,3,3,3,3,3.061249,3.0,3,0.0,0.198081,0.0
validation,221.2,222.2,5,near_right,2,2,2,1,1.991458,2.0,2,0.0,0.191703,1.0
validation,221.4,222.4,0,far_left,5,5,5,7,5.092233,5.092233,5,1.0,0.177942,1.907767
validation,221.4,222.4,1,far_center,8,9,9,8,8.270877,9.0,9,0.0,0.314907,1.0
validation,221.4,222.4,2,far_right,3,3,3,3,3.011412,3.0,3,0.0,0.075213,0.0
validation,221.4,222.4,3,near_left,4,3,3,5,3.437971,3.0,3,0.0,0.226538,2.0
validation,221.4,222.4,4,near_center,3,3,3,3,3.045065,3.0,3,0.0,0.204806,0.0
validation,221.4,222.4,5,near_right,2,2,2,1,2.029836,2.0,2,0.0,0.195757,1.0
validation,221.6,222.6,0,far_left,6,5,5,6,5.199727,5.199727,5,1.0,0.161155,0.800273
validation,221.6,222.6,1,far_center,8,9,9,8,8.249432,9.0,9,0.0,0.321027,1.0
validation,221.6,222.6,2,far_right,3,4,4,2,3.935534,4.0,4,0.0,0.07633,2.0
validation,221.6,222.6,3,near_left,3,3,3,5,3.160747,3.0,3,0.0,0.192692,2.0
validation,221.6,222.6,4,near_center,3,3,3,3,3.041679,3.0,3,0.0,0.211981,0.0
validation,221.6,222.6,5,near_right,2,1,1,2,1.241812,1.0,1,0.0,0.194438,1.0
validation,221.8,222.8,0,far_left,6,5,5,5,5.063858,5.063858,5,1.0,0.153968,0.063858
validation,221.8,222.8,1,far_center,8,10,10,8,9.027977,10.0,10,0.0,0.312636,2.0
validation,221.8,222.8,2,far_right,3,3,3,2,3.044815,3.0,3,0.0,0.073971,1.0
validation,221.8,222.8,3,near_left,4,4,4,5,4.037631,4.0,4,0.0,0.204379,1.0
validation,221.8,222.8,4,near_center,3,3,3,3,3.096281,3.0,3,0.0,0.210737,0.0
validation,221.8,222.8,5,near_right,2,1,1,2,0.858214,1.0,1,0.0,0.380883,1.0
validation,222.0,223.0,0,far_left,6,5,5,5,5.151449,5.151449,5,1.0,0.121628,0.151449
validation,222.0,223.0,1,far_center,8,10,10,10,8.977734,10.0,10,0.0,0.3127,0.0
validation,222.0,223.0,2,far_right,3,2,2,2,2.111933,2.0,2,0.0,0.079948,0.0
validation,222.0,223.0,3,near_left,5,5,5,5,4.71388,5.0,5,0.0,0.299644,0.0
validation,222.0,223.0,4,near_center,3,3,3,3,3.078987,3.0,3,0.0,0.202143,0.0
validation,222.0,223.0,5,near_right,1,1,1,2,1.033716,1.0,1,0.0,0.306624,1.0
validation,222.2,223.2,0,far_left,7,6,6,5,5.96781,5.96781,6,1.0,0.167114,0.96781
validation,222.2,223.2,1,far_center,8,11,11,9,9.632575,11.0,11,0.0,0.330379,2.0
validation,222.2,223.2,2,far_right,3,1,1,2,1.226979,1.0,1,0.0,0.09374,1.0
validation,222.2,223.2,3,near_left,4,4,4,4,4.181239,4.0,4,0.0,0.215047,0.0
validation,222.2,223.2,4,near_center,3,3,3,3,3.045263,3.0,3,0.0,0.203423,0.0
validation,222.2,223.2,5,near_right,1,1,1,2,1.051914,1.0,1,0.0,0.272582,1.0
validation,222.4,223.4,0,far_left,7,6,6,5,5.934949,5.934949,6,1.0,0.204259,0.934949
validation,222.4,223.4,1,far_center,8,11,11,9,9.575224,11.0,11,0.0,0.344033,2.0
validation,222.4,223.4,2,far_right,3,1,1,2,1.259749,1.0,1,0.0,0.107821,1.0
validation,222.4,223.4,3,near_left,5,5,5,5,4.821718,5.0,5,0.0,0.338325,0.0
validation,222.4,223.4,4,near_center,3,3,3,3,3.075506,3.0,3,0.0,0.20224,0.0
validation,222.4,223.4,5,near_right,1,1,1,2,1.04911,1.0,1,0.0,0.246564,1.0
validation,222.6,223.6,0,far_left,6,5,5,5,5.066583,5.066583,5,1.0,0.153494,0.066583
validation,222.6,223.6,1,far_center,8,10,10,10,9.124855,10.0,10,0.0,0.320772,0.0
validation,222.6,223.6,2,far_right,2,1,1,2,1.154776,1.0,1,0.0,0.113738,1.0
validation,222.6,223.6,3,near_left,5,5,5,5,4.532597,5.0,5,0.0,0.3819,0.0
validation,222.6,223.6,4,near_center,3,3,3,3,3.05472,3.0,3,0.0,0.195391,0.0
validation,222.6,223.6,5,near_right,2,2,2,2,2.013589,2.0,2,0.0,0.219565,0.0
validation,222.8,223.8,0,far_left,5,5,5,5,4.998482,4.998482,5,1.0,0.092046,0.001518
validation,222.8,223.8,1,far_center,8,8,8,9,8.121925,8.0,8,0.0,0.28259,1.0
validation,222.8,223.8,2,far_right,2,1,1,2,1.133362,1.0,1,0.0,0.119715,1.0
validation,222.8,223.8,3,near_left,5,5,5,5,4.900552,5.0,5,0.0,0.320611,0.0
validation,222.8,223.8,4,near_center,3,4,4,4,3.820406,4.0,4,0.0,0.185637,0.0
validation,222.8,223.8,5,near_right,2,2,2,2,2.054123,2.0,2,0.0,0.225137,0.0
validation,223.0,224.0,0,far_left,5,4,4,4,4.033369,4.033369,4,1.0,0.131469,0.033369
validation,223.0,224.0,1,far_center,10,9,9,9,8.916019,9.0,9,0.0,0.361523,0.0
validation,223.0,224.0,2,far_right,2,2,2,2,2.021252,2.0,2,0.0,0.119741,0.0
validation,223.0,224.0,3,near_left,5,6,6,6,5.799738,6.0,6,0.0,0.267701,0.0
validation,223.0,224.0,4,near_center,3,4,4,4,3.849906,4.0,4,0.0,0.181565,0.0
validation,223.0,224.0,5,near_right,2,2,2,3,2.066025,2.0,2,0.0,0.220744,1.0
validation,223.2,224.2,0,far_left,5,4,4,3,4.045026,4.045026,4,1.0,0.095289,1.045026
validation,223.2,224.2,1,far_center,9,8,8,7,8.225918,8.0,8,0.0,0.315589,1.0
validation,223.2,224.2,2,far_right,2,2,2,2,2.002815,2.0,2,0.0,0.120472,0.0
validation,223.2,224.2,3,near_left,4,5,5,6,5.034841,5.0,5,0.0,0.218058,1.0
validation,223.2,224.2,4,near_center,3,3,3,4,3.025253,3.0,3,0.0,0.188755,1.0
validation,223.2,224.2,5,near_right,2,3,3,3,2.835336,3.0,3,0.0,0.21885,0.0
validation,223.4,224.4,0,far_left,5,4,4,2,4.107816,4.107816,4,1.0,0.082559,2.107816
validation,223.4,224.4,1,far_center,9,8,8,9,8.051847,8.0,8,0.0,0.316145,1.0
validation,223.4,224.4,2,far_right,2,2,2,2,2.012697,2.0,2,0.0,0.118663,0.0
validation,223.4,224.4,3,near_left,5,6,6,5,5.735573,6.0,6,0.0,0.261949,1.0
validation,223.4,224.4,4,near_center,3,4,4,4,3.837033,4.0,4,0.0,0.187619,0.0
validation,223.4,224.4,5,near_right,2,2,2,3,2.060235,2.0,2,0.0,0.214801,1.0
validation,223.6,224.6,0,far_left,5,4,4,2,4.118371,4.118371,4,1.0,0.074657,2.118371
validation,223.6,224.6,1,far_center,10,9,8,9,8.753132,9.0,9,0.0,0.375396,0.0
validation,223.6,224.6,2,far_right,2,2,3,2,2.022537,2.0,2,0.0,0.118856,0.0
validation,223.6,224.6,3,near_left,5,6,6,5,5.838918,6.0,6,0.0,0.214002,1.0
validation,223.6,224.6,4,near_center,3,4,4,5,3.851979,4.0,4,0.0,0.181048,1.0
validation,223.6,224.6,5,near_right,2,2,2,3,2.064466,2.0,2,0.0,0.211393,1.0
validation,223.8,224.8,0,far_left,5,4,4,2,4.101723,4.101723,4,1.0,0.074064,2.101723
validation,223.8,224.8,1,far_center,9,9,8,10,8.34439,9.0,9,0.0,0.394994,1.0
validation,223.8,224.8,2,far_right,2,2,3,2,2.02469,2.0,2,0.0,0.121961,0.0
validation,223.8,224.8,3,near_left,5,6,6,5,5.852452,6.0,6,0.0,0.187544,1.0
validation,223.8,224.8,4,near_center,4,4,4,4,4.000533,4.0,4,0.0,0.192614,0.0
validation,223.8,224.8,5,near_right,2,2,2,2,2.058417,2.0,2,0.0,0.203331,0.0
validation,224.0,225.0,0,far_left,4,4,4,3,4.051732,4.051732,4,1.0,0.063332,1.051732
validation,224.0,225.0,1,far_center,9,9,9,10,8.175661,9.0,9,0.0,0.432108,1.0
validation,224.0,225.0,2,far_right,2,2,2,2,2.034398,2.0,2,0.0,0.125628,0.0
validation,224.0,225.0,3,near_left,6,6,6,6,5.718735,6.0,6,0.0,0.29066,0.0
validation,224.0,225.0,4,near_center,4,4,4,5,4.047237,4.0,4,0.0,0.197427,1.0
validation,224.0,225.0,5,near_right,3,3,3,2,2.972537,3.0,3,0.0,0.213197,1.0
validation,224.2,225.2,0,far_left,3,3,3,2,3.020281,3.020281,3,1.0,0.050787,1.020281
validation,224.2,225.2,1,far_center,7,7,7,7,7.362745,7.0,7,0.0,0.34085,0.0
validation,224.2,225.2,2,far_right,2,2,2,2,1.995214,2.0,2,0.0,0.120725,0.0
validation,224.2,225.2,3,near_left,6,6,6,5,5.638414,6.0,6,0.0,0.352021,1.0
validation,224.2,225.2,4,near_center,4,4,4,6,4.004295,4.0,4,0.0,0.176593,2.0
validation,224.2,225.2,5,near_right,3,3,3,2,2.999124,3.0,3,0.0,0.210404,1.0
validation,224.4,225.4,0,far_left,2,2,2,4,2.009703,2.009703,2,1.0,0.055396,1.990297
validation,224.4,225.4,1,far_center,9,9,9,9,8.529795,9.0,9,0.0,0.409686,0.0
validation,224.4,225.4,2,far_right,2,2,2,2,2.003603,2.0,2,0.0,0.126297,0.0
validation,224.4,225.4,3,near_left,5,5,5,5,5.271863,5.0,5,0.0,0.287781,0.0
validation,224.4,225.4,4,near_center,4,4,4,5,4.001192,4.0,4,0.0,0.171126,1.0
validation,224.4,225.4,5,near_right,3,3,3,1,3.019897,3.0,3,0.0,0.206691,2.0
validation,224.6,225.6,0,far_left,2,2,2,4,1.95728,1.95728,2,1.0,0.089765,2.04272
validation,224.6,225.6,1,far_center,9,9,9,9,8.489244,9.0,9,0.0,0.425217,0.0
validation,224.6,225.6,2,far_right,2,2,2,2,2.013852,2.0,2,0.0,0.132033,0.0
validation,224.6,225.6,3,near_left,5,5,5,6,5.174929,5.0,5,0.0,0.250216,1.0
validation,224.6,225.6,4,near_center,5,5,5,6,4.68053,5.0,5,0.0,0.275919,1.0
validation,224.6,225.6,5,near_right,3,3,3,1,3.041058,3.0,3,0.0,0.209196,2.0
validation,224.8,225.8,0,far_left,2,2,2,3,2.026161,2.026161,2,1.0,0.062523,0.973839
validation,224.8,225.8,1,far_center,10,10,10,8,8.978306,10.0,10,0.0,0.47025,2.0
validation,224.8,225.8,2,far_right,2,2,2,2,2.018785,2.0,2,0.0,0.123178,0.0
validation,224.8,225.8,3,near_left,5,5,5,5,5.149802,5.0,5,0.0,0.243841,0.0
validation,224.8,225.8,4,near_center,4,5,5,6,4.878059,5.0,5,0.0,0.169464,1.0
validation,224.8,225.8,5,near_right,2,1,1,1,1.296744,1.0,1,0.0,0.214749,0.0
validation,225.0,226.0,0,far_left,3,3,3,3,3.042945,3.042945,3,1.0,0.051976,0.042945
validation,225.0,226.0,1,far_center,10,10,10,9,8.840708,10.0,10,0.0,0.504027,1.0
validation,225.0,226.0,2,far_right,2,2,2,2,2.024218,2.0,2,0.0,0.117619,0.0
validation,225.0,226.0,3,near_left,6,6,6,6,5.4942,6.0,6,0.0,0.402072,0.0
validation,225.0,226.0,4,near_center,5,6,6,6,5.829628,6.0,6,0.0,0.158942,0.0
validation,225.0,226.0,5,near_right,2,1,1,1,1.269795,1.0,1,0.0,0.196226,0.0
validation,225.2,226.2,0,far_left,2,2,2,3,2.036882,2.036882,2,1.0,0.053719,0.963118
validation,225.2,226.2,1,far_center,7,7,7,9,7.684033,7.0,7,0.0,0.383209,2.0
validation,225.2,226.2,2,far_right,2,2,2,1,2.016183,2.0,2,0.0,0.109087,1.0
validation,225.2,226.2,3,near_left,5,5,6,6,5.30019,5.0,5,0.0,0.304752,1.0
validation,225.2,226.2,4,near_center,6,7,6,6,6.534506,7.0,7,0.0,0.194266,1.0
validation,225.2,226.2,5,near_right,2,1,1,1,1.034472,1.0,1,0.0,0.322753,0.0
validation,225.4,226.4,0,far_left,4,4,4,5,4.029278,4.029278,4,1.0,0.077434,0.970722
validation,225.4,226.4,1,far_center,9,9,9,8,8.677802,9.0,9,0.0,0.460569,1.0
validation,225.4,226.4,2,far_right,2,2,2,1,1.996942,2.0,2,0.0,0.115959,1.0
validation,225.4,226.4,3,near_left,5,4,6,5,4.492159,4.0,4,0.0,0.254554,1.0
validation,225.4,226.4,4,near_center,5,6,4,7,5.847026,6.0,6,0.0,0.127808,1.0
validation,225.4,226.4,5,near_right,1,1,1,2,1.110611,1.0,1,0.0,0.259418,1.0
validation,225.6,226.6,0,far_left,4,5,5,7,4.972412,4.972412,5,1.0,0.064833,2.027588
validation,225.6,226.6,1,far_center,9,10,10,8,8.470963,10.0,10,0.0,0.51463,2.0
validation,225.6,226.6,2,far_right,2,1,1,1,1.151101,1.0,1,0.0,0.121601,0.0
validation,225.6,226.6,3,near_left,6,5,5,4,5.279968,5.0,5,0.0,0.276165,1.0
validation,225.6,226.6,4,near_center,6,6,6,6,5.76976,6.0,6,0.0,0.196574,0.0
validation,225.6,226.6,5,near_right,1,1,1,2,1.115218,1.0,1,0.0,0.224792,1.0
validation,225.8,226.8,0,far_left,3,4,4,7,3.991734,3.991734,4,1.0,0.062837,3.008266
validation,225.8,226.8,1,far_center,8,9,9,7,7.689327,9.0,9,0.0,0.475207,2.0
validation,225.8,226.8,2,far_right,2,1,1,2,1.161372,1.0,1,0.0,0.135628,1.0
validation,225.8,226.8,3,near_left,5,3,3,5,3.773966,3.0,3,0.0,0.257622,2.0
validation,225.8,226.8,4,near_center,6,7,7,6,6.71966,7.0,7,0.0,0.160839,1.0
validation,225.8,226.8,5,near_right,1,1,1,3,1.099564,1.0,1,0.0,0.210723,2.0
validation,226.0,227.0,0,far_left,3,4,4,8,3.992163,3.992163,4,1.0,0.054493,4.007837
validation,226.0,227.0,1,far_center,9,11,11,7,8.743649,11.0,11,0.0,0.51663,4.0
validation,226.0,227.0,2,far_right,2,1,1,2,1.173657,1.0,1,0.0,0.143345,1.0
validation,226.0,227.0,3,near_left,6,4,4,5,4.661364,4.0,4,0.0,0.297382,1.0
validation,226.0,227.0,4,near_center,6,6,6,6,5.917453,6.0,6,0.0,0.14507,0.0
validation,226.0,227.0,5,near_right,1,1,1,2,1.101345,1.0,1,0.0,0.198783,1.0
validation,226.2,227.2,0,far_left,3,6,6,6,5.872321,5.872321,6,1.0,0.051357,0.127679
validation,226.2,227.2,1,far_center,9,8,8,9,7.965189,8.0,8,0.0,0.443524,1.0
validation,226.2,227.2,2,far_right,1,1,1,1,1.007104,1.0,1,0.0,0.153645,0.0
validation,226.2,227.2,3,near_left,6,4,5,5,4.736828,4.0,4,0.0,0.259975,1.0
validation,226.2,227.2,4,near_center,6,6,5,5,5.93223,6.0,6,0.0,0.121504,1.0
validation,226.2,227.2,5,near_right,1,1,1,2,1.045782,1.0,1,0.0,0.201351,1.0
validation,226.4,227.4,0,far_left,5,6,7,8,5.943572,5.943572,6,1.0,0.063809,2.056428
validation,226.4,227.4,1,far_center,8,9,8,8,8.247078,9.0,9,0.0,0.417599,1.0
validation,226.4,227.4,2,far_right,1,1,1,1,1.014301,1.0,1,0.0,0.150465,0.0
validation,226.4,227.4,3,near_left,5,4,5,5,4.388716,4.0,4,0.0,0.223784,1.0
validation,226.4,227.4,4,near_center,7,6,5,5,5.907577,6.0,6,0.0,0.190157,1.0
validation,226.4,227.4,5,near_right,2,2,2,2,1.99916,2.0,2,0.0,0.230528,0.0
validation,226.6,227.6,0,far_left,7,7,7,6,6.801437,6.801437,7,1.0,0.141112,0.801437
validation,226.6,227.6,1,far_center,8,9,9,9,8.30468,9.0,9,0.0,0.388324,0.0
validation,226.6,227.6,2,far_right,1,1,1,1,0.981808,1.0,1,0.0,0.155271,0.0
validation,226.6,227.6,3,near_left,4,4,4,4,4.107993,4.0,4,0.0,0.19145,0.0
validation,226.6,227.6,4,near_center,6,5,5,6,5.228192,5.0,5,0.0,0.158168,1.0
validation,226.6,227.6,5,near_right,2,2,2,3,2.055546,2.0,2,0.0,0.230929,1.0
validation,226.8,227.8,0,far_left,7,6,6,5,5.818017,5.818017,6,1.0,0.230745,0.818017
validation,226.8,227.8,1,far_center,7,10,9,8,8.907396,10.0,10,0.0,0.343263,2.0
validation,226.8,227.8,2,far_right,2,1,2,1,1.160936,1.0,1,0.0,0.142949,0.0
validation,226.8,227.8,3,near_left,5,5,5,4,4.730679,5.0,5,0.0,0.332858,1.0
validation,226.8,227.8,4,near_center,6,5,5,6,5.233659,5.0,5,0.0,0.133986,1.0
validation,226.8,227.8,5,near_right,3,3,3,3,2.898054,3.0,3,0.0,0.235411,0.0
validation,227.0,228.0,0,far_left,8,7,8,5,6.467907,6.467907,6,1.0,0.398861,1.467907
validation,227.0,228.0,1,far_center,7,10,9,8,9.089003,10.0,10,0.0,0.301866,2.0
validation,227.0,228.0,2,far_right,2,1,1,1,1.156423,1.0,1,0.0,0.141762,0.0
validation,227.0,228.0,3,near_left,5,5,5,5,4.810612,5.0,5,0.0,0.3014,0.0
validation,227.0,228.0,4,near_center,6,5,5,6,5.198827,5.0,5,0.0,0.130647,1.0
validation,227.0,228.0,5,near_right,2,2,2,4,2.061408,2.0,2,0.0,0.223965,2.0
validation,227.2,228.2,0,far_left,6,6,6,5,5.835733,5.835733,6,1.0,0.25342,0.835733
validation,227.2,228.2,1,far_center,9,9,9,8,8.748457,9.0,9,0.0,0.308106,1.0
validation,227.2,228.2,2,far_right,1,1,1,2,0.996505,1.0,1,0.0,0.149339,1.0
validation,227.2,228.2,3,near_left,5,4,4,5,4.254533,4.0,4,0.0,0.216655,1.0
validation,227.2,228.2,4,near_center,5,6,6,5,5.915588,6.0,6,0.0,0.117311,1.0
validation,227.2,228.2,5,near_right,2,2,2,4,2.084812,2.0,2,0.0,0.232612,2.0
validation,227.4,228.4,0,far_left,8,8,8,6,7.140063,7.140063,7,1.0,0.404147,1.140063
validation,227.4,228.4,1,far_center,8,7,7,6,7.559845,7.0,7,0.0,0.269606,1.0
validation,227.4,228.4,2,far_right,1,2,2,2,1.835483,2.0,2,0.0,0.13957,0.0
validation,227.4,228.4,3,near_left,5,4,4,4,4.223245,4.0,4,0.0,0.18746,0.0
validation,227.4,228.4,4,near_center,5,6,6,7,5.910633,6.0,6,0.0,0.099521,1.0
validation,227.4,228.4,5,near_right,2,2,2,3,2.080323,2.0,2,0.0,0.241601,1.0
validation,227.6,228.6,0,far_left,6,6,6,5,6.170835,6.170835,6,1.0,0.247488,1.170835
validation,227.6,228.6,1,far_center,9,9,9,5,8.824751,9.0,9,0.0,0.300627,4.0
validation,227.6,228.6,2,far_right,1,0,0,2,0.146447,0.0,0,0.0,0.141612,2.0
validation,227.6,228.6,3,near_left,4,4,4,3,4.143892,4.0,4,0.0,0.146264,1.0
validation,227.6,228.6,4,near_center,6,7,7,8,6.799115,7.0,7,0.0,0.120843,1.0
validation,227.6,228.6,5,near_right,3,3,3,3,3.020497,3.0,3,0.0,0.254887,0.0
validation,227.8,228.8,0,far_left,5,5,5,5,5.143591,5.143591,5,1.0,0.178733,0.143591
validation,227.8,228.8,1,far_center,8,6,6,7,6.653648,6.0,6,0.0,0.258209,1.0
validation,227.8,228.8,2,far_right,1,2,2,2,1.889013,2.0,2,0.0,0.128851,0.0
validation,227.8,228.8,3,near_left,4,3,3,3,3.270945,3.0,3,0.0,0.158185,0.0
validation,227.8,228.8,4,near_center,6,8,8,8,7.748013,8.0,8,0.0,0.097862,0.0
validation,227.8,228.8,5,near_right,3,3,3,4,3.03291,3.0,3,0.0,0.199712,1.0
validation,228.0,229.0,0,far_left,5,5,5,5,5.130558,5.130558,5,1.0,0.157346,0.130558
validation,228.0,229.0,1,far_center,8,6,6,7,6.571051,6.0,6,0.0,0.238062,1.0
validation,228.0,229.0,2,far_right,1,2,2,2,1.894562,2.0,2,0.0,0.118345,0.0
validation,228.0,229.0,3,near_left,5,5,5,3,4.833755,5.0,5,0.0,0.268366,2.0
validation,228.0,229.0,4,near_center,6,7,7,8,6.87556,7.0,7,0.0,0.094255,1.0
validation,228.0,229.0,5,near_right,4,4,4,4,3.957792,4.0,4,0.0,0.197651,0.0
validation,228.2,229.2,0,far_left,5,5,5,5,5.081551,5.081551,5,1.0,0.133758,0.081551
validation,228.2,229.2,1,far_center,8,6,6,6,6.277649,6.0,6,0.0,0.273835,0.0
validation,228.2,229.2,2,far_right,2,3,3,3,2.893075,3.0,3,0.0,0.119186,0.0
validation,228.2,229.2,3,near_left,5,5,5,3,4.983176,5.0,5,0.0,0.229246,2.0
validation,228.2,229.2,4,near_center,5,6,6,8,5.987508,6.0,6,0.0,0.074683,2.0
validation,228.2,229.2,5,near_right,4,4,4,4,3.954067,4.0,4,0.0,0.210633,0.0
validation,228.4,229.4,0,far_left,6,6,6,5,5.984365,5.984365,6,1.0,0.120421,0.984365
validation,228.4,229.4,1,far_center,6,4,4,6,4.679596,4.0,4,0.0,0.227285,2.0
validation,228.4,229.4,2,far_right,2,3,3,3,2.899869,3.0,3,0.0,0.112719,0.0
validation,228.4,229.4,3,near_left,4,4,4,4,3.779021,4.0,4,0.0,0.286821,0.0
validation,228.4,229.4,4,near_center,7,8,8,8,7.778433,8.0,8,0.0,0.116705,0.0
validation,228.4,229.4,5,near_right,3,3,3,4,3.058242,3.0,3,0.0,0.204398,1.0
validation,228.6,229.6,0,far_left,5,5,5,5,5.080567,5.080567,5,1.0,0.103022,0.080567
validation,228.6,229.6,1,far_center,5,4,4,6,4.326179,4.0,4,0.0,0.182089,2.0
validation,228.6,229.6,2,far_right,2,3,3,2,2.891123,3.0,3,0.0,0.120591,1.0
validation,228.6,229.6,3,near_left,3,3,3,4,3.18244,3.0,3,0.0,0.212208,1.0
validation,228.6,229.6,4,near_center,8,7,7,8,6.996198,7.0,7,0.0,0.122916,1.0
validation,228.6,229.6,5,near_right,3,4,4,3,3.848107,4.0,4,0.0,0.174593,1.0
validation,228.8,229.8,0,far_left,5,5,5,5,4.818727,4.818727,5,1.0,0.213488,0.181273
validation,228.8,229.8,1,far_center,7,7,6,6,6.777168,7.0,7,0.0,0.288235,1.0
validation,228.8,229.8,2,far_right,2,2,3,2,2.034507,2.0,2,0.0,0.126138,0.0
validation,228.8,229.8,3,near_left,3,3,3,4,3.173842,3.0,3,0.0,0.165848,1.0
validation,228.8,229.8,4,near_center,8,7,7,8,7.048742,7.0,7,0.0,0.145193,1.0
validation,228.8,229.8,5,near_right,4,5,5,3,4.648748,5.0,5,0.0,0.222736,2.0
validation,229.0,230.0,0,far_left,5,5,5,5,4.633791,4.633791,5,1.0,0.264699,0.366209
validation,229.0,230.0,1,far_center,7,7,6,7,6.706657,7.0,7,0.0,0.302801,0.0
validation,229.0,230.0,2,far_right,2,2,3,2,1.977308,2.0,2,0.0,0.152349,0.0
validation,229.0,230.0,3,near_left,3,3,3,5,3.107455,3.0,3,0.0,0.132147,2.0
validation,229.0,230.0,4,near_center,8,7,7,8,7.110464,7.0,7,0.0,0.142674,1.0
validation,229.0,230.0,5,near_right,4,5,5,3,4.744977,5.0,5,0.0,0.208974,2.0
validation,229.2,230.2,0,far_left,5,5,5,5,4.854731,4.854731,5,1.0,0.217431,0.145269
validation,229.2,230.2,1,far_center,6,6,6,7,5.860221,6.0,6,0.0,0.25929,1.0
validation,229.2,230.2,2,far_right,3,4,4,3,3.698057,4.0,4,0.0,0.175445,1.0
validation,229.2,230.2,3,near_left,3,3,3,4,3.075849,3.0,3,0.0,0.118913,1.0
validation,229.2,230.2,4,near_center,8,6,7,7,6.307577,6.0,6,0.0,0.143705,1.0
validation,229.2,230.2,5,near_right,4,5,4,3,4.801983,5.0,5,0.0,0.194273,2.0
validation,229.4,230.4,0,far_left,5,5,5,5,4.963567,4.963567,5,1.0,0.175263,0.036433
validation,229.4,230.4,1,far_center,6,6,6,7,6.028231,6.0,6,0.0,0.219138,1.0
validation,229.4,230.4,2,far_right,3,4,4,3,2.810873,4.0,4,0.0,0.385546,1.0
validation,229.4,230.4,3,near_left,4,4,4,5,4.017914,4.0,4,0.0,0.147823,1.0
validation,229.4,230.4,4,near_center,8,7,7,7,7.107294,7.0,7,0.0,0.149265,0.0
validation,229.4,230.4,5,near_right,4,4,4,3,4.059867,4.0,4,0.0,0.191453,1.0
validation,229.6,230.6,0,far_left,5,5,5,5,4.978831,4.978831,5,1.0,0.145887,0.021169
validation,229.6,230.6,1,far_center,6,6,6,7,5.93364,6.0,6,0.0,0.202228,1.0
validation,229.6,230.6,2,far_right,2,3,3,2,2.766627,3.0,3,0.0,0.210231,1.0
validation,229.6,230.6,3,near_left,4,4,4,5,4.056828,4.0,4,0.0,0.1341,1.0
validation,229.6,230.6,4,near_center,8,7,7,6,7.058015,7.0,7,0.0,0.147549,1.0
validation,229.6,230.6,5,near_right,3,3,3,3,3.082893,3.0,3,0.0,0.174615,0.0
validation,229.8,230.8,0,far_left,5,6,5,5,5.895544,5.895544,6,1.0,0.123317,0.895544
validation,229.8,230.8,1,far_center,6,5,5,6,5.204008,5.0,5,0.0,0.180452,1.0
validation,229.8,230.8,2,far_right,2,3,3,2,2.868042,3.0,3,0.0,0.136068,1.0
validation,229.8,230.8,3,near_left,4,4,4,5,4.062157,4.0,4,0.0,0.13148,1.0
validation,229.8,230.8,4,near_center,8,7,8,8,6.875781,7.0,7,0.0,0.218963,1.0
validation,229.8,230.8,5,near_right,3,3,3,2,3.062789,3.0,3,0.0,0.170033,1.0
validation,230.0,231.0,0,far_left,5,6,6,6,5.947392,5.947392,6,1.0,0.099827,0.052608
validation,230.0,231.0,1,far_center,7,5,5,5,5.298081,5.0,5,0.0,0.20623,0.0
validation,230.0,231.0,2,far_right,2,2,2,1,2.053273,2.0,2,0.0,0.095679,1.0
validation,230.0,231.0,3,near_left,5,5,5,5,4.929054,5.0,5,0.0,0.190913,0.0
validation,230.0,231.0,4,near_center,8,8,8,8,7.890195,8.0,8,0.0,0.189348,0.0
validation,230.0,231.0,5,near_right,3,4,4,3,3.664585,4.0,4,0.0,0.210932,1.0
validation,230.2,231.2,0,far_left,5,7,6,5,6.871154,6.871154,7,1.0,0.080981,1.871154
validation,230.2,231.2,1,far_center,7,5,5,5,5.291443,5.0,5,0.0,0.198101,0.0
validation,230.2,231.2,2,far_right,3,2,2,1,2.098216,2.0,2,0.0,0.084668,1.0
validation,230.2,231.2,3,near_left,4,3,4,5,3.279089,3.0,3,0.0,0.152377,2.0
validation,230.2,231.2,4,near_center,7,7,7,7,7.026436,7.0,7,0.0,0.149387,0.0
validation,230.2,231.2,5,near_right,3,5,5,5,4.59185,5.0,5,0.0,0.188675,0.0
validation,230.4,231.4,0,far_left,5,7,7,6,6.874565,6.874565,7,1.0,0.075136,0.874565
validation,230.4,231.4,1,far_center,7,5,5,5,5.445558,5.0,5,0.0,0.183768,0.0
validation,230.4,231.4,2,far_right,3,2,2,1,1.922221,2.0,2,0.0,0.186563,1.0
validation,230.4,231.4,3,near_left,5,4,4,4,4.16346,4.0,4,0.0,0.247435,0.0
validation,230.4,231.4,4,near_center,7,7,7,5,6.983941,7.0,7,0.0,0.136849,2.0
validation,230.4,231.4,5,near_right,3,5,5,5,4.717769,5.0,5,0.0,0.167683,0.0
validation,230.6,231.6,0,far_left,5,8,8,6,7.799579,7.799579,8,1.0,0.066835,1.799579
validation,230.6,231.6,1,far_center,7,4,4,5,4.568533,4.0,4,0.0,0.16663,1.0
validation,230.6,231.6,2,far_right,2,1,1,1,1.237784,1.0,1,0.0,0.146203,0.0
validation,230.6,231.6,3,near_left,5,4,4,4,4.230901,4.0,4,0.0,0.185497,0.0
validation,230.6,231.6,4,near_center,6,6,6,7,6.115912,6.0,6,0.0,0.135037,1.0
validation,230.6,231.6,5,near_right,3,5,5,5,4.174591,5.0,5,0.0,0.250253,0.0
validation,230.8,231.8,0,far_left,5,8,8,6,7.826078,7.826078,8,1.0,0.062177,1.826078
validation,230.8,231.8,1,far_center,6,4,4,4,4.378767,4.0,4,0.0,0.152302,0.0
validation,230.8,231.8,2,far_right,2,1,1,1,1.22341,1.0,1,0.0,0.149581,0.0
validation,230.8,231.8,3,near_left,5,4,5,4,4.223327,4.0,4,0.0,0.158137,0.0
validation,230.8,231.8,4,near_center,8,7,6,7,6.955577,7.0,7,0.0,0.194753,0.0
validation,230.8,231.8,5,near_right,2,4,4,4,3.701346,4.0,4,0.0,0.186969,0.0
validation,231.0,232.0,0,far_left,6,8,8,6,7.721826,7.721826,8,1.0,0.100143,1.721826
validation,231.0,232.0,1,far_center,5,4,4,3,4.243816,4.0,4,0.0,0.145893,1.0
validation,231.0,232.0,2,far_right,1,1,1,1,1.034498,1.0,1,0.0,0.129353,0.0
validation,231.0,232.0,3,near_left,5,4,5,5,4.235116,4.0,4,0.0,0.161152,1.0
validation,231.0,232.0,4,near_center,8,7,6,6,6.958544,7.0,7,0.0,0.196831,1.0
validation,231.0,232.0,5,near_right,3,4,4,4,3.875164,4.0,4,0.0,0.18249,0.0
validation,231.2,232.2,0,far_left,5,7,7,7,6.861786,6.861786,7,1.0,0.086691,0.138214
validation,231.2,232.2,1,far_center,5,4,4,2,4.216183,4.0,4,0.0,0.146702,2.0
validation,231.2,232.2,2,far_right,1,1,1,1,1.027086,1.0,1,0.0,0.117891,0.0
validation,231.2,232.2,3,near_left,5,4,5,4,4.219852,4.0,4,0.0,0.154057,0.0
validation,231.2,232.2,4,near_center,7,7,6,6,6.751521,7.0,7,0.0,0.201028,1.0
validation,231.2,232.2,5,near_right,5,5,5,4,4.773367,5.0,5,0.0,0.30227,1.0
validation,231.4,232.4,0,far_left,6,7,7,7,6.896706,6.896706,7,1.0,0.097472,0.103294
validation,231.4,232.4,1,far_center,5,4,4,2,4.112835,4.0,4,0.0,0.155338,2.0
validation,231.4,232.4,2,far_right,1,1,1,1,1.023331,1.0,1,0.0,0.121048,0.0
validation,231.4,232.4,3,near_left,4,4,5,4,4.054064,4.0,4,0.0,0.144584,0.0
validation,231.4,232.4,4,near_center,5,5,4,6,5.13352,5.0,5,0.0,0.157634,1.0
validation,231.4,232.4,5,near_right,5,5,5,4,4.929102,5.0,5,0.0,0.267035,1.0
validation,231.6,232.6,0,far_left,6,8,8,8,7.841144,7.841144,8,1.0,0.094273,0.158856
validation,231.6,232.6,1,far_center,5,4,4,3,4.19032,4.0,4,0.0,0.157042,1.0
validation,231.6,232.6,2,far_right,1,1,1,1,1.049842,1.0,1,0.0,0.124674,0.0
validation,231.6,232.6,3,near_left,4,4,5,4,3.98142,4.0,4,0.0,0.211177,0.0
validation,231.6,232.6,4,near_center,7,6,5,5,5.949408,6.0,6,0.0,0.274506,1.0
validation,231.6,232.6,5,near_right,5,5,5,4,4.521331,5.0,5,0.0,0.388776,1.0
validation,231.8,232.8,0,far_left,6,8,8,8,7.775959,7.775959,8,1.0,0.094961,0.224041
validation,231.8,232.8,1,far_center,4,3,3,3,3.24117,3.0,3,0.0,0.144087,0.0
validation,231.8,232.8,2,far_right,1,1,1,1,1.022997,1.0,1,0.0,0.135488,0.0
validation,231.8,232.8,3,near_left,4,4,5,4,4.047222,4.0,4,0.0,0.167222,0.0
validation,231.8,232.8,4,near_center,7,5,4,5,5.335697,5.0,5,0.0,0.21537,0.0
validation,231.8,232.8,5,near_right,4,5,5,4,4.737723,5.0,5,0.0,0.305917,1.0
validation,232.0,233.0,0,far_left,6,7,7,8,6.928744,6.928744,7,1.0,0.089202,1.071256
validation,232.0,233.0,1,far_center,3,3,3,3,3.102902,3.0,3,0.0,0.147264,0.0
validation,232.0,233.0,2,far_right,1,1,1,1,1.010918,1.0,1,0.0,0.145321,0.0
validation,232.0,233.0,3,near_left,5,4,5,4,4.01872,4.0,4,0.0,0.25151,0.0
validation,232.0,233.0,4,near_center,6,5,4,5,5.251508,5.0,5,0.0,0.184379,0.0
validation,232.0,233.0,5,near_right,4,5,5,4,4.747176,5.0,5,0.0,0.303638,1.0
validation,232.2,233.2,0,far_left,7,7,7,8,6.959889,6.959889,7,1.0,0.103728,1.040111
validation,232.2,233.2,1,far_center,2,3,3,3,2.913457,3.0,3,0.0,0.148882,0.0
validation,232.2,233.2,2,far_right,1,1,1,1,1.019716,1.0,1,0.0,0.152849,0.0
validation,232.2,233.2,3,near_left,4,4,4,4,4.082304,4.0,4,0.0,0.180423,0.0
validation,232.2,233.2,4,near_center,6,5,5,5,5.274424,5.0,5,0.0,0.197157,0.0
validation,232.2,233.2,5,near_right,4,4,4,4,4.041273,4.0,4,0.0,0.291024,0.0
validation,232.4,233.4,0,far_left,7,7,7,9,6.93616,6.93616,7,1.0,0.119328,2.06384
validation,232.4,233.4,1,far_center,2,3,3,4,2.920281,3.0,3,0.0,0.158349,1.0
validation,232.4,233.4,2,far_right,1,1,1,1,1.008866,1.0,1,0.0,0.151948,0.0
validation,232.4,233.4,3,near_left,4,4,4,4,4.041451,4.0,4,0.0,0.162663,0.0
validation,232.4,233.4,4,near_center,6,6,5,5,5.996449,6.0,6,0.0,0.195137,1.0
validation,232.4,233.4,5,near_right,4,3,4,4,3.345403,3.0,3,0.0,0.283942,1.0
validation,232.6,233.6,0,far_left,8,8,8,8,7.53938,7.53938,8,1.0,0.276319,0.46062
validation,232.6,233.6,1,far_center,3,3,3,5,3.080537,3.0,3,0.0,0.170204,2.0
validation,232.6,233.6,2,far_right,1,1,1,1,0.980336,1.0,1,0.0,0.17329,0.0
validation,232.6,233.6,3,near_left,4,4,4,4,3.93363,4.0,4,0.0,0.23632,0.0
validation,232.6,233.6,4,near_center,5,5,5,5,5.064406,5.0,5,0.0,0.198775,0.0
validation,232.6,233.6,5,near_right,4,4,4,4,4.076259,4.0,4,0.0,0.29399,0.0
validation,232.8,233.8,0,far_left,8,8,7,9,7.608562,7.608562,8,1.0,0.292672,1.391438
validation,232.8,233.8,1,far_center,3,3,4,5,3.079549,3.0,3,0.0,0.177407,2.0
validation,232.8,233.8,2,far_right,1,1,1,1,0.973221,1.0,1,0.0,0.181903,0.0
validation,232.8,233.8,3,near_left,4,4,4,4,3.997139,4.0,4,0.0,0.203659,0.0
validation,232.8,233.8,4,near_center,5,5,5,5,4.976175,5.0,5,0.0,0.189323,0.0
validation,232.8,233.8,5,near_right,4,4,4,4,4.085004,4.0,4,0.0,0.29892,0.0
validation,233.0,234.0,0,far_left,8,8,7,7,7.558588,7.558588,8,1.0,0.321292,0.558588
validation,233.0,234.0,1,far_center,3,3,4,4,3.075887,3.0,3,0.0,0.185903,1.0
validation,233.0,234.0,2,far_right,1,1,1,1,0.97278,1.0,1,0.0,0.185568,0.0
validation,233.0,234.0,3,near_left,4,4,4,4,4.019151,4.0,4,0.0,0.191481,0.0
validation,233.0,234.0,4,near_center,5,5,5,5,4.942405,5.0,5,0.0,0.183396,0.0
validation,233.0,234.0,5,near_right,4,4,4,4,4.093796,4.0,4,0.0,0.303,0.0
validation,233.2,234.2,0,far_left,8,8,7,8,7.555728,7.555728,8,1.0,0.333851,0.444272
validation,233.2,234.2,1,far_center,3,4,5,6,3.869594,4.0,4,0.0,0.190535,2.0
validation,233.2,234.2,2,far_right,1,2,1,1,1.788949,2.0,2,0.0,0.18433,1.0
validation,233.2,234.2,3,near_left,4,4,4,4,4.000649,4.0,4,0.0,0.192854,0.0
validation,233.2,234.2,4,near_center,5,4,4,4,4.175407,4.0,4,0.0,0.17241,0.0
validation,233.2,234.2,5,near_right,4,3,4,4,3.414862,3.0,3,0.0,0.320795,1.0
validation,233.4,234.4,0,far_left,9,9,8,7,7.837837,7.837837,8,1.0,0.516996,0.837837
validation,233.4,234.4,1,far_center,4,5,6,6,4.591076,5.0,5,0.0,0.276954,1.0
validation,233.4,234.4,2,far_right,1,2,2,1,1.796688,2.0,2,0.0,0.19137,1.0
validation,233.4,234.4,3,near_left,4,4,4,4,4.03099,4.0,4,0.0,0.18353,0.0
validation,233.4,234.4,4,near_center,5,4,4,4,4.210912,4.0,4,0.0,0.164413,0.0
validation,233.4,234.4,5,near_right,4,3,3,4,3.419955,3.0,3,0.0,0.325268,1.0
validation,233.6,234.6,0,far_left,8,7,7,7,6.949261,6.949261,7,1.0,0.447645,0.050739
validation,233.6,234.6,1,far_center,5,8,8,5,5.96615,8.0,8,0.0,0.408434,3.0
validation,233.6,234.6,2,far_right,1,2,2,1,1.856691,2.0,2,0.0,0.168264,1.0
validation,233.6,234.6,3,near_left,4,4,4,4,4.038718,4.0,4,0.0,0.174106,0.0
validation,233.6,234.6,4,near_center,5,3,3,4,3.448308,3.0,3,0.0,0.182723,1.0
validation,233.6,234.6,5,near_right,4,3,3,4,3.416533,3.0,3,0.0,0.329043,1.0
validation,233.8,234.8,0,far_left,9,10,10,7,8.312722,8.312722,8,1.0,0.544108,1.312722
validation,233.8,234.8,1,far_center,5,6,6,5,5.236484,6.0,6,0.0,0.344158,1.0
validation,233.8,234.8,2,far_right,1,2,2,1,1.873502,2.0,2,0.0,0.149419,1.0
validation,233.8,234.8,3,near_left,4,4,4,5,4.047674,4.0,4,0.0,0.163492,1.0
validation,233.8,234.8,4,near_center,5,3,3,3,3.508332,3.0,3,0.0,0.210146,0.0
validation,233.8,234.8,5,near_right,4,3,3,4,3.397044,3.0,3,0.0,0.322023,1.0
validation,234.0,235.0,0,far_left,7,7,8,8,7.258567,7.258567,7,1.0,0.411449,0.741433
validation,234.0,235.0,1,far_center,4,6,5,6,4.838003,6.0,6,0.0,0.330987,0.0
validation,234.0,235.0,2,far_right,1,1,1,1,1.021461,1.0,1,0.0,0.136958,0.0
validation,234.0,235.0,3,near_left,4,4,4,4,4.026927,4.0,4,0.0,0.151632,0.0
validation,234.0,235.0,4,near_center,5,3,3,3,3.536072,3.0,3,0.0,0.227841,0.0
validation,234.0,235.0,5,near_right,4,4,4,5,4.037105,4.0,4,0.0,0.306575,1.0
validation,234.2,235.2,0,far_left,8,10,9,8,8.90661,8.90661,9,1.0,0.434953,0.90661
validation,234.2,235.2,1,far_center,6,6,7,5,5.370573,6.0,6,0.0,0.360305,1.0
validation,234.2,235.2,2,far_right,1,3,2,2,2.785212,3.0,3,0.0,0.119374,1.0
validation,234.2,235.2,3,near_left,4,3,3,3,3.203564,3.0,3,0.0,0.143331,0.0
validation,234.2,235.2,4,near_center,4,3,3,3,3.319899,3.0,3,0.0,0.236948,0.0
validation,234.2,235.2,5,near_right,4,2,3,6,2.702541,2.0,2,0.0,0.307042,4.0
validation,234.4,235.4,0,far_left,7,8,8,10,8.187771,8.187771,8,1.0,0.360081,1.812229
validation,234.4,235.4,1,far_center,6,7,7,5,5.966785,7.0,7,0.0,0.364353,2.0
validation,234.4,235.4,2,far_right,1,3,3,3,2.826883,3.0,3,0.0,0.102659,0.0
validation,234.4,235.4,3,near_left,4,3,3,2,3.196065,3.0,3,0.0,0.142738,1.0
validation,234.4,235.4,4,near_center,4,3,3,3,3.314698,3.0,3,0.0,0.244312,0.0
validation,234.4,235.4,5,near_right,4,2,2,5,2.70353,2.0,2,0.0,0.310805,3.0
validation,234.6,235.6,0,far_left,7,7,7,11,7.61589,7.61589,8,1.0,0.338115,3.38411
validation,234.6,235.6,1,far_center,5,6,6,5,5.817272,6.0,6,0.0,0.262269,1.0
validation,234.6,235.6,2,far_right,1,3,3,3,2.809909,3.0,3,0.0,0.097856,0.0
validation,234.6,235.6,3,near_left,4,4,4,2,4.048316,4.0,4,0.0,0.136882,2.0
validation,234.6,235.6,4,near_center,4,3,3,3,3.269832,3.0,3,0.0,0.250513,0.0
validation,234.6,235.6,5,near_right,4,2,2,4,2.681722,2.0,2,0.0,0.305307,2.0
validation,234.8,235.8,0,far_left,7,9,9,10,8.645473,8.645473,9,1.0,0.299752,1.354527
validation,234.8,235.8,1,far_center,5,4,4,5,4.484352,4.0,4,0.0,0.240544,1.0
validation,234.8,235.8,2,far_right,1,3,3,3,2.761767,3.0,3,0.0,0.107247,0.0
validation,234.8,235.8,3,near_left,5,4,4,4,4.149908,4.0,4,0.0,0.163871,0.0
validation,234.8,235.8,4,near_center,3,3,3,3,3.007946,3.0,3,0.0,0.236657,0.0
validation,234.8,235.8,5,near_right,4,2,2,5,2.713716,2.0,2,0.0,0.311681,3.0
validation,235.0,236.0,0,far_left,8,10,10,8,8.373178,8.373178,8,1.0,0.445156,0.373178
validation,235.0,236.0,1,far_center,6,5,5,5,5.270489,5.0,5,0.0,0.280175,0.0
validation,235.0,236.0,2,far_right,1,3,3,2,2.742842,3.0,3,0.0,0.118286,1.0
validation,235.0,236.0,3,near_left,4,3,3,3,3.271882,3.0,3,0.0,0.181415,0.0
validation,235.0,236.0,4,near_center,3,3,3,3,3.016566,3.0,3,0.0,0.210766,0.0
validation,235.0,236.0,5,near_right,5,3,3,5,3.687654,3.0,3,0.0,0.321298,2.0
validation,235.2,236.2,0,far_left,8,10,9,8,8.964674,8.964674,9,1.0,0.350085,0.964674
validation,235.2,236.2,1,far_center,5,4,4,6,4.166485,4.0,4,0.0,0.265814,2.0
validation,235.2,236.2,2,far_right,2,3,3,2,2.905098,3.0,3,0.0,0.113882,1.0
validation,235.2,236.2,3,near_left,3,2,3,3,2.319126,2.0,2,0.0,0.172106,1.0
validation,235.2,236.2,4,near_center,3,3,3,3,3.063547,3.0,3,0.0,0.188611,0.0
validation,235.2,236.2,5,near_right,6,5,5,6,4.491696,5.0,5,0.0,0.567278,1.0
validation,235.4,236.4,0,far_left,10,9,9,7,8.354057,8.354057,8,1.0,0.50806,1.354057
validation,235.4,236.4,1,far_center,5,5,5,6,4.999236,5.0,5,0.0,0.231157,1.0
validation,235.4,236.4,2,far_right,3,3,3,2,2.976215,3.0,3,0.0,0.125635,1.0
validation,235.4,236.4,3,near_left,2,3,3,4,3.000244,3.0,3,0.0,0.165719,1.0
validation,235.4,236.4,4,near_center,3,3,3,3,3.05449,3.0,3,0.0,0.183294,0.0
validation,235.4,236.4,5,near_right,5,5,5,5,4.553991,5.0,5,0.0,0.431937,0.0
validation,235.6,236.6,0,far_left,11,10,10,6,8.826269,8.826269,9,1.0,0.62581,2.826269
validation,235.6,236.6,1,far_center,5,5,5,6,5.010083,5.0,5,0.0,0.2145,1.0
validation,235.6,236.6,2,far_right,3,3,3,2,2.986482,3.0,3,0.0,0.111289,1.0
validation,235.6,236.6,3,near_left,2,3,3,5,2.981048,3.0,3,0.0,0.15607,2.0
validation,235.6,236.6,4,near_center,3,3,3,3,3.044484,3.0,3,0.0,0.188972,0.0
validation,235.6,236.6,5,near_right,4,4,4,5,3.980016,4.0,4,0.0,0.364885,1.0
validation,235.8,236.8,0,far_left,10,9,8,8,8.2001,8.2001,8,1.0,0.592741,0.2001
validation,235.8,236.8,1,far_center,5,5,5,6,5.121493,5.0,5,0.0,0.191587,1.0
validation,235.8,236.8,2,far_right,3,3,3,2,2.50048,3.0,3,0.0,0.301582,1.0
validation,235.8,236.8,3,near_left,4,5,6,5,4.672909,5.0,5,0.0,0.260288,0.0
validation,235.8,236.8,4,near_center,3,3,3,3,3.075108,3.0,3,0.0,0.190784,0.0
validation,235.8,236.8,5,near_right,5,5,5,6,4.739273,5.0,5,0.0,0.351424,1.0
validation,236.0,237.0,0,far_left,8,7,7,6,7.713346,7.713346,8,1.0,0.465472,1.713346
validation,236.0,237.0,1,far_center,5,5,5,6,5.029878,5.0,5,0.0,0.171443,1.0
validation,236.0,237.0,2,far_right,2,2,2,2,2.01751,2.0,2,0.0,0.171753,0.0
validation,236.0,237.0,3,near_left,3,4,4,5,3.971833,4.0,4,0.0,0.188967,1.0
validation,236.0,237.0,4,near_center,3,2,2,3,2.252494,2.0,2,0.0,0.212428,1.0
validation,236.0,237.0,5,near_right,5,6,6,6,5.614999,6.0,6,0.0,0.270746,0.0
validation,236.2,237.2,0,far_left,8,7,7,6,6.856417,6.856417,7,1.0,0.513841,0.856417
validation,236.2,237.2,1,far_center,6,6,6,5,5.990989,6.0,6,0.0,0.200515,1.0
validation,236.2,237.2,2,far_right,2,2,2,2,2.053239,2.0,2,0.0,0.105647,0.0
validation,236.2,237.2,3,near_left,3,4,4,5,3.943417,4.0,4,0.0,0.152184,1.0
validation,236.2,237.2,4,near_center,3,2,2,3,2.310668,2.0,2,0.0,0.224022,1.0
validation,236.2,237.2,5,near_right,6,7,7,5,5.772003,7.0,7,0.0,0.428876,2.0
validation,236.4,237.4,0,far_left,7,7,7,6,5.991427,5.991427,6,1.0,0.507095,0.008573
validation,236.4,237.4,1,far_center,6,6,6,5,6.021276,6.0,6,0.0,0.201956,1.0
validation,236.4,237.4,2,far_right,2,2,2,2,2.028592,2.0,2,0.0,0.088461,0.0
validation,236.4,237.4,3,near_left,4,4,4,5,4.065183,4.0,4,0.0,0.144022,1.0
validation,236.4,237.4,4,near_center,3,2,2,3,2.280639,2.0,2,0.0,0.228479,1.0
validation,236.4,237.4,5,near_right,5,6,6,5,5.635193,6.0,6,0.0,0.282902,1.0
validation,236.6,237.6,0,far_left,6,6,6,4,5.013098,5.013098,5,1.0,0.480673,1.013098
validation,236.6,237.6,1,far_center,6,5,6,5,5.305108,5.0,5,0.0,0.190362,0.0
validation,236.6,237.6,2,far_right,2,2,2,2,2.029052,2.0,2,0.0,0.084792,0.0
validation,236.6,237.6,3,near_left,5,5,5,6,5.025688,5.0,5,0.0,0.181958,1.0
validation,236.6,237.6,4,near_center,3,3,2,3,3.061798,3.0,3,0.0,0.216833,0.0
validation,236.6,237.6,5,near_right,5,6,6,5,5.378448,6.0,6,0.0,0.289104,1.0
validation,236.8,237.8,0,far_left,8,8,8,4,6.24762,6.24762,6,1.0,0.622205,2.24762
validation,236.8,237.8,1,far_center,6,6,5,5,6.072361,6.0,6,0.0,0.197366,1.0
validation,236.8,237.8,2,far_right,2,2,2,2,2.04231,2.0,2,0.0,0.085593,0.0
validation,236.8,237.8,3,near_left,5,5,5,6,5.060432,5.0,5,0.0,0.165005,1.0
validation,236.8,237.8,4,near_center,3,2,3,3,2.299255,2.0,2,0.0,0.2156,1.0
validation,236.8,237.8,5,near_right,6,7,7,5,5.891785,7.0,7,0.0,0.389473,2.0
validation,237.0,238.0,0,far_left,6,7,6,4,6.750499,6.750499,7,1.0,0.383133,2.750499
validation,237.0,238.0,1,far_center,6,6,5,5,6.010664,6.0,6,0.0,0.195703,1.0
validation,237.0,238.0,2,far_right,2,2,2,2,2.026464,2.0,2,0.0,0.089107,0.0
validation,237.0,238.0,3,near_left,5,4,6,6,4.232306,4.0,4,0.0,0.165079,2.0
validation,237.0,238.0,4,near_center,3,3,3,3,3.021037,3.0,3,0.0,0.209763,0.0
validation,237.0,238.0,5,near_right,6,6,6,4,5.695883,6.0,6,0.0,0.293064,2.0
validation,237.2,238.2,0,far_left,6,6,6,6,6.258864,6.258864,6,1.0,0.268592,0.258864
validation,237.2,238.2,1,far_center,5,5,5,5,5.111563,5.0,5,0.0,0.187462,0.0
validation,237.2,238.2,2,far_right,2,2,2,2,1.99832,2.0,2,0.0,0.090091,0.0
validation,237.2,238.2,3,near_left,5,5,6,5,5.058551,5.0,5,0.0,0.15351,0.0
validation,237.2,238.2,4,near_center,3,3,2,3,2.976926,3.0,3,0.0,0.198383,0.0
validation,237.2,238.2,5,near_right,5,5,5,3,5.026327,5.0,5,0.0,0.244191,2.0
validation,237.4,238.4,0,far_left,6,6,6,7,6.262448,6.262448,6,1.0,0.218454,0.737552
validation,237.4,238.4,1,far_center,5,5,5,5,5.104545,5.0,5,0.0,0.192581,0.0
validation,237.4,238.4,2,far_right,2,2,2,2,1.738853,2.0,2,0.0,0.22233,0.0
validation,237.4,238.4,3,near_left,5,5,6,6,5.052828,5.0,5,0.0,0.150235,1.0
validation,237.4,238.4,4,near_center,3,3,2,2,3.018464,3.0,3,0.0,0.194663,1.0
validation,237.4,238.4,5,near_right,5,5,5,6,4.771379,5.0,5,0.0,0.291121,1.0
validation,237.6,238.6,0,far_left,4,5,5,6,4.980314,4.980314,5,1.0,0.161327,1.019686
validation,237.6,238.6,1,far_center,5,5,4,4,5.083195,5.0,5,0.0,0.192824,1.0
validation,237.6,238.6,2,far_right,2,2,2,2,1.89489,2.0,2,0.0,0.169617,0.0
validation,237.6,238.6,3,near_left,6,5,6,6,5.188896,5.0,5,0.0,0.179918,1.0
validation,237.6,238.6,4,near_center,3,3,3,3,3.012209,3.0,3,0.0,0.190894,0.0
validation,237.6,238.6,5,near_right,5,5,5,6,4.936229,5.0,5,0.0,0.23889,1.0
validation,237.8,238.8,0,far_left,4,5,5,6,5.004165,5.004165,5,1.0,0.124265,0.995835
validation,237.8,238.8,1,far_center,5,4,4,4,4.270589,4.0,4,0.0,0.198422,0.0
validation,237.8,238.8,2,far_right,2,2,2,2,1.983696,2.0,2,0.0,0.132131,0.0
validation,237.8,238.8,3,near_left,6,5,6,5,5.267771,5.0,5,0.0,0.227776,0.0
validation,237.8,238.8,4,near_center,3,4,3,3,3.848738,4.0,4,0.0,0.183222,1.0
validation,237.8,238.8,5,near_right,5,5,5,6,4.631324,5.0,5,0.0,0.307832,1.0
validation,238.0,239.0,0,far_left,4,5,5,5,5.010359,5.010359,5,1.0,0.111624,0.010359
validation,238.0,239.0,1,far_center,5,4,4,4,4.271375,4.0,4,0.0,0.205508,0.0
validation,238.0,239.0,2,far_right,2,2,2,2,1.988208,2.0,2,0.0,0.110079,0.0
validation,238.0,239.0,3,near_left,6,5,6,6,5.292114,5.0,5,0.0,0.259972,1.0
validation,238.0,239.0,4,near_center,3,4,3,3,3.837486,4.0,4,0.0,0.175346,1.0
validation,238.0,239.0,5,near_right,4,4,4,6,3.926161,4.0,4,0.0,0.261427,2.0
validation,238.2,239.2,0,far_left,6,6,6,4,5.839684,5.839684,6,1.0,0.196115,1.839684
validation,238.2,239.2,1,far_center,5,4,4,6,4.341599,4.0,4,0.0,0.213163,2.0
validation,238.2,239.2,2,far_right,2,2,2,1,1.581619,2.0,2,0.0,0.27019,1.0
validation,238.2,239.2,3,near_left,5,5,6,7,5.021647,5.0,5,0.0,0.281013,2.0
validation,238.2,239.2,4,near_center,3,4,3,3,3.845556,4.0,4,0.0,0.164538,1.0
validation,238.2,239.2,5,near_right,3,3,3,5,3.150251,3.0,3,0.0,0.260272,2.0
validation,238.4,239.4,0,far_left,7,6,6,4,5.590011,5.590011,6,1.0,0.400015,1.590011
validation,238.4,239.4,1,far_center,5,4,4,5,4.379483,4.0,4,0.0,0.216005,1.0
validation,238.4,239.4,2,far_right,2,2,2,1,1.907826,2.0,2,0.0,0.194979,1.0
validation,238.4,239.4,3,near_left,6,6,7,7,5.449199,6.0,6,0.0,0.440041,1.0
validation,238.4,239.4,4,near_center,2,4,3,3,3.788487,4.0,4,0.0,0.15576,1.0
validation,238.4,239.4,5,near_right,6,6,6,5,5.032062,6.0,6,0.0,0.508633,1.0
validation,238.6,239.6,0,far_left,6,5,5,5,5.286242,5.286242,5,1.0,0.219863,0.286242
validation,238.6,239.6,1,far_center,4,4,4,6,4.13204,4.0,4,0.0,0.211502,2.0
validation,238.6,239.6,2,far_right,2,2,2,1,1.451623,2.0,2,0.0,0.376127,1.0
validation,238.6,239.6,3,near_left,6,7,7,8,5.458675,7.0,7,0.0,0.522283,1.0
validation,238.6,239.6,4,near_center,3,3,3,4,3.096958,3.0,3,0.0,0.163414,1.0
validation,238.6,239.6,5,near_right,6,6,6,4,4.778862,6.0,6,0.0,0.561903,2.0
validation,238.8,239.8,0,far_left,6,5,5,5,4.995362,4.995362,5,1.0,0.208366,0.004638
validation,238.8,239.8,1,far_center,4,4,4,6,4.096518,4.0,4,0.0,0.210367,2.0
validation,238.8,239.8,2,far_right,2,2,2,1,1.949241,2.0,2,0.0,0.182488,1.0
validation,238.8,239.8,3,near_left,5,6,6,6,5.793134,6.0,6,0.0,0.32664,0.0
validation,238.8,239.8,4,near_center,3,3,4,4,3.058326,3.0,3,0.0,0.167959,1.0
validation,238.8,239.8,5,near_right,6,6,5,4,5.096879,6.0,6,0.0,0.474525,2.0
test,239.0,240.0,0,far_left,5,5,5,4,4.982324,4.982324,5,1.0,0.134239,0.982324
test,239.0,240.0,1,far_center,4,4,4,7,4.090881,4.0,4,0.0,0.216068,3.0
test,239.0,240.0,2,far_right,2,2,2,1,1.522969,2.0,2,0.0,0.284428,1.0
test,239.0,240.0,3,near_left,6,6,6,6,5.787398,6.0,6,0.0,0.310376,0.0
test,239.0,240.0,4,near_center,3,4,4,5,3.877139,4.0,4,0.0,0.165157,1.0
test,239.0,240.0,5,near_right,6,5,5,3,5.181022,5.0,5,0.0,0.291228,2.0
test,239.2,240.2,0,far_left,4,4,4,4,4.085679,4.085679,4,1.0,0.085222,0.085679
test,239.2,240.2,1,far_center,6,6,6,5,4.974914,6.0,6,0.0,0.452541,1.0
test,239.2,240.2,2,far_right,1,2,1,1,1.934848,2.0,2,0.0,0.113738,1.0
test,239.2,240.2,3,near_left,7,7,7,6,6.253512,7.0,7,0.0,0.426525,1.0
test,239.2,240.2,4,near_center,3,4,4,5,3.915388,4.0,4,0.0,0.152714,1.0
test,239.2,240.2,5,near_right,5,3,4,3,3.769389,3.0,3,0.0,0.267533,0.0
test,239.4,240.4,0,far_left,4,5,5,4,4.992481,4.992481,5,1.0,0.065305,0.992481
test,239.4,240.4,1,far_center,5,4,4,6,4.215993,4.0,4,0.0,0.310285,2.0
test,239.4,240.4,2,far_right,1,2,2,2,1.964917,2.0,2,0.0,0.083304,0.0
test,239.4,240.4,3,near_left,7,7,7,6,6.25825,7.0,7,0.0,0.442078,1.0
test,239.4,240.4,4,near_center,3,4,4,5,3.901678,4.0,4,0.0,0.14393,1.0
test,239.4,240.4,5,near_right,5,3,3,2,3.464323,3.0,3,0.0,0.237904,1.0
test,239.6,240.6,0,far_left,5,5,6,4,5.060423,5.060423,5,1.0,0.058778,1.060423
test,239.6,240.6,1,far_center,6,6,5,6,5.114389,6.0,6,0.0,0.436073,0.0
test,239.6,240.6,2,far_right,1,2,2,1,1.956141,2.0,2,0.0,0.077139,1.0
test,239.6,240.6,3,near_left,8,8,8,7,6.486577,8.0,8,0.0,0.601241,1.0
test,239.6,240.6,4,near_center,4,5,5,5,4.883215,5.0,5,0.0,0.156209,0.0
test,239.6,240.6,5,near_right,4,2,2,2,2.713595,2.0,2,0.0,0.263099,0.0
test,239.8,240.8,0,far_left,5,6,6,4,5.978596,5.978596,6,1.0,0.053844,1.978596
test,239.8,240.8,1,far_center,6,5,5,6,4.702538,5.0,5,0.0,0.392834,1.0
test,239.8,240.8,2,far_right,1,2,2,1,1.959121,2.0,2,0.0,0.073212,1.0
test,239.8,240.8,3,near_left,6,6,6,8,6.235122,6.0,6,0.0,0.393785,2.0
test,239.8,240.8,4,near_center,4,5,5,5,4.880494,5.0,5,0.0,0.1388,0.0
test,239.8,240.8,5,near_right,4,2,2,2,2.616832,2.0,2,0.0,0.251891,0.0
test,240.0,241.0,0,far_left,4,6,7,4,5.953955,5.953955,6,1.0,0.055037,1.953955
test,240.0,241.0,1,far_center,7,5,4,6,5.189765,5.0,5,0.0,0.354849,1.0
test,240.0,241.0,2,far_right,1,2,2,1,1.943183,2.0,2,0.0,0.081432,1.0
test,240.0,241.0,3,near_left,6,6,6,6,6.143107,6.0,6,0.0,0.330541,0.0
test,240.0,241.0,4,near_center,5,5,5,5,4.946792,5.0,5,0.0,0.161332,0.0
test,240.0,241.0,5,near_right,3,2,2,2,2.320498,2.0,2,0.0,0.226624,0.0
test,240.2,241.2,0,far_left,4,6,5,4,5.931386,5.931386,6,1.0,0.062133,1.931386
test,240.2,241.2,1,far_center,5,4,4,6,4.467667,4.0,4,0.0,0.286736,2.0
test,240.2,241.2,2,far_right,1,2,2,1,1.911974,2.0,2,0.0,0.086781,1.0
test,240.2,241.2,3,near_left,6,5,6,8,5.341695,5.0,5,0.0,0.305709,3.0
test,240.2,241.2,4,near_center,5,5,5,3,4.945236,5.0,5,0.0,0.161915,2.0
test,240.2,241.2,5,near_right,3,2,2,2,2.285592,2.0,2,0.0,0.213543,0.0
test,240.4,241.4,0,far_left,4,4,4,5,4.049938,4.049938,4,1.0,0.058798,0.950062
test,240.4,241.4,1,far_center,6,6,6,6,5.84795,6.0,6,0.0,0.317374,0.0
test,240.4,241.4,2,far_right,2,2,2,1,1.636664,2.0,2,0.0,0.246699,1.0
test,240.4,241.4,3,near_left,6,6,6,6,5.938051,6.0,6,0.0,0.252257,0.0
test,240.4,241.4,4,near_center,5,5,5,3,4.968205,5.0,5,0.0,0.16086,2.0
test,240.4,241.4,5,near_right,2,2,2,2,2.079499,2.0,2,0.0,0.200491,0.0
test,240.6,241.6,0,far_left,4,4,4,5,4.055419,4.055419,4,1.0,0.057971,0.944581
test,240.6,241.6,1,far_center,6,6,6,6,5.900267,6.0,6,0.0,0.278737,0.0
test,240.6,241.6,2,far_right,1,1,1,1,1.027091,1.0,1,0.0,0.141417,0.0
test,240.6,241.6,3,near_left,7,7,7,7,6.155051,7.0,7,0.0,0.444965,0.0
test,240.6,241.6,4,near_center,5,5,5,3,4.975824,5.0,5,0.0,0.164478,2.0
test,240.6,241.6,5,near_right,2,2,2,2,2.047909,2.0,2,0.0,0.188712,0.0
test,240.8,241.8,0,far_left,4,5,5,5,4.995437,4.995437,5,1.0,0.056784,0.004563
test,240.8,241.8,1,far_center,6,6,6,6,5.969808,6.0,6,0.0,0.255074,0.0
test,240.8,241.8,2,far_right,1,1,1,2,1.024959,1.0,1,0.0,0.10367,1.0
test,240.8,241.8,3,near_left,8,7,7,6,6.054149,7.0,7,0.0,0.594592,1.0
test,240.8,241.8,4,near_center,5,5,5,3,4.944455,5.0,5,0.0,0.173115,2.0
test,240.8,241.8,5,near_right,2,2,2,2,2.04388,2.0,2,0.0,0.190778,0.0
test,241.0,242.0,0,far_left,4,5,5,5,4.974525,4.974525,5,1.0,0.059641,0.025475
test,241.0,242.0,1,far_center,6,6,6,6,6.05967,6.0,6,0.0,0.235164,0.0
test,241.0,242.0,2,far_right,1,1,1,1,1.022228,1.0,1,0.0,0.094061,0.0
test,241.0,242.0,3,near_left,6,5,5,6,6.025663,5.0,5,0.0,0.392063,1.0
test,241.0,242.0,4,near_center,5,5,5,3,4.496041,5.0,5,0.0,0.261446,2.0
test,241.0,242.0,5,near_right,2,2,2,2,2.059573,2.0,2,0.0,0.193181,0.0
test,241.2,242.2,0,far_left,4,5,5,4,4.969465,4.969465,5,1.0,0.060459,0.969465
test,241.2,242.2,1,far_center,6,6,6,6,6.046031,6.0,6,0.0,0.218961,0.0
test,241.2,242.2,2,far_right,1,1,1,1,1.006482,1.0,1,0.0,0.093541,0.0
test,241.2,242.2,3,near_left,8,7,7,6,7.09509,7.0,7,0.0,0.479073,1.0
test,241.2,242.2,4,near_center,3,3,3,3,3.069453,3.0,3,0.0,0.142433,0.0
test,241.2,242.2,5,near_right,2,2,2,2,2.034068,2.0,2,0.0,0.183842,0.0
test,241.4,242.4,0,far_left,5,5,5,5,5.014525,5.014525,5,1.0,0.062458,0.014525
test,241.4,242.4,1,far_center,6,6,6,6,5.978584,6.0,6,0.0,0.21602,0.0
test,241.4,242.4,2,far_right,1,1,1,1,1.008949,1.0,1,0.0,0.098367,0.0
test,241.4,242.4,3,near_left,6,6,6,7,6.506559,6.0,6,0.0,0.396044,1.0
test,241.4,242.4,4,near_center,3,3,3,3,3.030419,3.0,3,0.0,0.110511,0.0
test,241.4,242.4,5,near_right,2,2,2,3,2.025692,2.0,2,0.0,0.183104,1.0
test,241.6,242.6,0,far_left,5,5,5,4,5.029571,5.029571,5,1.0,0.066779,1.029571
test,241.6,242.6,1,far_center,6,6,6,6,5.953733,6.0,6,0.0,0.217128,0.0
test,241.6,242.6,2,far_right,1,1,1,1,1.015575,1.0,1,0.0,0.103258,0.0
test,241.6,242.6,3,near_left,7,7,7,7,6.573287,7.0,7,0.0,0.46635,0.0
test,241.6,242.6,4,near_center,3,3,3,3,3.041927,3.0,3,0.0,0.100542,0.0
test,241.6,242.6,5,near_right,2,2,2,4,2.023505,2.0,2,0.0,0.179719,2.0
test,241.8,242.8,0,far_left,5,5,5,4,5.027464,5.027464,5,1.0,0.06932,1.027464
test,241.8,242.8,1,far_center,6,6,6,6,5.942415,6.0,6,0.0,0.217022,0.0
test,241.8,242.8,2,far_right,2,2,2,1,2.023269,2.0,2,0.0,0.116302,1.0
test,241.8,242.8,3,near_left,6,6,6,6,6.198048,6.0,6,0.0,0.377875,0.0
test,241.8,242.8,4,near_center,3,3,3,3,3.064887,3.0,3,0.0,0.103303,0.0
test,241.8,242.8,5,near_right,2,2,2,3,1.231492,2.0,2,0.0,0.428772,1.0
test,242.0,243.0,0,far_left,5,5,5,4,5.023772,5.023772,5,1.0,0.070409,1.023772
test,242.0,243.0,1,far_center,6,6,6,6,5.956993,6.0,6,0.0,0.211039,0.0
test,242.0,243.0,2,far_right,1,1,1,1,1.031413,1.0,1,0.0,0.110323,0.0
test,242.0,243.0,3,near_left,6,6,6,7,5.598125,6.0,6,0.0,0.421693,1.0
test,242.0,243.0,4,near_center,3,3,3,3,3.050253,3.0,3,0.0,0.108147,0.0
test,242.0,243.0,5,near_right,2,2,2,3,1.994199,2.0,2,0.0,0.300073,1.0
test,242.2,243.2,0,far_left,4,4,4,4,4.055521,4.055521,4,1.0,0.079441,0.055521
test,242.2,243.2,1,far_center,6,6,6,6,5.965638,6.0,6,0.0,0.205598,0.0
test,242.2,243.2,2,far_right,1,1,1,1,1.021267,1.0,1,0.0,0.114864,0.0
test,242.2,243.2,3,near_left,6,6,6,6,5.6121,6.0,6,0.0,0.390474,0.0
test,242.2,243.2,4,near_center,3,3,3,3,3.037243,3.0,3,0.0,0.119659,0.0
test,242.2,243.2,5,near_right,2,2,2,3,2.045613,2.0,2,0.0,0.250061,1.0
test,242.4,243.4,0,far_left,5,5,5,4,4.990939,4.990939,5,1.0,0.121851,0.990939
test,242.4,243.4,1,far_center,6,6,6,6,6.027151,6.0,6,0.0,0.20988,0.0
test,242.4,243.4,2,far_right,1,2,1,2,1.914811,2.0,2,0.0,0.115242,0.0
test,242.4,243.4,3,near_left,7,7,7,5,5.917422,7.0,7,0.0,0.532811,2.0
test,242.4,243.4,4,near_center,3,3,3,3,3.06717,3.0,3,0.0,0.126163,0.0
test,242.4,243.4,5,near_right,3,2,3,4,2.141369,2.0,2,0.0,0.223458,2.0
test,242.6,243.6,0,far_left,4,4,4,5,4.067998,4.067998,4,1.0,0.100798,0.932002
test,242.6,243.6,1,far_center,6,6,6,6,5.982301,6.0,6,0.0,0.208644,0.0
test,242.6,243.6,2,far_right,1,2,2,2,1.937145,2.0,2,0.0,0.113634,0.0
test,242.6,243.6,3,near_left,7,7,7,6,6.03808,7.0,7,0.0,0.511707,1.0
test,242.6,243.6,4,near_center,3,3,3,3,3.087991,3.0,3,0.0,0.132861,0.0
test,242.6,243.6,5,near_right,4,3,3,3,2.527987,3.0,3,0.0,0.469632,0.0
test,242.8,243.8,0,far_left,4,4,4,5,4.036065,4.036065,4,1.0,0.095236,0.963935
test,242.8,243.8,1,far_center,6,6,6,5,5.969535,6.0,6,0.0,0.206066,1.0
test,242.8,243.8,2,far_right,1,2,2,2,1.899799,2.0,2,0.0,0.121518,0.0
test,242.8,243.8,3,near_left,6,6,6,5,6.024986,6.0,6,0.0,0.403519,1.0
test,242.8,243.8,4,near_center,3,3,3,3,3.034437,3.0,3,0.0,0.139205,0.0
test,242.8,243.8,5,near_right,3,2,2,3,2.356609,2.0,2,0.0,0.334273,1.0
test,243.0,244.0,0,far_left,4,4,4,4,4.044047,4.044047,4,1.0,0.093086,0.044047
test,243.0,244.0,1,far_center,6,6,6,5,5.981023,6.0,6,0.0,0.204407,1.0
test,243.0,244.0,2,far_right,1,2,2,2,1.883947,2.0,2,0.0,0.129889,0.0
test,243.0,244.0,3,near_left,7,7,7,5,6.308245,7.0,7,0.0,0.49464,2.0
test,243.0,244.0,4,near_center,3,3,3,3,3.037914,3.0,3,0.0,0.146466,0.0
test,243.0,244.0,5,near_right,3,2,2,4,2.441321,2.0,2,0.0,0.328831,2.0
test,243.2,244.2,0,far_left,4,4,4,4,4.038744,4.038744,4,1.0,0.09574,0.038744
test,243.2,244.2,1,far_center,6,6,6,5,5.967736,6.0,6,0.0,0.205151,1.0
test,243.2,244.2,2,far_right,1,2,2,2,1.88046,2.0,2,0.0,0.134192,0.0
test,243.2,244.2,3,near_left,6,6,6,5,5.771747,6.0,6,0.0,0.429269,1.0
test,243.2,244.2,4,near_center,3,3,3,3,3.026525,3.0,3,0.0,0.152722,0.0
test,243.2,244.2,5,near_right,3,2,2,4,2.423302,2.0,2,0.0,0.320633,2.0
test,243.4,244.4,0,far_left,4,4,4,5,4.027766,4.027766,4,1.0,0.099105,0.972234
test,243.4,244.4,1,far_center,6,6,6,6,5.9115,6.0,6,0.0,0.216678,0.0
test,243.4,244.4,2,far_right,2,2,2,2,2.028889,2.0,2,0.0,0.139234,0.0
test,243.4,244.4,3,near_left,5,5,5,4,5.611217,5.0,5,0.0,0.374261,1.0
test,243.4,244.4,4,near_center,3,3,3,3,3.041335,3.0,3,0.0,0.152412,0.0
test,243.4,244.4,5,near_right,4,4,4,3,3.522806,4.0,4,0.0,0.407643,1.0
test,243.6,244.6,0,far_left,5,5,5,4,4.903974,4.903974,5,1.0,0.147919,0.903974
test,243.6,244.6,1,far_center,6,6,6,6,5.914041,6.0,6,0.0,0.230222,0.0
test,243.6,244.6,2,far_right,2,2,2,2,2.020648,2.0,2,0.0,0.141056,0.0
test,243.6,244.6,3,near_left,6,6,6,6,6.118597,6.0,6,0.0,0.390495,0.0
test,243.6,244.6,4,near_center,3,3,3,3,3.037011,3.0,3,0.0,0.157605,0.0
test,243.6,244.6,5,near_right,3,3,3,4,3.023664,3.0,3,0.0,0.339519,1.0
test,243.8,244.8,0,far_left,5,5,5,4,4.9883,4.9883,5,1.0,0.099737,0.9883
test,243.8,244.8,1,far_center,5,5,5,6,5.104043,5.0,5,0.0,0.207045,1.0
test,243.8,244.8,2,far_right,2,2,2,2,1.99643,2.0,2,0.0,0.142928,0.0
test,243.8,244.8,3,near_left,5,5,5,5,5.5712,5.0,5,0.0,0.349241,0.0
test,243.8,244.8,4,near_center,3,3,3,3,2.999733,3.0,3,0.0,0.156433,0.0
test,243.8,244.8,5,near_right,3,3,3,4,3.033949,3.0,3,0.0,0.317887,1.0
test,244.0,245.0,0,far_left,4,4,4,4,4.048912,4.048912,4,1.0,0.097206,0.048912
test,244.0,245.0,1,far_center,5,5,5,6,5.069664,5.0,5,0.0,0.194169,1.0
test,244.0,245.0,2,far_right,2,2,2,2,1.998474,2.0,2,0.0,0.143925,0.0
test,244.0,245.0,3,near_left,5,5,5,5,5.418409,5.0,5,0.0,0.332575,0.0
test,244.0,245.0,4,near_center,3,3,3,3,3.002953,3.0,3,0.0,0.162831,0.0
test,244.0,245.0,5,near_right,4,4,4,4,3.895332,4.0,4,0.0,0.28632,0.0
test,244.2,245.2,0,far_left,4,4,4,4,4.0276,4.0276,4,1.0,0.099471,0.0276
test,244.2,245.2,1,far_center,5,5,5,6,5.051195,5.0,5,0.0,0.191174,1.0
test,244.2,245.2,2,far_right,2,2,2,2,2.02237,2.0,2,0.0,0.142982,0.0
test,244.2,245.2,3,near_left,5,5,5,5,4.928492,5.0,5,0.0,0.364188,0.0
test,244.2,245.2,4,near_center,3,3,3,3,3.039943,3.0,3,0.0,0.171267,0.0
test,244.2,245.2,5,near_right,4,4,4,4,3.567788,4.0,4,0.0,0.365652,0.0
test,244.4,245.4,0,far_left,5,5,5,4,4.970333,4.970333,5,1.0,0.113496,0.970333
test,244.4,245.4,1,far_center,6,6,6,6,5.62774,6.0,6,0.0,0.298476,0.0
test,244.4,245.4,2,far_right,2,2,2,2,2.035608,2.0,2,0.0,0.137781,0.0
test,244.4,245.4,3,near_left,4,4,4,6,4.506267,4.0,4,0.0,0.32939,2.0
test,244.4,245.4,4,near_center,3,3,3,3,3.037637,3.0,3,0.0,0.168615,0.0
test,244.4,245.4,5,near_right,3,3,3,4,3.02959,3.0,3,0.0,0.294689,1.0
test,244.6,245.6,0,far_left,4,4,4,3,4.054633,4.054633,4,1.0,0.088454,1.054633
test,244.6,245.6,1,far_center,6,6,6,6,5.792391,6.0,6,0.0,0.268897,0.0
test,244.6,245.6,2,far_right,2,2,2,2,2.023429,2.0,2,0.0,0.141877,0.0
test,244.6,245.6,3,near_left,6,6,6,5,5.582593,6.0,6,0.0,0.453471,1.0
test,244.6,245.6,4,near_center,3,3,3,3,3.039686,3.0,3,0.0,0.174839,0.0
test,244.6,245.6,5,near_right,4,4,4,4,3.914608,4.0,4,0.0,0.275753,0.0
test,244.8,245.8,0,far_left,4,4,4,3,4.034936,4.034936,4,1.0,0.085336,1.034936
test,244.8,245.8,1,far_center,6,6,6,6,5.853125,6.0,6,0.0,0.248071,0.0
test,244.8,245.8,2,far_right,2,2,2,2,2.013311,2.0,2,0.0,0.143873,0.0
test,244.8,245.8,3,near_left,5,5,5,6,5.406165,5.0,5,0.0,0.363283,1.0
test,244.8,245.8,4,near_center,3,3,3,3,3.013981,3.0,3,0.0,0.174367,0.0
test,244.8,245.8,5,near_right,4,4,4,4,3.983526,4.0,4,0.0,0.264738,0.0
test,245.0,246.0,0,far_left,4,4,4,4,4.031895,4.031895,4,1.0,0.088253,0.031895
test,245.0,246.0,1,far_center,6,6,6,6,5.897593,6.0,6,0.0,0.235634,0.0
test,245.0,246.0,2,far_right,2,2,2,2,2.00194,2.0,2,0.0,0.147328,0.0
test,245.0,246.0,3,near_left,5,5,5,6,5.222785,5.0,5,0.0,0.316689,1.0
test,245.0,246.0,4,near_center,3,3,3,3,3.010878,3.0,3,0.0,0.176534,0.0
test,245.0,246.0,5,near_right,4,4,4,4,4.003635,4.0,4,0.0,0.265949,0.0
test,245.2,246.2,0,far_left,4,4,4,4,4.030877,4.030877,4,1.0,0.09122,0.030877
test,245.2,246.2,1,far_center,6,6,6,6,5.837379,6.0,6,0.0,0.241838,0.0
test,245.2,246.2,2,far_right,2,2,2,1,1.999064,2.0,2,0.0,0.1504,1.0
test,245.2,246.2,3,near_left,5,5,5,6,5.146335,5.0,5,0.0,0.28059,1.0
test,245.2,246.2,4,near_center,3,3,3,3,3.020631,3.0,3,0.0,0.179328,0.0
test,245.2,246.2,5,near_right,4,4,4,4,4.009043,4.0,4,0.0,0.262861,0.0
test,245.4,246.4,0,far_left,4,4,4,3,3.974392,3.974392,4,1.0,0.114724,0.974392
test,245.4,246.4,1,far_center,6,6,6,5,6.006767,6.0,6,0.0,0.226852,1.0
test,245.4,246.4,2,far_right,2,2,2,1,1.977625,2.0,2,0.0,0.154143,1.0
test,245.4,246.4,3,near_left,6,6,6,5,5.622489,6.0,6,0.0,0.382515,1.0
test,245.4,246.4,4,near_center,3,3,3,3,3.039664,3.0,3,0.0,0.180573,0.0
test,245.4,246.4,5,near_right,4,4,4,4,4.016726,4.0,4,0.0,0.26833,0.0
test,245.6,246.6,0,far_left,3,3,3,3,3.060124,3.060124,3,1.0,0.106842,0.060124
test,245.6,246.6,1,far_center,6,6,6,5,6.031169,6.0,6,0.0,0.210225,1.0
test,245.6,246.6,2,far_right,2,2,2,1,1.963938,2.0,2,0.0,0.147575,1.0
test,245.6,246.6,3,near_left,5,5,5,5,5.203252,5.0,5,0.0,0.268359,0.0
test,245.6,246.6,4,near_center,3,3,3,3,3.003215,3.0,3,0.0,0.17929,0.0
test,245.6,246.6,5,near_right,4,4,4,4,4.006577,4.0,4,0.0,0.256641,0.0
test,245.8,246.8,0,far_left,3,3,3,4,3.068929,3.068929,3,1.0,0.115163,0.931071
test,245.8,246.8,1,far_center,6,6,6,5,6.04729,6.0,6,0.0,0.205665,1.0
test,245.8,246.8,2,far_right,2,2,2,1,1.940158,2.0,2,0.0,0.159241,1.0
test,245.8,246.8,3,near_left,6,6,6,5,5.393216,6.0,6,0.0,0.44674,1.0
test,245.8,246.8,4,near_center,3,3,3,3,3.032577,3.0,3,0.0,0.183918,0.0
test,245.8,246.8,5,near_right,4,4,4,4,4.026034,4.0,4,0.0,0.267088,0.0
test,246.0,247.0,0,far_left,4,4,4,4,4.005191,4.005191,4,1.0,0.119794,0.005191
test,246.0,247.0,1,far_center,6,6,6,6,6.102631,6.0,6,0.0,0.201844,0.0
test,246.0,247.0,2,far_right,2,2,2,1,1.261986,2.0,2,0.0,0.398568,1.0
test,246.0,247.0,3,near_left,6,6,7,5,5.73662,6.0,6,0.0,0.342946,1.0
test,246.0,247.0,4,near_center,3,4,3,3,3.845177,4.0,4,0.0,0.183635,1.0
test,246.0,247.0,5,near_right,4,3,3,4,3.354391,3.0,3,0.0,0.276077,1.0
test,246.2,247.2,0,far_left,4,4,4,3,3.910553,3.910553,4,1.0,0.158222,0.910553
test,246.2,247.2,1,far_center,6,6,6,6,5.864872,6.0,6,0.0,0.244678,0.0
test,246.2,247.2,2,far_right,1,1,1,1,1.007385,1.0,1,0.0,0.214897,0.0
test,246.2,247.2,3,near_left,6,6,7,5,5.566101,6.0,6,0.0,0.37227,1.0
test,246.2,247.2,4,near_center,3,4,3,3,3.870504,4.0,4,0.0,0.18241,1.0
test,246.2,247.2,5,near_right,4,3,3,4,3.328966,3.0,3,0.0,0.271161,1.0
test,246.4,247.4,0,far_left,3,3,3,3,3.046225,3.046225,3,1.0,0.112688,0.046225
test,246.4,247.4,1,far_center,5,5,5,5,5.137194,5.0,5,0.0,0.21707,0.0
test,246.4,247.4,2,far_right,1,1,1,1,1.001012,1.0,1,0.0,0.144028,0.0
test,246.4,247.4,3,near_left,5,5,6,5,5.231007,5.0,5,0.0,0.268433,0.0
test,246.4,247.4,4,near_center,3,4,3,2,3.809722,4.0,4,0.0,0.172513,2.0
test,246.4,247.4,5,near_right,4,3,3,4,3.300653,3.0,3,0.0,0.2719,1.0
test,246.6,247.6,0,far_left,3,3,3,3,3.034782,3.034782,3,1.0,0.120495,0.034782
test,246.6,247.6,1,far_center,5,4,4,4,4.343352,4.0,4,0.0,0.207459,0.0
test,246.6,247.6,2,far_right,1,1,1,1,1.004627,1.0,1,0.0,0.12553,0.0
test,246.6,247.6,3,near_left,5,5,6,5,5.165272,5.0,5,0.0,0.227284,0.0
test,246.6,247.6,4,near_center,3,5,4,3,4.624971,5.0,5,0.0,0.175637,2.0
test,246.6,247.6,5,near_right,4,3,3,4,3.30288,3.0,3,0.0,0.272935,1.0
test,246.8,247.8,0,far_left,4,3,3,4,3.113276,3.113276,3,1.0,0.109758,0.886724
test,246.8,247.8,1,far_center,5,4,4,3,4.33064,4.0,4,0.0,0.206556,1.0
test,246.8,247.8,2,far_right,1,1,1,1,1.010185,1.0,1,0.0,0.125038,0.0
test,246.8,247.8,3,near_left,5,5,6,5,5.140739,5.0,5,0.0,0.20153,0.0
test,246.8,247.8,4,near_center,3,6,5,5,5.462952,6.0,6,0.0,0.173248,1.0
test,246.8,247.8,5,near_right,4,3,3,3,3.309701,3.0,3,0.0,0.279012,0.0
test,247.0,248.0,0,far_left,4,3,3,2,2.913644,2.913644,3,1.0,0.19706,0.913644
test,247.0,248.0,1,far_center,6,5,5,4,5.270205,5.0,5,0.0,0.223598,1.0
test,247.0,248.0,2,far_right,1,1,1,1,1.02514,1.0,1,0.0,0.124649,0.0
test,247.0,248.0,3,near_left,5,5,6,5,5.1545,5.0,5,0.0,0.203882,0.0
test,247.0,248.0,4,near_center,3,6,5,5,5.503972,6.0,6,0.0,0.166692,1.0
test,247.0,248.0,5,near_right,4,3,3,3,3.319721,3.0,3,0.0,0.283839,0.0
test,247.2,248.2,0,far_left,3,2,2,2,2.227932,2.227932,2,1.0,0.14076,0.227932
test,247.2,248.2,1,far_center,6,5,5,4,5.189425,5.0,5,0.0,0.239691,1.0
test,247.2,248.2,2,far_right,1,1,1,2,1.033495,1.0,1,0.0,0.128527,1.0
test,247.2,248.2,3,near_left,5,5,6,5,5.156978,5.0,5,0.0,0.219489,0.0
test,247.2,248.2,4,near_center,3,6,5,5,5.02598,6.0,6,0.0,0.242655,1.0
test,247.2,248.2,5,near_right,4,3,3,3,3.342308,3.0,3,0.0,0.277414,0.0
test,247.4,248.4,0,far_left,3,2,2,3,2.233691,2.233691,2,1.0,0.142929,0.766309
test,247.4,248.4,1,far_center,5,4,4,4,4.340018,4.0,4,0.0,0.231151,0.0
test,247.4,248.4,2,far_right,1,1,1,2,1.011314,1.0,1,0.0,0.135299,1.0
test,247.4,248.4,3,near_left,5,5,5,6,5.011196,5.0,5,0.0,0.262894,1.0
test,247.4,248.4,4,near_center,2,5,5,5,4.585091,5.0,5,0.0,0.148602,0.0
test,247.4,248.4,5,near_right,4,3,3,3,3.322458,3.0,3,0.0,0.291426,0.0
test,247.6,248.6,0,far_left,3,2,2,3,2.230259,2.230259,2,1.0,0.148977,0.769741
test,247.6,248.6,1,far_center,4,4,4,4,4.090609,4.0,4,0.0,0.226973,0.0
test,247.6,248.6,2,far_right,1,1,1,2,1.011656,1.0,1,0.0,0.140021,1.0
test,247.6,248.6,3,near_left,5,5,5,6,5.116539,5.0,5,0.0,0.268359,1.0
test,247.6,248.6,4,near_center,3,4,5,5,3.873458,4.0,4,0.0,0.139016,1.0
test,247.6,248.6,5,near_right,4,4,3,3,4.015097,4.0,4,0.0,0.279786,1.0
test,247.8,248.8,0,far_left,4,3,3,3,3.16129,3.16129,3,1.0,0.139098,0.16129
test,247.8,248.8,1,far_center,3,4,4,4,3.873381,4.0,4,0.0,0.205325,0.0
test,247.8,248.8,2,far_right,1,1,1,2,1.024834,1.0,1,0.0,0.146074,1.0
test,247.8,248.8,3,near_left,5,5,5,7,5.038939,5.0,5,0.0,0.255874,2.0
test,247.8,248.8,4,near_center,5,4,5,5,4.130183,4.0,4,0.0,0.159247,1.0
test,247.8,248.8,5,near_right,3,4,3,2,3.720114,4.0,4,0.0,0.267768,2.0
test,248.0,249.0,0,far_left,2,2,2,3,2.106782,2.106782,2,1.0,0.137887,0.893218
test,248.0,249.0,1,far_center,4,4,4,4,3.97947,4.0,4,0.0,0.224346,0.0
test,248.0,249.0,2,far_right,1,1,1,2,1.023859,1.0,1,0.0,0.144941,1.0
test,248.0,249.0,3,near_left,5,5,5,6,4.706079,5.0,5,0.0,0.369077,1.0
test,248.0,249.0,4,near_center,5,4,4,5,4.171443,4.0,4,0.0,0.162542,1.0
test,248.0,249.0,5,near_right,3,4,4,1,3.730586,4.0,4,0.0,0.264759,3.0
test,248.2,249.2,0,far_left,2,2,2,3,2.070786,2.070786,2,1.0,0.135396,0.929214
test,248.2,249.2,1,far_center,4,4,4,4,4.027198,4.0,4,0.0,0.219548,0.0
test,248.2,249.2,2,far_right,2,2,2,2,1.984806,2.0,2,0.0,0.146837,0.0
test,248.2,249.2,3,near_left,5,5,5,6,4.913637,5.0,5,0.0,0.349141,1.0
test,248.2,249.2,4,near_center,5,4,5,5,4.186757,4.0,4,0.0,0.165605,1.0
test,248.2,249.2,5,near_right,3,4,3,1,3.746625,4.0,4,0.0,0.245927,3.0
test,248.4,249.4,0,far_left,3,4,3,3,3.890653,3.890653,4,1.0,0.123041,0.890653
test,248.4,249.4,1,far_center,4,4,4,4,4.07034,4.0,4,0.0,0.217222,0.0
test,248.4,249.4,2,far_right,2,2,2,2,2.00617,2.0,2,0.0,0.131485,0.0
test,248.4,249.4,3,near_left,6,5,6,6,4.950315,5.0,5,0.0,0.429479,1.0
test,248.4,249.4,4,near_center,5,5,5,5,4.990266,5.0,5,0.0,0.172011,0.0
test,248.4,249.4,5,near_right,3,3,3,2,2.99283,3.0,3,0.0,0.244356,1.0
test,248.6,249.6,0,far_left,3,4,4,4,3.90088,3.90088,4,1.0,0.108245,0.09912
test,248.6,249.6,1,far_center,4,4,4,4,4.06053,4.0,4,0.0,0.223398,0.0
test,248.6,249.6,2,far_right,2,2,2,2,2.040853,2.0,2,0.0,0.121621,0.0
test,248.6,249.6,3,near_left,6,5,5,5,5.204852,5.0,5,0.0,0.411607,0.0
test,248.6,249.6,4,near_center,5,5,5,5,5.020804,5.0,5,0.0,0.159123,0.0
test,248.6,249.6,5,near_right,3,3,3,2,2.380282,3.0,3,0.0,0.409917,1.0
test,248.8,249.8,0,far_left,3,4,4,3,3.939753,3.939753,4,1.0,0.092471,0.939753
test,248.8,249.8,1,far_center,4,4,4,4,4.072477,4.0,4,0.0,0.224567,0.0
test,248.8,249.8,2,far_right,2,2,2,2,2.047085,2.0,2,0.0,0.121338,0.0
test,248.8,249.8,3,near_left,7,6,6,5,5.532447,6.0,6,0.0,0.525124,1.0
test,248.8,249.8,4,near_center,5,5,5,5,5.054302,5.0,5,0.0,0.144594,0.0
test,248.8,249.8,5,near_right,2,2,2,2,1.248623,2.0,2,0.0,0.427981,0.0
test,249.0,250.0,0,far_left,3,4,4,4,3.93958,3.93958,4,1.0,0.084811,0.06042
test,249.0,250.0,1,far_center,4,5,5,5,4.79094,5.0,5,0.0,0.229885,0.0
test,249.0,250.0,2,far_right,2,2,2,2,2.019172,2.0,2,0.0,0.128788,0.0
test,249.0,250.0,3,near_left,6,5,5,4,5.601599,5.0,5,0.0,0.354144,1.0
test,249.0,250.0,4,near_center,5,4,4,4,4.147766,4.0,4,0.0,0.127496,0.0
test,249.0,250.0,5,near_right,1,1,1,2,0.993051,1.0,1,0.0,0.277609,1.0
test,249.2,250.2,0,far_left,3,4,4,4,3.932214,3.932214,4,1.0,0.08371,0.067786
test,249.2,250.2,1,far_center,4,5,5,5,4.795584,5.0,5,0.0,0.233309,0.0
test,249.2,250.2,2,far_right,2,2,2,2,2.00953,2.0,2,0.0,0.133065,0.0
test,249.2,250.2,3,near_left,6,5,6,5,5.483579,5.0,5,0.0,0.348369,0.0
test,249.2,250.2,4,near_center,5,4,3,4,4.148892,4.0,4,0.0,0.138437,0.0
test,249.2,250.2,5,near_right,1,1,1,2,1.039958,1.0,1,0.0,0.224569,1.0
test,249.4,250.4,0,far_left,3,4,4,3,3.935308,3.935308,4,1.0,0.086134,0.935308
test,249.4,250.4,1,far_center,4,5,5,5,4.79224,5.0,5,0.0,0.236391,0.0
test,249.4,250.4,2,far_right,2,2,2,2,2.020921,2.0,2,0.0,0.132027,0.0
test,249.4,250.4,3,near_left,6,5,6,5,5.430487,5.0,5,0.0,0.330863,0.0
test,249.4,250.4,4,near_center,5,4,3,3,4.168456,4.0,4,0.0,0.151606,1.0
test,249.4,250.4,5,near_right,2,2,2,2,1.967242,2.0,2,0.0,0.179496,0.0
test,249.6,250.6,0,far_left,4,4,4,3,3.906198,3.906198,4,1.0,0.138102,0.906198
test,249.6,250.6,1,far_center,4,5,5,5,4.811698,5.0,5,0.0,0.2392,0.0
test,249.6,250.6,2,far_right,2,2,2,2,2.018961,2.0,2,0.0,0.133008,0.0
test,249.6,250.6,3,near_left,5,5,6,5,5.076891,5.0,5,0.0,0.274511,0.0
test,249.6,250.6,4,near_center,5,4,3,3,4.189842,4.0,4,0.0,0.166571,1.0
test,249.6,250.6,5,near_right,2,2,2,1,1.997118,2.0,2,0.0,0.157939,1.0
test,249.8,250.8,0,far_left,3,3,3,4,3.073327,3.073327,3,1.0,0.109524,0.926673
test,249.8,250.8,1,far_center,4,5,5,5,4.765422,5.0,5,0.0,0.239124,0.0
test,249.8,250.8,2,far_right,2,2,2,2,2.01385,2.0,2,0.0,0.134794,0.0
test,249.8,250.8,3,near_left,5,5,6,5,5.00488,5.0,5,0.0,0.259563,0.0
test,249.8,250.8,4,near_center,5,4,3,3,4.19012,4.0,4,0.0,0.179065,1.0
test,249.8,250.8,5,near_right,2,2,2,0,2.004586,2.0,2,0.0,0.159087,2.0
test,250.0,251.0,0,far_left,4,4,4,3,4.01362,4.01362,4,1.0,0.094984,1.01362
test,250.0,251.0,1,far_center,5,5,5,5,4.872689,5.0,5,0.0,0.271773,0.0
test,250.0,251.0,2,far_right,2,2,2,2,2.012679,2.0,2,0.0,0.135107,0.0
test,250.0,251.0,3,near_left,4,4,5,5,4.225615,4.0,4,0.0,0.23711,1.0
test,250.0,251.0,4,near_center,4,4,3,3,4.018914,4.0,4,0.0,0.18117,1.0
test,250.0,251.0,5,near_right,2,2,2,0,2.014254,2.0,2,0.0,0.155018,2.0
test,250.2,251.2,0,far_left,4,4,4,3,4.038142,4.038142,4,1.0,0.087463,1.038142
test,250.2,251.2,1,far_center,5,6,6,5,5.69446,6.0,6,0.0,0.264375,1.0
test,250.2,251.2,2,far_right,2,1,1,2,1.164558,1.0,1,0.0,0.138347,1.0
test,250.2,251.2,3,near_left,5,5,6,4,4.424501,5.0,5,0.0,0.462265,1.0
test,250.2,251.2,4,near_center,4,4,3,3,4.013933,4.0,4,0.0,0.181296,1.0
test,250.2,251.2,5,near_right,2,2,2,0,2.015366,2.0,2,0.0,0.15792,2.0
test,250.4,251.4,0,far_left,3,3,3,3,3.084021,3.084021,3,1.0,0.096083,0.084021
test,250.4,251.4,1,far_center,5,7,6,7,6.460789,7.0,7,0.0,0.252987,0.0
test,250.4,251.4,2,far_right,2,1,1,2,1.202706,1.0,1,0.0,0.139677,1.0
test,250.4,251.4,3,near_left,5,4,5,5,4.220579,4.0,4,0.0,0.411208,1.0
test,250.4,251.4,4,near_center,3,3,3,3,3.112172,3.0,3,0.0,0.179437,0.0
test,250.4,251.4,5,near_right,2,2,2,0,0.960719,2.0,2,0.0,0.519641,2.0
test,250.6,251.6,0,far_left,3,3,3,4,3.067958,3.067958,3,1.0,0.103034,0.932042
test,250.6,251.6,1,far_center,5,7,7,7,6.431265,7.0,7,0.0,0.256013,0.0
test,250.6,251.6,2,far_right,2,1,1,2,1.216551,1.0,1,0.0,0.140557,1.0
test,250.6,251.6,3,near_left,5,5,5,5,4.76425,5.0,5,0.0,0.412367,0.0
test,250.6,251.6,4,near_center,3,2,2,2,2.309261,2.0,2,0.0,0.186163,0.0
test,250.6,251.6,5,near_right,1,1,1,0,0.324123,1.0,1,0.0,0.675877,1.0
test,250.8,251.8,0,far_left,4,4,4,4,3.725146,3.725146,4,1.0,0.228492,0.274854
test,250.8,251.8,1,far_center,5,7,7,8,6.490162,7.0,7,0.0,0.258077,1.0
test,250.8,251.8,2,far_right,2,1,1,2,1.207605,1.0,1,0.0,0.15445,1.0
test,250.8,251.8,3,near_left,5,5,5,4,4.909202,5.0,5,0.0,0.359406,1.0
test,250.8,251.8,4,near_center,3,2,2,2,2.297094,2.0,2,0.0,0.205716,0.0
test,250.8,251.8,5,near_right,0,0,0,0,0.0,0.0,0,0.0,0.36584,0.0
test,251.0,252.0,0,far_left,3,3,3,3,3.081703,3.081703,3,1.0,0.13604,0.081703
test,251.0,252.0,1,far_center,5,7,7,7,6.454185,7.0,7,0.0,0.251611,0.0
test,251.0,252.0,2,far_right,2,1,1,1,1.19283,1.0,1,0.0,0.159165,0.0
test,251.0,252.0,3,near_left,5,5,5,4,4.991122,5.0,5,0.0,0.336319,1.0
test,251.0,252.0,4,near_center,3,2,2,2,2.284777,2.0,2,0.0,0.216424,0.0
test,251.0,252.0,5,near_right,0,0,0,0,0.010076,0.0,0,0.0,0.189359,0.0
test,251.2,252.2,0,far_left,3,3,3,3,3.088544,3.088544,3,1.0,0.138958,0.088544
test,251.2,252.2,1,far_center,5,7,7,7,6.414353,7.0,7,0.0,0.253195,0.0
test,251.2,252.2,2,far_right,2,1,1,1,1.201235,1.0,1,0.0,0.163743,0.0
test,251.2,252.2,3,near_left,4,4,4,4,4.272526,4.0,4,0.0,0.285783,0.0
test,251.2,252.2,4,near_center,3,2,2,2,2.282203,2.0,2,0.0,0.227844,0.0
test,251.2,252.2,5,near_right,0,0,0,0,0.014765,0.0,0,0.0,0.116823,0.0
test,251.4,252.4,0,far_left,3,3,3,3,3.088697,3.088697,3,1.0,0.123298,0.088697
test,251.4,252.4,1,far_center,7,8,8,7,6.490319,8.0,8,0.0,0.478768,1.0
test,251.4,252.4,2,far_right,2,2,2,1,1.779039,2.0,2,0.0,0.27858,1.0
test,251.4,252.4,3,near_left,5,5,5,3,4.930067,5.0,5,0.0,0.289133,2.0
test,251.4,252.4,4,near_center,3,2,2,2,2.332499,2.0,2,0.0,0.231051,0.0
test,251.4,252.4,5,near_right,0,0,0,0,0.046163,0.0,0,0.0,0.097287,0.0
test,251.6,252.6,0,far_left,4,4,4,4,4.000072,4.000072,4,1.0,0.118792,7.2e-05
test,251.6,252.6,1,far_center,7,7,7,5,6.600747,7.0,7,0.0,0.374558,2.0
test,251.6,252.6,2,far_right,2,2,2,1,1.917972,2.0,2,0.0,0.194697,1.0
test,251.6,252.6,3,near_left,5,5,5,3,5.047775,5.0,5,0.0,0.198401,2.0
test,251.6,252.6,4,near_center,2,2,2,3,2.059983,2.0,2,0.0,0.238397,1.0
test,251.6,252.6,5,near_right,0,0,0,0,0.040151,0.0,0,0.0,0.092297,0.0
test,251.8,252.8,0,far_left,4,4,4,4,3.990254,3.990254,4,1.0,0.091565,0.009746
test,251.8,252.8,1,far_center,8,6,6,4,6.197464,6.0,6,0.0,0.381353,2.0
test,251.8,252.8,2,far_right,2,2,2,1,2.007812,2.0,2,0.0,0.113317,1.0
test,251.8,252.8,3,near_left,4,4,4,3,4.196218,4.0,4,0.0,0.196392,1.0
test,251.8,252.8,4,near_center,2,4,4,4,3.599654,4.0,4,0.0,0.219287,0.0
test,251.8,252.8,5,near_right,0,0,0,0,0.040848,0.0,0,0.0,0.09284,0.0
test,252.0,253.0,0,far_left,3,3,3,4,3.058077,3.058077,3,1.0,0.089322,0.941923
test,252.0,253.0,1,far_center,7,5,5,4,5.778652,5.0,5,0.0,0.304426,1.0
test,252.0,253.0,2,far_right,1,1,1,1,1.055667,1.0,1,0.0,0.094155,0.0
test,252.0,253.0,3,near_left,4,4,4,4,4.143975,4.0,4,0.0,0.197753,0.0
test,252.0,253.0,4,near_center,2,4,4,4,3.564767,4.0,4,0.0,0.212835,0.0
test,252.0,253.0,5,near_right,0,0,0,0,0.029391,0.0,0,0.0,0.09855,0.0
test,252.2,253.2,0,far_left,3,3,3,4,3.000508,3.000508,3,1.0,0.086773,0.999492
test,252.2,253.2,1,far_center,7,5,5,4,5.751042,5.0,5,0.0,0.273188,1.0
test,252.2,253.2,2,far_right,1,1,0,1,1.051941,1.0,1,0.0,0.118406,0.0
test,252.2,253.2,3,near_left,4,4,4,4,4.061224,4.0,4,0.0,0.234658,0.0
test,252.2,253.2,4,near_center,2,4,4,4,3.56846,4.0,4,0.0,0.21395,0.0
test,252.2,253.2,5,near_right,0,0,1,0,0.030501,0.0,0,0.0,0.10934,0.0
test,252.4,253.4,0,far_left,3,3,3,4,3.034732,3.034732,3,1.0,0.089875,0.965268
test,252.4,253.4,1,far_center,7,5,5,5,5.612126,5.0,5,0.0,0.254019,0.0
test,252.4,253.4,2,far_right,1,1,1,1,1.050491,1.0,1,0.0,0.139734,0.0
test,252.4,253.4,3,near_left,3,3,3,4,3.229582,3.0,3,0.0,0.235856,1.0
test,252.4,253.4,4,near_center,2,4,4,4,3.573177,4.0,4,0.0,0.213016,0.0
test,252.4,253.4,5,near_right,0,0,0,1,0.026537,0.0,0,0.0,0.11407,1.0
test,252.6,253.6,0,far_left,4,4,4,3,3.998884,3.998884,4,1.0,0.093095,0.998884
test,252.6,253.6,1,far_center,5,4,4,5,4.432739,4.0,4,0.0,0.248472,1.0
test,252.6,253.6,2,far_right,1,1,1,1,1.011308,1.0,1,0.0,0.138635,0.0
test,252.6,253.6,3,near_left,3,3,3,4,3.200538,3.0,3,0.0,0.218469,1.0
test,252.6,253.6,4,near_center,3,4,4,4,3.750522,4.0,4,0.0,0.222804,0.0
test,252.6,253.6,5,near_right,0,0,0,1,0.025621,0.0,0,0.0,0.121073,1.0
test,252.8,253.8,0,far_left,4,4,4,3,4.016118,4.016118,4,1.0,0.11613,1.016118
test,252.8,253.8,1,far_center,4,4,4,5,4.171597,4.0,4,0.0,0.228289,1.0
test,252.8,253.8,2,far_right,1,1,0,1,0.532062,1.0,1,0.0,0.467938,0.0
test,252.8,253.8,3,near_left,3,3,3,4,3.090418,3.0,3,0.0,0.171745,1.0
test,252.8,253.8,4,near_center,4,4,4,4,3.963752,4.0,4,0.0,0.248443,0.0
test,252.8,253.8,5,near_right,0,0,1,2,0.050674,0.0,0,0.0,0.134015,2.0
test,253.0,254.0,0,far_left,4,4,4,3,4.027613,4.027613,4,1.0,0.124782,1.027613
test,253.0,254.0,1,far_center,4,4,4,5,4.092771,4.0,4,0.0,0.228982,1.0
test,253.0,254.0,2,far_right,1,0,1,1,0.274565,0.0,0,0.0,0.287583,1.0
test,253.0,254.0,3,near_left,4,4,4,5,4.004135,4.0,4,0.0,0.168597,1.0
test,253.0,254.0,4,near_center,4,4,4,4,3.991301,4.0,4,0.0,0.26258,0.0
test,253.0,254.0,5,near_right,0,1,0,2,0.903494,1.0,1,0.0,0.119683,1.0
test,253.2,254.2,0,far_left,4,4,4,4,4.026177,4.026177,4,1.0,0.147634,0.026177
test,253.2,254.2,1,far_center,4,4,4,5,4.028358,4.0,4,0.0,0.213365,1.0
test,253.2,254.2,2,far_right,1,1,0,0,1.08248,1.0,1,0.0,0.236168,1.0
test,253.2,254.2,3,near_left,4,4,4,5,4.047681,4.0,4,0.0,0.153384,1.0
test,253.2,254.2,4,near_center,4,4,4,4,3.980489,4.0,4,0.0,0.273653,0.0
test,253.2,254.2,5,near_right,0,0,1,3,0.016553,0.0,0,0.0,0.122509,3.0
test,253.4,254.4,0,far_left,4,4,4,4,4.01199,4.01199,4,1.0,0.166978,0.01199
test,253.4,254.4,1,far_center,5,5,5,5,4.811317,5.0,5,0.0,0.262591,0.0
test,253.4,254.4,2,far_right,1,1,0,0,1.090162,1.0,1,0.0,0.184207,1.0
test,253.4,254.4,3,near_left,4,4,4,4,4.058312,4.0,4,0.0,0.148026,0.0
test,253.4,254.4,4,near_center,4,4,4,4,4.013335,4.0,4,0.0,0.275661,0.0
test,253.4,254.4,5,near_right,1,1,2,3,0.983606,1.0,1,0.0,0.136159,2.0
test,253.6,254.6,0,far_left,3,3,3,5,3.06803,3.06803,3,1.0,0.181887,1.93197
test,253.6,254.6,1,far_center,5,5,5,5,4.920338,5.0,5,0.0,0.23067,0.0
test,253.6,254.6,2,far_right,1,1,0,0,1.066138,1.0,1,0.0,0.177759,1.0
test,253.6,254.6,3,near_left,4,4,4,5,4.057801,4.0,4,0.0,0.148782,1.0
test,253.6,254.6,4,near_center,4,4,4,4,3.97418,4.0,4,0.0,0.280869,0.0
test,253.6,254.6,5,near_right,1,1,2,3,1.010778,1.0,1,0.0,0.133107,2.0
test,253.8,254.8,0,far_left,3,3,3,4,3.040963,3.040963,3,1.0,0.189681,0.959037
test,253.8,254.8,1,far_center,5,5,5,5,4.955467,5.0,5,0.0,0.2178,0.0
test,253.8,254.8,2,far_right,1,1,0,0,1.054987,1.0,1,0.0,0.164673,1.0
test,253.8,254.8,3,near_left,4,4,4,4,4.05677,4.0,4,0.0,0.148828,0.0
test,253.8,254.8,4,near_center,4,4,4,4,3.973213,4.0,4,0.0,0.276506,0.0
test,253.8,254.8,5,near_right,2,2,3,3,1.997517,2.0,2,0.0,0.137075,1.0
test,254.0,255.0,0,far_left,3,3,3,4,3.043307,3.043307,3,1.0,0.17355,0.956693
test,254.0,255.0,1,far_center,5,5,5,5,4.972262,5.0,5,0.0,0.214,0.0
test,254.0,255.0,2,far_right,1,0,0,0,0.230318,0.0,0,0.0,0.171537,0.0
test,254.0,255.0,3,near_left,5,5,5,4,4.917401,5.0,5,0.0,0.244453,1.0
test,254.0,255.0,4,near_center,4,4,4,4,3.997195,4.0,4,0.0,0.266944,0.0
test,254.0,255.0,5,near_right,2,3,3,3,2.880834,3.0,3,0.0,0.136454,0.0
test,254.2,255.2,0,far_left,4,4,4,4,3.858318,3.858318,4,1.0,0.214266,0.141682
test,254.2,255.2,1,far_center,5,5,5,5,5.033799,5.0,5,0.0,0.23135,0.0
test,254.2,255.2,2,far_right,0,0,0,0,0.0,0.0,0,0.0,0.165878,0.0
test,254.2,255.2,3,near_left,5,5,5,5,4.940207,5.0,5,0.0,0.265486,0.0
test,254.2,255.2,4,near_center,4,4,4,4,3.952903,4.0,4,0.0,0.250096,0.0
test,254.2,255.2,5,near_right,3,3,3,3,3.046566,3.0,3,0.0,0.167792,0.0
test,254.4,255.4,0,far_left,4,4,4,4,3.967079,3.967079,4,1.0,0.173513,0.032921
test,254.4,255.4,1,far_center,5,5,5,5,4.992115,5.0,5,0.0,0.235164,0.0
test,254.4,255.4,2,far_right,0,0,0,0,0.0,0.0,0,0.0,0.15924,0.0
test,254.4,255.4,3,near_left,4,4,4,5,4.203806,4.0,4,0.0,0.21193,1.0
test,254.4,255.4,4,near_center,4,4,4,4,3.971101,4.0,4,0.0,0.231336,0.0
test,254.4,255.4,5,near_right,3,3,3,3,3.05589,3.0,3,0.0,0.194928,0.0
test,254.6,255.6,0,far_left,5,5,5,4,4.617493,4.617493,5,1.0,0.27011,0.617493
test,254.6,255.6,1,far_center,5,5,5,5,4.987168,5.0,5,0.0,0.249312,0.0
test,254.6,255.6,2,far_right,0,0,0,0,0.0,0.0,0,0.0,0.149016,0.0
test,254.6,255.6,3,near_left,5,5,5,5,5.027206,5.0,5,0.0,0.244377,0.0
test,254.6,255.6,4,near_center,4,4,4,4,4.010935,4.0,4,0.0,0.223336,0.0
test,254.6,255.6,5,near_right,3,3,3,3,3.05382,3.0,3,0.0,0.207911,0.0
test,254.8,255.8,0,far_left,4,4,4,6,3.99372,3.99372,4,1.0,0.197466,2.00628
test,254.8,255.8,1,far_center,5,5,5,5,5.00318,5.0,5,0.0,0.229597,0.0
test,254.8,255.8,2,far_right,0,0,0,0,0.0,0.0,0,0.0,0.138195,0.0
test,254.8,255.8,3,near_left,4,4,4,4,4.205142,4.0,4,0.0,0.207595,0.0
test,254.8,255.8,4,near_center,4,4,4,4,3.981145,4.0,4,0.0,0.223007,0.0
test,254.8,255.8,5,near_right,3,3,3,3,3.043103,3.0,3,0.0,0.215336,0.0
test,255.0,256.0,0,far_left,4,5,5,6,4.874056,4.874056,5,1.0,0.135093,1.125944
test,255.0,256.0,1,far_center,5,5,5,5,5.016652,5.0,5,0.0,0.225375,0.0
test,255.0,256.0,2,far_right,0,0,0,0,0.0,0.0,0,0.0,0.128395,0.0
test,255.0,256.0,3,near_left,4,3,3,4,3.403125,3.0,3,0.0,0.203955,1.0
test,255.0,256.0,4,near_center,4,4,4,4,3.966124,4.0,4,0.0,0.213045,0.0
test,255.0,256.0,5,near_right,3,3,3,3,3.061395,3.0,3,0.0,0.224006,0.0
test,255.2,256.2,0,far_left,4,5,5,6,4.896582,4.896582,5,1.0,0.116204,1.103418
test,255.2,256.2,1,far_center,5,5,5,6,5.00618,5.0,5,0.0,0.226477,1.0
test,255.2,256.2,2,far_right,0,0,0,0,0.0,0.0,0,0.0,0.120986,0.0
test,255.2,256.2,3,near_left,5,4,4,4,4.268595,4.0,4,0.0,0.183521,0.0
test,255.2,256.2,4,near_center,4,4,4,4,3.984913,4.0,4,0.0,0.215447,0.0
test,255.2,256.2,5,near_right,3,3,3,4,3.036874,3.0,3,0.0,0.218768,1.0
test,255.4,256.4,0,far_left,4,5,5,6,4.877324,4.877324,5,1.0,0.105466,1.122676
test,255.4,256.4,1,far_center,5,5,5,6,5.040205,5.0,5,0.0,0.225189,1.0
test,255.4,256.4,2,far_right,0,0,0,0,0.0,0.0,0,0.0,0.113501,0.0
test,255.4,256.4,3,near_left,5,4,4,4,4.274222,4.0,4,0.0,0.167084,0.0
test,255.4,256.4,4,near_center,4,4,4,4,3.969789,4.0,4,0.0,0.223121,0.0
test,255.4,256.4,5,near_right,3,3,3,4,3.058908,3.0,3,0.0,0.220769,1.0
test,255.6,256.6,0,far_left,4,5,5,6,4.91765,4.91765,5,1.0,0.089785,1.08235
test,255.6,256.6,1,far_center,5,5,5,6,5.014201,5.0,5,0.0,0.228567,1.0
test,255.6,256.6,2,far_right,0,0,0,0,0.0,0.0,0,0.0,0.106871,0.0
test,255.6,256.6,3,near_left,5,4,5,3,4.266898,4.0,4,0.0,0.165032,1.0
test,255.6,256.6,4,near_center,4,4,3,4,3.97218,4.0,4,0.0,0.225845,0.0
test,255.6,256.6,5,near_right,3,3,3,4,3.058804,3.0,3,0.0,0.218137,1.0
test,255.8,256.8,0,far_left,6,7,7,7,6.578869,6.578869,7,1.0,0.181374,0.421131
test,255.8,256.8,1,far_center,5,5,5,6,5.032961,5.0,5,0.0,0.234445,1.0
test,255.8,256.8,2,far_right,0,0,0,0,0.0,0.0,0,0.0,0.101056,0.0
test,255.8,256.8,3,near_left,4,3,4,3,3.254915,3.0,3,0.0,0.15114,0.0
test,255.8,256.8,4,near_center,4,4,3,4,3.982178,4.0,4,0.0,0.230319,0.0
test,255.8,256.8,5,near_right,3,3,3,4,3.055555,3.0,3,0.0,0.216683,1.0
test,256.0,257.0,0,far_left,6,7,7,7,6.480477,6.480477,6,1.0,0.218223,0.519523
test,256.0,257.0,1,far_center,5,5,5,6,5.070604,5.0,5,0.0,0.228263,1.0
test,256.0,257.0,2,far_right,0,0,0,0,0.002359,0.0,0,0.0,0.094242,0.0
test,256.0,257.0,3,near_left,4,3,4,3,3.24229,3.0,3,0.0,0.144384,0.0
test,256.0,257.0,4,near_center,4,4,3,4,4.013394,4.0,4,0.0,0.230939,0.0
test,256.0,257.0,5,near_right,3,3,3,4,2.617086,3.0,3,0.0,0.352292,1.0
test,256.2,257.2,0,far_left,6,7,7,8,6.617394,6.617394,7,1.0,0.207885,1.382606
test,256.2,257.2,1,far_center,6,6,6,6,5.270215,6.0,6,0.0,0.41575,0.0
test,256.2,257.2,2,far_right,0,0,0,0,0.023764,0.0,0,0.0,0.091157,0.0
test,256.2,257.2,3,near_left,4,3,5,3,3.238752,3.0,3,0.0,0.146024,0.0
test,256.2,257.2,4,near_center,4,4,2,3,4.046998,4.0,4,0.0,0.221947,1.0
test,256.2,257.2,5,near_right,4,4,4,4,3.822581,4.0,4,0.0,0.313667,0.0
test,256.4,257.4,0,far_left,6,7,7,6,6.719323,6.719323,7,1.0,0.177822,0.719323
test,256.4,257.4,1,far_center,6,6,6,6,5.48385,6.0,6,0.0,0.370162,0.0
test,256.4,257.4,2,far_right,0,0,0,0,0.007669,0.0,0,0.0,0.086076,0.0
test,256.4,257.4,3,near_left,4,3,5,3,3.2297,3.0,3,0.0,0.145145,0.0
test,256.4,257.4,4,near_center,4,4,2,3,4.023413,4.0,4,0.0,0.217594,1.0
test,256.4,257.4,5,near_right,4,4,4,4,3.996358,4.0,4,0.0,0.256016,0.0
test,256.6,257.6,0,far_left,6,6,6,7,6.013526,6.013526,6,1.0,0.154064,0.986474
test,256.6,257.6,1,far_center,6,6,6,6,5.540843,6.0,6,0.0,0.343542,0.0
test,256.6,257.6,2,far_right,0,0,0,0,0.000986,0.0,0,0.0,0.083592,0.0
test,256.6,257.6,3,near_left,3,3,5,4,3.08068,3.0,3,0.0,0.142043,1.0
test,256.6,257.6,4,near_center,4,4,2,2,4.01351,4.0,4,0.0,0.212167,2.0
test,256.6,257.6,5,near_right,4,4,4,4,4.025323,4.0,4,0.0,0.232126,0.0
test,256.8,257.8,0,far_left,7,7,7,7,6.9086,6.9086,7,1.0,0.176223,0.0914
test,256.8,257.8,1,far_center,6,6,6,6,5.495608,6.0,6,0.0,0.352945,0.0
test,256.8,257.8,2,far_right,0,0,0,0,0.003347,0.0,0,0.0,0.080295,0.0
test,256.8,257.8,3,near_left,3,3,5,4,3.066222,3.0,3,0.0,0.140882,1.0
test,256.8,257.8,4,near_center,4,4,2,1,4.005172,4.0,4,0.0,0.207858,3.0
test,256.8,257.8,5,near_right,4,4,4,4,4.037629,4.0,4,0.0,0.233434,0.0
test,257.0,258.0,0,far_left,7,7,7,6,6.950866,6.950866,7,1.0,0.172338,0.950866
test,257.0,258.0,1,far_center,6,6,6,6,5.631288,6.0,6,0.0,0.33797,0.0
test,257.0,258.0,2,far_right,0,0,0,0,0.002209,0.0,0,0.0,0.078177,0.0
test,257.0,258.0,3,near_left,3,3,5,4,3.079669,3.0,3,0.0,0.143638,1.0
test,257.0,258.0,4,near_center,4,4,2,1,3.681842,4.0,4,0.0,0.285171,3.0
test,257.0,258.0,5,near_right,4,4,4,4,4.069098,4.0,4,0.0,0.23461,0.0
test,257.2,258.2,0,far_left,8,8,8,7,7.726315,7.726315,8,1.0,0.237563,0.726315
test,257.2,258.2,1,far_center,6,6,6,5,5.675619,6.0,6,0.0,0.318508,1.0
test,257.2,258.2,2,far_right,0,0,0,0,0.0,0.0,0,0.0,0.07663,0.0
test,257.2,258.2,3,near_left,3,3,4,4,3.066078,3.0,3,0.0,0.140783,1.0
test,257.2,258.2,4,near_center,3,3,2,1,3.047011,3.0,3,0.0,0.217158,2.0
test,257.2,258.2,5,near_right,4,4,4,4,4.057962,4.0,4,0.0,0.226934,0.0
test,257.4,258.4,0,far_left,6,6,6,8,6.259944,6.259944,6,1.0,0.203645,1.740056
test,257.4,258.4,1,far_center,6,6,6,5,5.724165,6.0,6,0.0,0.289985,1.0
test,257.4,258.4,2,far_right,0,0,0,0,0.0,0.0,0,0.0,0.075202,0.0
test,257.4,258.4,3,near_left,3,4,5,4,3.909058,4.0,4,0.0,0.141484,0.0
test,257.4,258.4,4,near_center,3,2,1,1,2.239578,2.0,2,0.0,0.205048,1.0
test,257.4,258.4,5,near_right,4,4,4,4,4.064331,4.0,4,0.0,0.240963,0.0
test,257.6,258.6,0,far_left,7,7,7,8,7.03805,7.03805,7,1.0,0.224988,0.96195
test,257.6,258.6,1,far_center,6,6,6,5,5.335488,6.0,6,0.0,0.384824,1.0
test,257.6,258.6,2,far_right,0,0,0,0,0.013846,0.0,0,0.0,0.069622,0.0
test,257.6,258.6,3,near_left,4,4,5,4,3.962702,4.0,4,0.0,0.190932,0.0
test,257.6,258.6,4,near_center,2,2,1,1,2.122336,2.0,2,0.0,0.203381,1.0
test,257.6,258.6,5,near_right,4,4,4,4,3.949118,4.0,4,0.0,0.266338,0.0
test,257.8,258.8,0,far_left,7,7,7,8,6.861105,6.861105,7,1.0,0.210852,1.138895
test,257.8,258.8,1,far_center,6,6,6,5,5.649507,6.0,6,0.0,0.342045,1.0
test,257.8,258.8,2,far_right,0,0,0,0,0.0,0.0,0,0.0,0.0698,0.0
test,257.8,258.8,3,near_left,4,4,4,4,4.083431,4.0,4,0.0,0.159172,0.0
test,257.8,258.8,4,near_center,1,1,1,1,1.064228,1.0,1,0.0,0.203166,0.0
test,257.8,258.8,5,near_right,4,4,4,3,4.05866,4.0,4,0.0,0.267067,1.0
test,258.0,259.0,0,far_left,6,7,6,10,6.971395,6.971395,7,1.0,0.158578,3.028605
test,258.0,259.0,1,far_center,6,5,5,5,4.992549,5.0,5,0.0,0.324475,0.0
test,258.0,259.0,2,far_right,0,1,1,0,0.943274,1.0,1,0.0,0.066103,1.0
test,258.0,259.0,3,near_left,4,3,4,3,3.233304,3.0,3,0.0,0.158761,0.0
test,258.0,259.0,4,near_center,1,1,1,1,1.073754,1.0,1,0.0,0.204646,0.0
test,258.0,259.0,5,near_right,4,4,4,4,3.827786,4.0,4,0.0,0.30768,0.0
test,258.2,259.2,0,far_left,7,8,7,9,7.802164,7.802164,8,1.0,0.15541,1.197836
test,258.2,259.2,1,far_center,5,4,4,5,4.633747,4.0,4,0.0,0.273898,1.0
test,258.2,259.2,2,far_right,0,1,1,0,0.936588,1.0,1,0.0,0.063412,1.0
test,258.2,259.2,3,near_left,4,3,4,3,3.202787,3.0,3,0.0,0.141102,0.0
test,258.2,259.2,4,near_center,1,1,1,1,1.015574,1.0,1,0.0,0.207338,0.0
test,258.2,259.2,5,near_right,4,4,4,5,4.030413,4.0,4,0.0,0.285488,1.0
test,258.4,259.4,0,far_left,8,9,9,9,8.573236,8.573236,9,1.0,0.198606,0.426764
test,258.4,259.4,1,far_center,5,4,4,5,4.518621,4.0,4,0.0,0.235883,1.0
test,258.4,259.4,2,far_right,0,1,1,0,0.934273,1.0,1,0.0,0.065728,1.0
test,258.4,259.4,3,near_left,4,3,3,3,3.203943,3.0,3,0.0,0.137025,0.0
test,258.4,259.4,4,near_center,1,1,1,1,1.009395,1.0,1,0.0,0.214603,0.0
test,258.4,259.4,5,near_right,4,4,4,6,4.065245,4.0,4,0.0,0.269906,2.0
test,258.6,259.6,0,far_left,8,9,9,10,8.600409,8.600409,9,1.0,0.204011,1.399591
test,258.6,259.6,1,far_center,5,4,4,3,4.391855,4.0,4,0.0,0.209269,1.0
test,258.6,259.6,2,far_right,0,1,1,1,0.931466,1.0,1,0.0,0.068534,0.0
test,258.6,259.6,3,near_left,4,3,3,3,3.20564,3.0,3,0.0,0.139316,0.0
test,258.6,259.6,4,near_center,1,1,1,1,1.038497,1.0,1,0.0,0.221904,0.0
test,258.6,259.6,5,near_right,4,4,4,5,3.78231,4.0,4,0.0,0.299998,1.0
test,258.8,259.8,0,far_left,8,9,9,10,8.691718,8.691718,9,1.0,0.195144,1.308282
test,258.8,259.8,1,far_center,5,4,4,3,4.319386,4.0,4,0.0,0.197321,1.0
test,258.8,259.8,2,far_right,0,1,1,2,0.933243,1.0,1,0.0,0.066757,1.0
test,258.8,259.8,3,near_left,4,3,3,3,3.196282,3.0,3,0.0,0.137481,0.0
test,258.8,259.8,4,near_center,1,1,1,1,1.018485,1.0,1,0.0,0.228535,0.0
test,258.8,259.8,5,near_right,3,3,3,6,3.110873,3.0,3,0.0,0.278799,3.0
test,259.0,260.0,0,far_left,10,10,9,10,9.527205,9.527205,10,1.0,0.303452,0.472795
test,259.0,260.0,1,far_center,5,4,4,3,4.294938,4.0,4,0.0,0.192696,1.0
test,259.0,260.0,2,far_right,0,1,1,2,0.930536,1.0,1,0.0,0.069464,1.0
test,259.0,260.0,3,near_left,3,3,4,3,3.05978,3.0,3,0.0,0.136221,0.0
test,259.0,260.0,4,near_center,1,1,1,1,1.04346,1.0,1,0.0,0.227185,0.0
test,259.0,260.0,5,near_right,4,4,4,5,4.013444,4.0,4,0.0,0.242347,1.0
test,259.2,260.2,0,far_left,9,9,9,10,9.002057,9.002057,9,1.0,0.271669,0.997943
test,259.2,260.2,1,far_center,5,4,4,3,4.266903,4.0,4,0.0,0.192404,1.0
test,259.2,260.2,2,far_right,0,0,0,2,0.0,0.0,0,0.0,0.07086,2.0
test,259.2,260.2,3,near_left,3,4,4,3,3.905499,4.0,4,0.0,0.136305,1.0
test,259.2,260.2,4,near_center,1,1,1,1,1.0574,1.0,1,0.0,0.228183,0.0
test,259.2,260.2,5,near_right,5,5,5,5,4.732421,5.0,5,0.0,0.311564,0.0
test,259.4,260.4,0,far_left,9,9,9,11,9.029954,9.029954,9,1.0,0.258321,1.970046
test,259.4,260.4,1,far_center,5,3,3,3,3.478833,3.0,3,0.0,0.195359,0.0
test,259.4,260.4,2,far_right,0,1,1,1,0.943031,1.0,1,0.0,0.067294,0.0
test,259.4,260.4,3,near_left,3,4,4,3,3.90013,4.0,4,0.0,0.135163,1.0
test,259.4,260.4,4,near_center,1,1,1,1,1.070668,1.0,1,0.0,0.226061,0.0
test,259.4,260.4,5,near_right,6,6,6,6,5.190733,6.0,6,0.0,0.452264,0.0
test,259.6,260.6,0,far_left,10,9,9,10,8.892935,8.892935,9,1.0,0.336506,1.107065
test,259.6,260.6,1,far_center,3,3,3,3,3.096001,3.0,3,0.0,0.192328,0.0
test,259.6,260.6,2,far_right,1,2,1,1,1.947116,2.0,2,0.0,0.06234,1.0
test,259.6,260.6,3,near_left,3,4,4,3,3.904388,4.0,4,0.0,0.136743,1.0
test,259.6,260.6,4,near_center,1,1,1,1,1.040919,1.0,1,0.0,0.219937,0.0
test,259.6,260.6,5,near_right,5,4,5,6,4.342322,4.0,4,0.0,0.360703,2.0
test,259.8,260.8,0,far_left,10,9,9,9,8.933593,8.933593,9,1.0,0.346279,0.066407
test,259.8,260.8,1,far_center,3,3,3,3,3.096334,3.0,3,0.0,0.194345,0.0
test,259.8,260.8,2,far_right,2,3,3,3,2.906234,3.0,3,0.0,0.08919,0.0
test,259.8,260.8,3,near_left,3,4,4,3,3.904312,4.0,4,0.0,0.136073,1.0
test,259.8,260.8,4,near_center,1,1,1,1,1.06668,1.0,1,0.0,0.215968,0.0
test,259.8,260.8,5,near_right,6,5,5,6,4.794658,5.0,5,0.0,0.425035,1.0
test,260.0,261.0,0,far_left,10,9,9,9,8.749143,8.749143,9,1.0,0.415717,0.250857
test,260.0,261.0,1,far_center,3,3,3,3,3.091714,3.0,3,0.0,0.198004,0.0
test,260.0,261.0,2,far_right,2,3,3,3,2.914213,3.0,3,0.0,0.074274,0.0
test,260.0,261.0,3,near_left,3,4,4,3,3.907657,4.0,4,0.0,0.137652,1.0
test,260.0,261.0,4,near_center,1,1,1,1,1.036497,1.0,1,0.0,0.209834,0.0
test,260.0,261.0,5,near_right,5,4,4,6,4.35934,4.0,4,0.0,0.34291,2.0
test,260.2,261.2,0,far_left,10,9,9,10,8.76494,8.76494,9,1.0,0.433247,1.23506
test,260.2,261.2,1,far_center,3,3,3,3,3.075671,3.0,3,0.0,0.203008,0.0
test,260.2,261.2,2,far_right,2,3,3,3,2.937475,3.0,3,0.0,0.063992,0.0
test,260.2,261.2,3,near_left,3,4,4,3,3.893992,4.0,4,0.0,0.142957,1.0
test,260.2,261.2,4,near_center,1,1,1,1,1.027923,1.0,1,0.0,0.201922,0.0
test,260.2,261.2,5,near_right,5,4,4,6,4.396928,4.0,4,0.0,0.33461,2.0
test,260.4,261.4,0,far_left,11,10,10,9,9.304073,9.304073,9,1.0,0.555364,0.304073
test,260.4,261.4,1,far_center,3,3,3,3,3.077278,3.0,3,0.0,0.206771,0.0
test,260.4,261.4,2,far_right,1,2,2,2,1.964606,2.0,2,0.0,0.064082,0.0
test,260.4,261.4,3,near_left,3,4,4,3,3.887738,4.0,4,0.0,0.151674,1.0
test,260.4,261.4,4,near_center,1,1,1,1,1.03772,1.0,1,0.0,0.195752,0.0
test,260.4,261.4,5,near_right,6,5,5,6,5.165321,5.0,5,0.0,0.304062,1.0
test,260.6,261.6,0,far_left,10,9,9,9,9.360653,9.360653,9,1.0,0.435226,0.360653
test,260.6,261.6,1,far_center,3,3,3,3,3.053411,3.0,3,0.0,0.208424,0.0
test,260.6,261.6,2,far_right,1,2,2,2,1.943064,2.0,2,0.0,0.069998,0.0
test,260.6,261.6,3,near_left,3,3,4,3,2.835295,3.0,3,0.0,0.232096,0.0
test,260.6,261.6,4,near_center,1,2,1,0,1.848793,2.0,2,0.0,0.189845,2.0
test,260.6,261.6,5,near_right,6,5,5,6,5.30104,5.0,5,0.0,0.303039,1.0
test,260.8,261.8,0,far_left,9,9,9,9,9.051625,9.051625,9,1.0,0.408091,0.051625
test,260.8,261.8,1,far_center,3,3,3,3,3.054258,3.0,3,0.0,0.214094,0.0
test,260.8,261.8,2,far_right,3,3,3,2,2.938625,3.0,3,0.0,0.151864,1.0
test,260.8,261.8,3,near_left,3,3,3,3,3.038286,3.0,3,0.0,0.168452,0.0
test,260.8,261.8,4,near_center,1,1,1,0,1.045293,1.0,1,0.0,0.182171,1.0
test,260.8,261.8,5,near_right,6,6,6,5,5.298965,6.0,6,0.0,0.452128,1.0
test,261.0,262.0,0,far_left,9,9,9,6,8.804564,8.804564,9,1.0,0.411457,2.804564
test,261.0,262.0,1,far_center,3,3,3,3,3.06489,3.0,3,0.0,0.215989,0.0
test,261.0,262.0,2,far_right,3,3,3,2,2.951897,3.0,3,0.0,0.129157,1.0
test,261.0,262.0,3,near_left,3,3,3,3,3.035775,3.0,3,0.0,0.148661,0.0
test,261.0,262.0,4,near_center,1,1,1,0,1.015414,1.0,1,0.0,0.182915,1.0
test,261.0,262.0,5,near_right,6,6,6,5,5.795104,6.0,6,0.0,0.340421,1.0
test,261.2,262.2,0,far_left,10,10,10,6,9.025088,9.025088,9,1.0,0.527768,3.025088
test,261.2,262.2,1,far_center,3,3,3,3,3.144473,3.0,3,0.0,0.217452,0.0
test,261.2,262.2,2,far_right,3,3,3,2,2.491182,3.0,3,0.0,0.298092,1.0
test,261.2,262.2,3,near_left,3,3,3,3,3.061065,3.0,3,0.0,0.14309,0.0
test,261.2,262.2,4,near_center,1,1,1,0,0.984758,1.0,1,0.0,0.183133,1.0
test,261.2,262.2,5,near_right,6,6,6,5,5.94608,6.0,6,0.0,0.300111,1.0
test,261.4,262.4,0,far_left,9,9,9,8,8.767681,8.767681,9,1.0,0.451239,0.767681
test,261.4,262.4,1,far_center,3,3,3,4,3.119551,3.0,3,0.0,0.220124,1.0
test,261.4,262.4,2,far_right,2,2,2,2,2.039512,2.0,2,0.0,0.183506,0.0
test,261.4,262.4,3,near_left,3,3,3,3,3.081427,3.0,3,0.0,0.140882,0.0
test,261.4,262.4,4,near_center,1,2,1,0,0.843516,2.0,2,0.0,0.578242,2.0
test,261.4,262.4,5,near_right,6,5,6,5,5.254975,5.0,5,0.0,0.267587,0.0
test,261.6,262.6,0,far_left,9,9,9,10,8.614364,8.614364,9,1.0,0.461295,1.385636
test,261.6,262.6,1,far_center,3,3,3,3,3.08058,3.0,3,0.0,0.227116,0.0
test,261.6,262.6,2,far_right,2,2,2,2,2.033177,2.0,2,0.0,0.12371,0.0
test,261.6,262.6,3,near_left,3,3,3,3,3.066045,3.0,3,0.0,0.154964,0.0
test,261.6,262.6,4,near_center,0,1,0,0,0.756935,1.0,1,0.0,0.243065,1.0
test,261.6,262.6,5,near_right,6,5,6,5,5.176829,5.0,5,0.0,0.310901,0.0
test,261.8,262.8,0,far_left,9,9,9,9,8.178517,8.178517,8,1.0,0.522817,0.821483
test,261.8,262.8,1,far_center,3,3,3,3,3.067401,3.0,3,0.0,0.233345,0.0
test,261.8,262.8,2,far_right,2,2,2,2,2.022067,2.0,2,0.0,0.112016,0.0
test,261.8,262.8,3,near_left,3,3,3,3,3.059212,3.0,3,0.0,0.16433,0.0
test,261.8,262.8,4,near_center,0,1,0,1,0.880532,1.0,1,0.0,0.119468,0.0
test,261.8,262.8,5,near_right,5,4,5,3,4.449384,4.0,4,0.0,0.329089,1.0
test,262.0,263.0,0,far_left,6,6,6,8,6.97842,6.97842,7,1.0,0.438258,1.02158
test,262.0,263.0,1,far_center,3,3,3,3,3.044614,3.0,3,0.0,0.236447,0.0
test,262.0,263.0,2,far_right,2,2,2,2,2.023532,2.0,2,0.0,0.112678,0.0
test,262.0,263.0,3,near_left,3,3,3,3,3.064891,3.0,3,0.0,0.17478,0.0
test,262.0,263.0,4,near_center,0,1,1,1,0.919392,1.0,1,0.0,0.080608,0.0
test,262.0,263.0,5,near_right,5,4,4,3,4.238439,4.0,4,0.0,0.340991,1.0
test,262.2,263.2,0,far_left,6,6,6,8,6.987423,6.987423,7,1.0,0.452372,1.012577
test,262.2,263.2,1,far_center,3,4,4,3,3.744348,4.0,4,0.0,0.245492,1.0
test,262.2,263.2,2,far_right,2,1,1,2,1.159772,1.0,1,0.0,0.131089,1.0
test,262.2,263.2,3,near_left,3,3,3,3,3.040779,3.0,3,0.0,0.185112,0.0
test,262.2,263.2,4,near_center,0,1,1,1,0.943976,1.0,1,0.0,0.064185,0.0
test,262.2,263.2,5,near_right,5,4,4,3,4.387434,4.0,4,0.0,0.348359,1.0
test,262.4,263.4,0,far_left,8,8,8,7,7.755978,7.755978,8,1.0,0.516102,0.755978
test,262.4,263.4,1,far_center,4,4,4,3,3.394273,4.0,4,0.0,0.40427,1.0
test,262.4,263.4,2,far_right,2,2,2,2,2.038631,2.0,2,0.0,0.130652,0.0
test,262.4,263.4,3,near_left,3,3,3,4,3.044983,3.0,3,0.0,0.185553,1.0
test,262.4,263.4,4,near_center,0,1,1,1,0.97071,1.0,1,0.0,0.056449,0.0
test,262.4,263.4,5,near_right,5,4,4,3,4.416085,4.0,4,0.0,0.347928,1.0
test,262.6,263.6,0,far_left,10,10,10,7,8.590702,8.590702,9,1.0,0.631535,1.590702
test,262.6,263.6,1,far_center,3,3,3,3,2.966245,3.0,3,0.0,0.318084,0.0
test,262.6,263.6,2,far_right,2,2,2,2,2.026434,2.0,2,0.0,0.132552,0.0
test,262.6,263.6,3,near_left,3,3,3,3,3.048858,3.0,3,0.0,0.173713,0.0
test,262.6,263.6,4,near_center,0,1,1,1,0.974714,1.0,1,0.0,0.052548,0.0
test,262.6,263.6,5,near_right,5,4,4,3,4.249623,4.0,4,0.0,0.360351,1.0
test,262.8,263.8,0,far_left,9,9,9,8,8.081174,8.081174,8,1.0,0.578017,0.081174
test,262.8,263.8,1,far_center,3,3,3,3,2.353002,3.0,3,0.0,0.410265,0.0
test,262.8,263.8,2,far_right,2,2,2,2,2.044147,2.0,2,0.0,0.137161,0.0
test,262.8,263.8,3,near_left,3,3,3,4,3.002383,3.0,3,0.0,0.183538,1.0
test,262.8,263.8,4,near_center,1,1,1,1,1.056202,1.0,1,0.0,0.068141,0.0
test,262.8,263.8,5,near_right,3,3,3,3,3.096668,3.0,3,0.0,0.361556,0.0
test,263.0,264.0,0,far_left,8,8,7,7,7.654545,7.654545,8,1.0,0.495692,0.654545
test,263.0,264.0,1,far_center,3,3,3,3,2.909432,3.0,3,0.0,0.290139,0.0
test,263.0,264.0,2,far_right,2,2,2,2,2.01697,2.0,2,0.0,0.145878,0.0
test,263.0,264.0,3,near_left,3,3,4,3,3.015117,3.0,3,0.0,0.175358,0.0
test,263.0,264.0,4,near_center,1,1,1,2,1.050084,1.0,1,0.0,0.091587,1.0
test,263.0,264.0,5,near_right,3,3,3,4,3.073537,3.0,3,0.0,0.34303,1.0
test,263.2,264.2,0,far_left,8,7,7,7,7.887682,7.887682,8,1.0,0.467974,0.887682
test,263.2,264.2,1,far_center,3,3,3,3,2.987172,3.0,3,0.0,0.24806,0.0
test,263.2,264.2,2,far_right,2,2,2,2,2.008186,2.0,2,0.0,0.152383,0.0
test,263.2,264.2,3,near_left,3,4,4,4,3.830807,4.0,4,0.0,0.168039,0.0
test,263.2,264.2,4,near_center,1,1,1,1,1.047501,1.0,1,0.0,0.116438,0.0
test,263.2,264.2,5,near_right,3,3,3,5,3.063578,3.0,3,0.0,0.329897,2.0
test,263.4,264.4,0,far_left,7,6,6,7,7.451712,7.451712,7,1.0,0.457558,0.451712
test,263.4,264.4,1,far_center,3,4,3,4,3.773695,4.0,4,0.0,0.230495,0.0
test,263.4,264.4,2,far_right,2,2,2,2,2.01038,2.0,2,0.0,0.161681,0.0
test,263.4,264.4,3,near_left,4,5,5,4,4.581443,5.0,5,0.0,0.243666,1.0
test,263.4,264.4,4,near_center,1,0,1,0,0.204321,0.0,0,0.0,0.142912,0.0
test,263.4,264.4,5,near_right,3,3,3,5,3.057487,3.0,3,0.0,0.319429,2.0
test,263.6,264.6,0,far_left,7,6,6,7,7.368323,7.368323,7,1.0,0.467614,0.368323
test,263.6,264.6,1,far_center,3,4,4,4,3.75944,4.0,4,0.0,0.224037,0.0
test,263.6,264.6,2,far_right,2,2,2,2,2.011147,2.0,2,0.0,0.174857,0.0
test,263.6,264.6,3,near_left,3,4,4,4,3.909973,4.0,4,0.0,0.209736,0.0
test,263.6,264.6,4,near_center,1,0,0,0,0.209506,0.0,0,0.0,0.166416,0.0
test,263.6,264.6,5,near_right,3,3,3,4,3.05885,3.0,3,0.0,0.312243,1.0
test,263.8,264.8,0,far_left,8,8,8,7,8.012204,8.012204,8,1.0,0.446976,1.012204
test,263.8,264.8,1,far_center,3,3,3,4,3.024304,3.0,3,0.0,0.222895,1.0
test,263.8,264.8,2,far_right,2,2,2,2,2.020999,2.0,2,0.0,0.189287,0.0
test,263.8,264.8,3,near_left,4,5,5,4,4.446225,5.0,5,0.0,0.336421,1.0
test,263.8,264.8,4,near_center,1,0,0,0,0.248914,0.0,0,0.0,0.181489,0.0
test,263.8,264.8,5,near_right,3,3,3,4,3.05468,3.0,3,0.0,0.302153,1.0
test,264.0,265.0,0,far_left,7,7,7,8,7.705249,7.705249,8,1.0,0.393178,0.294751
test,264.0,265.0,1,far_center,3,3,3,3,3.031103,3.0,3,0.0,0.222815,0.0
test,264.0,265.0,2,far_right,2,3,3,3,2.83336,3.0,3,0.0,0.185542,0.0
test,264.0,265.0,3,near_left,3,4,4,4,3.923835,4.0,4,0.0,0.239928,0.0
test,264.0,265.0,4,near_center,2,1,1,0,1.190039,1.0,1,0.0,0.184648,1.0
test,264.0,265.0,5,near_right,4,3,3,3,3.289133,3.0,3,0.0,0.302824,0.0
test,264.2,265.2,0,far_left,7,8,8,8,7.53478,7.53478,8,1.0,0.376646,0.46522
test,264.2,265.2,1,far_center,3,3,3,3,3.046165,3.0,3,0.0,0.226965,0.0
test,264.2,265.2,2,far_right,2,3,3,3,2.826077,3.0,3,0.0,0.183051,0.0
test,264.2,265.2,3,near_left,4,4,4,5,4.059302,4.0,4,0.0,0.267315,1.0
test,264.2,265.2,4,near_center,1,0,0,0,0.248679,0.0,0,0.0,0.193985,0.0
test,264.2,265.2,5,near_right,5,4,4,3,4.324578,4.0,4,0.0,0.318197,1.0
test,264.4,265.4,0,far_left,7,8,8,9,7.453415,7.453415,7,1.0,0.346593,1.546585
test,264.4,265.4,1,far_center,4,3,3,3,3.254936,3.0,3,0.0,0.248294,0.0
test,264.4,265.4,2,far_right,2,3,3,3,2.833805,3.0,3,0.0,0.175504,0.0
test,264.4,265.4,3,near_left,4,4,4,4,4.025978,4.0,4,0.0,0.301738,0.0
test,264.4,265.4,4,near_center,0,0,0,0,0.034535,0.0,0,0.0,0.160995,0.0
test,264.4,265.4,5,near_right,5,4,4,3,4.307741,4.0,4,0.0,0.354569,1.0
test,264.6,265.6,0,far_left,7,8,8,8,7.573751,7.573751,8,1.0,0.305003,0.426249
test,264.6,265.6,1,far_center,4,3,3,4,3.268829,3.0,3,0.0,0.249728,1.0
test,264.6,265.6,2,far_right,2,3,3,2,2.836594,3.0,3,0.0,0.174926,1.0
test,264.6,265.6,3,near_left,4,4,4,4,4.026299,4.0,4,0.0,0.296468,0.0
test,264.6,265.6,4,near_center,0,0,0,0,0.006103,0.0,0,0.0,0.139399,0.0
test,264.6,265.6,5,near_right,4,3,3,3,3.479321,3.0,3,0.0,0.3551,0.0
test,264.8,265.8,0,far_left,7,8,8,8,7.828238,7.828238,8,1.0,0.262793,0.171762
test,264.8,265.8,1,far_center,4,4,4,4,3.972459,4.0,4,0.0,0.261565,0.0
test,264.8,265.8,2,far_right,2,2,2,2,2.023584,2.0,2,0.0,0.185516,0.0
test,264.8,265.8,3,near_left,4,4,4,4,4.033463,4.0,4,0.0,0.270827,0.0
test,264.8,265.8,4,near_center,0,0,0,0,0.003482,0.0,0,0.0,0.126563,0.0
test,264.8,265.8,5,near_right,4,3,3,3,3.464259,3.0,3,0.0,0.353208,0.0
test,265.0,266.0,0,far_left,8,8,8,7,7.913329,7.913329,8,1.0,0.260167,0.913329
test,265.0,266.0,1,far_center,3,3,3,3,3.011184,3.0,3,0.0,0.257621,0.0
test,265.0,266.0,2,far_right,3,3,3,2,2.96819,3.0,3,0.0,0.202292,1.0
test,265.0,266.0,3,near_left,4,4,4,3,3.930519,4.0,4,0.0,0.299448,1.0
test,265.0,266.0,4,near_center,0,0,0,0,0.011781,0.0,0,0.0,0.115138,0.0
test,265.0,266.0,5,near_right,3,3,3,3,3.123087,3.0,3,0.0,0.34421,0.0
test,265.2,266.2,0,far_left,8,8,8,7,7.869812,7.869812,8,1.0,0.284172,0.869812
test,265.2,266.2,1,far_center,3,3,3,3,2.973652,3.0,3,0.0,0.26987,0.0
test,265.2,266.2,2,far_right,3,3,3,2,2.97907,3.0,3,0.0,0.216872,1.0
test,265.2,266.2,3,near_left,5,5,5,3,4.001299,5.0,5,0.0,0.509316,2.0
test,265.2,266.2,4,near_center,0,0,0,0,0.033406,0.0,0,0.0,0.112393,0.0
test,265.2,266.2,5,near_right,3,3,3,3,3.116903,3.0,3,0.0,0.333098,0.0
test,265.4,266.4,0,far_left,9,9,9,9,8.609174,8.609174,9,1.0,0.354228,0.390826
test,265.4,266.4,1,far_center,3,4,4,3,2.626577,4.0,4,0.0,0.466998,1.0
test,265.4,266.4,2,far_right,3,2,2,2,2.266213,2.0,2,0.0,0.216299,0.0
test,265.4,266.4,3,near_left,4,4,4,3,4.055285,4.0,4,0.0,0.354016,1.0
test,265.4,266.4,4,near_center,0,0,0,0,0.034247,0.0,0,0.0,0.104802,0.0
test,265.4,266.4,5,near_right,3,3,3,3,3.105495,3.0,3,0.0,0.324706,0.0
test,265.6,266.6,0,far_left,8,8,8,9,8.025917,8.025917,8,1.0,0.305694,0.974083
test,265.6,266.6,1,far_center,4,4,4,3,3.364288,4.0,4,0.0,0.405356,1.0
test,265.6,266.6,2,far_right,2,2,2,2,2.026775,2.0,2,0.0,0.206416,0.0
test,265.6,266.6,3,near_left,4,4,4,4,4.039349,4.0,4,0.0,0.289169,0.0
test,265.6,266.6,4,near_center,0,0,0,0,0.016797,0.0,0,0.0,0.10453,0.0
test,265.6,266.6,5,near_right,3,3,3,3,3.117289,3.0,3,0.0,0.331741,0.0
test,265.8,266.8,0,far_left,8,8,8,8,7.973521,7.973521,8,1.0,0.293796,0.026479
test,265.8,266.8,1,far_center,4,4,4,3,2.915712,4.0,4,0.0,0.485212,1.0
test,265.8,266.8,2,far_right,2,2,2,2,2.029481,2.0,2,0.0,0.196355,0.0
test,265.8,266.8,3,near_left,4,4,4,3,3.422756,4.0,4,0.0,0.409713,1.0
test,265.8,266.8,4,near_center,0,0,0,0,0.046801,0.0,0,0.0,0.097605,0.0
test,265.8,266.8,5,near_right,3,3,3,3,3.122504,3.0,3,0.0,0.330552,0.0
test,266.0,267.0,0,far_left,7,6,6,7,6.707577,6.707577,7,1.0,0.259888,0.292423
test,266.0,267.0,1,far_center,3,4,4,3,3.655787,4.0,4,0.0,0.327074,1.0
test,266.0,267.0,2,far_right,2,2,2,2,1.948222,2.0,2,0.0,0.200913,0.0
test,266.0,267.0,3,near_left,3,3,3,3,3.23725,3.0,3,0.0,0.302016,0.0
test,266.0,267.0,4,near_center,0,0,0,0,0.003796,0.0,0,0.0,0.09149,0.0
test,266.0,267.0,5,near_right,3,3,3,3,3.110054,3.0,3,0.0,0.337981,0.0
test,266.2,267.2,0,far_left,7,6,6,7,6.725951,6.725951,7,1.0,0.296426,0.274049
test,266.2,267.2,1,far_center,3,4,4,3,3.767921,4.0,4,0.0,0.270366,1.0
test,266.2,267.2,2,far_right,2,2,2,2,1.953468,2.0,2,0.0,0.204928,0.0
test,266.2,267.2,3,near_left,3,3,3,4,3.19565,3.0,3,0.0,0.267367,1.0
test,266.2,267.2,4,near_center,0,0,0,0,0.0,0.0,0,0.0,0.094798,0.0
test,266.2,267.2,5,near_right,3,3,3,3,3.112852,3.0,3,0.0,0.337205,0.0
test,266.4,267.4,0,far_left,9,8,8,6,7.965034,7.965034,8,1.0,0.363279,1.965034
test,266.4,267.4,1,far_center,3,3,3,4,3.086359,3.0,3,0.0,0.249377,1.0
test,266.4,267.4,2,far_right,2,2,2,2,1.962576,2.0,2,0.0,0.195688,0.0
test,266.4,267.4,3,near_left,3,4,4,5,3.935455,4.0,4,0.0,0.212769,1.0
test,266.4,267.4,4,near_center,0,0,0,0,0.003754,0.0,0,0.0,0.091029,0.0
test,266.4,267.4,5,near_right,3,3,3,3,3.10762,3.0,3,0.0,0.333818,0.0
test,266.6,267.6,0,far_left,9,8,8,8,7.917726,7.917726,8,1.0,0.375909,0.082274
test,266.6,267.6,1,far_center,3,3,3,3,3.112483,3.0,3,0.0,0.231917,0.0
test,266.6,267.6,2,far_right,2,2,2,1,1.92201,2.0,2,0.0,0.212266,1.0
test,266.6,267.6,3,near_left,4,5,5,6,4.069046,5.0,5,0.0,0.415088,1.0
test,266.6,267.6,4,near_center,0,0,0,0,0.023514,0.0,0,0.0,0.0916,0.0
test,266.6,267.6,5,near_right,3,3,3,3,3.118656,3.0,3,0.0,0.340382,0.0
test,266.8,267.8,0,far_left,8,7,7,8,7.463266,7.463266,7,1.0,0.320066,0.536734
test,266.8,267.8,1,far_center,3,3,3,3,3.071011,3.0,3,0.0,0.223264,0.0
test,266.8,267.8,2,far_right,2,2,2,1,1.925441,2.0,2,0.0,0.21445,1.0
test,266.8,267.8,3,near_left,3,4,4,5,3.982591,4.0,4,0.0,0.282139,1.0
test,266.8,267.8,4,near_center,0,0,0,0,0.0,0.0,0,0.0,0.093647,0.0
test,266.8,267.8,5,near_right,3,3,3,3,3.113585,3.0,3,0.0,0.334626,0.0
test,267.0,268.0,0,far_left,7,6,6,7,6.752007,6.752007,7,1.0,0.315164,0.247993
test,267.0,268.0,1,far_center,3,3,3,4,3.050755,3.0,3,0.0,0.22264,1.0
test,267.0,268.0,2,far_right,2,2,2,1,1.933392,2.0,2,0.0,0.210485,1.0
test,267.0,268.0,3,near_left,3,4,4,4,3.992996,4.0,4,0.0,0.257165,0.0
test,267.0,268.0,4,near_center,0,0,0,0,0.0,0.0,0,0.0,0.095269,0.0
test,267.0,268.0,5,near_right,3,3,3,3,3.112545,3.0,3,0.0,0.330391,0.0
test,267.2,268.2,0,far_left,7,6,6,9,6.597393,6.597393,7,1.0,0.321531,2.402607
test,267.2,268.2,1,far_center,3,3,3,3,3.059809,3.0,3,0.0,0.22485,0.0
test,267.2,268.2,2,far_right,2,2,2,1,1.890282,2.0,2,0.0,0.225675,1.0
test,267.2,268.2,3,near_left,4,5,5,4,4.67656,5.0,5,0.0,0.269079,1.0
test,267.2,268.2,4,near_center,0,0,0,0,1.5e-05,0.0,0,0.0,0.100246,0.0
test,267.2,268.2,5,near_right,3,3,3,3,3.126694,3.0,3,0.0,0.326897,0.0
test,267.4,268.4,0,far_left,6,6,6,9,5.646537,5.646537,6,1.0,0.351578,3.353463
test,267.4,268.4,1,far_center,4,4,4,4,3.791902,4.0,4,0.0,0.34448,0.0
test,267.4,268.4,2,far_right,2,2,2,1,0.983764,2.0,2,0.0,0.522766,1.0
test,267.4,268.4,3,near_left,5,5,5,4,4.839684,5.0,5,0.0,0.312915,1.0
test,267.4,268.4,4,near_center,0,0,0,0,0.022385,0.0,0,0.0,0.104091,0.0
test,267.4,268.4,5,near_right,3,3,3,3,3.165145,3.0,3,0.0,0.321788,0.0
test,267.6,268.6,0,far_left,8,8,8,9,6.679803,6.679803,7,1.0,0.572362,2.320197
test,267.6,268.6,1,far_center,3,3,3,4,3.150331,3.0,3,0.0,0.275854,1.0
test,267.6,268.6,2,far_right,1,1,1,1,0.94377,1.0,1,0.0,0.343311,0.0
test,267.6,268.6,3,near_left,6,6,6,4,5.048329,6.0,6,0.0,0.539914,2.0
test,267.6,268.6,4,near_center,0,0,0,0,0.027946,0.0,0,0.0,0.097713,0.0
test,267.6,268.6,5,near_right,3,3,3,4,3.110504,3.0,3,0.0,0.317263,1.0
test,267.8,268.8,0,far_left,8,8,8,9,7.315032,7.315032,7,1.0,0.4506,1.684968
test,267.8,268.8,1,far_center,3,3,3,4,3.06145,3.0,3,0.0,0.241739,1.0
test,267.8,268.8,2,far_right,1,1,1,1,1.017864,1.0,1,0.0,0.261727,0.0
test,267.8,268.8,3,near_left,5,5,5,3,4.233851,5.0,5,0.0,0.506475,2.0
test,267.8,268.8,4,near_center,0,0,0,0,0.022438,0.0,0,0.0,0.094775,0.0
test,267.8,268.8,5,near_right,3,3,3,4,3.095647,3.0,3,0.0,0.317569,1.0
test,268.0,269.0,0,far_left,7,6,6,9,6.620326,6.620326,7,1.0,0.337532,2.379674
test,268.0,269.0,1,far_center,4,5,5,6,4.200068,5.0,5,0.0,0.340869,1.0
test,268.0,269.0,2,far_right,1,1,1,1,1.052161,1.0,1,0.0,0.207354,0.0
test,268.0,269.0,3,near_left,4,4,4,3,4.471963,4.0,4,0.0,0.38241,1.0
test,268.0,269.0,4,near_center,0,0,0,0,0.015863,0.0,0,0.0,0.092856,0.0
test,268.0,269.0,5,near_right,3,3,3,4,3.091375,3.0,3,0.0,0.314957,1.0
test,268.2,269.2,0,far_left,9,9,9,9,8.242438,8.242438,8,1.0,0.46592,0.757562
test,268.2,269.2,1,far_center,3,3,3,6,3.059307,3.0,3,0.0,0.270348,3.0
test,268.2,269.2,2,far_right,1,1,1,1,1.031345,1.0,1,0.0,0.189501,0.0
test,268.2,269.2,3,near_left,4,4,4,3,4.29515,4.0,4,0.0,0.298776,1.0
test,268.2,269.2,4,near_center,0,0,0,0,0.0,0.0,0,0.0,0.093734,0.0
test,268.2,269.2,5,near_right,3,3,3,4,3.085524,3.0,3,0.0,0.311941,1.0
test,268.4,269.4,0,far_left,9,9,9,9,8.223173,8.223173,8,1.0,0.461052,0.776827
test,268.4,269.4,1,far_center,4,4,4,5,3.786733,4.0,4,0.0,0.311833,1.0
test,268.4,269.4,2,far_right,1,1,1,1,1.04165,1.0,1,0.0,0.174158,0.0
test,268.4,269.4,3,near_left,4,4,4,4,4.165393,4.0,4,0.0,0.253074,0.0
test,268.4,269.4,4,near_center,0,0,0,0,0.004464,0.0,0,0.0,0.096291,0.0
test,268.4,269.4,5,near_right,3,3,3,4,3.094815,3.0,3,0.0,0.312516,1.0
test,268.6,269.6,0,far_left,9,9,9,8,8.362724,8.362724,8,1.0,0.432429,0.362724
test,268.6,269.6,1,far_center,4,4,4,5,3.869269,4.0,4,0.0,0.285403,1.0
test,268.6,269.6,2,far_right,1,1,1,1,1.039948,1.0,1,0.0,0.160362,0.0
test,268.6,269.6,3,near_left,4,4,4,3,3.776103,4.0,4,0.0,0.321253,1.0
test,268.6,269.6,4,near_center,0,0,0,0,0.020186,0.0,0,0.0,0.095514,0.0
test,268.6,269.6,5,near_right,4,4,4,4,4.034606,4.0,4,0.0,0.343987,0.0
test,268.8,269.8,0,far_left,9,9,9,8,8.211017,8.211017,8,1.0,0.4628,0.211017
test,268.8,269.8,1,far_center,4,4,4,5,3.377058,4.0,4,0.0,0.391341,1.0
test,268.8,269.8,2,far_right,1,1,1,1,1.048075,1.0,1,0.0,0.153772,0.0
test,268.8,269.8,3,near_left,3,3,3,3,3.278019,3.0,3,0.0,0.259293,0.0
test,268.8,269.8,4,near_center,0,0,0,0,0.020093,0.0,0,0.0,0.089781,0.0
test,268.8,269.8,5,near_right,4,4,4,5,4.076875,4.0,4,0.0,0.340457,1.0
test,269.0,270.0,0,far_left,9,9,9,8,8.350877,8.350877,8,1.0,0.461002,0.350877
test,269.0,270.0,1,far_center,6,6,6,6,4.568094,6.0,6,0.0,0.544412,0.0
test,269.0,270.0,2,far_right,1,1,1,1,1.06166,1.0,1,0.0,0.145774,0.0
test,269.0,270.0,3,near_left,3,3,3,3,3.186842,3.0,3,0.0,0.228295,0.0
test,269.0,270.0,4,near_center,0,0,0,0,0.029717,0.0,0,0.0,0.090319,0.0
test,269.0,270.0,5,near_right,4,4,4,5,3.943552,4.0,4,0.0,0.373242,1.0
test,269.2,270.2,0,far_left,9,9,9,8,8.115614,8.115614,8,1.0,0.495494,0.115614
test,269.2,270.2,1,far_center,6,6,6,5,4.836025,6.0,6,0.0,0.518732,1.0
test,269.2,270.2,2,far_right,1,1,1,2,1.050513,1.0,1,0.0,0.141193,1.0
test,269.2,270.2,3,near_left,3,3,3,3,3.143288,3.0,3,0.0,0.209644,0.0
test,269.2,270.2,4,near_center,0,0,0,0,0.027087,0.0,0,0.0,0.087228,0.0
test,269.2,270.2,5,near_right,4,4,4,5,4.069716,4.0,4,0.0,0.368896,1.0
test,269.4,270.4,0,far_left,9,9,9,8,7.886242,7.886242,8,1.0,0.520125,0.113758
test,269.4,270.4,1,far_center,5,5,5,6,5.050048,5.0,5,0.0,0.368578,1.0
test,269.4,270.4,2,far_right,1,1,1,2,1.015987,1.0,1,0.0,0.140681,1.0
test,269.4,270.4,3,near_left,4,4,4,4,3.539575,4.0,4,0.0,0.407959,0.0
test,269.4,270.4,4,near_center,0,0,0,0,0.030046,0.0,0,0.0,0.078646,0.0
test,269.4,270.4,5,near_right,4,4,4,5,4.071032,4.0,4,0.0,0.357494,1.0
test,269.6,270.6,0,far_left,8,8,8,7,7.9341,7.9341,8,1.0,0.367207,0.9341
test,269.6,270.6,1,far_center,5,5,5,6,5.123644,5.0,5,0.0,0.317594,1.0
test,269.6,270.6,2,far_right,1,1,1,2,1.000006,1.0,1,0.0,0.141522,1.0
test,269.6,270.6,3,near_left,3,3,3,4,3.228492,3.0,3,0.0,0.278836,1.0
test,269.6,270.6,4,near_center,0,0,0,0,0.002638,0.0,0,0.0,0.079691,0.0
test,269.6,270.6,5,near_right,4,4,4,5,4.077636,4.0,4,0.0,0.357572,1.0
test,269.8,270.8,0,far_left,8,8,8,7,7.907669,7.907669,8,1.0,0.293335,0.907669
test,269.8,270.8,1,far_center,5,5,5,6,5.116718,5.0,5,0.0,0.28561,1.0
test,269.8,270.8,2,far_right,1,1,1,2,1.000808,1.0,1,0.0,0.140912,1.0
test,269.8,270.8,3,near_left,3,3,3,4,3.140472,3.0,3,0.0,0.228697,1.0
test,269.8,270.8,4,near_center,0,0,0,0,0.000307,0.0,0,0.0,0.083329,0.0
test,269.8,270.8,5,near_right,5,5,5,5,4.988345,5.0,5,0.0,0.364002,0.0
test,270.0,271.0,0,far_left,8,8,8,7,7.931877,7.931877,8,1.0,0.236761,0.931877
test,270.0,271.0,1,far_center,6,6,6,6,5.537067,6.0,6,0.0,0.352338,0.0
test,270.0,271.0,2,far_right,1,1,1,2,1.027917,1.0,1,0.0,0.138341,1.0
test,270.0,271.0,3,near_left,3,3,3,4,3.110713,3.0,3,0.0,0.199999,1.0
test,270.0,271.0,4,near_center,0,0,0,0,0.016479,0.0,0,0.0,0.084496,0.0
test,270.0,271.0,5,near_right,5,5,5,5,5.052114,5.0,5,0.0,0.368729,0.0
test,270.2,271.2,0,far_left,8,8,8,7,7.945433,7.945433,8,1.0,0.189077,0.945433
test,270.2,271.2,1,far_center,5,5,5,7,5.097846,5.0,5,0.0,0.29352,2.0
test,270.2,271.2,2,far_right,2,2,2,2,1.93267,2.0,2,0.0,0.159694,0.0
test,270.2,271.2,3,near_left,3,3,3,3,3.088942,3.0,3,0.0,0.187145,0.0
test,270.2,271.2,4,near_center,0,0,0,0,0.007208,0.0,0,0.0,0.083659,0.0
test,270.2,271.2,5,near_right,5,5,5,5,5.06805,5.0,5,0.0,0.359309,0.0
test,270.4,271.4,0,far_left,8,8,8,5,7.810638,7.810638,8,1.0,0.224852,2.810638
test,270.4,271.4,1,far_center,6,6,6,6,5.653558,6.0,6,0.0,0.351397,0.0
test,270.4,271.4,2,far_right,2,2,2,3,1.976524,2.0,2,0.0,0.147638,1.0
test,270.4,271.4,3,near_left,4,4,4,4,3.787732,4.0,4,0.0,0.28891,0.0
test,270.4,271.4,4,near_center,0,0,0,0,0.039372,0.0,0,0.0,0.085285,0.0
test,270.4,271.4,5,near_right,5,5,5,5,5.078402,5.0,5,0.0,0.355516,0.0
test,270.6,271.6,0,far_left,7,7,7,4,7.112541,7.112541,7,1.0,0.167282,3.112541
test,270.6,271.6,1,far_center,6,6,6,6,5.674477,6.0,6,0.0,0.330895,0.0
test,270.6,271.6,2,far_right,2,2,2,3,1.986842,2.0,2,0.0,0.134126,1.0
test,270.6,271.6,3,near_left,4,4,4,4,3.992566,4.0,4,0.0,0.22569,0.0
test,270.6,271.6,4,near_center,0,0,0,0,0.022142,0.0,0,0.0,0.084655,0.0
test,270.6,271.6,5,near_right,5,5,5,6,5.071073,5.0,5,0.0,0.365397,1.0
test,270.8,271.8,0,far_left,7,7,6,4,7.0925,7.0925,7,1.0,0.143777,3.0925
test,270.8,271.8,1,far_center,6,5,6,6,5.355229,5.0,5,0.0,0.298294,1.0
test,270.8,271.8,2,far_right,2,2,2,2,1.979054,2.0,2,0.0,0.122937,0.0
test,270.8,271.8,3,near_left,4,5,5,4,4.830056,5.0,5,0.0,0.197167,1.0
test,270.8,271.8,4,near_center,0,0,0,0,0.006961,0.0,0,0.0,0.084964,0.0
test,270.8,271.8,5,near_right,5,5,5,6,5.05951,5.0,5,0.0,0.362824,1.0
test,271.0,272.0,0,far_left,7,7,7,5,7.09339,7.09339,7,1.0,0.138735,2.09339
test,271.0,272.0,1,far_center,6,5,4,5,5.403666,5.0,5,0.0,0.275993,0.0
test,271.0,272.0,2,far_right,2,2,2,2,1.980543,2.0,2,0.0,0.118144,0.0
test,271.0,272.0,3,near_left,4,5,5,4,4.29353,5.0,5,0.0,0.311448,1.0
test,271.0,272.0,4,near_center,0,0,1,0,0.021217,0.0,0,0.0,0.086238,0.0
test,271.0,272.0,5,near_right,5,5,5,6,5.055099,5.0,5,0.0,0.357852,1.0
test,271.2,272.2,0,far_left,7,7,6,6,7.011196,7.011196,7,1.0,0.121056,1.011196
test,271.2,272.2,1,far_center,7,5,5,4,5.444222,5.0,5,0.0,0.286803,1.0
test,271.2,272.2,2,far_right,2,4,3,2,3.773491,4.0,4,0.0,0.110721,2.0
test,271.2,272.2,3,near_left,3,4,5,4,4.005155,4.0,4,0.0,0.222161,0.0
test,271.2,272.2,4,near_center,0,1,1,1,0.932527,1.0,1,0.0,0.080899,0.0
test,271.2,272.2,5,near_right,5,3,4,6,3.80937,3.0,3,0.0,0.356695,3.0
test,271.4,272.4,0,far_left,5,5,5,4,5.094243,5.094243,5,1.0,0.11808,1.094243
test,271.4,272.4,1,far_center,6,4,4,3,4.844583,4.0,4,0.0,0.265805,1.0
test,271.4,272.4,2,far_right,3,5,4,4,4.622465,5.0,5,0.0,0.141293,1.0
test,271.4,272.4,3,near_left,4,5,5,5,4.908475,5.0,5,0.0,0.201578,0.0
test,271.4,272.4,4,near_center,0,1,1,1,0.918972,1.0,1,0.0,0.081028,0.0
test,271.4,272.4,5,near_right,5,3,4,4,3.804406,3.0,3,0.0,0.347177,1.0
test,271.6,272.6,0,far_left,4,4,4,5,4.118777,4.118777,4,1.0,0.146318,0.881223
test,271.6,272.6,1,far_center,6,4,4,6,4.776955,4.0,4,0.0,0.265441,2.0
test,271.6,272.6,2,far_right,3,5,5,4,4.745425,5.0,5,0.0,0.106115,1.0
test,271.6,272.6,3,near_left,4,5,5,5,4.954916,5.0,5,0.0,0.211663,0.0
test,271.6,272.6,4,near_center,0,1,1,1,0.92061,1.0,1,0.0,0.082095,0.0
test,271.6,272.6,5,near_right,6,4,4,3,4.674596,4.0,4,0.0,0.34605,1.0
test,271.8,272.8,0,far_left,4,4,4,5,4.082361,4.082361,4,1.0,0.16238,0.917639
test,271.8,272.8,1,far_center,6,4,4,4,4.657727,4.0,4,0.0,0.259976,0.0
test,271.8,272.8,2,far_right,2,4,4,5,3.864472,4.0,4,0.0,0.07847,1.0
test,271.8,272.8,3,near_left,4,5,5,4,4.94919,5.0,5,0.0,0.220935,1.0
test,271.8,272.8,4,near_center,0,1,1,1,0.916188,1.0,1,0.0,0.084501,0.0
test,271.8,272.8,5,near_right,6,4,4,3,4.693032,4.0,4,0.0,0.336757,1.0
test,272.0,273.0,0,far_left,5,4,4,5,4.207588,4.207588,4,1.0,0.168656,0.792412
test,272.0,273.0,1,far_center,5,4,4,4,4.313488,4.0,4,0.0,0.24968,0.0
test,272.0,273.0,2,far_right,2,4,4,5,3.860768,4.0,4,0.0,0.078507,1.0
test,272.0,273.0,3,near_left,4,5,5,4,4.908823,5.0,5,0.0,0.228791,1.0
test,272.0,273.0,4,near_center,0,1,1,1,0.921941,1.0,1,0.0,0.085917,0.0
test,272.0,273.0,5,near_right,6,4,4,3,4.688425,4.0,4,0.0,0.332145,1.0
test,272.2,273.2,0,far_left,6,5,5,5,5.159956,5.159956,5,1.0,0.169909,0.159956
test,272.2,273.2,1,far_center,4,5,4,4,4.486591,5.0,5,0.0,0.287627,1.0
test,272.2,273.2,2,far_right,2,3,4,5,2.951487,3.0,3,0.0,0.085956,2.0
test,272.2,273.2,3,near_left,4,5,5,4,4.899729,5.0,5,0.0,0.183021,1.0
test,272.2,273.2,4,near_center,1,1,1,1,1.03006,1.0,1,0.0,0.10638,0.0
test,272.2,273.2,5,near_right,6,4,4,4,4.567831,4.0,4,0.0,0.279982,0.0
test,272.4,273.4,0,far_left,4,4,4,5,4.068548,4.068548,4,1.0,0.158688,0.931452
test,272.4,273.4,1,far_center,3,4,4,4,3.815896,4.0,4,0.0,0.240606,0.0
test,272.4,273.4,2,far_right,4,4,4,6,4.005087,4.0,4,0.0,0.094376,2.0
test,272.4,273.4,3,near_left,5,5,5,5,4.99862,5.0,5,0.0,0.189272,0.0
test,272.4,273.4,4,near_center,1,1,1,1,1.024452,1.0,1,0.0,0.125386,0.0
test,272.4,273.4,5,near_right,4,3,3,2,3.270252,3.0,3,0.0,0.24679,1.0
test,272.6,273.6,0,far_left,5,5,5,5,5.023252,5.023252,5,1.0,0.17478,0.023252
test,272.6,273.6,1,far_center,6,7,7,4,5.487564,7.0,7,0.0,0.469475,3.0
test,272.6,273.6,2,far_right,4,4,4,7,4.032544,4.0,4,0.0,0.095064,3.0
test,272.6,273.6,3,near_left,5,5,5,5,4.736773,5.0,5,0.0,0.285939,0.0
test,272.6,273.6,4,near_center,1,1,1,1,1.075897,1.0,1,0.0,0.138401,0.0
test,272.6,273.6,5,near_right,3,2,2,1,2.318314,2.0,2,0.0,0.233491,1.0
test,272.8,273.8,0,far_left,5,5,5,5,5.007467,5.007467,5,1.0,0.136215,0.007467
test,272.8,273.8,1,far_center,4,5,5,5,4.798546,5.0,5,0.0,0.311578,0.0
test,272.8,273.8,2,far_right,5,5,5,6,4.921331,5.0,5,0.0,0.140637,1.0
test,272.8,273.8,3,near_left,4,4,4,5,4.165226,4.0,4,0.0,0.229185,1.0
test,272.8,273.8,4,near_center,1,1,1,1,1.018224,1.0,1,0.0,0.154223,0.0
test,272.8,273.8,5,near_right,3,2,2,1,2.294556,2.0,2,0.0,0.219088,1.0
test,273.0,274.0,0,far_left,5,5,5,5,4.980313,4.980313,5,1.0,0.129613,0.019687
test,273.0,274.0,1,far_center,4,5,5,4,4.858994,5.0,5,0.0,0.261601,1.0
test,273.0,274.0,2,far_right,5,5,5,6,4.966716,5.0,5,0.0,0.115064,1.0
test,273.0,274.0,3,near_left,4,4,4,5,4.091928,4.0,4,0.0,0.193688,1.0
test,273.0,274.0,4,near_center,1,1,1,1,1.009694,1.0,1,0.0,0.165555,0.0
test,273.0,274.0,5,near_right,3,2,2,1,2.280205,2.0,2,0.0,0.212036,1.0
test,273.2,274.2,0,far_left,5,5,5,5,4.986278,4.986278,5,1.0,0.129601,0.013722
test,273.2,274.2,1,far_center,4,5,5,4,4.856912,5.0,5,0.0,0.224424,1.0
test,273.2,274.2,2,far_right,5,5,5,6,4.991157,5.0,5,0.0,0.095341,1.0
test,273.2,274.2,3,near_left,4,4,4,5,4.076707,4.0,4,0.0,0.179361,1.0
test,273.2,274.2,4,near_center,1,1,1,1,1.026905,1.0,1,0.0,0.16997,0.0
test,273.2,274.2,5,near_right,4,3,3,1,3.167383,3.0,3,0.0,0.205286,2.0
test,273.4,274.4,0,far_left,5,5,5,5,5.020689,5.020689,5,1.0,0.127705,0.020689
test,273.4,274.4,1,far_center,4,5,5,4,4.852677,5.0,5,0.0,0.21036,1.0
test,273.4,274.4,2,far_right,6,5,5,6,5.096229,5.0,5,0.0,0.089593,1.0
test,273.4,274.4,3,near_left,5,5,5,6,4.854638,5.0,5,0.0,0.24479,1.0
test,273.4,274.4,4,near_center,1,1,1,1,1.083441,1.0,1,0.0,0.172236,0.0
test,273.4,274.4,5,near_right,2,2,2,1,1.477629,2.0,2,0.0,0.356461,1.0
test,273.6,274.6,0,far_left,5,5,5,4,5.033943,5.033943,5,1.0,0.145509,1.033943
test,273.6,274.6,1,far_center,4,5,5,4,4.905433,5.0,5,0.0,0.188008,1.0
test,273.6,274.6,2,far_right,7,6,6,6,5.805217,6.0,6,0.0,0.252503,0.0
test,273.6,274.6,3,near_left,5,5,5,7,4.545212,5.0,5,0.0,0.35054,2.0
test,273.6,274.6,4,near_center,1,1,1,1,1.059757,1.0,1,0.0,0.187352,0.0
test,273.6,274.6,5,near_right,1,1,1,1,1.105686,1.0,1,0.0,0.23496,0.0
test,273.8,274.8,0,far_left,5,5,5,4,5.037196,5.037196,5,1.0,0.159597,1.037196
test,273.8,274.8,1,far_center,5,5,5,4,4.703521,5.0,5,0.0,0.310186,1.0
test,273.8,274.8,2,far_right,6,6,5,5,5.449656,6.0,6,0.0,0.320991,1.0
test,273.8,274.8,3,near_left,5,5,5,7,5.044466,5.0,5,0.0,0.28083,2.0
test,273.8,274.8,4,near_center,1,1,1,1,1.047722,1.0,1,0.0,0.192226,0.0
test,273.8,274.8,5,near_right,1,1,2,3,1.108763,1.0,1,0.0,0.194499,2.0
test,274.0,275.0,0,far_left,5,4,4,3,4.170498,4.170498,4,1.0,0.149963,1.170498
test,274.0,275.0,1,far_center,4,4,4,4,4.097152,4.0,4,0.0,0.231282,0.0
test,274.0,275.0,2,far_right,6,5,5,5,4.99406,5.0,5,0.0,0.239233,0.0
test,274.0,275.0,3,near_left,5,6,6,7,5.903545,6.0,6,0.0,0.241944,1.0
test,274.0,275.0,4,near_center,1,1,1,1,1.004755,1.0,1,0.0,0.197584,0.0
test,274.0,275.0,5,near_right,1,2,2,3,1.899283,2.0,2,0.0,0.171949,1.0
test,274.2,275.2,0,far_left,5,4,4,3,4.184528,4.184528,4,1.0,0.163024,1.184528
test,274.2,275.2,1,far_center,4,4,4,4,4.092956,4.0,4,0.0,0.197583,0.0
test,274.2,275.2,2,far_right,6,5,5,5,5.029295,5.0,5,0.0,0.192813,0.0
test,274.2,275.2,3,near_left,5,6,6,6,5.880323,6.0,6,0.0,0.208427,0.0
test,274.2,275.2,4,near_center,1,1,1,1,0.99892,1.0,1,0.0,0.199981,0.0
test,274.2,275.2,5,near_right,1,2,2,4,1.904413,2.0,2,0.0,0.162307,2.0
test,274.4,275.4,0,far_left,5,4,4,3,4.205534,4.205534,4,1.0,0.168802,1.205534
test,274.4,275.4,1,far_center,4,4,4,4,4.08164,4.0,4,0.0,0.186022,0.0
test,274.4,275.4,2,far_right,6,5,5,6,5.058194,5.0,5,0.0,0.155798,1.0
test,274.4,275.4,3,near_left,6,7,7,6,6.449045,7.0,7,0.0,0.293978,1.0
test,274.4,275.4,4,near_center,1,1,1,1,1.024704,1.0,1,0.0,0.201203,0.0
test,274.4,275.4,5,near_right,1,2,2,4,1.905647,2.0,2,0.0,0.157612,2.0
test,274.6,275.6,0,far_left,4,4,4,3,4.0395,4.0395,4,1.0,0.163722,1.0395
test,274.6,275.6,1,far_center,4,4,4,5,4.077166,4.0,4,0.0,0.186393,1.0
test,274.6,275.6,2,far_right,6,5,5,4,5.043139,5.0,5,0.0,0.143853,1.0
test,274.6,275.6,3,near_left,7,7,7,6,6.490608,7.0,7,0.0,0.386394,1.0
test,274.6,275.6,4,near_center,1,1,1,1,1.028498,1.0,1,0.0,0.203028,0.0
test,274.6,275.6,5,near_right,1,2,2,4,1.909281,2.0,2,0.0,0.155908,2.0
test,274.8,275.8,0,far_left,4,4,4,3,4.035657,4.035657,4,1.0,0.164495,1.035657
test,274.8,275.8,1,far_center,4,4,4,5,4.063428,4.0,4,0.0,0.191533,1.0
test,274.8,275.8,2,far_right,5,5,5,4,4.97993,5.0,5,0.0,0.087985,1.0
test,274.8,275.8,3,near_left,7,7,7,6,6.507438,7.0,7,0.0,0.393774,1.0
test,274.8,275.8,4,near_center,1,1,1,1,1.039955,1.0,1,0.0,0.19501,0.0
test,274.8,275.8,5,near_right,3,3,3,4,2.996967,3.0,3,0.0,0.159986,1.0
test,275.0,276.0,0,far_left,3,3,3,3,3.076195,3.076195,3,1.0,0.181823,0.076195
test,275.0,276.0,1,far_center,4,5,5,5,4.838641,5.0,5,0.0,0.193064,0.0
test,275.0,276.0,2,far_right,5,4,4,4,4.066386,4.0,4,0.0,0.066307,0.0
test,275.0,276.0,3,near_left,7,7,7,5,6.434049,7.0,7,0.0,0.407499,2.0
test,275.0,276.0,4,near_center,1,1,1,1,1.024243,1.0,1,0.0,0.192725,0.0
test,275.0,276.0,5,near_right,3,3,3,4,3.044783,3.0,3,0.0,0.16977,1.0
test,275.2,276.2,0,far_left,3,3,3,3,3.023496,3.023496,3,1.0,0.185393,0.023496
test,275.2,276.2,1,far_center,4,5,5,5,4.838209,5.0,5,0.0,0.194744,0.0
test,275.2,276.2,2,far_right,5,4,4,4,4.061841,4.0,4,0.0,0.055262,0.0
test,275.2,276.2,3,near_left,6,6,6,6,6.340392,6.0,6,0.0,0.271329,0.0
test,275.2,276.2,4,near_center,1,1,1,1,0.996852,1.0,1,0.0,0.186757,0.0
test,275.2,276.2,5,near_right,4,4,4,4,3.995741,4.0,4,0.0,0.171101,0.0
test,275.4,276.4,0,far_left,3,3,3,4,3.027329,3.027329,3,1.0,0.196017,0.972671
test,275.4,276.4,1,far_center,4,6,5,5,5.667668,6.0,6,0.0,0.196429,1.0
test,275.4,276.4,2,far_right,6,4,4,4,4.126194,4.0,4,0.0,0.092378,0.0
test,275.4,276.4,3,near_left,6,6,6,6,6.168959,6.0,6,0.0,0.194517,0.0
test,275.4,276.4,4,near_center,1,1,1,1,0.993405,1.0,1,0.0,0.186892,0.0
test,275.4,276.4,5,near_right,4,4,5,4,4.051916,4.0,4,0.0,0.178119,0.0
test,275.6,276.6,0,far_left,3,3,2,3,3.029751,3.029751,3,1.0,0.191249,0.029751
test,275.6,276.6,1,far_center,5,6,5,5,5.753005,6.0,6,0.0,0.21055,1.0
test,275.6,276.6,2,far_right,4,3,3,5,3.119367,3.0,3,0.0,0.07044,2.0
test,275.6,276.6,3,near_left,6,6,7,6,6.085849,6.0,6,0.0,0.189332,0.0
test,275.6,276.6,4,near_center,1,1,1,1,0.999335,1.0,1,0.0,0.184933,0.0
test,275.6,276.6,5,near_right,4,4,5,3,4.046645,4.0,4,0.0,0.190136,1.0
test,275.8,276.8,0,far_left,3,2,2,3,2.256736,2.256736,2,1.0,0.193974,0.743264
test,275.8,276.8,1,far_center,5,5,5,5,4.998615,5.0,5,0.0,0.216227,0.0
test,275.8,276.8,2,far_right,4,4,4,5,4.02038,4.0,4,0.0,0.064595,1.0
test,275.8,276.8,3,near_left,6,7,7,5,6.582803,7.0,7,0.0,0.260062,2.0
test,275.8,276.8,4,near_center,1,1,1,1,1.024374,1.0,1,0.0,0.183491,0.0
test,275.8,276.8,5,near_right,4,4,4,3,4.052214,4.0,4,0.0,0.193916,1.0
test,276.0,277.0,0,far_left,3,2,2,3,2.232874,2.232874,2,1.0,0.191902,0.767126
test,276.0,277.0,1,far_center,5,5,4,5,5.000374,5.0,5,0.0,0.227751,0.0
test,276.0,277.0,2,far_right,4,5,6,5,4.93363,5.0,5,0.0,0.067389,0.0
test,276.0,277.0,3,near_left,5,6,6,7,6.016,6.0,6,0.0,0.21536,1.0
test,276.0,277.0,4,near_center,1,1,1,1,0.998945,1.0,1,0.0,0.180805,0.0
test,276.0,277.0,5,near_right,4,3,3,3,3.264975,3.0,3,0.0,0.2041,0.0
test,276.2,277.2,0,far_left,3,1,1,2,1.463113,1.463113,1,1.0,0.197549,0.536887
test,276.2,277.2,1,far_center,5,5,5,5,5.009465,5.0,5,0.0,0.231131,0.0
test,276.2,277.2,2,far_right,4,5,5,5,4.922773,5.0,5,0.0,0.069618,0.0
test,276.2,277.2,3,near_left,6,8,8,7,7.514275,8.0,8,0.0,0.240591,1.0
test,276.2,277.2,4,near_center,1,1,1,1,1.016533,1.0,1,0.0,0.178979,0.0
test,276.2,277.2,5,near_right,4,3,3,3,3.283045,3.0,3,0.0,0.214559,0.0
test,276.4,277.4,0,far_left,4,2,2,1,2.424881,2.424881,2,1.0,0.189685,1.424881
test,276.4,277.4,1,far_center,5,5,5,5,5.009721,5.0,5,0.0,0.236955,0.0
test,276.4,277.4,2,far_right,4,5,4,4,4.925987,5.0,5,0.0,0.067322,1.0
test,276.4,277.4,3,near_left,6,8,8,7,7.176961,8.0,8,0.0,0.294038,1.0
test,276.4,277.4,4,near_center,1,1,1,1,1.034368,1.0,1,0.0,0.180492,0.0
test,276.4,277.4,5,near_right,4,3,4,4,3.28944,3.0,3,0.0,0.218244,1.0
test,276.6,277.6,0,far_left,3,2,2,1,2.249053,2.249053,2,1.0,0.184842,1.249053
test,276.6,277.6,1,far_center,5,5,5,6,4.986503,5.0,5,0.0,0.238688,1.0
test,276.6,277.6,2,far_right,5,4,4,4,4.062634,4.0,4,0.0,0.069899,0.0
test,276.6,277.6,3,near_left,6,7,7,7,6.538177,7.0,7,0.0,0.332044,0.0
test,276.6,277.6,4,near_center,1,1,1,1,1.03089,1.0,1,0.0,0.177673,0.0
test,276.6,277.6,5,near_right,3,4,4,4,3.844588,4.0,4,0.0,0.22229,0.0
test,276.8,277.8,0,far_left,3,2,2,1,2.163345,2.163345,2,1.0,0.162909,1.163345
test,276.8,277.8,1,far_center,5,5,5,5,4.968245,5.0,5,0.0,0.241678,0.0
test,276.8,277.8,2,far_right,5,4,4,5,4.067484,4.0,4,0.0,0.0707,1.0
test,276.8,277.8,3,near_left,5,6,6,8,6.139691,6.0,6,0.0,0.283992,2.0
test,276.8,277.8,4,near_center,1,1,1,1,1.012443,1.0,1,0.0,0.18016,0.0
test,276.8,277.8,5,near_right,3,4,4,4,3.83973,4.0,4,0.0,0.218262,0.0
test,277.0,278.0,0,far_left,3,2,2,1,2.221274,2.221274,2,1.0,0.157464,1.221274
test,277.0,278.0,1,far_center,5,6,6,4,5.693542,6.0,6,0.0,0.24965,2.0
test,277.0,278.0,2,far_right,5,3,3,5,3.149296,3.0,3,0.0,0.072285,2.0
test,277.0,278.0,3,near_left,7,8,8,7,7.092045,8.0,8,0.0,0.455181,1.0
test,277.0,278.0,4,near_center,1,1,1,1,1.051291,1.0,1,0.0,0.179057,0.0
test,277.0,278.0,5,near_right,3,4,4,5,3.831653,4.0,4,0.0,0.227835,1.0
test,277.2,278.2,0,far_left,2,2,2,1,1.949875,1.949875,2,1.0,0.170698,0.949875
test,277.2,278.2,1,far_center,5,6,6,4,5.724579,6.0,6,0.0,0.247419,2.0
test,277.2,278.2,2,far_right,5,3,3,6,3.160134,3.0,3,0.0,0.075373,3.0
test,277.2,278.2,3,near_left,7,7,7,7,7.0952,7.0,7,0.0,0.412519,0.0
test,277.2,278.2,4,near_center,1,1,1,1,1.033426,1.0,1,0.0,0.177509,0.0
test,277.2,278.2,5,near_right,3,4,4,5,3.824358,4.0,4,0.0,0.228215,1.0
test,277.4,278.4,0,far_left,1,1,1,1,1.066753,1.066753,1,1.0,0.153015,0.066753
test,277.4,278.4,1,far_center,5,6,5,4,5.741915,6.0,6,0.0,0.236365,2.0
test,277.4,278.4,2,far_right,4,3,4,6,3.088597,3.0,3,0.0,0.0816,3.0
test,277.4,278.4,3,near_left,7,7,7,6,7.359743,7.0,7,0.0,0.360478,1.0
test,277.4,278.4,4,near_center,1,1,1,1,1.017777,1.0,1,0.0,0.176427,0.0
test,277.4,278.4,5,near_right,4,4,4,6,4.019144,4.0,4,0.0,0.238067,2.0
test,277.6,278.6,0,far_left,1,1,1,1,1.081906,1.081906,1,1.0,0.153935,0.081906
test,277.6,278.6,1,far_center,6,6,6,5,5.357253,6.0,6,0.0,0.379157,1.0
test,277.6,278.6,2,far_right,4,4,4,5,4.004713,4.0,4,0.0,0.094114,1.0
test,277.6,278.6,3,near_left,7,7,7,6,7.259458,7.0,7,0.0,0.338527,1.0
test,277.6,278.6,4,near_center,1,1,1,1,1.050609,1.0,1,0.0,0.173609,0.0
test,277.6,278.6,5,near_right,4,4,4,5,4.054646,4.0,4,0.0,0.249102,1.0
test,277.8,278.8,0,far_left,1,1,1,1,1.095143,1.095143,1,1.0,0.153202,0.095143
test,277.8,278.8,1,far_center,5,5,5,5,4.631021,5.0,5,0.0,0.355843,0.0
test,277.8,278.8,2,far_right,5,5,5,5,4.826083,5.0,5,0.0,0.172995,0.0
test,277.8,278.8,3,near_left,8,8,8,6,7.36438,8.0,8,0.0,0.472656,2.0
test,277.8,278.8,4,near_center,1,1,1,1,1.076647,1.0,1,0.0,0.169966,0.0
test,277.8,278.8,5,near_right,4,4,4,5,4.065576,4.0,4,0.0,0.251785,1.0
test,278.0,279.0,0,far_left,1,1,1,1,1.040748,1.040748,1,1.0,0.154557,0.040748
test,278.0,279.0,1,far_center,4,4,4,5,4.171631,4.0,4,0.0,0.28206,1.0
test,278.0,279.0,2,far_right,5,5,5,5,4.863981,5.0,5,0.0,0.153303,0.0
test,278.0,279.0,3,near_left,7,7,7,7,7.41454,7.0,7,0.0,0.392326,0.0
test,278.0,279.0,4,near_center,1,1,1,1,1.026753,1.0,1,0.0,0.167503,0.0
test,278.0,279.0,5,near_right,5,5,5,5,4.872406,5.0,5,0.0,0.302252,0.0
test,278.2,279.2,0,far_left,1,1,1,1,1.051226,1.051226,1,1.0,0.159089,0.051226
test,278.2,279.2,1,far_center,4,4,4,5,4.185402,4.0,4,0.0,0.241833,1.0
test,278.2,279.2,2,far_right,6,6,6,5,5.426126,6.0,6,0.0,0.305986,1.0
test,278.2,279.2,3,near_left,7,7,7,7,6.706686,7.0,7,0.0,0.41066,0.0
test,278.2,279.2,4,near_center,1,1,1,1,1.036179,1.0,1,0.0,0.172219,0.0
test,278.2,279.2,5,near_right,5,5,5,5,5.031959,5.0,5,0.0,0.269661,0.0
test,278.4,279.4,0,far_left,1,0,0,0,0.201633,0.201633,0,1.0,0.163756,0.201633
test,278.4,279.4,1,far_center,4,4,4,5,4.135041,4.0,4,0.0,0.215573,1.0
test,278.4,279.4,2,far_right,6,6,6,6,5.11158,6.0,6,0.0,0.432938,0.0
test,278.4,279.4,3,near_left,6,7,7,8,7.094173,7.0,7,0.0,0.298167,1.0
test,278.4,279.4,4,near_center,1,1,1,1,1.034547,1.0,1,0.0,0.174024,0.0
test,278.4,279.4,5,near_right,6,6,6,6,5.633498,6.0,6,0.0,0.389165,0.0
test,278.6,279.6,0,far_left,1,1,0,0,1.052044,1.052044,1,1.0,0.169155,1.052044
test,278.6,279.6,1,far_center,5,4,5,5,4.190372,4.0,4,0.0,0.247768,1.0
test,278.6,279.6,2,far_right,5,5,5,5,4.794935,5.0,5,0.0,0.235816,0.0
test,278.6,279.6,3,near_left,6,7,7,9,6.989758,7.0,7,0.0,0.244431,2.0
test,278.6,279.6,4,near_center,1,1,1,1,1.023843,1.0,1,0.0,0.175947,0.0
test,278.6,279.6,5,near_right,5,5,5,5,5.049696,5.0,5,0.0,0.300641,0.0
test,278.8,279.8,0,far_left,1,1,0,1,1.066183,1.066183,1,1.0,0.175181,0.066183
test,278.8,279.8,1,far_center,5,4,5,5,4.203621,4.0,4,0.0,0.232931,1.0
test,278.8,279.8,2,far_right,5,4,4,6,4.099193,4.0,4,0.0,0.124626,2.0
test,278.8,279.8,3,near_left,6,7,7,8,6.738203,7.0,7,0.0,0.250529,1.0
test,278.8,279.8,4,near_center,1,1,1,1,1.035248,1.0,1,0.0,0.183305,0.0
test,278.8,279.8,5,near_right,5,6,6,5,5.770828,6.0,6,0.0,0.266409,1.0
test,279.0,280.0,0,far_left,1,0,0,0,0.237289,0.237289,0,1.0,0.165873,0.237289
test,279.0,280.0,1,far_center,5,5,5,5,4.973422,5.0,5,0.0,0.224592,0.0
test,279.0,280.0,2,far_right,5,4,4,6,4.075025,4.0,4,0.0,0.07828,2.0
test,279.0,280.0,3,near_left,7,8,8,9,7.200865,8.0,8,0.0,0.392206,1.0
test,279.0,280.0,4,near_center,1,1,1,1,1.050687,1.0,1,0.0,0.176684,0.0
test,279.0,280.0,5,near_right,5,6,6,5,5.778871,6.0,6,0.0,0.254114,1.0
test,279.2,280.2,0,far_left,1,0,0,0,0.216471,0.216471,0,1.0,0.162256,0.216471
test,279.2,280.2,1,far_center,5,5,5,5,4.985379,5.0,5,0.0,0.231624,0.0
test,279.2,280.2,2,far_right,5,5,5,6,4.95976,5.0,5,0.0,0.087178,1.0
test,279.2,280.2,3,near_left,7,8,8,9,7.783288,8.0,8,0.0,0.349307,1.0
test,279.2,280.2,4,near_center,1,1,1,1,1.028345,1.0,1,0.0,0.175285,0.0
test,279.2,280.2,5,near_right,5,5,5,5,5.050838,5.0,5,0.0,0.251092,0.0
test,279.4,280.4,0,far_left,0,0,0,0,0.044561,0.044561,0,1.0,0.13462,0.044561
test,279.4,280.4,1,far_center,5,5,5,5,5.089222,5.0,5,0.0,0.225971,0.0
test,279.4,280.4,2,far_right,6,5,5,4,4.886332,5.0,5,0.0,0.190397,1.0
test,279.4,280.4,3,near_left,8,8,8,8,7.670702,8.0,8,0.0,0.432078,0.0
test,279.4,280.4,4,near_center,1,1,1,1,1.053043,1.0,1,0.0,0.171248,0.0
test,279.4,280.4,5,near_right,6,7,7,6,6.759739,7.0,7,0.0,0.243557,1.0
test,279.6,280.6,0,far_left,0,0,0,0,0.048575,0.048575,0,1.0,0.118837,0.048575
test,279.6,280.6,1,far_center,5,5,5,5,5.070842,5.0,5,0.0,0.227944,0.0
test,279.6,280.6,2,far_right,5,4,4,4,4.079541,4.0,4,0.0,0.082539,0.0
test,279.6,280.6,3,near_left,9,9,9,9,7.650071,9.0,9,0.0,0.619445,0.0
test,279.6,280.6,4,near_center,1,1,1,1,1.048952,1.0,1,0.0,0.166459,0.0
test,279.6,280.6,5,near_right,5,6,6,6,5.842813,6.0,6,0.0,0.228444,0.0
test,279.8,280.8,0,far_left,1,1,1,0,1.022046,1.022046,1,1.0,0.111918,1.022046
test,279.8,280.8,1,far_center,5,5,5,5,5.085599,5.0,5,0.0,0.232415,0.0
test,279.8,280.8,2,far_right,6,5,5,5,5.021181,5.0,5,0.0,0.098697,0.0
test,279.8,280.8,3,near_left,8,8,8,9,7.554444,8.0,8,0.0,0.521653,1.0
test,279.8,280.8,4,near_center,1,1,1,1,1.042095,1.0,1,0.0,0.164853,0.0
test,279.8,280.8,5,near_right,5,6,6,6,5.821943,6.0,6,0.0,0.217152,0.0
test,280.0,281.0,0,far_left,0,0,0,2,0.038084,0.038084,0,1.0,0.104035,1.961916
test,280.0,281.0,1,far_center,5,5,5,5,5.088377,5.0,5,0.0,0.235475,0.0
test,280.0,281.0,2,far_right,6,5,5,5,5.021114,5.0,5,0.0,0.082243,0.0
test,280.0,281.0,3,near_left,9,9,9,8,8.199468,9.0,9,0.0,0.564065,1.0
test,280.0,281.0,4,near_center,1,1,1,1,1.045314,1.0,1,0.0,0.162332,0.0
test,280.0,281.0,5,near_right,5,6,6,6,5.827347,6.0,6,0.0,0.207957,0.0
test,280.2,281.2,0,far_left,0,0,0,2,0.038123,0.038123,0,1.0,0.099171,1.961877
test,280.2,281.2,1,far_center,5,5,5,5,5.096659,5.0,5,0.0,0.242489,0.0
test,280.2,281.2,2,far_right,6,6,5,4,5.886733,6.0,6,0.0,0.102635,2.0
test,280.2,281.2,3,near_left,9,9,9,8,8.083513,9.0,9,0.0,0.583551,1.0
test,280.2,281.2,4,near_center,1,1,1,1,1.048321,1.0,1,0.0,0.161077,0.0
test,280.2,281.2,5,near_right,5,5,6,6,5.03685,5.0,5,0.0,0.210738,1.0
test,280.4,281.4,0,far_left,0,0,0,2,0.01057,0.01057,0,1.0,0.098561,1.98943
test,280.4,281.4,1,far_center,5,5,5,5,5.062118,5.0,5,0.0,0.241924,0.0
test,280.4,281.4,2,far_right,4,4,4,4,4.009242,4.0,4,0.0,0.062924,0.0
test,280.4,281.4,3,near_left,8,8,7,8,9.003757,8.0,8,0.0,0.481081,0.0
test,280.4,281.4,4,near_center,1,1,2,1,1.007458,1.0,1,0.0,0.160217,0.0
test,280.4,281.4,5,near_right,6,6,6,6,5.957406,6.0,6,0.0,0.208692,0.0
test,280.6,281.6,0,far_left,0,1,0,3,0.923872,0.923872,1,1.0,0.092095,2.076128
test,280.6,281.6,1,far_center,5,5,5,5,5.041481,5.0,5,0.0,0.253067,0.0
test,280.6,281.6,2,far_right,4,3,3,3,3.06013,3.0,3,0.0,0.048605,0.0
test,280.6,281.6,3,near_left,9,8,9,8,9.213448,8.0,8,0.0,0.535861,0.0
test,280.6,281.6,4,near_center,1,1,1,1,1.024885,1.0,1,0.0,0.157993,0.0
test,280.6,281.6,5,near_right,6,7,7,6,6.73493,7.0,7,0.0,0.217008,1.0
test,280.8,281.8,0,far_left,0,1,1,3,0.935941,0.935941,1,1.0,0.089265,2.064059
test,280.8,281.8,1,far_center,5,5,5,5,5.075479,5.0,5,0.0,0.25593,0.0
test,280.8,281.8,2,far_right,5,4,4,3,4.031109,4.0,4,0.0,0.075809,1.0
test,280.8,281.8,3,near_left,9,8,8,7,8.557713,8.0,8,0.0,0.556535,1.0
test,280.8,281.8,4,near_center,1,1,1,1,1.036328,1.0,1,0.0,0.15867,0.0
test,280.8,281.8,5,near_right,6,7,7,6,6.774489,7.0,7,0.0,0.223607,1.0
test,281.0,282.0,0,far_left,2,2,2,3,2.012129,2.012129,2,1.0,0.088224,0.987871
test,281.0,282.0,1,far_center,5,3,3,3,3.661705,3.0,3,0.0,0.25821,0.0
test,281.0,282.0,2,far_right,5,4,4,2,3.959974,4.0,4,0.0,0.123368,2.0
test,281.0,282.0,3,near_left,8,8,8,7,7.807819,8.0,8,0.0,0.542974,1.0
test,281.0,282.0,4,near_center,1,3,3,3,2.732083,3.0,3,0.0,0.151042,0.0
test,281.0,282.0,5,near_right,6,7,7,8,6.81515,7.0,7,0.0,0.228337,1.0
test,281.2,282.2,0,far_left,2,2,2,3,2.031669,2.031669,2,1.0,0.091973,0.968331
test,281.2,282.2,1,far_center,5,3,2,3,3.62598,3.0,3,0.0,0.26273,0.0
test,281.2,282.2,2,far_right,4,3,3,2,3.070516,3.0,3,0.0,0.061218,1.0
test,281.2,282.2,3,near_left,8,8,8,7,7.229191,8.0,8,0.0,0.568786,1.0
test,281.2,282.2,4,near_center,1,3,4,3,2.738356,3.0,3,0.0,0.148375,0.0
test,281.2,282.2,5,near_right,6,7,7,8,6.793134,7.0,7,0.0,0.217312,1.0
test,281.4,282.4,0,far_left,2,2,2,3,2.032517,2.032517,2,1.0,0.097564,0.967483
test,281.4,282.4,1,far_center,5,3,2,2,3.650956,3.0,3,0.0,0.266747,1.0
test,281.4,282.4,2,far_right,4,3,3,2,3.035587,3.0,3,0.0,0.073522,1.0
test,281.4,282.4,3,near_left,8,8,9,7,7.504263,8.0,8,0.0,0.529528,1.0
test,281.4,282.4,4,near_center,1,3,3,4,2.742627,3.0,3,0.0,0.146195,1.0
test,281.4,282.4,5,near_right,6,7,7,10,6.799669,7.0,7,0.0,0.21869,3.0
test,281.6,282.6,0,far_left,3,3,3,3,3.010111,3.010111,3,1.0,0.093971,0.010111
test,281.6,282.6,1,far_center,5,2,2,2,2.920075,2.0,2,0.0,0.275656,0.0
test,281.6,282.6,2,far_right,3,2,2,2,2.068696,2.0,2,0.0,0.047116,0.0
test,281.6,282.6,3,near_left,8,9,9,6,7.95089,9.0,9,0.0,0.52745,3.0
test,281.6,282.6,4,near_center,1,3,3,4,2.742634,3.0,3,0.0,0.146655,1.0
test,281.6,282.6,5,near_right,6,7,7,8,6.783745,7.0,7,0.0,0.219717,1.0
test,281.8,282.8,0,far_left,3,3,3,3,3.007693,3.007693,3,1.0,0.096192,0.007693
test,281.8,282.8,1,far_center,5,2,2,2,2.920473,2.0,2,0.0,0.285249,0.0
test,281.8,282.8,2,far_right,3,2,2,2,2.063356,2.0,2,0.0,0.043808,0.0
test,281.8,282.8,3,near_left,7,7,7,6,8.130508,7.0,7,0.0,0.449354,1.0
test,281.8,282.8,4,near_center,1,4,4,4,3.568236,4.0,4,0.0,0.144736,0.0
test,281.8,282.8,5,near_right,6,7,7,9,6.765697,7.0,7,0.0,0.222795,2.0
test,282.0,283.0,0,far_left,3,3,3,3,3.015323,3.015323,3,1.0,0.104054,0.015323
test,282.0,283.0,1,far_center,3,2,2,2,2.361208,2.0,2,0.0,0.282204,0.0
test,282.0,283.0,2,far_right,2,2,2,2,2.033669,2.0,2,0.0,0.046494,0.0
test,282.0,283.0,3,near_left,7,8,8,9,8.345837,8.0,8,0.0,0.382026,1.0
test,282.0,283.0,4,near_center,3,3,3,3,3.027979,3.0,3,0.0,0.15859,0.0
test,282.0,283.0,5,near_right,8,8,8,8,6.792795,8.0,8,0.0,0.534055,0.0
test,282.2,283.2,0,far_left,3,3,3,3,3.021272,3.021272,3,1.0,0.11151,0.021272
test,282.2,283.2,1,far_center,3,2,2,2,2.341592,2.0,2,0.0,0.277491,0.0
test,282.2,283.2,2,far_right,2,2,3,2,2.028086,2.0,2,0.0,0.049756,0.0
test,282.2,283.2,3,near_left,7,7,8,8,7.210198,7.0,7,0.0,0.351067,1.0
test,282.2,283.2,4,near_center,3,4,3,3,3.86973,4.0,4,0.0,0.162672,1.0
test,282.2,283.2,5,near_right,8,8,7,9,7.037334,8.0,8,0.0,0.490405,1.0
test,282.4,283.4,0,far_left,3,3,3,3,3.049732,3.049732,3,1.0,0.121392,0.049732
test,282.4,283.4,1,far_center,2,2,2,2,2.069277,2.0,2,0.0,0.271313,0.0
test,282.4,283.4,2,far_right,2,3,3,2,2.980251,3.0,3,0.0,0.052342,1.0
test,282.4,283.4,3,near_left,7,7,8,7,6.244492,7.0,7,0.0,0.492724,0.0
test,282.4,283.4,4,near_center,4,4,3,3,4.075741,4.0,4,0.0,0.171731,1.0
test,282.4,283.4,5,near_right,10,9,9,11,7.739417,9.0,9,0.0,0.662879,2.0
test,282.6,283.6,0,far_left,3,3,3,3,3.024539,3.024539,3,1.0,0.126069,0.024539
test,282.6,283.6,1,far_center,2,3,3,2,2.765544,3.0,3,0.0,0.271286,1.0
test,282.6,283.6,2,far_right,2,2,2,3,2.019536,2.0,2,0.0,0.058602,1.0
test,282.6,283.6,3,near_left,6,6,7,7,6.395083,6.0,6,0.0,0.341635,1.0
test,282.6,283.6,4,near_center,4,4,3,3,3.991723,4.0,4,0.0,0.161221,1.0
test,282.6,283.6,5,near_right,8,7,7,12,7.368378,7.0,7,0.0,0.436863,5.0
test,282.8,283.8,0,far_left,3,3,3,3,3.017919,3.017919,3,1.0,0.129832,0.017919
test,282.8,283.8,1,far_center,2,3,3,2,2.772743,3.0,3,0.0,0.273551,1.0
test,282.8,283.8,2,far_right,2,2,3,2,2.030098,2.0,2,0.0,0.06499,0.0
test,282.8,283.8,3,near_left,6,6,7,7,6.302855,6.0,6,0.0,0.273651,1.0
test,282.8,283.8,4,near_center,4,4,3,3,4.012759,4.0,4,0.0,0.16619,1.0
test,282.8,283.8,5,near_right,9,8,7,11,7.658456,8.0,8,0.0,0.494316,3.0
test,283.0,284.0,0,far_left,3,3,3,3,3.043875,3.043875,3,1.0,0.122566,0.043875
test,283.0,284.0,1,far_center,2,3,3,2,2.77576,3.0,3,0.0,0.276485,1.0
test,283.0,284.0,2,far_right,2,2,2,3,2.016119,2.0,2,0.0,0.071242,1.0
test,283.0,284.0,3,near_left,9,8,9,7,7.637755,8.0,8,0.0,0.518971,1.0
test,283.0,284.0,4,near_center,3,4,3,3,3.891304,4.0,4,0.0,0.15541,1.0
test,283.0,284.0,5,near_right,8,7,7,9,7.365639,7.0,7,0.0,0.368892,2.0
test,283.2,284.2,0,far_left,3,3,3,4,3.046062,3.046062,3,1.0,0.129571,0.953938
test,283.2,284.2,1,far_center,2,3,3,2,2.768288,3.0,3,0.0,0.279036,1.0
test,283.2,284.2,2,far_right,2,1,1,3,1.115373,1.0,1,0.0,0.07637,2.0
test,283.2,284.2,3,near_left,8,7,8,5,7.093068,7.0,7,0.0,0.452879,2.0
test,283.2,284.2,4,near_center,3,4,3,3,3.91984,4.0,4,0.0,0.146315,1.0
test,283.2,284.2,5,near_right,9,9,9,9,7.811647,9.0,9,0.0,0.554977,0.0
test,283.4,284.4,0,far_left,3,4,3,4,3.852954,3.852954,4,1.0,0.121544,0.147046
test,283.4,284.4,1,far_center,2,3,3,2,2.797058,3.0,3,0.0,0.280041,1.0
test,283.4,284.4,2,far_right,2,2,2,3,2.04358,2.0,2,0.0,0.082477,1.0
test,283.4,284.4,3,near_left,7,6,7,5,7.008831,6.0,6,0.0,0.363493,1.0
test,283.4,284.4,4,near_center,3,3,3,3,3.046554,3.0,3,0.0,0.148075,0.0
test,283.4,284.4,5,near_right,11,10,10,9,8.798596,10.0,10,0.0,0.651772,1.0
test,283.6,284.6,0,far_left,3,4,4,4,3.909475,3.909475,4,1.0,0.114831,0.090525
test,283.6,284.6,1,far_center,2,3,3,2,2.801797,3.0,3,0.0,0.281001,1.0
test,283.6,284.6,2,far_right,3,3,3,4,3.019215,3.0,3,0.0,0.106691,1.0
test,283.6,284.6,3,near_left,7,6,6,5,6.538479,6.0,6,0.0,0.326862,1.0
test,283.6,284.6,4,near_center,3,3,3,3,3.053832,3.0,3,0.0,0.15192,0.0
test,283.6,284.6,5,near_right,12,11,11,8,9.789885,11.0,11,0.0,0.660883,3.0
test,283.8,284.8,0,far_left,3,4,4,4,3.910443,3.910443,4,1.0,0.119042,0.089557
test,283.8,284.8,1,far_center,2,3,3,2,2.759977,3.0,3,0.0,0.284266,1.0
test,283.8,284.8,2,far_right,2,4,4,4,3.852092,4.0,4,0.0,0.090188,0.0
test,283.8,284.8,3,near_left,7,6,6,5,6.402557,6.0,6,0.0,0.247655,1.0
test,283.8,284.8,4,near_center,3,3,3,3,3.012248,3.0,3,0.0,0.152981,0.0
test,283.8,284.8,5,near_right,11,8,8,7,9.054571,8.0,8,0.0,0.481393,1.0
test,284.0,285.0,0,far_left,3,4,4,4,3.917983,3.917983,4,1.0,0.12717,0.082017
test,284.0,285.0,1,far_center,2,3,3,2,2.773606,3.0,3,0.0,0.2812,1.0
test,284.0,285.0,2,far_right,3,4,3,3,3.897519,4.0,4,0.0,0.092818,1.0
test,284.0,285.0,3,near_left,7,6,6,5,6.206476,6.0,6,0.0,0.274947,1.0
test,284.0,285.0,4,near_center,3,3,3,3,3.003296,3.0,3,0.0,0.15273,0.0
test,284.0,285.0,5,near_right,9,7,8,7,8.599058,7.0,7,0.0,0.430638,0.0
test,284.2,285.2,0,far_left,4,4,4,4,4.013846,4.013846,4,1.0,0.130501,0.013846
test,284.2,285.2,1,far_center,2,1,1,2,1.348357,1.0,1,0.0,0.283421,1.0
test,284.2,285.2,2,far_right,3,5,4,3,4.811904,5.0,5,0.0,0.091128,2.0
test,284.2,285.2,3,near_left,5,5,5,4,5.291241,5.0,5,0.0,0.219646,1.0
test,284.2,285.2,4,near_center,3,4,4,4,3.835505,4.0,4,0.0,0.153588,0.0
test,284.2,285.2,5,near_right,9,7,8,8,7.97591,7.0,7,0.0,0.384738,1.0
test,284.4,285.4,0,far_left,4,4,4,4,4.015623,4.015623,4,1.0,0.143434,0.015623
test,284.4,285.4,1,far_center,2,1,1,2,1.358027,1.0,1,0.0,0.288035,1.0
test,284.4,285.4,2,far_right,3,4,4,3,3.922124,4.0,4,0.0,0.092397,1.0
test,284.4,285.4,3,near_left,5,4,4,5,4.410297,4.0,4,0.0,0.192687,1.0
test,284.4,285.4,4,near_center,3,5,5,4,4.708297,5.0,5,0.0,0.15505,1.0
test,284.4,285.4,5,near_right,9,8,8,8,7.871131,8.0,8,0.0,0.403302,0.0
test,284.6,285.6,0,far_left,4,4,4,4,4.015894,4.015894,4,1.0,0.151774,0.015894
test,284.6,285.6,1,far_center,2,1,1,3,1.361069,1.0,1,0.0,0.289509,2.0
test,284.6,285.6,2,far_right,4,4,4,3,4.01099,4.0,4,0.0,0.097758,1.0
test,284.6,285.6,3,near_left,5,4,4,5,4.346423,4.0,4,0.0,0.177134,1.0
test,284.6,285.6,4,near_center,3,5,5,4,4.729915,5.0,5,0.0,0.148396,1.0
test,284.6,285.6,5,near_right,8,8,8,8,7.400466,8.0,8,0.0,0.385827,0.0
test,284.8,285.8,0,far_left,4,4,4,3,4.016375,4.016375,4,1.0,0.150957,1.016375
test,284.8,285.8,1,far_center,2,1,1,2,1.389951,1.0,1,0.0,0.291383,1.0
test,284.8,285.8,2,far_right,4,4,4,3,3.811796,4.0,4,0.0,0.177394,1.0
test,284.8,285.8,3,near_left,5,5,4,6,5.114497,5.0,5,0.0,0.181598,1.0
test,284.8,285.8,4,near_center,3,4,5,4,3.861739,4.0,4,0.0,0.151798,0.0
test,284.8,285.8,5,near_right,7,7,7,9,6.963483,7.0,7,0.0,0.271477,2.0
test,285.0,286.0,0,far_left,4,4,4,3,4.014262,4.014262,4,1.0,0.155701,1.014262
test,285.0,286.0,1,far_center,2,1,1,3,1.351137,1.0,1,0.0,0.294549,2.0
test,285.0,286.0,2,far_right,3,3,3,3,3.023451,3.0,3,0.0,0.102529,0.0
test,285.0,286.0,3,near_left,5,5,5,5,5.100425,5.0,5,0.0,0.173042,0.0
test,285.0,286.0,4,near_center,3,4,4,4,3.846042,4.0,4,0.0,0.160825,0.0
test,285.0,286.0,5,near_right,7,7,7,7,6.938341,7.0,7,0.0,0.213296,0.0
test,285.2,286.2,0,far_left,4,4,4,3,4.032976,4.032976,4,1.0,0.155779,1.032976
test,285.2,286.2,1,far_center,2,2,2,3,1.980301,2.0,2,0.0,0.304691,1.0
test,285.2,286.2,2,far_right,3,3,3,3,3.038535,3.0,3,0.0,0.083422,0.0
test,285.2,286.2,3,near_left,4,4,4,5,4.166436,4.0,4,0.0,0.176361,1.0
test,285.2,286.2,4,near_center,4,4,4,4,4.025528,4.0,4,0.0,0.169066,0.0
test,285.2,286.2,5,near_right,8,8,8,6,7.319836,8.0,8,0.0,0.373263,2.0
test,285.4,286.4,0,far_left,4,4,4,5,4.035113,4.035113,4,1.0,0.172061,0.964887
test,285.4,286.4,1,far_center,2,2,2,3,2.080097,2.0,2,0.0,0.288994,1.0
test,285.4,286.4,2,far_right,3,3,3,3,2.995074,3.0,3,0.0,0.109265,0.0
test,285.4,286.4,3,near_left,5,5,5,5,4.993382,5.0,5,0.0,0.230455,0.0
test,285.4,286.4,4,near_center,4,4,4,4,4.031639,4.0,4,0.0,0.18559,0.0
test,285.4,286.4,5,near_right,8,8,8,6,7.466568,8.0,8,0.0,0.344715,2.0
test,285.6,286.6,0,far_left,4,4,4,4,4.025055,4.025055,4,1.0,0.169653,0.025055
test,285.6,286.6,1,far_center,3,3,3,3,2.773112,3.0,3,0.0,0.354345,0.0
test,285.6,286.6,2,far_right,3,3,3,3,3.02462,3.0,3,0.0,0.09124,0.0
test,285.6,286.6,3,near_left,5,6,6,6,5.90239,6.0,6,0.0,0.212364,0.0
test,285.6,286.6,4,near_center,4,3,3,4,3.248218,3.0,3,0.0,0.18683,1.0
test,285.6,286.6,5,near_right,8,8,8,6,7.434665,8.0,8,0.0,0.34836,2.0
test,285.8,286.8,0,far_left,3,3,3,5,3.086423,3.086423,3,1.0,0.172895,1.913577
test,285.8,286.8,1,far_center,2,3,3,3,2.763357,3.0,3,0.0,0.311744,0.0
test,285.8,286.8,2,far_right,3,2,2,3,2.113811,2.0,2,0.0,0.088235,1.0
test,285.8,286.8,3,near_left,6,6,7,6,5.786875,6.0,6,0.0,0.312049,0.0
test,285.8,286.8,4,near_center,4,4,3,4,4.074247,4.0,4,0.0,0.189161,0.0
test,285.8,286.8,5,near_right,9,9,9,6,7.624336,9.0,9,0.0,0.54077,3.0
test,286.0,287.0,0,far_left,3,3,3,3,3.057069,3.057069,3,1.0,0.17203,0.057069
test,286.0,287.0,1,far_center,3,3,3,3,2.761521,3.0,3,0.0,0.346456,0.0
test,286.0,287.0,2,far_right,3,3,3,3,3.014316,3.0,3,0.0,0.076627,0.0
test,286.0,287.0,3,near_left,5,5,5,6,5.228841,5.0,5,0.0,0.248803,1.0
test,286.0,287.0,4,near_center,4,4,4,4,4.006694,4.0,4,0.0,0.18051,0.0
test,286.0,287.0,5,near_right,7,7,7,6,7.009243,7.0,7,0.0,0.344622,1.0
test,286.2,287.2,0,far_left,3,3,3,3,3.038715,3.038715,3,1.0,0.169393,0.038715
test,286.2,287.2,1,far_center,3,3,3,3,2.918499,3.0,3,0.0,0.312885,0.0
test,286.2,287.2,2,far_right,3,3,3,4,3.002536,3.0,3,0.0,0.077446,1.0
test,286.2,287.2,3,near_left,5,6,6,7,5.922531,6.0,6,0.0,0.206525,1.0
test,286.2,287.2,4,near_center,4,3,3,3,3.186055,3.0,3,0.0,0.192813,0.0
test,286.2,287.2,5,near_right,6,6,6,6,6.24488,6.0,6,0.0,0.304469,0.0
test,286.4,287.4,0,far_left,5,5,5,4,4.421835,4.421835,4,1.0,0.364215,0.421835
test,286.4,287.4,1,far_center,3,3,3,3,3.042631,3.0,3,0.0,0.286883,0.0
test,286.4,287.4,2,far_right,3,3,3,6,3.006618,3.0,3,0.0,0.081511,3.0
test,286.4,287.4,3,near_left,5,6,6,7,5.926464,6.0,6,0.0,0.168278,1.0
test,286.4,287.4,4,near_center,4,3,3,3,3.207306,3.0,3,0.0,0.200909,0.0
test,286.4,287.4,5,near_right,6,6,6,5,6.038625,6.0,6,0.0,0.263405,1.0
test,286.6,287.6,0,far_left,4,4,4,5,4.022232,4.022232,4,1.0,0.268271,0.977768
test,286.6,287.6,1,far_center,3,3,3,3,3.022438,3.0,3,0.0,0.275795,0.0
test,286.6,287.6,2,far_right,3,3,3,6,3.010959,3.0,3,0.0,0.084655,3.0
test,286.6,287.6,3,near_left,6,7,7,7,6.790288,7.0,7,0.0,0.192605,0.0
test,286.6,287.6,4,near_center,4,3,3,3,3.226633,3.0,3,0.0,0.199725,0.0
test,286.6,287.6,5,near_right,6,6,6,5,5.967588,6.0,6,0.0,0.224186,1.0
test,286.8,287.8,0,far_left,5,5,5,5,4.833571,4.833571,5,1.0,0.215297,0.166429
test,286.8,287.8,1,far_center,3,3,3,3,3.058476,3.0,3,0.0,0.272856,0.0
test,286.8,287.8,2,far_right,3,3,3,6,3.0132,3.0,3,0.0,0.08775,3.0
test,286.8,287.8,3,near_left,6,7,7,7,6.853259,7.0,7,0.0,0.181022,0.0
test,286.8,287.8,4,near_center,4,3,3,3,3.222754,3.0,3,0.0,0.199948,0.0
test,286.8,287.8,5,near_right,6,6,6,5,5.949406,6.0,6,0.0,0.205714,1.0
test,287.0,288.0,0,far_left,3,3,3,5,3.132798,3.132798,3,1.0,0.162772,1.867202
test,287.0,288.0,1,far_center,3,3,3,4,3.011096,3.0,3,0.0,0.276733,1.0
test,287.0,288.0,2,far_right,3,3,3,3,3.007633,3.0,3,0.0,0.093667,0.0
test,287.0,288.0,3,near_left,6,7,7,7,6.859571,7.0,7,0.0,0.169947,0.0
test,287.0,288.0,4,near_center,4,3,3,3,3.212913,3.0,3,0.0,0.200981,0.0
test,287.0,288.0,5,near_right,6,6,6,6,5.956745,6.0,6,0.0,0.200021,0.0
test,287.2,288.2,0,far_left,3,3,3,4,3.10988,3.10988,3,1.0,0.139244,0.89012
test,287.2,288.2,1,far_center,3,3,3,5,3.050878,3.0,3,0.0,0.277095,2.0
test,287.2,288.2,2,far_right,4,5,5,3,4.746587,5.0,5,0.0,0.149966,2.0
test,287.2,288.2,3,near_left,7,7,7,7,6.916958,7.0,7,0.0,0.222076,0.0
test,287.2,288.2,4,near_center,3,3,3,3,3.036719,3.0,3,0.0,0.196897,0.0
test,287.2,288.2,5,near_right,6,5,5,6,5.210425,5.0,5,0.0,0.190403,1.0
test,287.4,288.4,0,far_left,4,4,4,5,4.024777,4.024777,4,1.0,0.120304,0.975223
test,287.4,288.4,1,far_center,3,3,3,4,3.096361,3.0,3,0.0,0.275793,1.0
test,287.4,288.4,2,far_right,6,6,6,5,5.456883,6.0,6,0.0,0.315089,1.0
test,287.4,288.4,3,near_left,7,7,7,7,6.826235,7.0,7,0.0,0.270867,0.0
test,287.4,288.4,4,near_center,3,3,3,3,3.048622,3.0,3,0.0,0.187934,0.0
test,287.4,288.4,5,near_right,5,5,5,5,5.033209,5.0,5,0.0,0.183793,0.0
test,287.6,288.6,0,far_left,5,5,5,5,4.959538,4.959538,5,1.0,0.121182,0.040462
test,287.6,288.6,1,far_center,3,3,3,4,3.119924,3.0,3,0.0,0.27289,1.0
test,287.6,288.6,2,far_right,6,6,6,4,5.377746,6.0,6,0.0,0.366583,2.0
test,287.6,288.6,3,near_left,7,7,7,7,6.810469,7.0,7,0.0,0.285791,0.0
test,287.6,288.6,4,near_center,3,3,3,3,3.048761,3.0,3,0.0,0.185414,0.0
test,287.6,288.6,5,near_right,5,5,5,5,5.027552,5.0,5,0.0,0.181026,0.0
test,287.8,288.8,0,far_left,5,5,5,5,5.027232,5.027232,5,1.0,0.098079,0.027232
test,287.8,288.8,1,far_center,3,3,3,4,3.11108,3.0,3,0.0,0.269437,1.0
test,287.8,288.8,2,far_right,6,6,6,4,5.011162,6.0,6,0.0,0.462271,2.0
test,287.8,288.8,3,near_left,7,7,7,7,6.764022,7.0,7,0.0,0.294163,0.0
test,287.8,288.8,4,near_center,3,3,3,3,3.050352,3.0,3,0.0,0.185338,0.0
test,287.8,288.8,5,near_right,5,5,5,5,5.038565,5.0,5,0.0,0.175568,0.0
test,288.0,289.0,0,far_left,5,5,5,5,5.034509,5.034509,5,1.0,0.091887,0.034509
test,288.0,289.0,1,far_center,4,4,4,5,4.014774,4.0,4,0.0,0.28117,1.0
test,288.0,289.0,2,far_right,3,4,4,4,3.712863,4.0,4,0.0,0.230767,0.0
test,288.0,289.0,3,near_left,7,7,7,7,6.278955,7.0,7,0.0,0.435874,0.0
test,288.0,289.0,4,near_center,3,3,3,3,3.053728,3.0,3,0.0,0.193413,0.0
test,288.0,289.0,5,near_right,6,5,5,5,5.185907,5.0,5,0.0,0.18743,0.0
test,288.2,289.2,0,far_left,4,4,4,5,4.07176,4.07176,4,1.0,0.081677,0.92824
test,288.2,289.2,1,far_center,5,5,5,4,4.452332,5.0,5,0.0,0.401033,1.0
test,288.2,289.2,2,far_right,3,4,4,3,3.90985,4.0,4,0.0,0.119866,1.0
test,288.2,289.2,3,near_left,7,7,7,8,6.72255,7.0,7,0.0,0.339325,1.0
test,288.2,289.2,4,near_center,3,3,3,3,3.063561,3.0,3,0.0,0.190446,0.0
test,288.2,289.2,5,near_right,6,5,5,5,5.204483,5.0,5,0.0,0.207111,0.0
test,288.4,289.4,0,far_left,5,5,5,6,5.003038,5.003038,5,1.0,0.09638,0.996962
test,288.4,289.4,1,far_center,4,4,4,3,4.053549,4.0,4,0.0,0.31887,1.0
test,288.4,289.4,2,far_right,5,4,4,3,4.046587,4.0,4,0.0,0.128206,1.0
test,288.4,289.4,3,near_left,7,7,7,7,6.740385,7.0,7,0.0,0.31685,0.0
test,288.4,289.4,4,near_center,3,3,3,3,3.054,3.0,3,0.0,0.188079,0.0
test,288.4,289.4,5,near_right,5,6,6,4,5.795664,6.0,6,0.0,0.194617,2.0
test,288.6,289.6,0,far_left,5,6,6,5,5.929861,5.929861,6,1.0,0.085145,0.929861
test,288.6,289.6,1,far_center,4,4,4,5,4.030937,4.0,4,0.0,0.281371,1.0
test,288.6,289.6,2,far_right,4,4,4,4,4.015069,4.0,4,0.0,0.077709,0.0
test,288.6,289.6,3,near_left,7,6,6,7,6.229719,6.0,6,0.0,0.230803,1.0
test,288.6,289.6,4,near_center,3,3,3,3,3.021449,3.0,3,0.0,0.191283,0.0
test,288.6,289.6,5,near_right,5,5,5,4,4.977509,5.0,5,0.0,0.18775,1.0
test,288.8,289.8,0,far_left,5,6,6,4,5.939513,5.939513,6,1.0,0.079552,1.939513
test,288.8,289.8,1,far_center,4,4,4,5,4.035738,4.0,4,0.0,0.267298,1.0
test,288.8,289.8,2,far_right,4,4,4,4,3.998578,4.0,4,0.0,0.070893,0.0
test,288.8,289.8,3,near_left,7,6,6,8,6.208066,6.0,6,0.0,0.190004,2.0
test,288.8,289.8,4,near_center,3,3,3,3,3.020931,3.0,3,0.0,0.193694,0.0
test,288.8,289.8,5,near_right,5,5,5,3,4.969761,5.0,5,0.0,0.204663,2.0
test,289.0,290.0,0,far_left,5,8,8,6,7.770827,7.770827,8,1.0,0.074475,1.770827
test,289.0,290.0,1,far_center,5,4,4,5,4.115601,4.0,4,0.0,0.31269,1.0
test,289.0,290.0,2,far_right,4,4,4,4,4.013886,4.0,4,0.0,0.059674,0.0
test,289.0,290.0,3,near_left,7,5,6,8,5.432038,5.0,5,0.0,0.162606,3.0
test,289.0,290.0,4,near_center,3,3,2,3,3.03184,3.0,3,0.0,0.189841,0.0
test,289.0,290.0,5,near_right,5,5,5,3,4.961932,5.0,5,0.0,0.201733,2.0
test,289.2,290.2,0,far_left,5,7,7,5,6.918247,6.918247,7,1.0,0.056058,1.918247
test,289.2,290.2,1,far_center,4,4,4,6,3.991708,4.0,4,0.0,0.275456,2.0
test,289.2,290.2,2,far_right,3,3,3,3,3.04238,3.0,3,0.0,0.049172,0.0
test,289.2,290.2,3,near_left,8,6,7,8,6.389753,6.0,6,0.0,0.252418,2.0
test,289.2,290.2,4,near_center,3,3,2,2,3.085215,3.0,3,0.0,0.183048,1.0
test,289.2,290.2,5,near_right,5,5,5,3,3.90869,5.0,5,0.0,0.494635,2.0
test,289.4,290.4,0,far_left,6,6,6,6,6.009519,6.009519,6,1.0,0.055961,0.009519
test,289.4,290.4,1,far_center,3,3,3,5,3.082951,3.0,3,0.0,0.270845,2.0
test,289.4,290.4,2,far_right,3,3,3,4,3.024985,3.0,3,0.0,0.055137,1.0
test,289.4,290.4,3,near_left,7,7,8,7,6.715226,7.0,7,0.0,0.306281,0.0
test,289.4,290.4,4,near_center,3,3,2,2,3.054316,3.0,3,0.0,0.176952,1.0
test,289.4,290.4,5,near_right,4,4,4,3,3.859342,4.0,4,0.0,0.300345,1.0
test,289.6,290.6,0,far_left,5,7,7,6,6.925206,6.925206,7,1.0,0.048129,0.925206
test,289.6,290.6,1,far_center,5,4,4,6,4.132871,4.0,4,0.0,0.334397,2.0
test,289.6,290.6,2,far_right,4,5,4,4,4.8447,5.0,5,0.0,0.121573,1.0
test,289.6,290.6,3,near_left,7,6,8,6,6.208522,6.0,6,0.0,0.282905,0.0
test,289.6,290.6,4,near_center,3,3,1,2,3.088345,3.0,3,0.0,0.181751,1.0
test,289.6,290.6,5,near_right,4,3,4,3,2.909918,3.0,3,0.0,0.33718,0.0
test,289.8,290.8,0,far_left,4,6,6,6,5.956692,5.956692,6,1.0,0.041995,0.043308
test,289.8,290.8,1,far_center,5,3,3,5,3.647025,3.0,3,0.0,0.292275,2.0
test,289.8,290.8,2,far_right,4,5,5,5,4.449225,5.0,5,0.0,0.209812,0.0
test,289.8,290.8,3,near_left,8,7,9,7,6.625455,7.0,7,0.0,0.462147,0.0
test,289.8,290.8,4,near_center,3,4,2,2,3.880047,4.0,4,0.0,0.173167,2.0
test,289.8,290.8,5,near_right,3,2,2,2,2.359057,2.0,2,0.0,0.234864,0.0
test,290.0,291.0,0,far_left,6,7,7,5,6.796539,6.796539,7,1.0,0.119199,1.796539
test,290.0,291.0,1,far_center,5,4,4,5,4.415861,4.0,4,0.0,0.275461,1.0
test,290.0,291.0,2,far_right,4,5,5,6,4.640512,5.0,5,0.0,0.165742,1.0
test,290.0,291.0,3,near_left,8,7,9,7,6.907743,7.0,7,0.0,0.412721,0.0
test,290.0,291.0,4,near_center,3,4,2,2,3.860669,4.0,4,0.0,0.172087,2.0
test,290.0,291.0,5,near_right,3,2,2,2,2.320253,2.0,2,0.0,0.20682,0.0
test,290.2,291.2,0,far_left,5,4,4,6,4.122252,4.122252,4,1.0,0.073242,1.877748
test,290.2,291.2,1,far_center,6,5,5,6,5.165927,5.0,5,0.0,0.297795,1.0
test,290.2,291.2,2,far_right,3,4,4,5,3.927185,4.0,4,0.0,0.088758,1.0
test,290.2,291.2,3,near_left,8,8,10,5,7.806769,8.0,8,0.0,0.35017,3.0
test,290.2,291.2,4,near_center,2,4,2,4,3.713638,4.0,4,0.0,0.160867,0.0
test,290.2,291.2,5,near_right,3,2,2,3,2.307376,2.0,2,0.0,0.210646,1.0
test,290.4,291.4,0,far_left,6,5,5,5,5.059088,5.059088,5,1.0,0.055662,0.059088
test,290.4,291.4,1,far_center,5,4,4,5,4.377918,4.0,4,0.0,0.284377,1.0
test,290.4,291.4,2,far_right,4,5,5,6,4.911647,5.0,5,0.0,0.073711,1.0
test,290.4,291.4,3,near_left,7,8,9,7,8.013271,8.0,8,0.0,0.285344,1.0
test,290.4,291.4,4,near_center,2,3,2,4,2.845434,3.0,3,0.0,0.154831,1.0
test,290.4,291.4,5,near_right,3,2,2,2,2.287605,2.0,2,0.0,0.204965,0.0
test,290.6,291.6,0,far_left,6,5,5,5,5.077258,5.077258,5,1.0,0.054522,0.077258
test,290.6,291.6,1,far_center,6,5,5,5,5.061961,5.0,5,0.0,0.330841,0.0
test,290.6,291.6,2,far_right,4,5,5,4,4.949915,5.0,5,0.0,0.059276,1.0
test,290.6,291.6,3,near_left,6,7,8,8,7.105113,7.0,7,0.0,0.258592,1.0
test,290.6,291.6,4,near_center,2,3,2,3,2.857042,3.0,3,0.0,0.143565,0.0
test,290.6,291.6,5,near_right,3,2,2,3,2.283528,2.0,2,0.0,0.203508,1.0
test,290.8,291.8,0,far_left,6,6,6,6,5.998434,5.998434,6,1.0,0.063321,0.001566
test,290.8,291.8,1,far_center,5,5,5,5,4.929959,5.0,5,0.0,0.306129,0.0
test,290.8,291.8,2,far_right,5,5,5,4,5.00183,5.0,5,0.0,0.059566,1.0
test,290.8,291.8,3,near_left,7,6,7,8,6.201149,6.0,6,0.0,0.355989,2.0
test,290.8,291.8,4,near_center,2,3,2,3,2.894543,3.0,3,0.0,0.144028,0.0
test,290.8,291.8,5,near_right,2,2,2,1,2.036687,2.0,2,0.0,0.189905,1.0
test,291.0,292.0,0,far_left,5,3,3,5,3.176746,3.176746,3,1.0,0.059962,1.823254
test,291.0,292.0,1,far_center,5,6,6,5,5.720972,6.0,6,0.0,0.275949,1.0
test,291.0,292.0,2,far_right,6,6,6,4,5.883394,6.0,6,0.0,0.11281,2.0
test,291.0,292.0,3,near_left,7,8,8,8,7.558667,8.0,8,0.0,0.341778,0.0
test,291.0,292.0,4,near_center,2,2,2,2,2.039333,2.0,2,0.0,0.150961,0.0
test,291.0,292.0,5,near_right,2,2,2,2,2.036235,2.0,2,0.0,0.176513,0.0
test,291.2,292.2,0,far_left,6,6,6,6,5.882414,5.882414,6,1.0,0.141409,0.117586
test,291.2,292.2,1,far_center,6,6,6,6,5.905437,6.0,6,0.0,0.313832,0.0
test,291.2,292.2,2,far_right,5,5,5,4,4.987569,5.0,5,0.0,0.091191,1.0
test,291.2,292.2,3,near_left,5,5,5,7,5.542651,5.0,5,0.0,0.265332,2.0
test,291.2,292.2,4,near_center,4,4,4,2,3.746284,4.0,4,0.0,0.251369,2.0
test,291.2,292.2,5,near_right,3,3,3,2,2.837915,3.0,3,0.0,0.268501,1.0
test,291.4,292.4,0,far_left,5,6,5,6,5.945246,5.945246,6,1.0,0.081742,0.054754
test,291.4,292.4,1,far_center,5,5,5,6,5.126105,5.0,5,0.0,0.273898,1.0
test,291.4,292.4,2,far_right,6,6,6,4,5.694286,6.0,6,0.0,0.188558,2.0
test,291.4,292.4,3,near_left,7,6,7,7,6.346997,6.0,6,0.0,0.364424,1.0
test,291.4,292.4,4,near_center,4,4,3,2,3.634619,4.0,4,0.0,0.270535,2.0
test,291.4,292.4,5,near_right,2,2,3,2,2.10835,2.0,2,0.0,0.213799,0.0
test,291.6,292.6,0,far_left,5,5,5,7,5.032335,5.032335,5,1.0,0.059638,1.967665
test,291.6,292.6,1,far_center,5,5,5,6,5.020842,5.0,5,0.0,0.247181,1.0
test,291.6,292.6,2,far_right,4,4,4,4,4.063233,4.0,4,0.0,0.081877,0.0
test,291.6,292.6,3,near_left,8,8,8,8,7.060103,8.0,8,0.0,0.511481,0.0
test,291.6,292.6,4,near_center,3,3,2,2,3.118981,3.0,3,0.0,0.149305,1.0
test,291.6,292.6,5,near_right,3,3,4,2,1.759733,3.0,3,0.0,0.536864,1.0
test,291.8,292.8,0,far_left,6,5,5,7,5.078708,5.078708,5,1.0,0.0594,1.921292
test,291.8,292.8,1,far_center,5,5,5,6,4.931838,5.0,5,0.0,0.25245,1.0
test,291.8,292.8,2,far_right,4,4,4,3,4.043876,4.0,4,0.0,0.057022,1.0
test,291.8,292.8,3,near_left,8,9,9,7,7.204873,9.0,9,0.0,0.564015,2.0
test,291.8,292.8,4,near_center,3,3,2,2,3.088749,3.0,3,0.0,0.12001,1.0
test,291.8,292.8,5,near_right,1,1,2,2,0.950713,1.0,1,0.0,0.346455,1.0
test,292.0,293.0,0,far_left,5,5,5,8,5.040186,5.040186,5,1.0,0.049965,2.959814
test,292.0,293.0,1,far_center,5,5,4,5,4.955801,5.0,5,0.0,0.244485,0.0
test,292.0,293.0,2,far_right,4,4,4,3,4.016478,4.0,4,0.0,0.054285,1.0
test,292.0,293.0,3,near_left,8,8,8,6,6.968321,8.0,8,0.0,0.534052,2.0
test,292.0,293.0,4,near_center,2,2,3,3,2.066248,2.0,2,0.0,0.123597,1.0
test,292.0,293.0,5,near_right,2,2,2,2,2.08297,2.0,2,0.0,0.307214,0.0
test,292.2,293.2,0,far_left,6,5,5,8,5.066148,5.066148,5,1.0,0.073913,2.933852
test,292.2,293.2,1,far_center,6,5,5,5,5.193325,5.0,5,0.0,0.254472,0.0
test,292.2,293.2,2,far_right,4,4,4,3,4.008359,4.0,4,0.0,0.055552,1.0
test,292.2,293.2,3,near_left,7,8,8,6,7.433633,8.0,8,0.0,0.414167,2.0
test,292.2,293.2,4,near_center,2,3,2,3,2.920056,3.0,3,0.0,0.127395,0.0
test,292.2,293.2,5,near_right,2,2,3,2,2.121607,2.0,2,0.0,0.30162,0.0
test,292.4,293.4,0,far_left,6,6,6,9,5.821225,5.821225,6,1.0,0.124967,3.178775
test,292.4,293.4,1,far_center,6,5,5,5,5.303055,5.0,5,0.0,0.248092,0.0
test,292.4,293.4,2,far_right,4,4,4,3,4.008271,4.0,4,0.0,0.053331,1.0
test,292.4,293.4,3,near_left,7,7,7,7,6.96916,7.0,7,0.0,0.362644,0.0
test,292.4,293.4,4,near_center,2,2,2,3,2.049286,2.0,2,0.0,0.136227,1.0
test,292.4,293.4,5,near_right,2,3,3,2,2.803924,3.0,3,0.0,0.299061,1.0
test,292.6,293.6,0,far_left,7,8,8,7,7.404669,7.404669,7,1.0,0.211298,0.404669
test,292.6,293.6,1,far_center,6,5,5,5,5.383082,5.0,5,0.0,0.241658,0.0
test,292.6,293.6,2,far_right,4,4,4,3,3.926144,4.0,4,0.0,0.098009,1.0
test,292.6,293.6,3,near_left,8,8,8,8,7.602112,8.0,8,0.0,0.420506,0.0
test,292.6,293.6,4,near_center,2,1,1,2,1.20981,1.0,1,0.0,0.145776,1.0
test,292.6,293.6,5,near_right,2,3,3,1,2.823653,3.0,3,0.0,0.294781,2.0
test,292.8,293.8,0,far_left,7,7,7,7,6.544784,6.544784,7,1.0,0.25677,0.455216
test,292.8,293.8,1,far_center,6,5,5,5,5.303642,5.0,5,0.0,0.238325,0.0
test,292.8,293.8,2,far_right,3,3,3,3,3.021339,3.0,3,0.0,0.059373,0.0
test,292.8,293.8,3,near_left,7,8,8,8,7.389598,8.0,8,0.0,0.355953,0.0
test,292.8,293.8,4,near_center,2,1,1,2,1.213807,1.0,1,0.0,0.155691,1.0
test,292.8,293.8,5,near_right,2,3,3,1,2.791963,3.0,3,0.0,0.284195,2.0
test,293.0,294.0,0,far_left,8,8,8,8,7.224405,7.224405,7,1.0,0.356732,0.775595
test,293.0,294.0,1,far_center,5,5,5,5,5.09096,5.0,5,0.0,0.232171,0.0
test,293.0,294.0,2,far_right,3,3,3,2,3.016059,3.0,3,0.0,0.052642,1.0
test,293.0,294.0,3,near_left,6,7,7,7,6.968939,7.0,7,0.0,0.243937,0.0
test,293.0,294.0,4,near_center,3,1,1,2,1.312403,1.0,1,0.0,0.175145,1.0
test,293.0,294.0,5,near_right,2,3,3,1,2.818099,3.0,3,0.0,0.261294,2.0
test,293.2,294.2,0,far_left,8,8,8,7,7.374732,7.374732,7,1.0,0.34327,0.374732
test,293.2,294.2,1,far_center,5,5,5,5,5.056803,5.0,5,0.0,0.229564,0.0
test,293.2,294.2,2,far_right,3,3,3,2,3.009608,3.0,3,0.0,0.053559,1.0
test,293.2,294.2,3,near_left,6,7,7,8,6.900486,7.0,7,0.0,0.174989,1.0
test,293.2,294.2,4,near_center,3,1,1,2,1.390342,1.0,1,0.0,0.177996,1.0
test,293.2,294.2,5,near_right,2,3,3,1,2.816729,3.0,3,0.0,0.249271,2.0
test,293.4,294.4,0,far_left,9,9,9,5,8.008025,8.008025,8,1.0,0.452288,3.008025
test,293.4,294.4,1,far_center,5,5,5,5,5.055884,5.0,5,0.0,0.229259,0.0
test,293.4,294.4,2,far_right,3,3,3,2,3.025326,3.0,3,0.0,0.057418,1.0
test,293.4,294.4,3,near_left,7,8,8,7,7.510773,8.0,8,0.0,0.268505,1.0
test,293.4,294.4,4,near_center,3,1,1,2,1.449906,1.0,1,0.0,0.176533,1.0
test,293.4,294.4,5,near_right,2,3,3,1,2.289577,3.0,3,0.0,0.334704,2.0
test,293.6,294.6,0,far_left,7,7,7,7,7.26168,7.26168,7,1.0,0.289336,0.26168
test,293.6,294.6,1,far_center,5,4,4,5,4.252687,4.0,4,0.0,0.225566,1.0
test,293.6,294.6,2,far_right,3,4,4,2,3.933203,4.0,4,0.0,0.065388,2.0
test,293.6,294.6,3,near_left,8,8,8,8,7.339864,8.0,8,0.0,0.36028,0.0
test,293.6,294.6,4,near_center,2,2,2,2,2.063883,2.0,2,0.0,0.177463,0.0
test,293.6,294.6,5,near_right,1,1,1,1,1.090797,1.0,1,0.0,0.283723,0.0
test,293.8,294.8,0,far_left,7,7,7,6,7.128758,7.128758,7,1.0,0.212109,1.128758
test,293.8,294.8,1,far_center,5,4,4,5,4.313149,4.0,4,0.0,0.221347,1.0
test,293.8,294.8,2,far_right,3,4,4,2,3.503254,4.0,4,0.0,0.198124,2.0
test,293.8,294.8,3,near_left,8,8,8,7,6.939547,8.0,8,0.0,0.482129,1.0
test,293.8,294.8,4,near_center,2,2,2,2,2.058182,2.0,2,0.0,0.177522,0.0
test,293.8,294.8,5,near_right,1,1,1,1,1.138062,1.0,1,0.0,0.266287,0.0
test,294.0,295.0,0,far_left,8,8,8,5,7.803208,7.803208,8,1.0,0.24744,2.803208
test,294.0,295.0,1,far_center,5,4,4,4,4.288309,4.0,4,0.0,0.22761,0.0
test,294.0,295.0,2,far_right,2,3,3,3,2.916287,3.0,3,0.0,0.109718,0.0
test,294.0,295.0,3,near_left,7,7,7,7,6.13378,7.0,7,0.0,0.46829,0.0
test,294.0,295.0,4,near_center,2,2,2,2,2.051116,2.0,2,0.0,0.177561,0.0
test,294.0,295.0,5,near_right,1,1,1,1,1.079935,1.0,1,0.0,0.248352,0.0
test,294.2,295.2,0,far_left,7,8,7,6,7.918609,7.918609,8,1.0,0.140103,1.918609
test,294.2,295.2,1,far_center,5,4,4,5,4.276861,4.0,4,0.0,0.22981,1.0
test,294.2,295.2,2,far_right,2,3,3,3,2.933884,3.0,3,0.0,0.082328,0.0
test,294.2,295.2,3,near_left,8,7,8,7,6.369703,7.0,7,0.0,0.526778,0.0
test,294.2,295.2,4,near_center,2,2,2,2,2.04916,2.0,2,0.0,0.178967,0.0
test,294.2,295.2,5,near_right,1,1,1,1,1.072448,1.0,1,0.0,0.234979,0.0
test,294.4,295.4,0,far_left,5,5,5,7,5.173913,5.173913,5,1.0,0.122917,1.826087
test,294.4,295.4,1,far_center,5,4,4,5,4.254851,4.0,4,0.0,0.238334,1.0
test,294.4,295.4,2,far_right,2,3,3,3,2.932344,3.0,3,0.0,0.075852,0.0
test,294.4,295.4,3,near_left,7,7,7,8,7.381129,7.0,7,0.0,0.35188,1.0
test,294.4,295.4,4,near_center,2,2,2,2,1.989853,2.0,2,0.0,0.18355,0.0
test,294.4,295.4,5,near_right,1,1,1,2,1.07138,1.0,1,0.0,0.22867,1.0
test,294.6,295.6,0,far_left,7,7,7,5,6.998768,6.998768,7,1.0,0.186072,1.998768
test,294.6,295.6,1,far_center,5,4,4,5,4.29641,4.0,4,0.0,0.247657,1.0
test,294.6,295.6,2,far_right,2,3,3,4,2.931375,3.0,3,0.0,0.078197,1.0
test,294.6,295.6,3,near_left,8,8,8,7,7.75247,8.0,8,0.0,0.432301,1.0
test,294.6,295.6,4,near_center,2,2,2,2,2.016768,2.0,2,0.0,0.186463,0.0
test,294.6,295.6,5,near_right,1,1,1,1,1.072833,1.0,1,0.0,0.225244,0.0
test,294.8,295.8,0,far_left,6,6,6,6,6.093711,6.093711,6,1.0,0.135925,0.093711
test,294.8,295.8,1,far_center,5,4,3,4,4.273322,4.0,4,0.0,0.254185,0.0
test,294.8,295.8,2,far_right,2,3,4,3,2.927149,3.0,3,0.0,0.082841,0.0
test,294.8,295.8,3,near_left,7,7,7,7,7.502563,7.0,7,0.0,0.345106,0.0
test,294.8,295.8,4,near_center,2,2,2,2,1.99039,2.0,2,0.0,0.186208,0.0
test,294.8,295.8,5,near_right,1,1,1,1,1.060376,1.0,1,0.0,0.219189,0.0
test,295.0,296.0,0,far_left,5,5,5,4,5.081782,5.081782,5,1.0,0.115374,1.081782
test,295.0,296.0,1,far_center,4,4,4,5,4.029655,4.0,4,0.0,0.249127,1.0
test,295.0,296.0,2,far_right,3,3,3,2,3.00093,3.0,3,0.0,0.089272,1.0
test,295.0,296.0,3,near_left,7,7,7,7,7.328292,7.0,7,0.0,0.298827,0.0
test,295.0,296.0,4,near_center,2,3,3,3,2.809057,3.0,3,0.0,0.185813,0.0
test,295.0,296.0,5,near_right,1,0,0,0,0.282032,0.0,0,0.0,0.212835,0.0
test,295.2,296.2,0,far_left,6,7,6,5,6.906328,6.906328,7,1.0,0.104473,1.906328
test,295.2,296.2,1,far_center,5,4,4,4,4.187639,4.0,4,0.0,0.278362,0.0
test,295.2,296.2,2,far_right,3,4,4,3,3.919987,4.0,4,0.0,0.09462,1.0
test,295.2,296.2,3,near_left,7,6,7,8,6.567236,6.0,6,0.0,0.29924,2.0
test,295.2,296.2,4,near_center,2,3,3,3,2.834516,3.0,3,0.0,0.181969,0.0
test,295.2,296.2,5,near_right,1,0,0,0,0.281082,0.0,0,0.0,0.209927,0.0
test,295.4,296.4,0,far_left,7,8,7,6,7.620822,7.620822,8,1.0,0.181319,1.620822
test,295.4,296.4,1,far_center,5,4,4,4,4.380227,4.0,4,0.0,0.259544,0.0
test,295.4,296.4,2,far_right,3,4,4,3,3.880918,4.0,4,0.0,0.105444,1.0
test,295.4,296.4,3,near_left,8,7,8,9,6.94412,7.0,7,0.0,0.440712,2.0
test,295.4,296.4,4,near_center,2,3,3,3,2.86642,3.0,3,0.0,0.177932,0.0
test,295.4,296.4,5,near_right,2,1,1,2,1.213773,1.0,1,0.0,0.192099,1.0
test,295.6,296.6,0,far_left,5,5,4,7,5.100947,5.100947,5,1.0,0.112343,1.899053
test,295.6,296.6,1,far_center,5,5,6,4,4.932559,5.0,5,0.0,0.278232,1.0
test,295.6,296.6,2,far_right,4,4,4,4,3.960715,4.0,4,0.0,0.122494,0.0
test,295.6,296.6,3,near_left,7,7,7,8,7.345507,7.0,7,0.0,0.320882,1.0
test,295.6,296.6,4,near_center,2,3,3,3,2.836742,3.0,3,0.0,0.178027,0.0
test,295.6,296.6,5,near_right,1,0,0,2,0.311726,0.0,0,0.0,0.217381,2.0
test,295.8,296.8,0,far_left,6,6,5,6,6.027001,6.027001,6,1.0,0.102611,0.027001
test,295.8,296.8,1,far_center,4,5,6,6,4.776065,5.0,5,0.0,0.258057,1.0
test,295.8,296.8,2,far_right,3,2,2,3,2.182279,2.0,2,0.0,0.125144,1.0
test,295.8,296.8,3,near_left,7,7,7,7,7.146096,7.0,7,0.0,0.240029,0.0
test,295.8,296.8,4,near_center,2,3,3,3,2.816487,3.0,3,0.0,0.18518,0.0
test,295.8,296.8,5,near_right,1,0,0,2,0.276417,0.0,0,0.0,0.215605,2.0
test,296.0,297.0,0,far_left,4,4,4,4,4.143944,4.143944,4,1.0,0.108734,0.143944
test,296.0,297.0,1,far_center,5,5,5,4,4.895223,5.0,5,0.0,0.263698,1.0
test,296.0,297.0,2,far_right,2,2,2,4,2.045117,2.0,2,0.0,0.119855,2.0
test,296.0,297.0,3,near_left,7,8,8,7,7.831667,8.0,8,0.0,0.222626,1.0
test,296.0,297.0,4,near_center,3,2,2,2,2.205303,2.0,2,0.0,0.185852,0.0
test,296.0,297.0,5,near_right,0,0,0,1,0.0,0.0,0,0.0,0.215423,1.0
test,296.2,297.2,0,far_left,5,6,6,8,5.981965,5.981965,6,1.0,0.093334,2.018035
test,296.2,297.2,1,far_center,4,5,5,4,4.732126,5.0,5,0.0,0.25346,1.0
test,296.2,297.2,2,far_right,3,2,2,4,2.152554,2.0,2,0.0,0.121841,2.0
test,296.2,297.2,3,near_left,8,8,8,6,7.321442,8.0,8,0.0,0.415912,2.0
test,296.2,297.2,4,near_center,3,2,2,2,2.270338,2.0,2,0.0,0.189684,0.0
test,296.2,297.2,5,near_right,0,0,0,1,0.0,0.0,0,0.0,0.197348,1.0
test,296.4,297.4,0,far_left,6,7,7,9,6.858514,6.858514,7,1.0,0.118864,2.141486
test,296.4,297.4,1,far_center,4,5,4,3,4.810218,5.0,5,0.0,0.238661,2.0
test,296.4,297.4,2,far_right,3,2,2,4,2.154065,2.0,2,0.0,0.113189,2.0
test,296.4,297.4,3,near_left,9,9,9,6,7.405044,9.0,9,0.0,0.622076,3.0
test,296.4,297.4,4,near_center,3,2,3,3,2.289084,2.0,2,0.0,0.188578,1.0
test,296.4,297.4,5,near_right,2,2,2,2,1.823021,2.0,2,0.0,0.251134,0.0
test,296.6,297.6,0,far_left,7,8,8,6,7.597534,7.597534,8,1.0,0.174305,1.597534
test,296.6,297.6,1,far_center,4,4,4,3,4.127066,4.0,4,0.0,0.239864,1.0
test,296.6,297.6,2,far_right,4,3,3,4,3.098307,3.0,3,0.0,0.171004,1.0
test,296.6,297.6,3,near_left,8,8,8,6,7.177528,8.0,8,0.0,0.539029,2.0
test,296.6,297.6,4,near_center,3,3,3,3,3.088684,3.0,3,0.0,0.187756,0.0
test,296.6,297.6,5,near_right,2,2,2,0,1.883779,2.0,2,0.0,0.250556,2.0
test,296.8,297.8,0,far_left,6,6,6,6,5.86753,5.86753,6,1.0,0.140687,0.13247
test,296.8,297.8,1,far_center,6,6,6,5,5.683518,6.0,6,0.0,0.325551,1.0
test,296.8,297.8,2,far_right,3,3,3,1,3.01048,3.0,3,0.0,0.121582,2.0
test,296.8,297.8,3,near_left,7,7,7,5,7.308994,7.0,7,0.0,0.397428,2.0
test,296.8,297.8,4,near_center,3,3,3,3,3.065337,3.0,3,0.0,0.181655,0.0
test,296.8,297.8,5,near_right,2,2,2,1,1.967536,2.0,2,0.0,0.236019,1.0
test,297.0,298.0,0,far_left,4,5,5,7,4.988232,4.988232,5,1.0,0.084833,2.011768
test,297.0,298.0,1,far_center,4,5,5,5,4.766168,5.0,5,0.0,0.266066,0.0
test,297.0,298.0,2,far_right,4,3,3,1,3.118686,3.0,3,0.0,0.102298,2.0
test,297.0,298.0,3,near_left,7,5,5,5,6.479855,5.0,5,0.0,0.391013,0.0
test,297.0,298.0,4,near_center,2,3,3,3,2.841141,3.0,3,0.0,0.184307,0.0
test,297.0,298.0,5,near_right,1,1,1,2,1.056477,1.0,1,0.0,0.198423,1.0
test,297.2,298.2,0,far_left,8,8,8,8,7.710499,7.710499,8,1.0,0.234745,0.289501
test,297.2,298.2,1,far_center,4,4,4,5,4.093764,4.0,4,0.0,0.250976,1.0
test,297.2,298.2,2,far_right,4,3,3,2,3.121868,3.0,3,0.0,0.104358,1.0
test,297.2,298.2,3,near_left,6,6,6,5,6.185687,6.0,6,0.0,0.384091,1.0
test,297.2,298.2,4,near_center,2,3,3,3,2.828412,3.0,3,0.0,0.179078,0.0
test,297.2,298.2,5,near_right,1,1,1,2,1.056277,1.0,1,0.0,0.19512,1.0
test,297.4,298.4,0,far_left,9,9,9,9,7.900807,7.900807,8,1.0,0.459953,1.099193
test,297.4,298.4,1,far_center,3,4,4,5,3.963326,4.0,4,0.0,0.219471,1.0
test,297.4,298.4,2,far_right,4,3,2,1,3.015655,3.0,3,0.0,0.164789,2.0
test,297.4,298.4,3,near_left,6,6,6,5,5.978724,6.0,6,0.0,0.292215,1.0
test,297.4,298.4,4,near_center,3,3,3,3,3.031522,3.0,3,0.0,0.189042,0.0
test,297.4,298.4,5,near_right,2,2,3,4,1.945419,2.0,2,0.0,0.225748,2.0
test,297.6,298.6,0,far_left,6,6,6,8,6.309858,6.309858,6,1.0,0.272682,1.690142
test,297.6,298.6,1,far_center,3,4,4,5,3.817804,4.0,4,0.0,0.209255,1.0
test,297.6,298.6,2,far_right,4,2,2,1,2.331514,2.0,2,0.0,0.124648,1.0
test,297.6,298.6,3,near_left,6,6,6,6,5.647413,6.0,6,0.0,0.287527,0.0
test,297.6,298.6,4,near_center,3,3,3,2,3.03489,3.0,3,0.0,0.191563,1.0
test,297.6,298.6,5,near_right,0,1,1,4,0.915055,1.0,1,0.0,0.162013,3.0
test,297.8,298.8,0,far_left,6,6,6,9,6.031429,6.031429,6,1.0,0.21032,2.968571
test,297.8,298.8,1,far_center,5,5,5,6,4.99971,5.0,5,0.0,0.207768,1.0
test,297.8,298.8,2,far_right,1,0,0,2,0.288165,0.0,0,0.0,0.156788,2.0
test,297.8,298.8,3,near_left,5,5,5,5,4.997513,5.0,5,0.0,0.203249,0.0
test,297.8,298.8,4,near_center,3,3,3,2,2.996933,3.0,3,0.0,0.197859,1.0
test,297.8,298.8,5,near_right,1,2,2,3,1.892525,2.0,2,0.0,0.153657,1.0
test,298.0,299.0,0,far_left,7,7,7,9,6.816079,6.816079,7,1.0,0.245447,2.183921
test,298.0,299.0,1,far_center,5,5,5,5,4.578248,5.0,5,0.0,0.336496,0.0
test,298.0,299.0,2,far_right,1,0,0,2,0.274745,0.0,0,0.0,0.158698,2.0
test,298.0,299.0,3,near_left,5,5,5,5,5.027273,5.0,5,0.0,0.178677,0.0
test,298.0,299.0,4,near_center,3,3,3,2,3.053439,3.0,3,0.0,0.19548,1.0
test,298.0,299.0,5,near_right,2,3,3,3,2.840835,3.0,3,0.0,0.150955,0.0
test,298.2,299.2,0,far_left,8,8,8,8,7.366738,7.366738,7,1.0,0.346248,0.633262
test,298.2,299.2,1,far_center,5,5,5,6,4.981171,5.0,5,0.0,0.255573,1.0
test,298.2,299.2,2,far_right,2,1,1,1,1.165645,1.0,1,0.0,0.146405,0.0
test,298.2,299.2,3,near_left,5,6,6,5,5.92201,6.0,6,0.0,0.130141,1.0
test,298.2,299.2,4,near_center,3,2,2,2,2.253772,2.0,2,0.0,0.204142,0.0
test,298.2,299.2,5,near_right,2,3,3,4,2.877092,3.0,3,0.0,0.147738,1.0
test,298.4,299.4,0,far_left,9,9,9,7,7.778288,7.778288,8,1.0,0.493068,0.778288
test,298.4,299.4,1,far_center,5,5,5,6,5.075517,5.0,5,0.0,0.21204,1.0
test,298.4,299.4,2,far_right,1,0,0,0,0.239552,0.0,0,0.0,0.145663,0.0
test,298.4,299.4,3,near_left,5,6,6,4,5.9614,6.0,6,0.0,0.095099,2.0
test,298.4,299.4,4,near_center,3,2,2,2,2.273018,2.0,2,0.0,0.198556,0.0
test,298.4,299.4,5,near_right,4,5,5,5,3.672152,5.0,5,0.0,0.461425,0.0
test,298.6,299.6,0,far_left,8,7,7,7,6.354575,6.354575,6,1.0,0.513217,0.645425
test,298.6,299.6,1,far_center,5,6,6,5,5.879183,6.0,6,0.0,0.207154,1.0
test,298.6,299.6,2,far_right,1,0,0,1,0.197998,0.0,0,0.0,0.144456,1.0
test,298.6,299.6,3,near_left,6,6,6,4,5.837184,6.0,6,0.0,0.216749,2.0
test,298.6,299.6,4,near_center,2,2,2,2,2.073298,2.0,2,0.0,0.193936,0.0
test,298.6,299.6,5,near_right,4,5,5,5,4.458545,5.0,5,0.0,0.33005,0.0
test,298.8,299.8,0,far_left,9,8,8,6,7.100594,7.100594,7,1.0,0.580504,1.100594
test,298.8,299.8,1,far_center,6,7,7,7,6.262447,7.0,7,0.0,0.352064,0.0
test,298.8,299.8,2,far_right,2,1,0,1,1.188339,1.0,1,0.0,0.141462,0.0
test,298.8,299.8,3,near_left,5,5,5,4,5.066519,5.0,5,0.0,0.198279,1.0
test,298.8,299.8,4,near_center,2,2,2,2,2.064445,2.0,2,0.0,0.187154,0.0
test,298.8,299.8,5,near_right,3,4,5,5,3.831339,4.0,4,0.0,0.24363,1.0
