sample_second,video_time_s,frame_index,track_id,label,confidence,bbox_x,bbox_y,bbox_width,bbox_height,center_x,center_y,area_px,displacement_px,speed_px_s,track_age_s,tracking_state,missed_frames
0.0,0.0,0,1,person,0.9215,249,788,131,292,314.5,934.0,38252,0.0,0.0,0.0,detected,0
0.0,0.0,0,2,person,0.9198,1605,610,110,252,1660.0,736.0,27720,0.0,0.0,0.0,detected,0
0.0,0.0,0,3,person,0.9133,879,78,66,152,912.0,154.0,10032,0.0,0.0,0.0,detected,0
0.0,0.0,0,4,person,0.9111,1648,121,69,166,1682.5,204.0,11454,0.0,0.0,0.0,detected,0
0.0,0.0,0,5,person,0.8968,716,228,63,178,747.5,317.0,11214,0.0,0.0,0.0,detected,0
0.0,0.0,0,6,person,0.8963,801,244,56,179,829.0,333.5,10024,0.0,0.0,0.0,detected,0
0.0,0.0,0,7,person,0.8962,873,392,110,226,928.0,505.0,24860,0.0,0.0,0.0,detected,0
0.0,0.0,0,8,person,0.8603,1572,913,144,166,1644.0,996.0,23904,0.0,0.0,0.0,detected,0
0.0,0.0,0,9,person,0.8245,1451,34,82,153,1492.0,110.5,12546,0.0,0.0,0.0,detected,0
0.0,0.0,0,10,person,0.8148,1798,180,67,192,1831.5,276.0,12864,0.0,0.0,0.0,detected,0
0.0,0.0,0,11,person,0.7709,1349,18,53,111,1375.5,73.5,5883,0.0,0.0,0.0,detected,0
0.0,0.0,0,12,person,0.7454,295,296,76,184,333.0,388.0,13984,0.0,0.0,0.0,detected,0
0.0,0.0,0,13,person,0.7427,981,0,53,127,1007.5,63.5,6731,0.0,0.0,0.0,detected,0
0.0,0.0,0,14,person,0.6505,618,1008,132,72,684.0,1044.0,9504,0.0,0.0,0.0,detected,0
0.0,0.0,0,15,person,0.5407,14,276,74,159,51.0,355.5,11766,0.0,0.0,0.0,detected,0
0.0,0.0,0,16,person,0.4557,1157,1,38,75,1176.0,38.5,2850,0.0,0.0,0.0,detected,0
0.0,0.0,0,17,person,0.4551,111,287,60,131,141.0,352.5,7860,0.0,0.0,0.0,detected,0
0.0,0.0,0,18,person,0.4041,1326,0,31,47,1341.5,23.5,1457,0.0,0.0,0.0,detected,0
1.0,1.0,5,1,person,0.8639,96,915,113,165,152.5,997.5,18645,174.0,174.0,1.0,detected,0
1.0,1.0,5,2,person,0.9141,1615,691,126,273,1678.0,827.5,34398,93.25,93.25,1.0,detected,0
1.0,1.0,5,3,person,0.7057,926,66,65,147,958.5,139.5,9555,48.71,48.71,1.0,detected,0
1.0,1.0,5,4,person,0.8986,1646,99,64,159,1678.0,178.5,10176,25.89,25.89,1.0,detected,0
1.0,1.0,5,5,person,0.8996,782,201,68,178,816.0,290.0,12104,73.63,73.63,1.0,detected,0
1.0,1.0,5,6,person,0.9109,865,215,54,174,892.0,302.0,9396,70.44,70.44,1.0,detected,0
1.0,1.0,5,7,person,0.8924,786,449,109,241,840.5,569.5,26269,108.7,108.7,1.0,detected,0
1.0,1.0,5,9,person,0.857,1468,18,81,147,1508.5,91.5,11907,25.16,25.16,1.0,detected,0
1.0,1.0,5,11,person,0.2839,1432,0,49,84,1456.5,42.0,4116,86.91,86.91,1.0,detected,0
1.0,1.0,5,12,person,0.8499,175,342,73,193,211.5,438.5,14089,131.58,131.58,1.0,detected,0
1.0,1.0,5,13,person,0.8361,1016,0,52,115,1042.0,57.5,5980,35.02,35.02,1.0,detected,0
1.0,1.0,5,14,person,0.7338,717,909,139,171,786.5,994.5,23769,113.83,113.83,1.0,detected,0
1.0,1.0,5,15,person,0.4947,15,281,73,155,51.5,358.5,11315,3.04,3.04,1.0,detected,0
1.0,1.0,5,16,person,0.8435,1135,0,43,92,1156.5,46.0,3956,20.89,20.89,1.0,detected,0
1.0,1.0,5,18,person,0.6035,1334,0,23,39,1345.5,19.5,897,5.66,5.66,1.0,detected,0
1.0,1.0,5,19,person,0.7927,353,207,84,185,395.0,299.5,15540,0.0,0.0,0.6,detected,0
1.0,1.0,5,21,person,0.7718,1754,639,72,161,1790.0,719.5,11592,0.0,0.0,0.6,detected,0
2.0,2.0,10,2,person,0.8855,1646,807,110,208,1701.0,911.0,22880,86.61,86.61,2.0,detected,0
2.0,2.0,10,3,person,0.6696,985,48,65,147,1017.5,121.5,9555,61.68,61.68,2.0,detected,0
2.0,2.0,10,4,person,0.9069,1650,74,63,151,1681.5,149.5,9513,29.21,29.21,2.0,detected,0
2.0,2.0,10,5,person,0.8945,862,168,67,169,895.5,252.5,11323,87.9,87.9,2.0,detected,0
2.0,2.0,10,6,person,0.8986,935,181,57,167,963.5,264.5,9519,80.74,80.74,2.0,detected,0
2.0,2.0,10,7,person,0.8903,674,519,121,252,734.5,645.0,30492,130.14,130.14,2.0,detected,0
2.0,2.0,10,9,person,0.8373,1492,0,79,139,1531.5,69.5,10981,31.83,31.83,2.0,detected,0
2.0,2.0,10,12,person,0.8999,14,399,89,202,58.5,500.0,17978,164.9,164.9,2.0,detected,0
2.0,2.0,10,13,person,0.8853,1047,0,51,98,1072.5,49.0,4998,31.66,31.66,2.0,detected,0
2.0,2.0,10,14,person,0.8778,819,794,133,255,885.5,921.5,33915,123.0,123.0,2.0,detected,0
2.0,2.0,10,15,person,0.4371,13,279,73,156,49.5,357.0,11388,2.5,2.5,2.0,detected,0
2.0,2.0,10,16,person,0.8393,1099,0,41,110,1119.5,55.0,4510,38.08,38.08,2.0,detected,0
2.0,2.0,10,17,person,0.469,111,286,60,133,141.0,352.5,7980,0.0,0.0,2.0,detected,0
2.0,2.0,10,18,person,0.3168,1343,0,23,26,1354.5,13.0,598,11.1,11.1,2.0,detected,0
2.0,2.0,10,19,person,0.8809,453,178,64,175,485.0,265.5,11200,96.21,96.21,1.6,detected,0
2.0,2.0,10,21,person,0.7913,1688,732,88,124,1732.0,794.0,10912,94.42,94.42,1.6,detected,0
2.0,2.0,10,29,person,0.2056,1885,866,34,213,1902.0,972.5,7242,0.0,0.0,0.8,detected,0
2.0,2.0,10,33,person,0.3611,1691,0,27,28,1704.5,14.0,756,0.0,0.0,0.2,detected,0
3.0,3.0,15,3,person,0.8728,1038,30,60,146,1068.0,103.0,8760,53.78,53.78,3.0,detected,0
3.0,3.0,15,4,person,0.9288,1657,52,58,146,1686.0,125.0,8468,24.91,24.91,3.0,detected,0
3.0,3.0,15,5,person,0.9128,938,142,64,160,970.0,222.0,10240,80.5,80.5,3.0,detected,0
3.0,3.0,15,6,person,0.9174,1000,150,57,160,1028.5,230.0,9120,73.59,73.59,3.0,detected,0
3.0,3.0,15,7,person,0.906,555,602,132,274,621.0,739.0,36168,147.37,147.37,3.0,detected,0
3.0,3.0,15,9,person,0.8106,1529,0,69,116,1563.5,58.0,8004,34.0,34.0,3.0,detected,0
3.0,3.0,15,13,person,0.6813,1074,0,49,84,1098.5,42.0,4116,26.93,26.93,3.0,detected,0
3.0,3.0,15,14,person,0.6135,911,695,122,246,972.0,818.0,30012,134.89,134.89,3.0,detected,0
3.0,3.0,15,15,person,0.6134,12,275,76,162,50.0,356.0,12312,1.12,1.12,3.0,detected,0
3.0,3.0,15,17,person,0.5248,111,286,60,132,141.0,352.0,7920,0.5,0.5,3.0,detected,0
3.0,3.0,15,19,person,0.7604,531,147,62,170,562.0,232.0,10540,83.97,83.97,2.6,detected,0
3.0,3.0,15,21,person,0.7238,1607,845,126,234,1670.0,962.0,29484,179.08,179.08,2.6,detected,0
3.0,3.0,15,29,person,0.2183,1885,866,34,211,1902.0,971.5,7174,1.0,1.0,1.8,detected,0
3.0,3.0,15,33,person,0.3017,1661,0,29,37,1675.5,18.5,1073,29.35,29.35,1.2,detected,0
3.0,3.0,15,36,person,0.6314,1767,413,93,219,1813.5,522.5,20367,0.0,0.0,0.4,detected,0
4.0,4.0,20,3,person,0.8523,1079,16,58,132,1108.0,82.0,7656,45.18,45.18,4.0,detected,0
4.0,4.0,20,4,person,0.8736,1667,32,57,140,1695.5,102.0,7980,24.88,24.88,4.0,detected,0
4.0,4.0,20,5,person,0.893,1005,112,58,159,1034.0,191.5,9222,70.9,70.9,4.0,detected,0
4.0,4.0,20,6,person,0.9101,1071,122,50,154,1096.0,199.0,7700,74.28,74.28,4.0,detected,0
4.0,4.0,20,7,person,0.8794,423,703,142,292,494.0,849.0,41464,168.01,168.01,4.0,detected,0
4.0,4.0,20,11,person,0.7481,1573,-2,63,99,1604.5,47.5,6237,148.1,49.37,4.0,detected,0
4.0,4.0,20,14,person,0.8982,995,610,118,234,1054.0,727.0,27612,122.49,122.49,4.0,detected,0
4.0,4.0,20,15,person,0.6001,13,276,76,160,51.0,356.0,12160,1.0,1.0,4.0,detected,0
4.0,4.0,20,16,person,0.2852,996,30,42,115,1017.0,87.5,4830,107.53,53.76,4.0,detected,0
4.0,4.0,20,17,person,0.5706,111,286,60,132,141.0,352.0,7920,0.0,0.0,4.0,detected,0
4.0,4.0,20,19,person,0.7752,604,122,56,162,632.0,203.0,9072,75.77,75.77,3.6,detected,0
4.0,4.0,20,21,person,0.8116,1585,978,103,102,1636.5,1029.0,10506,74.91,74.91,3.6,detected,0
4.0,4.0,20,29,person,0.2007,1887,865,33,185,1903.5,957.5,6105,14.08,14.08,2.8,detected,0
4.0,4.0,20,36,person,0.9198,1715,474,108,263,1769.0,605.5,28404,94.18,94.18,1.4,detected,0
5.0,5.0,25,3,person,0.8099,1116,1,55,133,1143.5,67.5,7315,38.35,38.35,5.0,detected,0
5.0,5.0,25,4,person,0.8862,1682,13,55,136,1709.5,81.0,7480,25.24,25.24,5.0,detected,0
5.0,5.0,25,5,person,0.8874,1059,85,58,156,1088.0,163.0,9048,61.06,61.06,5.0,detected,0
5.0,5.0,25,6,person,0.8955,1130,98,46,147,1153.0,171.5,6762,63.29,63.29,5.0,detected,0
5.0,5.0,25,7,person,0.7794,261,823,152,256,337.0,951.0,38912,187.22,187.22,5.0,detected,0
5.0,5.0,25,11,person,0.5894,1636,0,31,73,1651.5,36.5,2263,48.27,48.27,5.0,detected,0
5.0,5.0,25,14,person,0.9191,1067,536,111,219,1122.5,645.5,24309,106.46,106.46,5.0,detected,0
5.0,5.0,25,15,person,0.5813,14,278,75,158,51.5,357.0,11850,1.12,1.12,5.0,detected,0
5.0,5.0,25,16,person,0.8845,948,52,46,125,971.0,114.5,5750,53.34,53.34,5.0,detected,0
5.0,5.0,25,17,person,0.5444,111,287,60,131,141.0,352.5,7860,0.5,0.5,5.0,detected,0
5.0,5.0,25,19,person,0.7833,672,98,56,158,700.0,177.0,8848,72.8,72.8,4.6,detected,0
5.0,5.0,25,29,person,0.1515,1886,865,34,192,1903.0,961.0,6528,3.54,3.54,3.8,detected,0
5.0,5.0,25,33,person,0.5668,1566,0,29,59,1580.5,29.5,1711,95.63,47.82,3.2,detected,0
5.0,5.0,25,36,person,0.9261,1667,550,118,268,1726.0,684.0,31624,89.51,89.51,2.4,detected,0
5.0,5.0,25,42,person,0.5596,1592,0,40,78,1612.0,39.0,3120,0.0,0.0,0.4,detected,0
5.0,5.0,25,43,person,0.9172,0,548,82,241,41.0,668.5,19762,0.0,0.0,0.2,detected,0
5.0,5.0,25,46,person,0.1707,254,831,153,163,330.5,912.5,24939,0.0,0.0,0.0,detected,0
6.0,6.0,30,3,person,0.5281,1153,0,51,119,1178.5,59.5,6069,35.9,35.9,6.0,detected,0
6.0,6.0,30,4,person,0.7506,1699,0,53,128,1725.5,64.0,6784,23.35,23.35,6.0,detected,0
6.0,6.0,30,5,person,0.8802,1112,64,53,146,1138.5,137.0,7738,56.8,56.8,6.0,detected,0
6.0,6.0,30,6,person,0.9109,1176,75,44,142,1198.0,146.0,6248,51.72,51.72,6.0,detected,0
6.0,6.0,30,11,person,0.244,1649,0,20,55,1659.0,27.5,1100,11.72,11.72,6.0,detected,0
6.0,6.0,30,13,person,0.407,1103,0,31,48,1118.5,24.0,1488,26.91,8.97,6.0,detected,0
6.0,6.0,30,14,person,0.7456,1136,473,95,205,1183.5,575.5,19475,92.85,92.85,6.0,detected,0
6.0,6.0,30,15,person,0.5725,15,279,74,157,52.0,357.5,11618,0.71,0.71,6.0,detected,0
6.0,6.0,30,16,person,0.9019,903,72,47,130,926.5,137.0,6110,49.86,49.86,6.0,detected,0
6.0,6.0,30,17,person,0.5481,111,287,60,131,141.0,352.5,7860,0.0,0.0,6.0,detected,0
6.0,6.0,30,19,person,0.8637,730,78,58,150,759.0,153.0,8700,63.69,63.69,5.6,detected,0
6.0,6.0,30,29,person,0.167,1889,865,30,173,1904.0,951.5,5190,9.55,9.55,4.8,detected,0
6.0,6.0,30,33,person,0.3335,1517,0,42,68,1538.0,34.0,2856,42.74,42.74,4.2,detected,0
6.0,6.0,30,36,person,0.89,1642,638,129,284,1706.5,780.0,36636,97.96,97.96,3.4,detected,0
6.0,6.0,30,42,person,0.4971,1609,0,29,55,1623.5,27.5,1595,16.26,16.26,1.4,detected,0
6.0,6.0,30,43,person,0.9165,94,475,120,242,154.0,596.0,29040,134.26,134.26,1.2,detected,0
6.0,6.0,30,46,person,0.8719,64,971,152,109,140.0,1025.5,16568,221.49,221.49,1.0,detected,0
7.0,7.0,35,4,person,0.3854,1722,0,52,74,1748.0,37.0,3848,35.15,35.15,7.0,detected,0
7.0,7.0,35,5,person,0.8545,1159,42,51,142,1184.5,113.0,7242,51.88,51.88,7.0,detected,0
7.0,7.0,35,6,person,0.9139,1222,50,41,138,1242.5,119.0,5658,52.05,52.05,7.0,detected,0
7.0,7.0,35,11,person,0.2691,1649,0,19,36,1658.5,18.0,684,9.51,9.51,7.0,detected,0
7.0,7.0,35,14,person,0.8876,1185,415,100,195,1235.0,512.5,19500,81.37,81.37,7.0,detected,0
7.0,7.0,35,15,person,0.4812,14,279,76,157,52.0,357.5,11932,0.0,0.0,7.0,detected,0
7.0,7.0,35,16,person,0.863,842,94,50,133,867.0,160.5,6650,63.97,63.97,7.0,detected,0
7.0,7.0,35,17,person,0.446,111,287,60,131,141.0,352.5,7860,0.0,0.0,7.0,detected,0
7.0,7.0,35,19,person,0.8209,788,57,57,147,816.5,130.5,8379,61.75,61.75,6.6,detected,0
7.0,7.0,35,29,person,0.2488,1887,864,32,175,1903.0,951.5,5600,1.0,1.0,5.8,detected,0
7.0,7.0,35,33,person,0.8488,1458,0,54,81,1485.0,40.5,4374,53.4,53.4,5.2,detected,0
7.0,7.0,35,36,person,0.7634,1641,744,129,259,1705.5,873.5,33411,93.51,93.51,4.4,detected,0
7.0,7.0,35,42,person,0.3341,1618,0,28,34,1632.0,17.0,952,13.51,13.51,2.4,detected,0
7.0,7.0,35,43,person,0.9198,229,418,106,225,282.0,530.5,23850,143.79,143.79,2.2,detected,0
7.0,7.0,35,50,person,0.8215,1414,1014,91,66,1459.5,1047.0,6006,0.0,0.0,0.0,detected,0
8.0,8.0,40,5,person,0.8708,1198,23,50,135,1223.0,90.5,6750,44.59,44.59,8.0,detected,0
8.0,8.0,40,6,person,0.8907,1261,30,43,133,1282.5,96.5,5719,45.89,45.89,8.0,detected,0
8.0,8.0,40,13,person,0.1583,1081,0,31,42,1096.5,21.0,1302,22.2,11.1,8.0,detected,0
8.0,8.0,40,14,person,0.925,1240,364,93,186,1286.5,457.0,17298,75.71,75.71,8.0,detected,0
8.0,8.0,40,15,person,0.3179,14,280,76,153,52.0,356.5,11628,1.0,1.0,8.0,detected,0
8.0,8.0,40,16,person,0.822,766,116,53,115,792.5,173.5,6095,75.63,75.63,8.0,detected,0
8.0,8.0,40,17,person,0.5407,112,287,59,131,141.5,352.5,7729,0.5,0.5,8.0,detected,0
8.0,8.0,40,19,person,0.6671,853,37,51,138,878.5,106.0,7038,66.67,66.67,7.6,detected,0
8.0,8.0,40,29,person,0.2157,1886,865,33,204,1902.5,967.0,6732,15.51,15.51,6.8,detected,0
8.0,8.0,40,33,person,0.838,1422,0,53,96,1448.5,48.0,5088,37.26,37.26,6.2,detected,0
8.0,8.0,40,36,person,0.7571,1611,864,128,216,1675.0,972.0,27648,103.11,103.11,5.4,detected,0
8.0,8.0,40,43,person,0.9005,327,369,95,214,374.5,476.0,20330,107.36,107.36,3.2,detected,0
8.0,8.0,40,50,person,0.8938,1425,901,119,178,1484.5,990.0,21182,62.24,62.24,1.0,detected,0
8.0,8.0,40,54,person,0.9142,2,390,80,207,42.0,493.5,16560,0.0,0.0,0.2,detected,0
9.0,9.0,45,5,person,0.8697,1237,2,49,137,1261.5,70.5,6713,43.38,43.38,9.0,detected,0
9.0,9.0,45,6,person,0.9075,1299,13,43,127,1320.5,76.5,5461,42.94,42.94,9.0,detected,0
9.0,9.0,45,14,person,0.9066,1276,318,91,180,1321.5,408.0,16380,60.22,60.22,9.0,detected,0
9.0,9.0,45,15,person,0.4842,16,281,73,155,52.5,358.5,11315,2.06,2.06,9.0,detected,0
9.0,9.0,45,16,person,0.894,688,142,53,130,714.5,207.0,6890,84.89,84.89,9.0,detected,0
9.0,9.0,45,17,person,0.2548,112,286,51,104,137.5,338.0,5304,15.04,15.04,9.0,detected,0
9.0,9.0,45,19,person,0.4984,909,18,49,139,933.5,87.5,6811,58.03,58.03,8.6,detected,0
9.0,9.0,45,29,person,0.2035,1886,865,33,211,1902.5,970.5,6963,3.5,3.5,7.8,detected,0
9.0,9.0,45,33,person,0.8923,1402,0,51,112,1427.5,56.0,5712,22.47,22.47,7.2,detected,0
9.0,9.0,45,36,person,0.8477,1547,1008,117,72,1605.5,1044.0,8424,100.07,100.07,6.4,detected,0
9.0,9.0,45,43,person,0.9166,401,322,89,207,445.5,425.5,18423,87.13,87.13,4.2,detected,0
9.0,9.0,45,50,person,0.851,1472,795,113,282,1528.5,936.0,31866,69.66,69.66,2.0,detected,0
9.0,9.0,45,54,person,0.8814,114,352,85,195,156.5,449.5,16575,122.66,122.66,1.2,detected,0
9.0,9.0,45,56,person,0.6689,1190,0,31,40,1205.5,20.0,1240,0.0,0.0,0.4,detected,0
10.0,10.0,50,5,person,0.8792,1279,0,48,113,1303.0,56.5,5424,43.8,43.8,10.0,detected,0
10.0,10.0,50,6,person,0.8613,1342,0,39,119,1361.5,59.5,4641,44.38,44.38,10.0,detected,0
10.0,10.0,50,13,person,0.1588,1072,0,25,39,1084.5,19.5,975,12.09,6.05,10.0,detected,0
10.0,10.0,50,14,person,0.8906,1316,279,88,170,1360.0,364.0,14960,58.47,58.47,10.0,detected,0
10.0,10.0,50,15,person,0.5252,14,279,75,157,51.5,357.5,11775,1.41,1.41,10.0,detected,0
10.0,10.0,50,16,person,0.8972,596,172,56,149,624.0,246.5,8344,98.74,98.74,10.0,detected,0
10.0,10.0,50,17,person,0.6253,112,286,60,134,142.0,353.0,8040,15.66,15.66,10.0,detected,0
10.0,10.0,50,19,person,0.3025,959,6,48,128,983.0,70.0,6144,52.5,52.5,9.6,detected,0
10.0,10.0,50,29,person,0.2739,1888,865,31,183,1903.5,956.5,5673,14.04,14.04,8.8,detected,0
10.0,10.0,50,33,person,0.7572,1380,4,52,127,1406.0,67.5,6604,24.38,24.38,8.2,detected,0
10.0,10.0,50,43,person,0.914,461,278,80,199,501.0,377.5,15920,73.38,73.38,5.2,detected,0
10.0,10.0,50,50,person,0.9292,1536,708,106,285,1589.0,850.5,30210,104.74,104.74,3.0,detected,0
10.0,10.0,50,54,person,0.9054,236,310,83,191,277.5,405.5,15853,128.75,128.75,2.2,detected,0
10.0,10.0,50,56,person,0.7176,1173,0,32,54,1189.0,27.0,1728,17.92,17.92,1.4,detected,0
10.0,10.0,50,61,person,0.899,908,948,125,132,970.5,1014.0,16500,0.0,0.0,0.2,detected,0
10.0,10.0,50,63,person,0.9053,0,589,87,228,43.5,703.0,19836,0.0,0.0,0.2,detected,0
11.0,11.0,55,5,person,0.2032,1319,0,44,93,1341.0,46.5,4092,39.29,39.29,11.0,detected,0
11.0,11.0,55,6,person,0.7936,1382,0,35,98,1399.5,49.0,3430,39.42,39.42,11.0,detected,0
11.0,11.0,55,13,person,0.1956,1076,0,24,38,1088.0,19.0,912,3.54,3.54,11.0,detected,0
11.0,11.0,55,14,person,0.8831,1359,245,83,162,1400.5,326.0,13446,55.54,55.54,11.0,detected,0
11.0,11.0,55,15,person,0.5553,16,280,75,156,53.5,358.0,11700,2.06,2.06,11.0,detected,0
11.0,11.0,55,16,person,0.178,498,200,65,90,530.5,245.0,5850,93.51,93.51,11.0,detected,0
11.0,11.0,55,17,person,0.6098,112,287,60,131,142.0,352.5,7860,0.5,0.5,11.0,detected,0
11.0,11.0,55,19,person,0.4485,999,0,52,113,1025.0,56.5,5876,44.12,44.12,10.6,detected,0
11.0,11.0,55,29,person,0.2229,1886,865,33,196,1902.5,963.0,6468,6.58,6.58,9.8,detected,0
11.0,11.0,55,33,person,0.3429,1332,8,46,111,1355.0,63.5,5106,51.16,51.16,9.2,detected,0
11.0,11.0,55,43,person,0.899,499,239,78,187,538.0,332.5,14586,58.26,58.26,6.2,detected,0
11.0,11.0,55,50,person,0.9371,1610,638,102,267,1661.0,771.5,27234,106.89,106.89,4.0,detected,0
11.0,11.0,55,54,person,0.8566,334,273,86,185,377.0,365.5,15910,107.24,107.24,3.2,detected,0
11.0,11.0,55,56,person,0.6895,1163,0,33,67,1179.5,33.5,2211,11.51,11.51,2.4,detected,0
11.0,11.0,55,58,person,0.1559,1809,225,69,137,1843.5,293.5,9453,0.0,0.0,1.6,detected,0
11.0,11.0,55,61,person,0.7508,1115,794,130,284,1180.0,936.0,36920,223.55,223.55,1.2,detected,0
11.0,11.0,55,63,person,0.7709,39,651,100,230,89.0,766.0,23000,77.71,77.71,1.2,detected,0
11.0,11.0,55,65,person,0.4041,1826,184,57,87,1854.5,227.5,4959,0.0,0.0,0.6,detected,0
11.0,11.0,55,68,person,0.9003,114,504,107,222,167.5,615.0,23754,0.0,0.0,0.2,detected,0
12.0,12.0,60,5,person,0.7029,1362,0,44,76,1384.0,38.0,3344,43.83,43.83,12.0,detected,0
12.0,12.0,60,6,person,0.5972,1415,0,34,81,1432.0,40.5,2754,33.59,33.59,12.0,detected,0
12.0,12.0,60,14,person,0.8901,1398,212,80,159,1438.0,291.5,12720,50.96,50.96,12.0,detected,0
12.0,12.0,60,15,person,0.4087,15,278,76,158,53.0,357.0,12008,1.12,1.12,12.0,detected,0
12.0,12.0,60,16,person,0.8159,395,237,48,151,419.0,312.5,7248,130.34,130.34,12.0,detected,0
12.0,12.0,60,17,person,0.4841,112,287,60,131,142.0,352.5,7860,0.0,0.0,12.0,detected,0
12.0,12.0,60,19,person,0.6473,1037,0,40,93,1057.0,46.5,3720,33.53,33.53,11.6,detected,0
12.0,12.0,60,29,person,0.2572,1888,865,31,178,1903.5,954.0,5518,9.06,9.06,10.8,detected,0
12.0,12.0,60,33,person,0.8243,1294,33,54,133,1321.0,99.5,7182,49.52,49.52,10.2,detected,0
12.0,12.0,60,43,person,0.8249,541,199,71,180,576.5,289.0,12780,58.09,58.09,7.2,detected,0
12.0,12.0,60,50,person,0.9175,1684,577,96,249,1732.0,701.5,23904,99.7,99.7,5.0,detected,0
12.0,12.0,60,54,person,0.9016,439,244,79,178,478.5,333.0,14062,106.58,106.58,4.2,detected,0
12.0,12.0,60,56,person,0.7317,1143,0,41,83,1163.5,41.5,3403,17.89,17.89,3.4,detected,0
12.0,12.0,60,58,person,0.1781,1758,317,70,116,1793.0,375.0,8120,95.88,95.88,2.6,detected,0
12.0,12.0,60,61,person,0.8828,1267,660,126,331,1330.0,825.5,41706,186.31,186.31,2.2,detected,0
12.0,12.0,60,63,person,0.909,223,602,105,230,275.5,717.0,24150,192.83,192.83,2.2,detected,0
12.0,12.0,60,65,person,0.3431,1772,297,59,108,1801.5,351.0,6372,134.39,134.39,1.6,detected,0
12.0,12.0,60,68,person,0.8853,235,436,89,200,279.5,536.0,17800,137.06,137.06,1.2,detected,0
12.0,12.0,60,69,person,0.7411,1796,215,68,118,1830.0,274.0,8024,0.0,0.0,1.0,detected,0
12.0,12.0,60,74,person,0.5859,1401,932,125,148,1463.5,1006.0,18500,0.0,0.0,0.6,detected,0
12.0,12.0,60,75,person,0.1581,1281,0,30,38,1296.0,19.0,1140,0.0,0.0,0.6,detected,0
12.0,12.0,60,76,person,0.8462,0,866,79,212,39.5,972.0,16748,0.0,0.0,0.2,detected,0
13.0,13.0,65,5,person,0.7365,1401,0,39,59,1420.5,29.5,2301,37.48,37.48,13.0,detected,0
13.0,13.0,65,6,person,0.4673,1447,0,31,64,1462.5,32.0,1984,31.66,31.66,13.0,detected,0
13.0,13.0,65,13,person,0.6021,1078,0,32,65,1094.0,32.5,2080,14.77,7.39,13.0,detected,0
13.0,13.0,65,14,person,0.8467,1437,181,76,151,1475.0,256.5,11476,50.93,50.93,13.0,detected,0
13.0,13.0,65,15,person,0.4944,13,275,78,161,52.0,355.5,12558,1.8,1.8,13.0,detected,0
13.0,13.0,65,16,person,0.8393,291,265,61,168,321.5,349.0,10248,104.11,104.11,13.0,detected,0
13.0,13.0,65,17,person,0.5321,112,287,60,130,142.0,352.0,7800,0.5,0.5,13.0,detected,0
13.0,13.0,65,19,person,0.6841,1092,0,41,89,1112.5,44.5,3649,55.54,55.54,12.6,detected,0
13.0,13.0,65,29,person,0.2763,1890,865,30,174,1905.0,952.0,5220,2.5,2.5,11.8,detected,0
13.0,13.0,65,33,person,0.8722,1253,44,57,140,1281.5,114.0,7980,42.08,42.08,11.2,detected,0
13.0,13.0,65,43,person,0.7704,611,177,65,131,643.5,242.5,8515,81.56,81.56,8.2,detected,0
13.0,13.0,65,50,person,0.9217,1729,519,92,236,1775.0,637.0,21712,77.52,77.52,6.0,detected,0
13.0,13.0,65,54,person,0.8633,532,214,67,170,565.5,299.0,11390,93.41,93.41,5.2,detected,0
13.0,13.0,65,56,person,0.1866,1114,0,42,97,1135.0,48.5,4074,29.35,29.35,4.4,detected,0
13.0,13.0,65,58,person,0.3204,1736,348,65,113,1768.5,404.5,7345,38.35,38.35,3.6,detected,0
13.0,13.0,65,61,person,0.9089,1365,550,116,302,1423.0,701.0,35032,155.4,155.4,3.2,detected,0
13.0,13.0,65,63,person,0.9195,401,543,92,221,447.0,653.5,20332,182.88,182.88,3.2,detected,0
13.0,13.0,65,65,person,0.2593,1747,296,71,160,1782.5,376.0,11360,31.4,31.4,2.6,detected,0
13.0,13.0,65,68,person,0.1865,322,379,83,201,363.5,479.5,16683,101.23,101.23,2.2,detected,0
13.0,13.0,65,69,person,0.4472,1765,247,73,97,1801.5,295.5,7081,35.7,35.7,2.0,detected,0
13.0,13.0,65,74,person,0.908,1517,813,128,266,1581.0,946.0,34048,131.93,131.93,1.6,detected,0
13.0,13.0,65,75,person,0.1584,1196,1,21,33,1206.5,17.5,693,89.51,89.51,1.6,detected,0
13.0,13.0,65,76,person,0.8652,16,737,113,298,72.5,886.0,33674,92.11,92.11,1.2,detected,0
13.0,13.0,65,77,person,0.884,124,729,149,332,198.5,895.0,49468,0.0,0.0,0.4,detected,0
14.0,14.0,70,5,person,0.3562,1437,0,34,43,1454.0,21.5,1462,34.44,34.44,14.0,detected,0
14.0,14.0,70,6,person,0.1916,1479,0,29,46,1493.5,23.0,1334,32.28,32.28,14.0,detected,0
14.0,14.0,70,13,person,0.3869,1101,6,30,60,1116.0,36.0,1800,22.28,22.28,14.0,detected,0
14.0,14.0,70,14,person,0.9001,1474,151,74,148,1511.0,225.0,10952,47.84,47.84,14.0,detected,0
14.0,14.0,70,15,person,0.4247,15,278,75,158,52.5,357.0,11850,1.58,1.58,14.0,detected,0
14.0,14.0,70,16,person,0.8159,181,306,65,177,213.5,394.5,11505,117.19,117.19,14.0,detected,0
14.0,14.0,70,17,person,0.1901,112,287,60,130,142.0,352.0,7800,0.0,0.0,14.0,detected,0
14.0,14.0,70,29,person,0.1731,1888,865,31,176,1903.5,953.0,5456,1.8,1.8,12.8,detected,0
14.0,14.0,70,33,person,0.8834,1208,63,60,142,1238.0,134.0,8520,47.88,47.88,12.2,detected,0
14.0,14.0,70,43,person,0.7949,684,146,61,125,714.5,208.5,7625,78.72,78.72,9.2,detected,0
14.0,14.0,70,50,person,0.9048,1769,468,87,225,1812.5,580.5,19575,67.81,67.81,7.0,detected,0
14.0,14.0,70,54,person,0.804,609,187,60,127,639.0,250.5,7620,88.06,88.06,6.2,detected,0
14.0,14.0,70,56,person,0.7411,1081,0,45,113,1103.5,56.5,5085,32.5,32.5,5.4,detected,0
14.0,14.0,70,58,person,0.1905,1705,396,62,101,1736.0,446.5,6262,53.11,53.11,4.6,detected,0
14.0,14.0,70,61,person,0.9191,1432,461,106,274,1485.0,598.0,29044,120.22,120.22,4.2,detected,0
14.0,14.0,70,63,person,0.8959,553,493,86,211,596.0,598.5,18146,158.83,158.83,4.2,detected,0
14.0,14.0,70,65,person,0.1561,1734,281,77,157,1772.5,359.5,12089,19.29,19.29,3.6,detected,0
14.0,14.0,70,68,person,0.9133,386,326,77,193,424.5,422.5,14861,83.49,83.49,3.2,detected,0
14.0,14.0,70,69,person,0.3642,1734,283,75,101,1771.5,333.5,7575,48.41,48.41,3.0,detected,0
14.0,14.0,70,74,person,0.8968,1599,710,113,297,1655.5,858.5,33561,114.92,114.92,2.6,detected,0
14.0,14.0,70,75,person,0.2704,1165,0,26,47,1178.0,23.5,1222,29.12,29.12,2.6,detected,0
14.0,14.0,70,76,person,0.8709,180,650,106,287,233.0,793.5,30422,185.25,185.25,2.2,detected,0
14.0,14.0,70,77,person,0.9329,281,640,120,310,341.0,795.0,37200,174.09,174.09,1.4,detected,0
14.0,14.0,70,83,person,0.8972,1304,958,131,121,1369.5,1018.5,15851,0.0,0.0,0.6,detected,0
14.0,14.0,70,84,person,0.4312,1290,1,38,64,1309.0,33.0,2432,0.0,0.0,0.4,detected,0
15.0,15.0,75,5,person,0.1618,1474,0,26,27,1487.0,13.5,702,33.96,33.96,15.0,detected,0
15.0,15.0,75,6,person,0.2287,1514,0,26,32,1527.0,16.0,832,34.22,34.22,15.0,detected,0
15.0,15.0,75,13,person,0.2428,1132,-3,29,49,1146.5,21.5,1421,33.77,33.77,15.0,predicted,1
15.0,15.0,75,14,person,0.7709,1509,127,71,145,1544.5,199.5,10295,42.1,42.1,15.0,detected,0
15.0,15.0,75,16,person,0.8653,51,350,74,186,88.0,443.0,13764,134.55,134.55,15.0,detected,0
15.0,15.0,75,17,person,0.2884,112,287,60,131,142.0,352.5,7860,0.5,0.5,15.0,detected,0
15.0,15.0,75,33,person,0.8289,1151,83,61,143,1181.5,154.5,8723,60.1,60.1,13.2,detected,0
15.0,15.0,75,43,person,0.6805,756,121,56,115,784.0,178.5,6440,75.7,75.7,10.2,detected,0
15.0,15.0,75,50,person,0.3902,1816,452,49,155,1840.5,529.5,7595,58.18,58.18,8.0,detected,0
15.0,15.0,75,54,person,0.7936,675,163,56,110,703.0,218.0,6160,71.78,71.78,7.2,detected,0
15.0,15.0,75,56,person,0.7295,1039,8,45,122,1061.5,69.0,5490,43.82,43.82,6.4,detected,0
15.0,15.0,75,58,person,0.3937,1669,447,60,81,1699.0,487.5,4860,55.23,55.23,5.6,detected,0
15.0,15.0,75,61,person,0.9029,1495,389,98,252,1544.0,515.0,24696,101.83,101.83,5.2,detected,0
15.0,15.0,75,63,person,0.9139,683,442,90,206,728.0,545.0,18540,142.43,142.43,5.2,detected,0
15.0,15.0,75,65,person,0.7302,1699,324,79,149,1738.5,398.5,11771,51.74,51.74,4.6,detected,0
15.0,15.0,75,68,person,0.8991,430,282,75,182,467.5,373.0,13650,65.57,65.57,4.2,detected,0
15.0,15.0,75,74,person,0.8758,1657,620,103,273,1708.5,756.5,28119,114.95,114.95,3.6,detected,0
15.0,15.0,75,75,person,0.4235,1161,0,31,63,1176.5,31.5,1953,8.14,8.14,3.6,detected,0
15.0,15.0,75,76,person,0.9014,319,570,94,266,366.0,703.0,25004,160.87,160.87,3.2,detected,0
15.0,15.0,75,77,person,0.9349,415,566,102,292,466.0,712.0,29784,150.05,150.05,2.4,detected,0
15.0,15.0,75,83,person,0.8975,1416,815,151,262,1491.5,946.0,39562,141.92,141.92,1.6,detected,0
15.0,15.0,75,84,person,0.2026,1303,3,40,77,1323.0,41.5,3080,16.38,16.38,1.4,detected,0
16.0,16.0,80,14,person,0.8643,1537,106,70,139,1572.0,175.5,9730,36.5,36.5,16.0,detected,0
16.0,16.0,80,15,person,0.3656,15,280,75,156,52.5,358.0,11700,1.0,0.5,16.0,detected,0
16.0,16.0,80,17,person,0.494,112,287,59,132,141.5,353.0,7788,0.71,0.71,16.0,detected,0
16.0,16.0,80,33,person,0.8754,1097,101,61,150,1127.5,176.0,9150,58.12,58.12,14.2,detected,0
16.0,16.0,80,43,person,0.643,820,99,56,152,848.0,175.0,8512,64.1,64.1,11.2,detected,0
16.0,16.0,80,54,person,0.3305,738,147,56,98,766.0,196.0,5488,66.73,66.73,8.2,detected,0
16.0,16.0,80,56,person,0.8164,993,25,47,122,1016.5,86.0,5734,48.1,48.1,7.4,detected,0
16.0,16.0,80,61,person,0.8817,1558,326,85,231,1600.5,441.5,19635,92.71,92.71,6.2,detected,0
16.0,16.0,80,63,person,0.9219,791,395,83,198,832.5,494.0,16434,116.28,116.28,6.2,detected,0
16.0,16.0,80,68,person,0.8888,498,242,69,173,532.5,328.5,11937,78.77,78.77,5.2,detected,0
16.0,16.0,80,69,person,0.5897,1656,365,76,128,1694.0,429.0,9728,122.99,61.49,5.0,detected,0
16.0,16.0,80,74,person,0.8943,1711,546,95,252,1758.5,672.0,23940,98.18,98.18,4.6,detected,0
16.0,16.0,80,75,person,0.5701,1136,0,40,84,1156.0,42.0,3360,23.03,23.03,4.6,detected,0
16.0,16.0,80,76,person,0.816,440,502,87,249,483.5,626.5,21663,140.21,140.21,4.2,detected,0
16.0,16.0,80,77,person,0.9053,530,501,100,278,580.0,640.0,27800,134.83,134.83,3.4,detected,0
16.0,16.0,80,83,person,0.9032,1539,699,132,286,1605.0,842.0,37752,153.94,153.94,2.6,detected,0
16.0,16.0,80,84,person,0.6188,1321,1,48,93,1345.0,47.5,4464,22.8,22.8,2.4,detected,0
16.0,16.0,80,89,person,0.7681,1,530,72,238,37.0,649.0,17136,0.0,0.0,0.4,detected,0
16.0,16.0,80,90,person,0.3404,0,490,53,271,26.5,625.5,14363,0.0,0.0,0.4,detected,0
17.0,17.0,85,14,person,0.7747,1561,84,66,132,1594.0,150.0,8712,33.68,33.68,17.0,detected,0
17.0,17.0,85,15,person,0.3371,14,279,75,157,51.5,357.5,11775,1.12,1.12,17.0,detected,0
17.0,17.0,85,17,person,0.4698,112,287,59,131,141.5,352.5,7729,0.5,0.5,17.0,detected,0
17.0,17.0,85,33,person,0.8542,1049,123,63,154,1080.5,200.0,9702,52.77,52.77,15.2,detected,0
17.0,17.0,85,43,person,0.6429,883,76,53,150,909.5,151.0,7950,66.02,66.02,12.2,detected,0
17.0,17.0,85,54,person,0.8391,811,132,57,149,839.5,206.5,8493,74.25,74.25,9.2,detected,0
17.0,17.0,85,56,person,0.5371,942,48,47,115,965.5,105.5,5405,54.6,54.6,8.4,detected,0
17.0,17.0,85,58,person,0.1886,1560,562,78,144,1599.0,634.0,11232,177.38,88.69,7.6,predicted,1
17.0,17.0,85,61,person,0.8286,1638,272,81,178,1678.5,361.0,14418,112.09,112.09,7.2,detected,0
17.0,17.0,85,63,person,0.9126,875,356,79,184,914.5,448.0,14536,94.02,94.02,7.2,detected,0
17.0,17.0,85,68,person,0.6087,581,209,63,140,612.5,279.0,8820,94.08,94.08,6.2,detected,0
17.0,17.0,85,69,person,0.719,1611,415,77,133,1649.5,481.5,10241,68.82,68.82,6.0,detected,0
17.0,17.0,85,74,person,0.8412,1757,477,88,236,1801.0,595.0,20768,87.95,87.95,5.6,detected,0
17.0,17.0,85,75,person,0.4962,1090,0,50,101,1115.0,50.5,5050,41.87,41.87,5.6,detected,0
17.0,17.0,85,76,person,0.8669,531,443,84,232,573.0,559.0,19488,112.1,112.1,5.2,detected,0
17.0,17.0,85,77,person,0.9303,645,439,94,259,692.0,568.5,24346,132.88,132.88,4.4,detected,0
17.0,17.0,85,83,person,0.8818,1641,603,117,268,1699.5,737.0,31356,141.26,141.26,3.6,detected,0
17.0,17.0,85,84,person,0.6087,1341,0,47,108,1364.5,54.0,5076,20.55,20.55,3.4,detected,0
17.0,17.0,85,89,person,0.7196,68,430,74,211,105.0,535.5,15614,132.31,132.31,1.4,detected,0
17.0,17.0,85,90,person,0.8098,19,413,65,212,51.5,519.0,13780,109.39,109.39,1.4,detected,0
17.0,17.0,85,91,person,0.8928,168,503,120,252,228.0,629.0,30240,0.0,0.0,0.8,detected,0
18.0,18.0,90,14,person,0.4809,1573,63,66,126,1606.0,126.0,8316,26.83,26.83,18.0,detected,0
18.0,18.0,90,15,person,0.8408,37,356,81,210,77.5,461.0,17010,106.72,106.72,18.0,detected,0
18.0,18.0,90,17,person,0.2388,112,288,56,128,140.0,352.0,7168,1.58,1.58,18.0,detected,0
18.0,18.0,90,33,person,0.8595,994,144,65,158,1026.5,223.0,10270,58.69,58.69,16.2,detected,0
18.0,18.0,90,43,person,0.2772,924,49,79,148,963.5,123.0,11692,60.83,60.83,13.2,detected,0
18.0,18.0,90,54,person,0.777,901,126,69,149,935.5,200.5,10281,96.19,96.19,10.2,detected,0
18.0,18.0,90,56,person,0.4485,897,55,57,140,925.5,125.0,7980,44.5,44.5,9.4,detected,0
18.0,18.0,90,58,person,0.6181,1517,622,84,152,1559.0,698.0,12768,75.47,75.47,8.6,detected,0
18.0,18.0,90,61,person,0.8663,1714,229,81,207,1754.5,332.5,16767,81.17,81.17,8.2,detected,0
18.0,18.0,90,63,person,0.8572,958,315,72,177,994.0,403.5,12744,91.11,91.11,8.2,detected,0
18.0,18.0,90,65,person,0.4614,1563,468,85,197,1605.5,566.5,16745,214.27,71.42,7.6,detected,0
18.0,18.0,90,68,person,0.6935,668,180,59,100,697.5,230.0,5900,98.11,98.11,7.2,detected,0
18.0,18.0,90,69,person,0.3859,1566,471,83,126,1607.5,534.0,10458,67.23,67.23,7.0,detected,0
18.0,18.0,90,74,person,0.599,1796,433,68,205,1830.0,535.5,13940,66.19,66.19,6.6,detected,0
18.0,18.0,90,75,person,0.4901,1043,8,46,112,1066.0,64.0,5152,50.83,50.83,6.6,detected,0
18.0,18.0,90,76,person,0.8589,638,392,76,220,676.0,502.0,16720,117.72,117.72,6.2,detected,0
18.0,18.0,90,77,person,0.9036,753,389,89,245,797.5,511.5,21805,119.91,119.91,5.4,detected,0
18.0,18.0,90,83,person,0.8984,1701,521,113,245,1757.5,643.5,27685,110.03,110.03,4.6,detected,0
18.0,18.0,90,84,person,0.6649,1367,5,50,120,1392.0,65.0,6000,29.62,29.62,4.4,detected,0
18.0,18.0,90,89,person,0.7544,147,367,69,205,181.5,469.5,14145,101.04,101.04,2.4,detected,0
18.0,18.0,90,90,person,0.8565,0,352,54,220,27.0,462.0,11880,62.04,62.04,2.4,detected,0
18.0,18.0,90,91,person,0.9029,313,427,101,232,363.5,543.0,23432,160.49,160.49,1.8,detected,0
18.0,18.0,90,96,person,0.866,187,405,87,185,230.5,497.5,16095,0.0,0.0,0.8,detected,0
19.0,19.0,95,14,person,0.6121,1589,44,63,120,1620.5,104.0,7560,26.35,26.35,19.0,detected,0
19.0,19.0,95,15,person,0.8656,125,339,77,222,163.5,450.0,17094,86.7,86.7,19.0,detected,0
19.0,19.0,95,33,person,0.8748,941,166,67,164,974.5,248.0,10988,57.7,57.7,17.2,detected,0
19.0,19.0,95,43,person,0.621,993,29,63,141,1024.5,99.5,8883,65.37,65.37,14.2,detected,0
19.0,19.0,95,54,person,0.7786,1023,126,68,148,1057.0,200.0,10064,121.5,121.5,11.2,detected,0
19.0,19.0,95,56,person,0.6832,830,71,48,131,854.0,136.5,6288,72.42,72.42,10.4,detected,0
19.0,19.0,95,58,person,0.452,1478,695,82,148,1519.0,769.0,12136,81.49,81.49,9.6,predicted,1
19.0,19.0,95,61,person,0.77,1774,188,80,197,1814.0,286.5,15760,75.21,75.21,9.2,detected,0
19.0,19.0,95,63,person,0.8551,1044,285,69,170,1078.5,370.0,11730,90.9,90.9,9.2,detected,0
19.0,19.0,95,65,person,0.8362,1510,570,87,190,1553.5,665.0,16530,111.38,111.38,8.6,detected,0
19.0,19.0,95,68,person,0.5395,749,151,59,94,778.5,198.0,5546,87.09,87.09,8.2,detected,0
19.0,19.0,95,76,person,0.8285,745,349,76,209,783.0,453.5,15884,117.48,117.48,7.2,detected,0
19.0,19.0,95,77,person,0.906,836,347,87,235,879.5,464.5,20445,94.51,94.51,6.4,detected,0
19.0,19.0,95,83,person,0.894,1716,444,116,229,1774.0,558.5,26564,86.59,86.59,5.6,detected,0
19.0,19.0,95,84,person,0.5629,1394,14,50,124,1419.0,76.0,6200,29.15,29.15,5.4,detected,0
19.0,19.0,95,89,person,0.7466,234,334,69,196,268.5,432.0,13524,94.74,94.74,3.4,detected,0
19.0,19.0,95,90,person,0.8439,32,314,82,214,73.0,421.0,17548,61.62,61.62,3.4,detected,0
19.0,19.0,95,91,person,0.8792,436,366,91,217,481.5,474.5,19747,136.44,136.44,2.8,detected,0
19.0,19.0,95,96,person,0.8121,278,367,72,177,314.0,455.5,12744,93.47,93.47,1.8,detected,0
19.0,19.0,95,99,person,0.3514,1169,1,36,70,1187.0,36.0,2520,0.0,0.0,0.8,detected,0
20.0,20.0,100,14,person,0.5956,1604,26,59,116,1633.5,84.0,6844,23.85,23.85,20.0,detected,0
20.0,20.0,100,15,person,0.8534,199,301,76,204,237.0,403.0,15504,87.24,87.24,20.0,detected,0
20.0,20.0,100,17,person,0.2932,17,284,77,159,55.5,363.5,12243,85.28,42.64,20.0,detected,0
20.0,20.0,100,33,person,0.8171,898,194,70,164,933.0,276.0,11480,50.06,50.06,18.2,detected,0
20.0,20.0,100,43,person,0.7103,1039,13,57,136,1067.5,81.0,7752,46.81,46.81,15.2,detected,0
20.0,20.0,100,54,person,0.7319,1148,129,61,148,1178.5,203.0,9028,121.54,121.54,12.2,detected,0
20.0,20.0,100,56,person,0.7041,772,85,44,126,794.0,148.0,5544,61.09,61.09,11.4,detected,0
20.0,20.0,100,58,person,0.4587,1450,782,83,147,1491.5,855.5,12201,90.77,90.77,10.6,detected,0
20.0,20.0,100,61,person,0.4364,1821,150,70,182,1856.0,241.0,12740,61.92,61.92,10.2,detected,0
20.0,20.0,100,63,person,0.8722,1122,253,65,166,1154.5,336.0,10790,83.26,83.26,10.2,detected,0
20.0,20.0,100,68,person,0.8042,821,125,55,147,848.5,198.5,8085,70.0,70.0,9.2,detected,0
20.0,20.0,100,69,person,0.7392,1478,607,106,142,1531.0,678.0,15052,163.06,81.53,9.0,detected,0
20.0,20.0,100,75,person,0.465,950,47,41,111,970.5,102.5,4551,102.97,51.48,8.6,detected,0
20.0,20.0,100,76,person,0.754,835,306,70,201,870.0,406.5,14070,98.88,98.88,8.2,detected,0
20.0,20.0,100,77,person,0.8893,921,303,76,223,959.0,414.5,16948,93.92,93.92,7.4,detected,0
20.0,20.0,100,83,person,0.8936,1722,375,108,212,1776.0,481.0,22896,77.53,77.53,6.6,detected,0
20.0,20.0,100,84,person,0.6992,1427,24,51,129,1452.5,88.5,6579,35.76,35.76,6.4,detected,0
20.0,20.0,100,89,person,0.7799,315,298,69,187,349.5,391.5,12903,90.56,90.56,4.4,detected,0
20.0,20.0,100,90,person,0.7994,118,283,75,201,155.5,383.5,15075,90.62,90.62,4.4,detected,0
20.0,20.0,100,91,person,0.8786,542,313,88,203,586.0,414.5,17864,120.5,120.5,3.8,detected,0
20.0,20.0,100,96,person,0.773,355,329,72,172,391.0,415.0,12384,87.0,87.0,2.8,detected,0
20.0,20.0,100,99,person,0.2329,1120,1,41,89,1140.5,45.5,3649,47.46,47.46,1.8,detected,0
20.0,20.0,100,102,person,0.2993,1885,866,34,214,1902.0,973.0,7276,0.0,0.0,0.8,detected,0
20.0,20.0,100,103,person,0.3797,1736,1,55,47,1763.5,24.5,2585,0.0,0.0,0.2,detected,0
21.0,21.0,105,14,person,0.6953,1621,9,50,113,1646.0,65.5,5650,22.33,22.33,21.0,detected,0
21.0,21.0,105,15,person,0.8643,277,268,84,195,319.0,365.5,16380,90.17,90.17,21.0,detected,0
21.0,21.0,105,17,person,0.4781,13,280,75,156,50.5,358.0,11700,7.43,7.43,21.0,detected,0
21.0,21.0,105,33,person,0.8971,848,220,73,166,884.5,303.0,12118,55.51,55.51,19.2,detected,0
21.0,21.0,105,43,person,0.593,1084,0,55,126,1111.5,63.0,6930,47.54,47.54,16.2,detected,0
21.0,21.0,105,54,person,0.8554,1257,132,57,155,1285.5,209.5,8835,107.2,107.2,13.2,detected,0
21.0,21.0,105,56,person,0.6021,713,95,49,145,737.5,167.5,7105,59.77,59.77,12.4,detected,0
21.0,21.0,105,63,person,0.8964,1180,222,66,160,1213.0,302.0,10560,67.66,67.66,11.2,detected,0
21.0,21.0,105,68,person,0.6641,886,99,56,138,914.0,168.0,7728,72.25,72.25,10.2,detected,0
21.0,21.0,105,69,person,0.8046,1449,683,112,164,1505.0,765.0,18368,90.8,90.8,10.0,detected,0
21.0,21.0,105,76,person,0.89,908,270,69,192,942.5,366.0,13248,83.05,83.05,9.2,detected,0
21.0,21.0,105,77,person,0.8819,991,262,67,212,1024.5,368.0,14204,80.33,80.33,8.4,detected,0
21.0,21.0,105,83,person,0.9022,1726,316,96,197,1774.0,414.5,18912,66.53,66.53,7.6,detected,0
21.0,21.0,105,84,person,0.784,1468,37,48,133,1492.0,103.5,6384,42.25,42.25,7.4,detected,0
21.0,21.0,105,89,person,0.7071,383,264,64,180,415.0,354.0,11520,75.48,75.48,5.4,detected,0
21.0,21.0,105,90,person,0.8409,212,253,73,193,248.5,349.5,14089,99.02,99.02,5.4,detected,0
21.0,21.0,105,91,person,0.8738,640,267,80,191,680.0,362.5,15280,107.42,107.42,4.8,detected,0
21.0,21.0,105,96,person,0.7614,422,294,67,167,455.5,377.5,11189,74.61,74.61,3.8,detected,0
21.0,21.0,105,99,person,0.2109,1066,2,40,105,1086.0,54.5,4200,55.24,55.24,2.8,detected,0
21.0,21.0,105,101,person,0.3367,1613,21,29,97,1627.5,69.5,2813,0.0,0.0,2.6,detected,0
21.0,21.0,105,102,person,0.1717,1885,866,34,213,1902.0,972.5,7242,0.5,0.5,1.8,detected,0
21.0,21.0,105,103,person,0.4193,1713,10,48,129,1737.0,74.5,6192,56.59,56.59,1.2,detected,0
21.0,21.0,105,105,person,0.419,112,287,59,131,141.5,352.5,7729,0.0,0.0,0.6,detected,0
22.0,22.0,110,14,person,0.5367,1638,0,52,104,1664.0,52.0,5408,22.5,22.5,22.0,detected,0
22.0,22.0,110,15,person,0.823,356,244,80,193,396.0,340.5,15440,80.96,80.96,22.0,detected,0
22.0,22.0,110,17,person,0.3755,14,279,75,157,51.5,357.5,11775,1.12,1.12,22.0,detected,0
22.0,22.0,110,33,person,0.8267,777,249,76,186,815.0,342.0,14136,79.69,79.69,20.2,detected,0
22.0,22.0,110,43,person,0.5059,1123,0,57,104,1151.5,52.0,5928,41.48,41.48,17.2,detected,0
22.0,22.0,110,54,person,0.8769,1354,144,65,157,1386.5,222.5,10205,101.83,101.83,14.2,detected,0
22.0,22.0,110,56,person,0.6732,655,121,47,142,678.5,192.0,6674,63.88,63.88,13.4,detected,0
22.0,22.0,110,63,person,0.9046,1233,196,67,151,1266.5,271.5,10117,61.58,61.58,12.2,detected,0
22.0,22.0,110,68,person,0.6729,960,83,53,133,986.5,149.5,7049,74.82,74.82,11.2,detected,0
22.0,22.0,110,69,person,0.8551,1454,775,116,221,1512.0,885.5,25636,120.7,120.7,11.0,detected,0
22.0,22.0,110,75,person,0.2408,847,82,41,122,867.5,143.0,5002,110.68,55.34,10.6,detected,0
22.0,22.0,110,76,person,0.8569,967,232,65,186,999.5,325.0,12090,70.21,70.21,10.2,detected,0
22.0,22.0,110,77,person,0.8756,1044,228,77,204,1082.5,330.0,15708,69.34,69.34,9.4,detected,0
22.0,22.0,110,83,person,0.8526,1745,268,81,186,1785.5,361.0,15066,54.72,54.72,8.6,detected,0
22.0,22.0,110,84,person,0.732,1505,52,51,135,1530.5,119.5,6885,41.69,41.69,8.4,detected,0
22.0,22.0,110,89,person,0.7718,441,233,63,177,472.5,321.5,11151,66.05,66.05,6.4,detected,0
22.0,22.0,110,90,person,0.8295,294,228,76,187,332.0,321.5,14212,88.07,88.07,6.4,detected,0
22.0,22.0,110,91,person,0.7645,727,224,72,182,763.0,315.0,13104,95.63,95.63,5.8,detected,0
22.0,22.0,110,96,person,0.8042,478,263,67,160,511.5,343.0,10720,65.77,65.77,4.8,detected,0
22.0,22.0,110,99,person,0.7207,1021,15,43,115,1042.5,72.5,4945,47.08,47.08,3.8,detected,0
22.0,22.0,110,103,person,0.68,1688,29,51,145,1713.5,101.5,7395,35.79,35.79,2.2,detected,0
22.0,22.0,110,105,person,0.2522,111,287,61,131,141.5,352.5,7991,0.0,0.0,1.6,detected,0
23.0,23.0,115,15,person,0.8465,432,221,65,189,464.5,315.5,12285,72.92,72.92,23.0,detected,0
23.0,23.0,115,17,person,0.4167,14,279,74,157,51.0,357.5,11618,0.5,0.5,23.0,detected,0
23.0,23.0,115,33,person,0.8576,697,280,77,189,735.5,374.5,14553,85.89,85.89,21.2,detected,0
23.0,23.0,115,43,person,0.2374,1155,0,54,83,1182.0,41.5,4482,32.26,32.26,18.2,detected,0
23.0,23.0,115,54,person,0.8233,1451,154,64,153,1483.0,230.5,9792,96.83,96.83,15.2,detected,0
23.0,23.0,115,56,person,0.6602,595,142,50,148,620.0,216.0,7400,63.23,63.23,14.4,detected,0
23.0,23.0,115,63,person,0.8995,1286,171,64,147,1318.0,244.5,9408,58.15,58.15,13.2,detected,0
23.0,23.0,115,68,person,0.7008,1032,61,51,133,1057.5,127.5,6783,74.33,74.33,12.2,detected,0
23.0,23.0,115,69,person,0.9211,1504,890,124,189,1566.0,984.5,23436,112.77,112.77,12.0,detected,0
23.0,23.0,115,75,person,0.6017,777,100,53,118,803.5,159.0,6254,65.97,65.97,11.6,detected,0
23.0,23.0,115,76,person,0.8399,1021,201,62,178,1052.0,290.0,11036,63.1,63.1,11.2,detected,0
23.0,23.0,115,77,person,0.8837,1097,196,74,198,1134.0,295.0,14652,62.27,62.27,10.4,detected,0
23.0,23.0,115,83,person,0.8285,1761,224,82,174,1802.0,311.0,14268,52.65,52.65,9.6,detected,0
23.0,23.0,115,84,person,0.7251,1537,73,52,135,1563.0,140.5,7020,38.69,38.69,9.4,detected,0
23.0,23.0,115,89,person,0.7964,501,208,58,167,530.0,291.5,9686,64.86,64.86,7.4,detected,0
23.0,23.0,115,90,person,0.8314,376,205,76,184,414.0,297.0,13984,85.58,85.58,7.4,detected,0
23.0,23.0,115,91,person,0.8568,805,181,72,175,841.0,268.5,12600,90.81,90.81,6.8,detected,0
23.0,23.0,115,96,person,0.7776,538,235,66,153,571.0,311.5,10098,67.32,67.32,5.8,detected,0
23.0,23.0,115,99,person,0.7105,972,36,43,119,993.5,95.5,5117,54.13,54.13,4.8,detected,0
23.0,23.0,115,102,person,0.2665,1887,866,32,211,1903.0,971.5,6752,1.41,0.71,3.8,predicted,1
23.0,23.0,115,103,person,0.6636,1652,43,53,147,1678.5,116.5,7791,38.08,38.08,3.2,detected,0
23.0,23.0,115,105,person,0.2541,112,287,59,131,141.5,352.5,7729,0.0,0.0,2.6,detected,0
24.0,24.0,120,14,person,0.3615,1696,0,43,69,1717.5,34.5,2967,56.29,28.14,24.0,detected,0
24.0,24.0,120,15,person,0.8707,511,197,64,188,543.0,291.0,12032,82.23,82.23,24.0,detected,0
24.0,24.0,120,17,person,0.4985,14,277,75,159,51.5,356.5,11925,1.12,1.12,24.0,detected,0
24.0,24.0,120,33,person,0.7156,582,305,81,195,622.5,402.5,15795,116.42,116.42,22.2,detected,0
24.0,24.0,120,54,person,0.6643,1566,146,48,122,1590.0,207.0,5856,109.55,109.55,16.2,detected,0
24.0,24.0,120,56,person,0.3995,532,169,45,112,554.5,225.0,5040,66.12,66.12,15.4,detected,0
24.0,24.0,120,63,person,0.9229,1324,146,65,144,1356.5,218.0,9360,46.74,46.74,14.2,detected,0
24.0,24.0,120,68,person,0.6992,1095,42,50,129,1120.0,106.5,6450,65.93,65.93,13.2,detected,0
24.0,24.0,120,75,person,0.7361,704,123,53,130,730.5,188.0,6890,78.55,78.55,12.6,detected,0
24.0,24.0,120,76,person,0.878,1082,171,58,170,1111.0,256.0,9860,68.1,68.1,12.2,detected,0
24.0,24.0,120,77,person,0.8404,1154,163,66,189,1187.0,257.5,12474,64.92,64.92,11.4,detected,0
24.0,24.0,120,83,person,0.8526,1771,186,79,165,1810.5,268.5,13035,43.34,43.34,10.6,detected,0
24.0,24.0,120,84,person,0.4473,1575,89,52,126,1601.0,152.0,6552,39.7,39.7,10.4,detected,0
24.0,24.0,120,89,person,0.7645,564,182,55,155,591.5,259.5,8525,69.33,69.33,8.4,detected,0
24.0,24.0,120,90,person,0.8196,460,187,60,179,490.0,276.5,10740,78.72,78.72,8.4,detected,0
24.0,24.0,120,91,person,0.8778,880,152,72,167,916.0,235.5,12024,81.94,81.94,7.8,detected,0
24.0,24.0,120,96,person,0.3179,600,207,64,126,632.0,270.0,8064,73.78,73.78,6.8,detected,0
24.0,24.0,120,99,person,0.8125,918,59,47,121,941.5,119.5,5687,57.27,57.27,5.8,detected,0
24.0,24.0,120,103,person,0.5317,1590,65,50,105,1615.0,117.5,5250,63.51,63.51,4.2,detected,0
24.0,24.0,120,105,person,0.379,112,287,59,131,141.5,352.5,7729,0.0,0.0,3.6,detected,0
25.0,25.0,125,17,person,0.4546,14,277,75,159,51.5,356.5,11925,0.0,0.0,25.0,detected,0
25.0,25.0,125,33,person,0.8613,462,337,85,195,504.5,434.5,16575,122.26,122.26,23.2,detected,0
25.0,25.0,125,54,person,0.8468,1658,172,60,152,1688.0,248.0,9120,106.23,106.23,17.2,detected,0
25.0,25.0,125,56,person,0.864,464,187,52,160,490.0,267.0,8320,76.97,76.97,16.4,detected,0
25.0,25.0,125,63,person,0.9001,1369,126,58,137,1398.0,194.5,7946,47.69,47.69,15.2,detected,0
25.0,25.0,125,68,person,0.6473,1151,25,50,124,1176.0,87.0,6200,59.3,59.3,14.2,detected,0
25.0,25.0,125,75,person,0.6916,605,166,55,135,632.5,233.5,7425,108.05,108.05,13.6,detected,0
25.0,25.0,125,76,person,0.8843,1133,146,55,163,1160.5,227.5,8965,57.12,57.12,13.2,detected,0
25.0,25.0,125,77,person,0.6452,1208,138,64,178,1240.0,227.0,11392,61.15,61.15,12.4,detected,0
25.0,25.0,125,83,person,0.8153,1752,150,74,160,1789.0,230.0,11840,44.1,44.1,11.6,detected,0
25.0,25.0,125,84,person,0.788,1606,110,57,140,1634.5,180.0,7980,43.66,43.66,11.4,detected,0
25.0,25.0,125,89,person,0.6107,616,167,52,144,642.0,239.0,7488,54.5,54.5,9.4,detected,0
25.0,25.0,125,90,person,0.8733,542,171,56,176,570.0,259.0,9856,81.89,81.89,9.4,detected,0
25.0,25.0,125,91,person,0.8229,937,125,65,153,969.5,201.5,9945,63.39,63.39,8.8,detected,0
25.0,25.0,125,96,person,0.7007,659,184,61,102,689.5,235.0,6222,67.31,67.31,7.8,detected,0
25.0,25.0,125,99,person,0.7692,836,81,56,125,864.0,143.5,7000,81.13,81.13,6.8,detected,0
25.0,25.0,125,103,person,0.8342,1532,86,60,149,1562.0,160.5,8940,68.25,68.25,5.2,detected,0
25.0,25.0,125,105,person,0.3619,112,287,59,131,141.5,352.5,7729,0.0,0.0,4.6,detected,0
26.0,26.0,130,15,person,0.7914,652,160,57,134,680.5,227.0,7638,151.66,75.83,26.0,detected,0
26.0,26.0,130,17,person,0.496,15,280,74,156,52.0,358.0,11544,1.58,1.58,26.0,detected,0
26.0,26.0,130,33,person,0.9062,342,378,97,203,390.5,479.5,19691,122.56,122.56,24.2,detected,0
26.0,26.0,130,54,person,0.851,1734,184,74,167,1771.0,267.5,12358,85.26,85.26,18.2,detected,0
26.0,26.0,130,56,person,0.8514,404,217,60,170,434.0,302.0,10200,66.04,66.04,17.4,detected,0
26.0,26.0,130,63,person,0.8238,1419,107,55,134,1446.5,174.0,7370,52.65,52.65,16.2,detected,0
26.0,26.0,130,68,person,0.5336,1212,8,45,122,1234.5,69.0,5490,61.21,61.21,15.2,detected,0
26.0,26.0,130,75,person,0.8361,535,176,56,140,563.0,246.0,7840,70.62,70.62,14.6,detected,0
26.0,26.0,130,76,person,0.7934,1176,122,61,158,1206.5,201.0,9638,53.09,53.09,14.2,detected,0
26.0,26.0,130,77,person,0.8345,1254,114,60,175,1284.0,201.5,10500,50.86,50.86,13.4,detected,0
26.0,26.0,130,83,person,0.5724,1708,120,67,149,1741.5,194.5,9983,59.3,59.3,12.6,detected,0
26.0,26.0,130,84,person,0.7317,1637,130,55,148,1664.5,204.0,8140,38.42,38.42,12.4,detected,0
26.0,26.0,130,89,person,0.6282,695,142,48,126,719.0,205.0,6048,84.17,84.17,10.4,detected,0
26.0,26.0,130,90,person,0.8743,607,153,55,161,634.5,233.5,8855,69.36,69.36,10.4,detected,0
26.0,26.0,130,91,person,0.836,985,95,65,149,1017.5,169.5,9685,57.69,57.69,9.8,detected,0
26.0,26.0,130,96,person,0.6463,719,166,53,93,745.5,212.5,4929,60.35,60.35,8.8,detected,0
26.0,26.0,130,99,person,0.5634,756,101,52,129,782.0,165.5,6708,84.9,84.9,7.8,detected,0
26.0,26.0,130,102,person,0.165,1885,876,34,210,1902.0,981.0,7140,9.55,3.18,6.8,predicted,1
26.0,26.0,130,103,person,0.9118,1494,111,62,158,1525.0,190.0,9796,47.32,47.32,6.2,detected,0
26.0,26.0,130,105,person,0.4316,111,287,60,131,141.0,352.5,7860,0.5,0.5,5.6,detected,0
26.0,26.0,130,122,person,0.8752,608,929,112,151,664.0,1004.5,16912,0.0,0.0,0.2,detected,0
27.0,27.0,135,15,person,0.7618,706,137,52,104,732.0,189.0,5408,64.0,64.0,27.0,detected,0
27.0,27.0,135,17,person,0.4822,16,281,73,155,52.5,358.5,11315,0.71,0.71,27.0,detected,0
27.0,27.0,135,33,person,0.9093,221,416,95,215,268.5,523.5,20425,129.69,129.69,25.2,detected,0
27.0,27.0,135,54,person,0.6672,1817,195,70,154,1852.0,272.0,10780,81.12,81.12,19.2,detected,0
27.0,27.0,135,56,person,0.8468,346,245,65,175,378.5,332.5,11375,63.33,63.33,18.4,detected,0
27.0,27.0,135,63,person,0.3679,1473,88,51,88,1498.5,132.0,4488,66.84,66.84,17.2,detected,0
27.0,27.0,135,68,person,0.41,1273,0,44,112,1295.0,56.0,4928,61.88,61.88,16.2,detected,0
27.0,27.0,135,75,person,0.9065,465,200,70,147,500.0,273.5,10290,68.74,68.74,15.6,detected,0
27.0,27.0,135,76,person,0.6573,1221,99,57,154,1249.5,176.0,8778,49.74,49.74,15.2,detected,0
27.0,27.0,135,77,person,0.8833,1295,90,58,171,1324.0,175.5,9918,47.71,47.71,14.4,detected,0
27.0,27.0,135,84,person,0.8312,1662,143,64,159,1694.0,222.5,10176,34.82,34.82,13.4,detected,0
27.0,27.0,135,89,person,0.5003,756,126,45,101,778.5,176.5,4545,65.97,65.97,11.4,detected,0
27.0,27.0,135,90,person,0.8464,662,136,53,153,688.5,212.5,8109,57.94,57.94,11.4,detected,0
27.0,27.0,135,91,person,0.8428,1038,68,62,145,1069.0,140.5,8990,59.1,59.1,10.8,detected,0
27.0,27.0,135,96,person,0.7267,780,145,60,130,810.0,210.0,7800,64.55,64.55,9.8,detected,0
27.0,27.0,135,103,person,0.8847,1460,134,67,171,1493.5,219.5,11457,43.16,43.16,7.2,detected,0
27.0,27.0,135,105,person,0.4202,111,287,60,130,141.0,352.0,7800,0.5,0.5,6.6,detected,0
27.0,27.0,135,122,person,0.9152,811,773,115,304,868.5,925.0,34960,219.41,219.41,1.2,detected,0
27.0,27.0,135,125,person,0.5834,1650,94,58,88,1679.0,138.0,5104,0.0,0.0,0.4,detected,0
28.0,28.0,140,15,person,0.4964,768,123,57,123,796.5,184.5,7011,64.66,64.66,28.0,detected,0
28.0,28.0,140,17,person,0.4412,16,281,74,155,53.0,358.5,11470,0.5,0.5,28.0,detected,0
28.0,28.0,140,33,person,0.8024,85,460,98,222,134.0,571.0,21756,142.64,142.64,26.2,detected,0
28.0,28.0,140,56,person,0.8388,273,278,65,179,305.5,367.5,11635,80.96,80.96,19.4,detected,0
28.0,28.0,140,63,person,0.7074,1516,73,52,128,1542.0,137.0,6656,43.79,43.79,18.2,detected,0
28.0,28.0,140,68,person,0.2699,1339,0,45,89,1361.5,44.5,4005,67.49,67.49,17.2,detected,0
28.0,28.0,140,75,person,0.8342,408,238,74,154,445.0,315.0,11396,68.9,68.9,16.6,detected,0
28.0,28.0,140,76,person,0.8588,1257,77,55,149,1284.5,151.5,8195,42.72,42.72,16.2,detected,0
28.0,28.0,140,77,person,0.7637,1336,69,58,164,1365.0,151.0,9512,47.76,47.76,15.4,detected,0
28.0,28.0,140,84,person,0.8278,1681,165,63,161,1712.5,245.5,10143,29.52,29.52,14.4,detected,0
28.0,28.0,140,89,person,0.2161,820,103,41,126,840.5,166.0,5166,62.88,62.88,12.4,detected,0
28.0,28.0,140,90,person,0.6687,719,119,49,140,743.5,189.0,6860,59.81,59.81,12.4,detected,0
28.0,28.0,140,91,person,0.7348,1085,45,61,139,1115.5,114.5,8479,53.28,53.28,11.8,detected,0
28.0,28.0,140,96,person,0.8561,840,126,59,136,869.5,194.0,8024,61.61,61.61,10.8,detected,0
28.0,28.0,140,99,person,0.7898,587,158,56,143,615.0,229.5,8008,178.84,89.42,9.8,detected,0
28.0,28.0,140,103,person,0.8814,1428,174,69,172,1462.5,260.0,11868,51.0,51.0,8.2,detected,0
28.0,28.0,140,105,person,0.4323,112,287,59,131,141.5,352.5,7729,0.71,0.71,7.6,detected,0
28.0,28.0,140,122,person,0.926,960,650,108,316,1014.0,808.0,34128,186.71,186.71,2.2,detected,0
28.0,28.0,140,125,person,0.6294,1636,67,62,138,1667.0,136.0,8556,12.17,12.17,1.4,detected,0
29.0,29.0,145,15,person,0.771,834,109,62,166,865.0,192.0,10292,68.91,68.91,29.0,detected,0
29.0,29.0,145,17,person,0.4641,16,282,74,155,53.0,359.5,11470,1.0,1.0,29.0,detected,0
29.0,29.0,145,33,person,0.5885,0,536,54,180,27.0,626.0,9720,120.31,120.31,27.2,detected,0
29.0,29.0,145,54,person,0.313,1802,288,64,101,1834.0,338.5,6464,68.89,34.45,21.2,detected,0
29.0,29.0,145,56,person,0.8384,177,312,72,187,213.0,405.5,13464,100.0,100.0,20.4,detected,0
29.0,29.0,145,63,person,0.7249,1568,60,52,124,1594.0,122.0,6448,54.12,54.12,19.2,detected,0
29.0,29.0,145,68,person,0.274,1410,0,43,78,1431.5,39.0,3354,70.22,70.22,18.2,detected,0
29.0,29.0,145,75,person,0.8351,345,279,86,162,388.0,360.0,13932,72.62,72.62,17.6,detected,0
29.0,29.0,145,76,person,0.8163,1295,57,53,145,1321.5,129.5,7685,43.05,43.05,17.2,detected,0
29.0,29.0,145,77,person,0.6506,1368,48,55,159,1395.5,127.5,8745,38.5,38.5,16.4,detected,0
29.0,29.0,145,84,person,0.8761,1682,190,64,167,1714.0,273.5,10688,28.04,28.04,15.4,detected,0
29.0,29.0,145,89,person,0.3145,880,85,44,149,902.0,159.5,6556,61.84,61.84,13.4,detected,0
29.0,29.0,145,90,person,0.2487,790,107,45,130,812.5,172.0,5850,71.06,71.06,13.4,detected,0
29.0,29.0,145,91,person,0.6921,1127,24,57,133,1155.5,90.5,7581,46.65,46.65,12.8,detected,0
29.0,29.0,145,96,person,0.5896,903,112,48,130,927.0,177.0,6240,59.96,59.96,11.8,detected,0
29.0,29.0,145,99,person,0.891,511,189,57,151,539.5,264.5,8607,83.22,83.22,10.8,detected,0
29.0,29.0,145,103,person,0.8996,1390,206,72,183,1426.0,297.5,13176,52.33,52.33,9.2,detected,0
29.0,29.0,145,105,person,0.3732,112,288,60,131,142.0,353.5,7860,1.12,1.12,8.6,detected,0
29.0,29.0,145,122,person,0.908,1077,554,107,280,1130.5,694.0,29960,163.0,163.0,3.2,detected,0
29.0,29.0,145,125,person,0.7229,1634,44,65,133,1666.5,110.5,8645,25.5,25.5,2.4,detected,0
29.0,29.0,145,130,person,0.1795,1822,195,65,104,1854.5,247.0,6760,0.0,0.0,0.4,detected,0
29.0,29.0,145,132,person,0.157,1827,195,59,91,1856.5,240.5,5369,0.0,0.0,0.0,detected,0
30.0,30.0,150,15,person,0.7757,901,97,57,157,929.5,175.5,8949,66.58,66.58,30.0,detected,0
30.0,30.0,150,17,person,0.3446,16,282,72,154,52.0,359.0,11088,1.12,1.12,30.0,predicted,1
30.0,30.0,150,54,person,0.5204,1774,317,71,131,1809.5,382.5,9301,50.36,50.36,22.2,detected,0
30.0,30.0,150,56,person,0.8543,78,350,73,191,114.5,445.5,13943,106.31,106.31,21.4,detected,0
30.0,30.0,150,63,person,0.5974,1627,45,52,126,1653.0,108.0,6552,60.64,60.64,20.2,detected,0
30.0,30.0,150,68,person,0.217,1475,0,39,65,1494.5,32.5,2535,63.33,63.33,19.2,detected,0
30.0,30.0,150,75,person,0.8727,271,320,83,170,312.5,405.0,14110,87.89,87.89,18.6,detected,0
30.0,30.0,150,76,person,0.7792,1334,39,50,139,1359.0,108.5,6950,42.98,42.98,18.2,detected,0
30.0,30.0,150,77,person,0.823,1395,29,54,154,1422.0,106.0,8316,34.12,34.12,17.4,detected,0
30.0,30.0,150,84,person,0.8799,1677,217,68,171,1711.0,302.5,11628,29.15,29.15,16.4,detected,0
30.0,30.0,150,90,person,0.8145,850,95,51,154,875.5,172.0,7854,63.0,63.0,14.4,detected,0
30.0,30.0,150,91,person,0.7317,1169,5,56,128,1197.0,69.0,7168,46.74,46.74,13.8,detected,0
30.0,30.0,150,96,person,0.5098,949,95,51,127,974.5,158.5,6477,50.98,50.98,12.8,detected,0
30.0,30.0,150,99,person,0.8167,430,228,64,159,462.0,307.5,10176,88.63,88.63,11.8,detected,0
30.0,30.0,150,103,person,0.8987,1340,245,74,191,1377.0,340.5,14134,65.19,65.19,10.2,detected,0
30.0,30.0,150,105,person,0.3065,112,287,58,133,141.0,353.5,7714,1.0,1.0,9.6,detected,0
30.0,30.0,150,121,person,0.6204,783,107,47,124,806.5,169.0,5828,0.0,0.0,4.6,detected,0
30.0,30.0,150,122,person,0.9059,1181,475,99,257,1230.5,603.5,25443,134.87,134.87,4.2,detected,0
30.0,30.0,150,125,person,0.4509,1624,20,48,135,1648.0,87.5,6480,29.52,29.52,3.4,detected,0
30.0,30.0,150,132,person,0.6416,1786,235,81,113,1826.5,291.5,9153,59.17,59.17,1.0,detected,0
31.0,31.0,155,15,person,0.7556,951,79,56,155,979.0,156.5,8680,53.02,53.02,31.0,detected,0
31.0,31.0,155,17,person,0.3004,16,281,72,153,52.0,357.5,11016,1.5,1.5,31.0,detected,0
31.0,31.0,155,54,person,0.5607,1743,390,68,114,1777.0,447.0,7752,72.23,72.23,23.2,detected,0
31.0,31.0,155,56,person,0.7972,1,394,55,194,28.5,491.0,10670,97.29,97.29,22.4,detected,0
31.0,31.0,155,63,person,0.6535,1580,0,57,118,1608.5,59.0,6726,66.19,66.19,21.2,detected,0
31.0,31.0,155,68,person,0.3999,1546,-2,39,54,1565.5,25.0,2106,71.4,71.4,20.2,predicted,1
31.0,31.0,155,75,person,0.8878,177,367,90,182,222.0,458.0,16380,104.88,104.88,19.6,detected,0
31.0,31.0,155,76,person,0.8071,1360,21,49,137,1384.5,89.5,6713,31.8,31.8,19.2,detected,0
31.0,31.0,155,77,person,0.806,1423,13,53,147,1449.5,86.5,7791,33.71,33.71,18.4,detected,0
31.0,31.0,155,84,person,0.8648,1684,243,72,177,1720.0,331.5,12744,30.36,30.36,17.4,detected,0
31.0,31.0,155,89,person,0.3728,1058,-14,43,109,1079.5,40.5,4687,213.7,106.85,15.4,predicted,1
31.0,31.0,155,90,person,0.7747,905,82,49,153,929.5,158.5,7497,55.66,55.66,15.4,detected,0
31.0,31.0,155,91,person,0.6878,1212,0,55,110,1239.5,55.0,6050,44.75,44.75,14.8,detected,0
31.0,31.0,155,96,person,0.6389,993,77,49,124,1017.5,139.0,6076,47.21,47.21,13.8,detected,0
31.0,31.0,155,99,person,0.8735,340,273,75,168,377.5,357.0,12600,97.93,97.93,12.8,detected,0
31.0,31.0,155,103,person,0.8935,1284,289,78,172,1323.0,375.0,13416,64.08,64.08,11.2,detected,0
31.0,31.0,155,105,person,0.2359,112,287,59,132,141.5,353.0,7788,0.71,0.71,10.6,detected,0
31.0,31.0,155,121,person,0.6316,690,129,56,133,718.0,195.5,7448,92.38,92.38,5.6,detected,0
31.0,31.0,155,122,person,0.9039,1278,406,85,227,1320.5,519.5,19295,123.11,123.11,5.2,detected,0
31.0,31.0,155,125,person,0.3011,1686,34,51,120,1711.5,94.0,6120,63.83,63.83,4.4,detected,0
31.0,31.0,155,132,person,0.4795,1777,278,67,85,1810.5,320.5,5695,33.12,33.12,2.0,detected,0
32.0,32.0,160,15,person,0.7961,1004,63,58,149,1033.0,137.5,8642,57.25,57.25,32.0,detected,0
32.0,32.0,160,17,person,0.5211,15,280,73,155,51.5,357.5,11315,0.5,0.5,32.0,detected,0
32.0,32.0,160,54,person,0.1801,1710,445,67,98,1743.5,494.0,6566,57.72,57.72,24.2,detected,0
32.0,32.0,160,63,person,0.5924,1545,0,53,95,1571.5,47.5,5035,38.75,38.75,22.2,detected,0
32.0,32.0,160,68,person,0.1677,1601,-3,31,43,1616.5,18.5,1333,51.41,51.41,21.2,predicted,1
32.0,32.0,160,75,person,0.9092,71,426,97,189,119.5,520.5,18333,120.05,120.05,20.6,detected,0
32.0,32.0,160,76,person,0.7905,1381,4,47,130,1404.5,69.0,6110,28.64,28.64,20.2,detected,0
32.0,32.0,160,77,person,0.8558,1449,0,53,139,1475.5,69.5,7367,31.06,31.06,19.4,detected,0
32.0,32.0,160,84,person,0.85,1697,268,72,180,1733.0,358.0,12960,29.52,29.52,18.4,detected,0
32.0,32.0,160,90,person,0.1529,989,34,45,116,1011.5,92.0,5220,105.58,105.58,16.4,detected,0
32.0,32.0,160,91,person,0.3939,1248,0,59,88,1277.5,44.0,5192,39.56,39.56,15.8,detected,0
32.0,32.0,160,96,person,0.1974,1032,55,44,104,1054.0,107.0,4576,48.54,48.54,14.8,detected,0
32.0,32.0,160,99,person,0.8601,243,321,75,177,280.5,409.5,13275,110.3,110.3,13.8,detected,0
32.0,32.0,160,103,person,0.9084,1235,340,85,211,1277.5,445.5,17935,83.91,83.91,12.2,detected,0
32.0,32.0,160,105,person,0.4201,112,288,59,130,141.5,353.0,7670,0.0,0.0,11.6,detected,0
32.0,32.0,160,121,person,0.476,598,160,58,141,627.0,230.5,8178,97.5,97.5,6.6,detected,0
32.0,32.0,160,122,person,0.9012,1387,348,75,228,1424.5,462.0,17100,118.84,118.84,6.2,detected,0
32.0,32.0,160,130,person,0.6653,1748,325,69,155,1782.5,402.5,10695,171.36,57.12,3.4,detected,0
32.0,32.0,160,132,person,0.1908,1727,382,68,131,1761.0,447.5,8908,136.31,136.31,3.0,detected,0
32.0,32.0,160,133,person,0.8292,942,69,54,147,969.0,142.5,7938,0.0,0.0,1.2,detected,0
33.0,33.0,165,15,person,0.7371,1041,53,54,145,1068.0,125.5,7830,37.0,37.0,33.0,detected,0
33.0,33.0,165,17,person,0.4652,15,280,76,156,53.0,358.0,11856,1.58,1.58,33.0,detected,0
33.0,33.0,165,54,person,0.6379,1654,495,70,97,1689.0,543.5,6790,73.62,73.62,25.2,detected,0
33.0,33.0,165,63,person,0.2661,1537,0,37,72,1555.5,36.0,2664,19.7,19.7,23.2,detected,0
33.0,33.0,165,68,person,0.1892,1655,-1,30,29,1670.0,13.5,870,53.73,53.73,22.2,predicted,1
33.0,33.0,165,75,person,0.8167,0,497,49,188,24.5,591.0,9212,118.3,118.3,21.6,detected,0
33.0,33.0,165,76,person,0.7811,1410,0,45,116,1432.5,58.0,5220,30.08,30.08,21.2,detected,0
33.0,33.0,165,77,person,0.7949,1470,0,48,119,1494.0,59.5,5712,21.03,21.03,20.4,detected,0
33.0,33.0,165,84,person,0.4767,1710,297,77,118,1748.5,356.0,9086,15.63,15.63,19.4,detected,0
33.0,33.0,165,90,person,0.2735,1018,25,42,127,1039.0,88.5,5334,27.72,27.72,17.4,detected,0
33.0,33.0,165,91,person,0.4046,1290,0,44,68,1312.0,34.0,2992,35.92,35.92,16.8,detected,0
33.0,33.0,165,96,person,0.1573,1069,46,44,87,1091.0,89.5,3828,40.93,40.93,15.8,detected,0
33.0,33.0,165,99,person,0.8727,127,373,81,190,167.5,468.0,15390,127.24,127.24,14.8,detected,0
33.0,33.0,165,103,person,0.9201,1206,399,92,222,1252.0,510.0,20424,69.36,69.36,13.2,detected,0
33.0,33.0,165,105,person,0.1581,111,288,59,122,140.5,349.0,7198,4.12,4.12,12.6,detected,0
33.0,33.0,165,121,person,0.6384,508,191,64,140,540.0,261.0,8960,92.19,92.19,7.6,detected,0
33.0,33.0,165,122,person,0.8672,1489,299,76,216,1527.0,407.0,16416,116.32,116.32,7.2,detected,0
33.0,33.0,165,125,person,0.1663,1777,6,44,56,1799.0,34.0,2464,106.1,53.05,6.4,detected,0
33.0,33.0,165,130,person,0.633,1705,364,76,170,1743.0,449.0,12920,61.01,61.01,4.4,detected,0
33.0,33.0,165,132,person,0.3633,1685,413,82,141,1726.0,483.5,11562,50.21,50.21,4.0,detected,0
33.0,33.0,165,133,person,0.8243,968,50,54,146,995.0,123.0,7884,32.5,32.5,2.2,detected,0
33.0,33.0,165,154,person,0.5825,900,35,41,123,920.5,96.5,5043,0.0,0.0,0.2,detected,0
33.0,33.0,165,155,person,0.273,1890,865,30,173,1905.0,951.5,5190,0.0,0.0,0.2,detected,0
33.0,33.0,165,156,person,0.192,1714,752,74,164,1751.0,834.0,12136,0.0,0.0,0.0,detected,0
34.0,34.0,170,15,person,0.6259,1068,38,48,137,1092.0,106.5,6576,30.61,30.61,34.0,detected,0
34.0,34.0,170,17,person,0.4697,14,280,75,155,51.5,357.5,11625,1.58,1.58,34.0,detected,0
34.0,34.0,170,54,person,0.2952,1529,537,82,96,1570.0,585.0,7872,126.03,126.03,26.2,detected,0
34.0,34.0,170,63,person,0.7133,1512,0,39,81,1531.5,40.5,3159,24.42,24.42,24.2,detected,0
34.0,34.0,170,76,person,0.8129,1433,0,44,97,1455.0,48.5,4268,24.42,24.42,22.2,detected,0
34.0,34.0,170,84,person,0.8714,1718,334,79,201,1757.5,434.5,15879,79.01,79.01,20.4,detected,0
34.0,34.0,170,90,person,0.4066,1050,17,44,128,1072.0,81.0,5632,33.84,33.84,18.4,detected,0
34.0,34.0,170,91,person,0.6808,1331,0,29,50,1345.5,25.0,1450,34.69,34.69,17.8,detected,0
34.0,34.0,170,99,person,0.8805,5,431,81,205,45.5,533.5,16605,138.47,138.47,15.8,detected,0
34.0,34.0,170,103,person,0.9249,1168,460,99,243,1217.5,581.5,24057,79.39,79.39,14.2,detected,0
34.0,34.0,170,105,person,0.3549,112,287,59,130,141.5,352.0,7670,3.16,3.16,13.6,detected,0
34.0,34.0,170,121,person,0.649,416,222,68,146,450.0,295.0,9928,96.21,96.21,8.6,detected,0
34.0,34.0,170,122,person,0.7321,1571,251,74,210,1608.0,356.0,15540,95.72,95.72,8.2,detected,0
34.0,34.0,170,130,person,0.7417,1612,415,98,225,1661.0,527.5,22050,113.52,113.52,5.4,detected,0
34.0,34.0,170,133,person,0.8331,1000,35,49,145,1024.5,107.5,7105,33.32,33.32,3.2,detected,0
34.0,34.0,170,154,person,0.4307,842,54,46,132,865.0,120.0,6072,60.27,60.27,1.2,detected,0
34.0,34.0,170,155,person,0.2487,1890,865,30,171,1905.0,950.5,5130,1.0,1.0,1.2,detected,0
34.0,34.0,170,157,person,0.3317,874,48,44,146,896.0,121.0,6424,0.0,0.0,0.8,detected,0
34.0,34.0,170,158,person,0.8711,1668,853,87,197,1711.5,951.5,17139,0.0,0.0,0.8,detected,0
34.0,34.0,170,162,person,0.2574,1181,0,38,51,1200.0,25.5,1938,0.0,0.0,0.4,detected,0
35.0,35.0,175,15,person,0.7007,1079,8,60,151,1109.0,83.5,9060,28.6,28.6,35.0,detected,0
35.0,35.0,175,17,person,0.545,14,280,75,156,51.5,358.0,11700,0.5,0.5,35.0,detected,0
35.0,35.0,175,54,person,0.5322,1363,575,78,97,1402.0,623.5,7566,172.36,172.36,27.2,predicted,1
35.0,35.0,175,63,person,0.7916,1515,1,48,88,1539.0,45.0,4224,8.75,8.75,25.2,detected,0
35.0,35.0,175,76,person,0.7946,1458,0,38,83,1477.0,41.5,3154,23.09,23.09,23.2,detected,0
35.0,35.0,175,84,person,0.8439,1719,364,86,212,1762.0,470.0,18232,35.78,35.78,21.4,detected,0
35.0,35.0,175,90,person,0.62,1104,10,50,122,1129.0,71.0,6100,57.87,57.87,19.4,detected,0
35.0,35.0,175,96,person,0.1733,1120,16,42,87,1141.0,59.5,3654,58.31,29.15,17.8,detected,0
35.0,35.0,175,103,person,0.9274,1132,540,105,254,1184.5,667.0,26670,91.65,91.65,15.2,detected,0
35.0,35.0,175,105,person,0.3597,111,287,59,131,140.5,352.5,7729,1.12,1.12,14.6,detected,0
35.0,35.0,175,121,person,0.6867,316,269,68,143,350.0,340.5,9724,109.86,109.86,9.6,detected,0
35.0,35.0,175,122,person,0.8976,1643,217,65,196,1675.5,315.0,12740,78.98,78.98,9.2,detected,0
35.0,35.0,175,130,person,0.8605,1455,451,110,228,1510.0,565.0,25080,155.59,155.59,6.4,detected,0
35.0,35.0,175,133,person,0.8737,1026,22,52,140,1052.0,92.0,7280,31.57,31.57,4.2,detected,0
35.0,35.0,175,154,person,0.749,776,79,46,133,799.0,145.5,6118,70.75,70.75,2.2,detected,0
35.0,35.0,175,155,person,0.2611,1887,865,32,179,1903.0,954.5,5728,4.47,4.47,2.2,detected,0
35.0,35.0,175,156,person,0.836,1612,958,90,116,1657.0,1016.0,10440,204.84,102.42,2.0,detected,0
35.0,35.0,175,157,person,0.8212,814,79,43,144,835.5,151.0,6192,67.53,67.53,1.8,detected,0
35.0,35.0,175,162,person,0.3984,1144,0,32,64,1160.0,32.0,2048,40.52,40.52,1.4,detected,0
35.0,35.0,175,163,person,0.5074,1366,0,24,33,1378.0,16.5,792,0.0,0.0,0.6,detected,0
36.0,36.0,180,15,person,0.8775,1107,6,53,139,1133.5,75.5,7367,25.77,25.77,36.0,detected,0
36.0,36.0,180,17,person,0.5943,15,280,73,156,51.5,358.0,11388,0.0,0.0,36.0,detected,0
36.0,36.0,180,54,person,0.2117,1254,534,97,140,1302.5,604.0,13580,101.39,101.39,28.2,detected,0
36.0,36.0,180,63,person,0.6817,1542,0,37,69,1560.5,34.5,2553,23.93,23.93,26.2,detected,0
36.0,36.0,180,76,person,0.8211,1476,0,35,65,1493.5,32.5,2275,18.79,18.79,24.2,detected,0
36.0,36.0,180,84,person,0.8688,1719,404,89,217,1763.5,512.5,19313,42.53,42.53,22.4,detected,0
36.0,36.0,180,90,person,0.6651,1142,0,43,113,1163.5,56.5,4859,37.42,37.42,20.4,detected,0
36.0,36.0,180,96,person,0.2849,1144,0,38,95,1163.0,47.5,3610,25.06,25.06,18.8,detected,0
36.0,36.0,180,103,person,0.9255,1115,628,118,276,1174.0,766.0,32568,99.56,99.56,16.2,detected,0
36.0,36.0,180,105,person,0.3767,112,287,58,130,141.0,352.0,7540,0.71,0.71,15.6,detected,0
36.0,36.0,180,121,person,0.792,229,294,75,167,266.5,377.5,12525,91.33,91.33,10.6,detected,0
36.0,36.0,180,122,person,0.8977,1683,186,72,185,1719.0,278.5,13320,56.78,56.78,10.2,detected,0
36.0,36.0,180,130,person,0.8126,1291,482,97,195,1339.5,579.5,18915,171.12,171.12,7.4,detected,0
36.0,36.0,180,133,person,0.8989,1053,7,46,137,1076.0,75.5,6302,29.12,29.12,5.2,detected,0
36.0,36.0,180,154,person,0.7767,705,95,51,147,730.5,168.5,7497,72.26,72.26,3.2,detected,0
36.0,36.0,180,155,person,0.2413,1889,865,30,173,1904.0,951.5,5190,3.16,3.16,3.2,detected,0
36.0,36.0,180,157,person,0.7181,748,104,51,138,773.5,173.0,7038,65.79,65.79,2.8,detected,0
36.0,36.0,180,163,person,0.2797,1407,0,20,16,1417.0,8.0,320,39.92,39.92,1.6,detected,0
36.0,36.0,180,167,person,0.9237,0,670,99,284,49.5,812.0,28116,0.0,0.0,0.8,detected,0
37.0,37.0,185,15,person,0.8813,1133,0,57,128,1161.5,64.0,7296,30.27,30.27,37.0,detected,0
37.0,37.0,185,17,person,0.5623,15,280,74,156,52.0,358.0,11544,0.5,0.5,37.0,detected,0
37.0,37.0,185,63,person,0.7243,1557,0,28,52,1571.0,26.0,1456,13.51,13.51,27.2,detected,0
37.0,37.0,185,76,person,0.6641,1504,0,31,50,1519.5,25.0,1550,27.06,27.06,25.2,detected,0
37.0,37.0,185,84,person,0.8734,1715,448,92,221,1761.0,558.5,20332,46.07,46.07,23.4,detected,0
37.0,37.0,185,90,person,0.2725,1173,-3,43,94,1194.5,44.0,4042,33.43,33.43,21.4,detected,0
37.0,37.0,185,96,person,0.3223,1169,0,40,91,1189.0,45.5,3640,26.08,26.08,19.8,detected,0
37.0,37.0,185,103,person,0.9305,1107,733,128,299,1171.0,882.5,38272,116.54,116.54,17.2,detected,0
37.0,37.0,185,105,person,0.7916,114,317,74,161,151.0,397.5,11914,46.59,46.59,16.6,detected,0
37.0,37.0,185,121,person,0.2534,96,383,73,133,132.5,449.5,9709,152.12,152.12,11.6,detected,0
37.0,37.0,185,122,person,0.8613,1730,164,64,178,1762.0,253.0,11392,49.99,49.99,11.2,detected,0
37.0,37.0,185,130,person,0.8729,1082,508,100,236,1132.0,626.0,23600,212.65,212.65,8.4,detected,0
37.0,37.0,185,133,person,0.8958,1076,0,53,130,1102.5,65.0,6890,28.5,28.5,6.2,detected,0
37.0,37.0,185,154,person,0.7393,624,128,53,149,650.5,202.5,7897,86.93,86.93,4.2,detected,0
37.0,37.0,185,155,person,0.2931,1891,865,28,172,1905.0,951.0,4816,1.12,1.12,4.2,detected,0
37.0,37.0,185,157,person,0.7811,671,135,50,147,696.0,208.5,7350,85.24,85.24,3.8,detected,0
37.0,37.0,185,162,person,0.2579,1043,20,44,99,1065.0,69.5,4356,102.13,51.07,3.4,detected,0
37.0,37.0,185,167,person,0.9194,55,603,106,261,108.0,733.5,27666,97.9,97.9,1.8,detected,0
37.0,37.0,185,171,person,0.6484,959,629,86,108,1002.0,683.0,9288,0.0,0.0,1.4,detected,0
37.0,37.0,185,176,person,0.5204,1683,681,113,226,1739.5,794.0,25538,0.0,0.0,0.4,detected,0
38.0,38.0,190,15,person,0.8219,1179,0,50,113,1204.0,56.5,5650,43.16,43.16,38.0,detected,0
38.0,38.0,190,17,person,0.32,15,281,74,153,52.0,357.5,11322,0.5,0.5,38.0,detected,0
38.0,38.0,190,54,person,0.1906,816,580,96,159,864.0,659.5,15264,442.0,221.0,30.2,detected,0
38.0,38.0,190,63,person,0.5933,1575,0,24,39,1587.0,19.5,936,17.27,17.27,28.2,detected,0
38.0,38.0,190,76,person,0.5568,1525,0,17,35,1533.5,17.5,595,15.88,15.88,26.2,detected,0
38.0,38.0,190,84,person,0.825,1727,498,95,213,1774.5,604.5,20235,47.94,47.94,24.4,detected,0
38.0,38.0,190,90,person,0.3876,1164,1,27,78,1177.5,40.0,2106,17.46,17.46,22.4,detected,0
38.0,38.0,190,103,person,0.9209,1062,859,135,221,1129.5,969.5,29835,96.39,96.39,18.2,detected,0
38.0,38.0,190,105,person,0.3091,111,288,60,132,141.0,354.0,7920,44.63,44.63,17.6,detected,0
38.0,38.0,190,121,person,0.8839,6,379,90,186,51.0,472.0,16740,84.55,84.55,12.6,detected,0
38.0,38.0,190,122,person,0.8256,1758,146,65,172,1790.5,232.0,11180,35.4,35.4,12.2,detected,0
38.0,38.0,190,130,person,0.8896,852,532,116,230,910.0,647.0,26680,222.99,222.99,9.4,detected,0
38.0,38.0,190,133,person,0.8675,1108,0,50,114,1133.0,57.0,5700,31.53,31.53,7.2,detected,0
38.0,38.0,190,154,person,0.8081,541,161,54,157,568.0,239.5,8478,90.42,90.42,5.2,detected,0
38.0,38.0,190,155,person,0.2163,1890,866,29,173,1904.5,952.5,5017,1.58,1.58,5.2,detected,0
38.0,38.0,190,157,person,0.8354,582,171,58,154,611.0,248.0,8932,93.73,93.73,4.8,detected,0
38.0,38.0,190,162,person,0.8161,1019,1,52,99,1045.0,50.5,5148,27.59,27.59,4.4,detected,0
38.0,38.0,190,167,person,0.9124,91,548,105,243,143.5,669.5,25515,73.19,73.19,2.8,detected,0
38.0,38.0,190,171,person,0.2571,737,640,85,108,779.5,694.0,9180,222.77,222.77,2.4,detected,0
38.0,38.0,190,176,person,0.9037,1645,603,135,301,1712.5,753.5,40635,48.67,48.67,1.4,detected,0
38.0,38.0,190,181,person,0.3567,1247,0,30,21,1262.0,10.5,630,0.0,0.0,0.2,detected,0
39.0,39.0,195,15,person,0.8127,1215,0,45,104,1237.5,52.0,4680,33.8,33.8,39.0,detected,0
39.0,39.0,195,17,person,0.5206,13,280,75,156,50.5,358.0,11700,1.58,1.58,39.0,detected,0
39.0,39.0,195,54,person,0.159,579,615,71,162,614.5,696.0,11502,252.16,252.16,31.2,detected,0
39.0,39.0,195,63,person,0.4737,1594,0,24,24,1606.0,12.0,576,20.43,20.43,29.2,detected,0
39.0,39.0,195,76,person,0.2394,1545,0,15,22,1552.5,11.0,330,20.08,20.08,27.2,detected,0
39.0,39.0,195,84,person,0.9079,1749,553,95,216,1796.5,661.0,20520,60.63,60.63,25.4,detected,0
39.0,39.0,195,90,person,0.3089,1190,0,28,64,1204.0,32.0,1792,27.68,27.68,23.4,detected,0
39.0,39.0,195,103,person,0.7314,974,1006,127,74,1037.5,1043.0,9398,117.76,117.76,19.2,detected,0
39.0,39.0,195,105,person,0.383,112,287,59,135,141.5,354.5,7965,0.71,0.71,18.6,detected,0
39.0,39.0,195,121,person,0.9069,52,382,98,225,101.0,494.5,22050,54.83,54.83,13.6,detected,0
39.0,39.0,195,122,person,0.8457,1759,146,57,169,1787.5,230.5,9633,3.35,3.35,13.2,detected,0
39.0,39.0,195,130,person,0.8728,631,529,118,243,690.0,650.5,28674,220.03,220.03,10.4,detected,0
39.0,39.0,195,133,person,0.8728,1145,0,48,100,1169.0,50.0,4800,36.67,36.67,8.2,detected,0
39.0,39.0,195,154,person,0.8485,448,198,54,160,475.0,278.0,8640,100.65,100.65,6.2,detected,0
39.0,39.0,195,155,person,0.1673,1889,866,30,171,1904.0,951.5,5130,1.12,1.12,6.2,predicted,1
39.0,39.0,195,157,person,0.8215,493,200,58,171,522.0,285.5,9918,96.58,96.58,5.8,detected,0
39.0,39.0,195,162,person,0.6931,988,1,48,117,1012.0,59.5,5616,34.21,34.21,5.4,detected,0
39.0,39.0,195,167,person,0.914,147,507,85,239,189.5,626.5,20315,62.97,62.97,3.8,detected,0
39.0,39.0,195,171,person,0.2707,507,649,87,113,550.5,705.5,9831,229.29,229.29,3.4,detected,0
39.0,39.0,195,176,person,0.9279,1612,539,135,294,1679.5,686.0,39690,75.13,75.13,2.4,detected,0
40.0,40.0,200,15,person,0.7941,1243,0,45,89,1265.5,44.5,4005,28.99,28.99,40.0,detected,0
40.0,40.0,200,17,person,0.5511,15,280,72,156,51.0,358.0,11232,0.5,0.5,40.0,detected,0
40.0,40.0,200,54,person,0.4168,350,618,64,148,382.0,692.0,9472,232.53,232.53,32.2,detected,0
40.0,40.0,200,63,person,0.2979,1617,-1,25,15,1629.5,6.5,375,24.14,24.14,30.2,predicted,1
40.0,40.0,200,76,person,0.2641,1570,-2,18,11,1579.0,3.5,198,27.54,27.54,28.2,predicted,1
40.0,40.0,200,90,person,0.169,1217,0,21,50,1227.5,25.0,1050,24.52,24.52,24.4,detected,0
40.0,40.0,200,105,person,0.5478,112,287,59,131,141.5,352.5,7729,2.0,2.0,19.6,detected,0
40.0,40.0,200,121,person,0.8871,224,321,91,203,269.5,422.5,18473,183.24,183.24,14.6,detected,0
40.0,40.0,200,122,person,0.8383,1757,149,55,167,1784.5,232.5,9185,3.61,3.61,14.2,detected,0
40.0,40.0,200,130,person,0.8893,387,540,106,243,440.0,661.5,25758,250.24,250.24,11.4,detected,0
40.0,40.0,200,133,person,0.4112,1177,0,46,85,1200.0,42.5,3910,31.89,31.89,9.2,detected,0
40.0,40.0,200,154,person,0.7803,343,231,59,172,372.5,317.0,10148,109.67,109.67,7.2,detected,0
40.0,40.0,200,157,person,0.8114,386,237,71,180,421.5,327.0,12780,108.73,108.73,6.8,detected,0
40.0,40.0,200,162,person,0.7099,957,1,48,136,981.0,69.0,6528,32.42,32.42,6.4,detected,0
40.0,40.0,200,167,person,0.887,215,463,88,225,259.0,575.5,19800,86.2,86.2,4.8,detected,0
40.0,40.0,200,171,person,0.2185,269,660,79,104,308.5,712.0,8216,242.09,242.09,4.4,predicted,1
40.0,40.0,200,176,person,0.9222,1616,483,132,283,1682.0,624.5,37356,61.55,61.55,3.4,detected,0
40.0,40.0,200,186,person,0.5105,1760,610,81,136,1800.5,678.0,11016,0.0,0.0,0.2,detected,0
41.0,41.0,205,15,person,0.7577,1258,0,45,75,1280.5,37.5,3375,16.55,16.55,41.0,detected,0
41.0,41.0,205,17,person,0.4595,15,280,72,156,51.0,358.0,11232,0.0,0.0,41.0,detected,0
41.0,41.0,205,54,person,0.499,97,631,71,145,132.5,703.5,10295,249.76,249.76,33.2,detected,0
41.0,41.0,205,90,person,0.25,1233,-2,18,40,1242.0,18.0,720,16.1,16.1,25.4,predicted,1
41.0,41.0,205,105,person,0.4943,111,288,59,131,140.5,353.5,7729,1.41,1.41,20.6,detected,0
41.0,41.0,205,121,person,0.8971,369,266,89,199,413.5,365.5,17711,154.87,154.87,15.6,detected,0
41.0,41.0,205,122,person,0.8426,1757,146,57,170,1785.5,231.0,9690,1.8,1.8,15.2,detected,0
41.0,41.0,205,130,person,0.8535,135,549,136,246,203.0,672.0,33456,237.23,237.23,12.4,detected,0
41.0,41.0,205,133,person,0.3187,1197,0,48,74,1221.0,37.0,3552,21.71,21.71,10.2,detected,0
41.0,41.0,205,154,person,0.7812,224,273,66,177,257.0,361.5,11682,123.78,123.78,8.2,detected,0
41.0,41.0,205,157,person,0.7092,274,281,62,162,305.0,362.0,10044,121.64,121.64,7.8,detected,0
41.0,41.0,205,162,person,0.8324,929,13,48,143,953.0,84.5,6864,32.0,32.0,7.4,detected,0
41.0,41.0,205,167,person,0.9065,271,419,80,215,311.0,526.5,17200,71.45,71.45,5.8,detected,0
41.0,41.0,205,176,person,0.9359,1649,435,121,267,1709.5,568.5,32307,62.39,62.39,4.4,detected,0
41.0,41.0,205,190,person,0.635,1116,1,36,63,1134.0,32.5,2268,0.0,0.0,0.4,detected,0
42.0,42.0,210,15,person,0.3527,1270,0,38,61,1289.0,30.5,2318,11.01,11.01,42.0,detected,0
42.0,42.0,210,17,person,0.3904,16,281,74,155,53.0,358.5,11470,2.06,2.06,42.0,detected,0
42.0,42.0,210,121,person,0.9123,499,218,81,189,539.5,312.5,15309,136.69,136.69,16.6,detected,0
42.0,42.0,210,122,person,0.8399,1756,144,57,172,1784.5,230.0,9804,1.41,1.41,16.2,detected,0
42.0,42.0,210,130,person,0.2405,0,622,31,109,15.5,676.5,3379,187.55,187.55,13.4,detected,0
42.0,42.0,210,133,person,0.7475,1226,0,38,59,1245.0,29.5,2242,25.14,25.14,11.2,detected,0
42.0,42.0,210,154,person,0.7517,101,321,59,192,130.5,417.0,11328,138.14,138.14,9.2,detected,0
42.0,42.0,210,157,person,0.8216,145,327,68,201,179.0,427.5,13668,142.01,142.01,8.8,detected,0
42.0,42.0,210,162,person,0.6534,882,27,52,147,908.0,100.5,7644,47.76,47.76,8.4,detected,0
42.0,42.0,210,167,person,0.9152,310,380,88,212,354.0,486.0,18656,59.07,59.07,6.8,detected,0
42.0,42.0,210,176,person,0.9416,1673,391,115,253,1730.5,517.5,29095,55.15,55.15,5.4,detected,0
42.0,42.0,210,187,person,0.4094,1271,-2,42,64,1292.0,30.0,2688,0.0,0.0,2.0,detected,0
42.0,42.0,210,189,person,0.7647,1134,0,37,53,1152.5,26.5,1961,0.0,0.0,1.8,detected,0
42.0,42.0,210,190,person,0.8146,1067,0,47,80,1090.5,40.0,3760,44.14,44.14,1.4,detected,0
43.0,43.0,215,17,person,0.3815,23,321,77,160,61.5,401.0,12320,43.34,43.34,43.0,detected,0
43.0,43.0,215,105,person,0.3954,111,289,58,133,140.0,355.5,7714,2.06,1.03,22.6,detected,0
43.0,43.0,215,121,person,0.8535,606,179,65,156,638.5,257.0,10140,113.5,113.5,17.6,detected,0
43.0,43.0,215,122,person,0.8094,1755,140,57,177,1783.5,228.5,10089,1.8,1.8,17.2,detected,0
43.0,43.0,215,133,person,0.4196,1252,0,39,46,1271.5,23.0,1794,27.29,27.29,12.2,detected,0
43.0,43.0,215,154,person,0.2036,-24,368,54,158,3.0,447.0,8532,130.98,130.98,10.2,predicted,1
43.0,43.0,215,157,person,0.9065,19,422,100,213,69.0,528.5,21300,149.34,149.34,9.8,detected,0
43.0,43.0,215,162,person,0.6984,839,47,51,147,864.5,120.5,7497,47.88,47.88,9.4,detected,0
43.0,43.0,215,167,person,0.9163,341,342,77,204,379.5,444.0,15708,49.14,49.14,7.8,detected,0
43.0,43.0,215,176,person,0.9316,1694,350,105,242,1746.5,471.0,25410,49.18,49.18,6.4,detected,0
43.0,43.0,215,187,person,0.5303,1303,0,27,47,1316.5,23.5,1269,25.35,25.35,3.0,detected,0
43.0,43.0,215,188,person,0.7107,1028,2,47,97,1051.5,50.5,4559,0.0,0.0,2.8,detected,0
43.0,43.0,215,189,person,0.2015,1105,0,42,73,1126.0,36.5,3066,28.32,28.32,2.8,detected,0
43.0,43.0,215,199,person,0.9287,1326,910,139,170,1395.5,995.0,23630,0.0,0.0,0.8,detected,0
43.0,43.0,215,200,person,0.9136,1481,925,123,155,1542.5,1002.5,19065,0.0,0.0,0.8,detected,0
43.0,43.0,215,201,person,0.3958,1805,394,65,224,1837.5,506.0,14560,0.0,0.0,0.8,detected,0
43.0,43.0,215,202,person,0.812,10,387,76,213,48.0,493.5,16188,0.0,0.0,0.6,detected,0
44.0,44.0,220,17,person,0.4459,14,279,76,156,52.0,357.0,11856,45.01,45.01,44.0,detected,0
44.0,44.0,220,105,person,0.4656,112,288,57,128,140.5,352.0,7296,3.54,3.54,23.6,detected,0
44.0,44.0,220,121,person,0.729,703,146,61,118,733.5,205.0,7198,108.3,108.3,18.6,detected,0
44.0,44.0,220,122,person,0.7578,1755,144,53,173,1781.5,230.5,9169,2.83,2.83,18.2,detected,0
44.0,44.0,220,133,person,0.3015,1270,0,26,35,1283.0,17.5,910,12.75,12.75,13.2,detected,0
44.0,44.0,220,157,person,0.9172,119,395,93,208,165.5,499.0,19344,100.91,100.91,10.8,detected,0
44.0,44.0,220,162,person,0.8276,784,60,56,150,812.0,135.0,8400,54.47,54.47,10.4,detected,0
44.0,44.0,220,167,person,0.9014,381,320,64,190,413.0,415.0,12160,44.31,44.31,8.8,detected,0
44.0,44.0,220,176,person,0.9281,1712,314,101,237,1762.5,432.5,23937,41.69,41.69,7.4,detected,0
44.0,44.0,220,187,person,0.3552,1319,0,23,34,1330.5,17.0,782,15.44,15.44,4.0,detected,0
44.0,44.0,220,188,person,0.8076,993,7,47,111,1016.5,62.5,5217,37.0,37.0,3.8,detected,0
44.0,44.0,220,189,person,0.8084,1075,0,50,91,1100.0,45.5,4550,27.51,27.51,3.8,detected,0
44.0,44.0,220,199,person,0.8802,1369,816,129,209,1433.5,920.5,26961,83.63,83.63,1.8,detected,0
44.0,44.0,220,200,person,0.8895,1535,826,114,221,1592.0,936.5,25194,82.5,82.5,1.8,detected,0
44.0,44.0,220,201,person,0.8888,1786,451,73,229,1822.5,565.5,16717,61.36,61.36,1.8,detected,0
44.0,44.0,220,203,person,0.2963,1886,867,33,211,1902.5,972.5,6963,0.0,0.0,1.6,predicted,1
44.0,44.0,220,205,person,0.3346,1751,0,46,38,1774.0,19.0,1748,0.0,0.0,0.8,detected,0
44.0,44.0,220,206,person,0.5908,1832,200,56,142,1860.0,271.0,7952,0.0,0.0,0.6,detected,0
44.0,44.0,220,208,person,0.8908,1356,976,133,104,1422.5,1028.0,13832,0.0,0.0,0.4,detected,0
44.0,44.0,220,211,person,0.838,1522,980,127,100,1585.5,1030.0,12700,0.0,0.0,0.0,detected,0
45.0,45.0,225,17,person,0.4713,15,279,75,156,52.5,357.0,11700,0.5,0.5,45.0,detected,0
45.0,45.0,225,105,person,0.5497,112,287,60,131,142.0,352.5,7860,1.58,1.58,24.6,detected,0
45.0,45.0,225,121,person,0.8861,780,112,61,142,810.5,183.0,8662,80.08,80.08,19.6,detected,0
45.0,45.0,225,133,person,0.2269,1284,0,20,24,1294.0,12.0,480,12.3,12.3,14.2,detected,0
45.0,45.0,225,157,person,0.8989,213,351,88,198,257.0,450.0,17424,103.79,103.79,11.8,detected,0
45.0,45.0,225,162,person,0.8505,722,74,57,156,750.5,152.0,8892,63.81,63.81,11.4,detected,0
45.0,45.0,225,167,person,0.9161,388,320,63,187,419.5,413.5,11781,6.67,6.67,9.8,detected,0
45.0,45.0,225,176,person,0.8886,1755,287,89,226,1799.5,400.0,20114,49.25,49.25,8.4,detected,0
45.0,45.0,225,187,person,0.1506,1332,0,22,22,1343.0,11.0,484,13.87,13.87,5.0,detected,0
45.0,45.0,225,188,person,0.8058,947,25,50,115,972.0,82.5,5750,48.79,48.79,4.8,detected,0
45.0,45.0,225,189,person,0.84,1041,0,50,111,1066.0,55.5,5550,35.44,35.44,4.8,detected,0
45.0,45.0,225,199,person,0.3951,1422,771,121,214,1482.5,878.0,25894,64.86,64.86,2.8,detected,0
45.0,45.0,225,200,person,0.8912,1565,740,109,193,1619.5,836.5,21037,103.71,103.71,2.8,detected,0
45.0,45.0,225,201,person,0.7852,1774,519,78,218,1813.0,628.0,17004,63.22,63.22,2.8,detected,0
45.0,45.0,225,203,person,0.2007,1886,865,34,211,1903.0,970.5,7174,2.06,2.06,2.6,detected,0
45.0,45.0,225,205,person,0.2781,1739,10,41,39,1759.5,29.5,1599,17.9,17.9,1.8,detected,0
45.0,45.0,225,206,person,0.6374,1822,224,63,119,1853.5,283.5,7497,14.09,14.09,1.6,detected,0
45.0,45.0,225,208,person,0.469,1416,767,123,262,1477.5,898.0,32226,141.16,141.16,1.4,detected,0
45.0,45.0,225,211,person,0.8567,1548,881,117,199,1606.5,980.5,23283,53.77,53.77,1.0,detected,0
45.0,45.0,225,212,person,0.7898,1753,182,67,150,1786.5,257.0,10050,0.0,0.0,0.8,detected,0
45.0,45.0,225,217,person,0.8513,0,615,71,254,35.5,742.0,18034,0.0,0.0,0.0,detected,0
46.0,46.0,230,17,person,0.4774,15,280,75,155,52.5,357.5,11625,0.5,0.5,46.0,detected,0
46.0,46.0,230,105,person,0.5074,112,287,59,131,141.5,352.5,7729,0.5,0.5,25.6,detected,0
46.0,46.0,230,121,person,0.88,853,82,61,156,883.5,160.0,9516,76.54,76.54,20.6,detected,0
46.0,46.0,230,122,person,0.7796,1756,144,52,172,1782.0,230.0,8944,0.71,0.35,20.2,detected,0
46.0,46.0,230,157,person,0.9077,297,311,78,190,336.0,406.0,14820,90.43,90.43,12.8,detected,0
46.0,46.0,230,162,person,0.8317,672,91,49,159,696.5,170.5,7791,57.08,57.08,12.4,detected,0
46.0,46.0,230,167,person,0.9139,386,325,71,183,421.5,416.5,12993,3.61,3.61,10.8,detected,0
46.0,46.0,230,176,person,0.3406,1804,260,68,148,1838.0,334.0,10064,76.41,76.41,9.4,detected,0
46.0,46.0,230,188,person,0.8317,901,42,51,120,926.5,102.0,6120,49.5,49.5,5.8,detected,0
46.0,46.0,230,189,person,0.8477,1001,10,50,120,1026.0,70.0,6000,42.55,42.55,5.8,detected,0
46.0,46.0,230,199,person,0.8682,1471,654,108,166,1525.0,737.0,17928,147.27,147.27,3.8,detected,0
46.0,46.0,230,200,person,0.8925,1585,664,104,170,1637.0,749.0,17680,89.23,89.23,3.8,detected,0
46.0,46.0,230,203,person,0.176,1886,865,33,205,1902.5,967.5,6765,3.04,3.04,3.6,detected,0
46.0,46.0,230,205,person,0.6905,1703,27,43,114,1724.5,84.0,4902,64.77,64.77,2.8,detected,0
46.0,46.0,230,206,person,0.2488,1808,250,61,85,1838.5,292.5,5185,17.49,17.49,2.6,detected,0
46.0,46.0,230,208,person,0.9143,1448,770,126,283,1511.0,911.5,35658,36.12,36.12,2.4,detected,0
46.0,46.0,230,211,person,0.9009,1584,795,116,265,1642.0,927.5,30740,63.79,63.79,2.0,detected,0
46.0,46.0,230,212,person,0.8937,1694,215,75,187,1731.5,308.5,14025,75.35,75.35,1.8,detected,0
46.0,46.0,230,217,person,0.8979,51,542,93,254,97.5,669.0,23622,95.78,95.78,1.0,detected,0
46.0,46.0,230,219,person,0.7609,1779,592,70,140,1814.0,662.0,9800,0.0,0.0,0.6,detected,0
46.0,46.0,230,222,person,0.8973,12,539,102,261,63.0,669.5,26622,0.0,0.0,0.0,detected,0
47.0,47.0,235,17,person,0.5398,12,276,78,159,51.0,355.5,12402,2.5,2.5,47.0,detected,0
47.0,47.0,235,105,person,0.6118,112,287,59,132,141.5,353.0,7788,0.5,0.5,26.6,detected,0
47.0,47.0,235,121,person,0.8154,924,58,60,145,954.0,130.5,8700,76.42,76.42,21.6,detected,0
47.0,47.0,235,122,person,0.7977,1754,141,53,177,1780.5,229.5,9381,1.58,1.58,21.2,detected,0
47.0,47.0,235,157,person,0.4533,378,275,75,117,415.5,333.5,8775,107.59,107.59,13.8,detected,0
47.0,47.0,235,162,person,0.6815,616,122,55,156,643.5,200.0,8580,60.66,60.66,13.4,detected,0
47.0,47.0,235,167,person,0.8468,386,328,79,181,425.5,418.5,14299,4.47,4.47,11.8,detected,0
47.0,47.0,235,176,person,0.7615,1774,270,80,176,1814.0,358.0,14080,33.94,33.94,10.4,detected,0
47.0,47.0,235,188,person,0.8352,852,63,49,119,876.5,122.5,5831,54.04,54.04,6.8,detected,0
47.0,47.0,235,199,person,0.8808,1521,591,105,262,1573.5,722.0,27510,50.77,50.77,4.8,detected,0
47.0,47.0,235,200,person,0.8523,1615,601,97,213,1663.5,707.5,20661,49.24,49.24,4.8,detected,0
47.0,47.0,235,208,person,0.865,1477,689,102,265,1528.0,821.5,27030,91.59,91.59,3.4,detected,0
47.0,47.0,235,211,person,0.8549,1631,699,108,265,1685.0,831.5,28620,105.19,105.19,3.0,detected,0
47.0,47.0,235,212,person,0.9184,1650,248,78,196,1689.0,346.0,15288,56.68,56.68,2.8,detected,0
47.0,47.0,235,217,person,0.8896,196,487,89,240,240.5,607.0,21360,155.86,155.86,2.0,detected,0
47.0,47.0,235,220,person,0.8124,1677,45,62,145,1708.0,117.5,8990,0.0,0.0,1.6,detected,0
47.0,47.0,235,222,person,0.8957,76,476,96,245,124.0,598.5,23520,93.61,93.61,1.0,detected,0
47.0,47.0,235,229,person,0.7741,0,488,86,204,43.0,590.0,17544,0.0,0.0,0.4,detected,0
48.0,48.0,240,17,person,0.3059,12,277,78,157,51.0,355.5,12246,0.0,0.0,48.0,detected,0
48.0,48.0,240,105,person,0.315,112,287,59,131,141.5,352.5,7729,0.5,0.5,27.6,detected,0
48.0,48.0,240,121,person,0.7927,990,38,54,137,1017.0,106.5,7398,67.42,67.42,22.6,detected,0
48.0,48.0,240,122,person,0.7381,1754,138,54,179,1781.0,227.5,9666,2.06,2.06,22.2,detected,0
48.0,48.0,240,157,person,0.8752,455,242,77,174,493.5,329.0,13398,78.13,78.13,14.8,detected,0
48.0,48.0,240,162,person,0.5362,549,136,55,170,576.5,221.0,9350,70.21,70.21,14.4,detected,0
48.0,48.0,240,167,person,0.8355,385,336,78,173,424.0,422.5,13494,4.27,4.27,12.8,detected,0
48.0,48.0,240,176,person,0.8361,1746,304,85,176,1788.5,392.0,14960,42.5,42.5,11.4,detected,0
48.0,48.0,240,188,person,0.8038,801,86,54,125,828.0,148.5,6750,55.03,55.03,7.8,detected,0
48.0,48.0,240,189,person,0.6866,920,51,49,123,944.5,112.5,6027,91.92,45.96,7.8,detected,0
48.0,48.0,240,199,person,0.6362,1564,535,96,196,1612.0,633.0,18816,96.97,96.97,5.8,detected,0
48.0,48.0,240,200,person,0.878,1646,545,91,215,1691.5,652.5,19565,61.72,61.72,5.8,detected,0
48.0,48.0,240,201,person,0.9302,1543,701,129,308,1607.5,855.0,39732,306.2,102.07,5.8,detected,0
48.0,48.0,240,208,person,0.7018,1535,656,123,226,1596.5,769.0,27798,86.3,86.3,4.4,detected,0
48.0,48.0,240,211,person,0.8667,1689,623,103,250,1740.5,748.0,25750,100.26,100.26,4.0,detected,0
48.0,48.0,240,212,person,0.8925,1609,281,80,207,1649.0,384.5,16560,55.52,55.52,3.8,detected,0
48.0,48.0,240,217,person,0.9054,307,434,80,224,347.0,546.0,17920,122.73,122.73,3.0,detected,0
48.0,48.0,240,220,person,0.8107,1662,64,63,151,1693.5,139.5,9513,26.35,26.35,2.6,detected,0
48.0,48.0,240,222,person,0.8892,176,424,79,233,215.5,540.5,18407,108.33,108.33,2.0,detected,0
48.0,48.0,240,229,person,0.8859,0,397,74,217,37.0,505.5,16058,84.71,84.71,1.4,detected,0
48.0,48.0,240,231,person,0.8732,90,427,94,204,137.0,529.0,19176,0.0,0.0,0.4,detected,0
49.0,49.0,245,17,person,0.2278,15,281,72,157,51.0,359.5,11304,4.0,4.0,49.0,detected,0
49.0,49.0,245,105,person,0.2328,112,287,60,132,142.0,353.0,7920,0.71,0.71,28.6,detected,0
49.0,49.0,245,121,person,0.797,1039,12,52,136,1065.0,80.0,7072,54.83,54.83,23.6,detected,0
49.0,49.0,245,122,person,0.7,1747,136,60,175,1777.0,223.5,10500,5.66,5.66,23.2,detected,0
49.0,49.0,245,157,person,0.5706,528,208,75,171,565.5,293.5,12825,80.28,80.28,15.8,detected,0
49.0,49.0,245,162,person,0.7811,477,158,62,160,508.0,238.0,9920,70.58,70.58,15.4,detected,0
49.0,49.0,245,167,person,0.7599,381,331,72,160,417.0,411.0,11520,13.46,13.46,13.8,detected,0
49.0,49.0,245,176,person,0.7965,1708,334,87,179,1751.5,423.5,15573,48.59,48.59,12.4,detected,0
49.0,49.0,245,188,person,0.8048,741,107,55,124,768.5,169.0,6820,62.93,62.93,8.8,detected,0
49.0,49.0,245,189,person,0.6789,861,71,53,128,887.5,135.0,6784,61.28,61.28,8.8,detected,0
49.0,49.0,245,199,person,0.7114,1585,483,97,162,1633.5,564.0,15714,72.27,72.27,6.8,detected,0
49.0,49.0,245,200,person,0.8755,1682,494,91,226,1727.5,607.0,20566,58.02,58.02,6.8,detected,0
49.0,49.0,245,201,person,0.9186,1331,748,144,323,1403.0,909.5,46512,211.64,211.64,6.8,detected,0
49.0,49.0,245,208,person,0.8799,1585,566,91,234,1630.5,683.0,21294,92.48,92.48,5.4,detected,0
49.0,49.0,245,211,person,0.8929,1742,563,90,239,1787.0,682.5,21510,80.33,80.33,5.0,detected,0
49.0,49.0,245,212,person,0.838,1568,325,83,209,1609.5,429.5,17347,59.88,59.88,4.8,detected,0
49.0,49.0,245,217,person,0.8378,396,384,75,217,433.5,492.5,16275,101.71,101.71,4.0,detected,0
49.0,49.0,245,220,person,0.7855,1655,84,60,156,1685.0,162.0,9360,24.05,24.05,3.6,detected,0
49.0,49.0,245,222,person,0.8659,280,379,74,225,317.0,491.5,16650,112.71,112.71,3.0,detected,0
49.0,49.0,245,229,person,0.7997,76,351,85,207,118.5,454.5,17595,96.14,96.14,2.4,detected,0
49.0,49.0,245,231,person,0.7879,183,370,91,200,228.5,470.0,18200,108.87,108.87,1.4,detected,0
49.0,49.0,245,232,person,0.2851,516,219,73,170,552.5,304.0,12410,0.0,0.0,0.6,detected,0
49.0,49.0,245,233,person,0.2767,1849,135,45,160,1871.5,215.0,7200,0.0,0.0,0.0,detected,0
50.0,50.0,250,17,person,0.2951,14,279,74,158,51.0,358.0,11692,1.5,1.5,50.0,detected,0
50.0,50.0,250,105,person,0.1937,112,287,58,130,141.0,352.0,7540,1.41,1.41,29.6,detected,0
50.0,50.0,250,121,person,0.7925,1080,0,49,121,1104.5,60.5,5929,44.05,44.05,24.6,detected,0
50.0,50.0,250,122,person,0.4137,1758,135,67,170,1791.5,220.0,11390,14.92,14.92,24.2,detected,0
50.0,50.0,250,157,person,0.7875,600,187,67,135,633.5,254.5,9045,78.39,78.39,16.8,detected,0
50.0,50.0,250,162,person,0.7251,401,186,73,171,437.5,271.5,12483,78.05,78.05,16.4,detected,0
50.0,50.0,250,176,person,0.6798,1649,366,89,129,1693.5,430.5,11481,58.42,58.42,13.4,detected,0
50.0,50.0,250,188,person,0.8298,675,130,54,136,702.0,198.0,7344,72.55,72.55,9.8,detected,0
50.0,50.0,250,189,person,0.6328,794,91,56,131,822.0,156.5,7336,68.94,68.94,9.8,detected,0
50.0,50.0,250,199,person,0.8845,1639,437,87,210,1682.5,542.0,18270,53.71,53.71,7.8,detected,0
50.0,50.0,250,200,person,0.8183,1746,468,83,201,1787.5,568.5,16683,71.29,71.29,7.8,detected,0
50.0,50.0,250,201,person,0.7623,1135,770,130,310,1200.0,925.0,40300,203.59,203.59,7.8,detected,0
50.0,50.0,250,208,person,0.8781,1598,516,86,220,1641.0,626.0,18920,57.96,57.96,6.4,detected,0
50.0,50.0,250,211,person,0.7638,1784,511,74,212,1821.0,617.0,15688,73.8,73.8,6.0,detected,0
50.0,50.0,250,212,person,0.8618,1531,372,91,222,1576.5,483.0,20202,62.86,62.86,5.8,detected,0
50.0,50.0,250,217,person,0.905,488,341,68,206,522.0,444.0,14008,100.92,100.92,5.0,detected,0
50.0,50.0,250,220,person,0.7225,1645,107,60,162,1675.0,188.0,9720,27.86,27.86,4.6,detected,0
50.0,50.0,250,222,person,0.8553,378,341,76,213,416.0,447.5,16188,108.34,108.34,4.0,detected,0
50.0,50.0,250,229,person,0.8011,163,313,76,198,201.0,412.0,15048,92.8,92.8,3.4,detected,0
50.0,50.0,250,231,person,0.8822,265,336,88,184,309.0,428.0,16192,90.8,90.8,2.4,detected,0
50.0,50.0,250,233,person,0.6298,1804,161,60,170,1834.0,246.0,10200,48.65,48.65,1.0,detected,0
51.0,51.0,255,17,person,0.2502,15,281,74,155,52.0,358.5,11470,1.12,1.12,51.0,detected,0
51.0,51.0,255,105,person,0.2727,112,287,59,132,141.5,353.0,7788,1.12,1.12,30.6,detected,0
51.0,51.0,255,121,person,0.6805,1120,0,50,96,1145.0,48.0,4800,42.39,42.39,25.6,detected,0
51.0,51.0,255,122,person,0.6934,1753,190,63,182,1784.5,281.0,11466,61.4,61.4,25.2,detected,0
51.0,51.0,255,157,person,0.7818,667,163,65,118,699.5,222.0,7670,73.57,73.57,17.8,detected,0
51.0,51.0,255,162,person,0.1611,316,209,70,188,351.0,303.0,13160,92.06,92.06,17.4,detected,0
51.0,51.0,255,167,person,0.8252,389,322,66,190,422.0,417.0,12540,7.81,3.91,15.8,detected,0
51.0,51.0,255,176,person,0.8714,1600,404,86,183,1643.0,495.5,15738,82.31,82.31,14.4,detected,0
51.0,51.0,255,188,person,0.6734,606,155,57,131,634.5,220.5,7467,71.15,71.15,10.8,detected,0
51.0,51.0,255,189,person,0.6051,724,112,53,137,750.5,180.5,7261,75.42,75.42,10.8,detected,0
51.0,51.0,255,199,person,0.8512,1699,399,78,209,1738.0,503.5,16302,67.55,67.55,8.8,detected,0
51.0,51.0,255,200,person,0.7214,1774,410,81,190,1814.5,505.0,15390,69.0,69.0,8.8,detected,0
51.0,51.0,255,201,person,0.6278,911,807,131,273,976.5,943.5,35763,224.26,224.26,8.8,detected,0
51.0,51.0,255,208,person,0.8486,1653,473,75,212,1690.5,579.0,15900,68.26,68.26,7.4,detected,0
51.0,51.0,255,211,person,0.2975,1820,471,42,153,1841.0,547.5,6426,72.32,72.32,7.0,detected,0
51.0,51.0,255,212,person,0.9211,1511,428,96,237,1559.0,546.5,22752,65.87,65.87,6.8,detected,0
51.0,51.0,255,217,person,0.8729,585,302,67,199,618.5,401.5,13333,105.44,105.44,6.0,detected,0
51.0,51.0,255,220,person,0.7353,1644,133,69,164,1678.5,215.0,11316,27.23,27.23,5.6,detected,0
51.0,51.0,255,222,person,0.8431,473,305,67,202,506.5,406.0,13534,99.56,99.56,5.0,detected,0
51.0,51.0,255,229,person,0.5548,263,289,65,181,295.5,379.5,11765,99.93,99.93,4.4,detected,0
51.0,51.0,255,231,person,0.5169,340,308,65,167,372.5,391.5,10855,73.24,73.24,3.4,detected,0
51.0,51.0,255,233,person,0.5792,1817,203,65,141,1849.5,273.5,9165,31.57,31.57,2.0,detected,0
51.0,51.0,255,235,person,0.8535,66,398,101,235,116.5,515.5,23735,0.0,0.0,0.8,detected,0
51.0,51.0,255,236,person,0.1507,107,811,169,201,191.5,911.5,33969,0.0,0.0,0.6,detected,0
51.0,51.0,255,238,person,0.1591,1329,0,26,46,1342.0,23.0,1196,0.0,0.0,0.2,detected,0
52.0,52.0,260,17,person,0.2176,14,281,75,155,51.5,358.5,11625,0.5,0.5,52.0,detected,0
52.0,52.0,260,105,person,0.2208,111,287,60,131,141.0,352.5,7860,0.71,0.71,31.6,detected,0
52.0,52.0,260,121,person,0.2925,1162,0,45,75,1184.5,37.5,3375,40.87,40.87,26.6,detected,0
52.0,52.0,260,122,person,0.7867,1705,226,64,190,1737.0,321.0,12160,62.1,62.1,26.2,detected,0
52.0,52.0,260,157,person,0.7517,730,141,62,112,761.0,197.0,6944,66.39,66.39,18.8,detected,0
52.0,52.0,260,162,person,0.1676,225,242,76,163,263.0,323.5,12388,90.36,90.36,18.4,detected,0
52.0,52.0,260,167,person,0.4383,412,287,69,148,446.5,361.0,10212,61.12,61.12,16.8,detected,0
52.0,52.0,260,176,person,0.4432,1579,438,72,201,1615.0,538.5,14472,51.31,51.31,15.4,detected,0
52.0,52.0,260,188,person,0.7638,532,186,58,145,561.0,258.5,8410,82.74,82.74,11.8,detected,0
52.0,52.0,260,189,person,0.5675,641,141,62,138,672.0,210.0,8556,83.86,83.86,11.8,detected,0
52.0,52.0,260,199,person,0.847,1733,360,78,208,1772.0,464.0,16224,52.12,52.12,9.8,detected,0
52.0,52.0,260,200,person,0.7145,1781,244,72,173,1817.0,330.5,12456,174.52,174.52,9.8,detected,0
52.0,52.0,260,201,person,0.8677,680,843,105,237,732.5,961.5,24885,244.66,244.66,9.8,detected,0
52.0,52.0,260,208,person,0.8561,1699,435,65,205,1731.5,537.5,13325,58.34,58.34,8.4,detected,0
52.0,52.0,260,211,person,0.2821,1802,365,68,205,1836.0,467.5,13940,80.16,80.16,8.0,detected,0
52.0,52.0,260,212,person,0.9253,1506,489,104,244,1558.0,611.0,25376,64.51,64.51,7.8,detected,0
52.0,52.0,260,217,person,0.7495,668,266,63,193,699.5,362.5,12159,89.9,89.9,7.0,detected,0
52.0,52.0,260,220,person,0.5508,1658,161,73,172,1694.5,247.0,12556,35.78,35.78,6.6,detected,0
52.0,52.0,260,222,person,0.8487,571,272,78,197,610.0,370.5,15366,109.42,109.42,6.0,detected,0
52.0,52.0,260,229,person,0.5839,359,250,62,182,390.0,341.0,11284,102.04,102.04,5.4,detected,0
52.0,52.0,260,231,person,0.8856,421,302,77,188,459.5,396.0,14476,87.12,87.12,4.4,detected,0
52.0,52.0,260,233,person,0.5577,1806,213,61,151,1836.5,288.5,9211,19.85,19.85,3.0,detected,0
52.0,52.0,260,235,person,0.714,204,327,88,219,248.0,436.5,19272,153.41,153.41,1.8,detected,0
52.0,52.0,260,241,person,0.2304,1787,131,54,145,1814.0,203.5,7830,0.0,0.0,0.6,detected,0
52.0,52.0,260,243,person,0.6352,313,669,154,252,390.0,795.0,38808,0.0,0.0,0.2,detected,0
52.0,52.0,260,245,person,0.7366,0,490,45,178,22.5,579.0,8010,0.0,0.0,0.0,detected,0
53.0,53.0,265,17,person,0.3217,14,280,78,157,53.0,358.5,12246,1.5,1.5,53.0,detected,0
53.0,53.0,265,121,person,0.526,1196,-1,48,72,1220.0,35.0,3456,35.59,35.59,27.6,detected,0
53.0,53.0,265,122,person,0.7709,1657,264,67,201,1690.5,364.5,13467,63.67,63.67,27.2,detected,0
53.0,53.0,265,157,person,0.7001,794,122,63,139,825.5,191.5,8757,64.73,64.73,19.8,detected,0
53.0,53.0,265,162,person,0.6551,137,275,81,204,177.5,377.0,16524,100.86,100.86,19.4,detected,0
53.0,53.0,265,167,person,0.8266,466,272,73,179,502.5,361.5,13067,56.0,56.0,17.8,detected,0
53.0,53.0,265,176,person,0.283,1504,477,114,165,1561.0,559.5,18810,57.94,57.94,16.4,detected,0
53.0,53.0,265,188,person,0.4258,493,238,61,154,523.5,315.0,9394,67.81,67.81,12.8,detected,0
53.0,53.0,265,189,person,0.4944,562,169,62,143,593.0,240.5,8866,84.68,84.68,12.8,detected,0
53.0,53.0,265,199,person,0.5007,1760,330,77,205,1798.5,432.5,15785,41.16,41.16,10.8,detected,0
53.0,53.0,265,200,person,0.6829,1721,268,75,157,1758.5,346.5,11775,60.65,60.65,10.8,detected,0
53.0,53.0,265,201,person,0.8666,453,873,82,205,494.0,975.5,16810,238.91,238.91,10.8,detected,0
53.0,53.0,265,208,person,0.3333,1728,397,67,200,1761.5,497.0,13400,50.4,50.4,9.4,detected,0
53.0,53.0,265,212,person,0.9219,1502,556,114,266,1559.0,689.0,30324,78.01,78.01,8.8,detected,0
53.0,53.0,265,217,person,0.7978,739,235,63,184,770.5,327.0,11592,79.38,79.38,8.0,detected,0
53.0,53.0,265,220,person,0.5453,1658,192,74,118,1695.0,251.0,8732,4.03,4.03,7.6,detected,0
53.0,53.0,265,222,person,0.7791,664,245,63,193,695.5,341.5,12159,90.28,90.28,7.0,detected,0
53.0,53.0,265,229,person,0.3108,442,222,57,124,470.5,284.0,7068,98.64,98.64,6.4,detected,0
53.0,53.0,265,233,person,0.6685,1790,225,56,116,1818.0,283.0,6496,19.3,19.3,4.0,detected,0
53.0,53.0,265,235,person,0.6947,306,274,79,205,345.5,376.5,16195,114.48,114.48,2.8,detected,0
53.0,53.0,265,241,person,0.2909,1786,128,52,153,1812.0,204.5,7956,2.24,2.24,1.6,detected,0
53.0,53.0,265,243,person,0.7662,490,552,140,250,560.0,677.0,35000,206.94,206.94,1.2,detected,0
53.0,53.0,265,245,person,0.8787,48,424,91,206,93.5,527.0,18746,88.01,88.01,1.0,detected,0
53.0,53.0,265,249,person,0.5115,1272,1,52,80,1298.0,41.0,4160,0.0,0.0,0.6,detected,0
53.0,53.0,265,250,person,0.5327,1509,476,114,141,1566.0,546.5,16074,0.0,0.0,0.4,detected,0
54.0,54.0,270,105,person,0.1687,110,286,58,127,139.0,349.5,7366,3.61,1.8,33.6,predicted,1
54.0,54.0,270,121,person,0.4861,1151,0,58,93,1180.0,46.5,5394,41.62,41.62,28.6,detected,0
54.0,54.0,270,122,person,0.7845,1611,311,70,206,1646.0,414.0,14420,66.56,66.56,28.2,detected,0
54.0,54.0,270,157,person,0.8066,851,103,55,145,878.5,175.5,7975,55.36,55.36,20.8,detected,0
54.0,54.0,270,162,person,0.5938,49,308,89,209,93.5,412.5,18601,91.19,91.19,20.4,detected,0
54.0,54.0,270,167,person,0.1615,519,188,59,122,548.5,249.0,7198,121.54,121.54,18.8,detected,0
54.0,54.0,270,188,person,0.1743,566,215,61,141,596.5,285.5,8601,78.74,78.74,13.8,detected,0
54.0,54.0,270,189,person,0.3751,473,194,52,139,499.0,263.5,7228,96.77,96.77,13.8,detected,0
54.0,54.0,270,199,person,0.1897,1784,299,63,152,1815.5,375.0,9576,59.96,59.96,11.8,detected,0
54.0,54.0,270,200,person,0.8471,1674,314,83,194,1715.5,411.0,16102,77.52,77.52,11.8,detected,0
54.0,54.0,270,201,person,0.857,198,913,84,167,240.0,996.5,14028,254.87,254.87,11.8,detected,0
54.0,54.0,270,208,person,0.7459,1758,369,74,196,1795.0,467.0,14504,44.97,44.97,10.4,detected,0
54.0,54.0,270,212,person,0.9276,1481,635,117,282,1539.5,776.0,32994,89.16,89.16,9.8,detected,0
54.0,54.0,270,217,person,0.8396,803,207,59,175,832.5,294.5,10325,70.0,70.0,9.0,detected,0
54.0,54.0,270,220,person,0.5512,1640,220,78,153,1679.0,296.5,11934,48.23,48.23,8.6,detected,0
54.0,54.0,270,222,person,0.6403,729,216,64,183,761.0,307.5,11712,73.8,73.8,8.0,detected,0
54.0,54.0,270,229,person,0.8177,357,244,65,166,389.5,327.0,10790,91.71,91.71,7.4,detected,0
54.0,54.0,270,231,person,0.7695,506,265,68,186,540.0,358.0,12648,89.02,44.51,6.4,detected,0
54.0,54.0,270,233,person,0.4992,1739,264,60,155,1769.0,341.5,9300,76.31,76.31,5.0,detected,0
54.0,54.0,270,235,person,0.7738,410,229,76,188,448.0,323.0,14288,115.62,115.62,3.8,detected,0
54.0,54.0,270,241,person,0.3361,1785,127,52,167,1811.0,210.5,8684,6.08,6.08,2.6,detected,0
54.0,54.0,270,243,person,0.8383,636,459,126,232,699.0,575.0,29232,172.41,172.41,2.2,detected,0
54.0,54.0,270,245,person,0.8608,153,375,84,194,195.0,472.0,16296,115.44,115.44,2.0,detected,0
54.0,54.0,270,249,person,0.7197,1239,1,59,96,1268.5,49.0,5664,30.57,30.57,1.6,detected,0
54.0,54.0,270,250,person,0.7065,1486,525,117,150,1544.5,600.0,17550,57.66,57.66,1.4,detected,0
54.0,54.0,270,251,person,0.1905,1889,866,30,174,1904.0,953.0,5220,0.0,0.0,0.4,detected,0
55.0,55.0,275,105,person,0.179,111,287,60,131,141.0,352.5,7860,3.61,3.61,34.6,detected,0
55.0,55.0,275,121,person,0.4509,1087,0,50,112,1112.0,56.0,5600,68.66,68.66,29.6,detected,0
55.0,55.0,275,122,person,0.7408,1560,358,72,218,1596.0,467.0,15696,72.86,72.86,29.2,detected,0
55.0,55.0,275,157,person,0.6557,903,84,57,142,931.5,155.0,8094,56.83,56.83,21.8,detected,0
55.0,55.0,275,162,person,0.5147,0,352,49,208,24.5,456.0,10192,81.57,81.57,21.4,detected,0
55.0,55.0,275,167,person,0.5015,588,166,59,159,617.5,245.5,9381,69.09,69.09,19.8,detected,0
55.0,55.0,275,176,person,0.8807,1466,572,121,189,1526.5,666.5,22869,112.42,56.21,18.4,detected,0
55.0,55.0,275,188,person,0.3974,646,184,64,105,678.0,236.5,6720,95.1,95.1,14.8,detected,0
55.0,55.0,275,189,person,0.5885,372,225,69,161,406.5,305.5,11109,101.59,101.59,14.8,detected,0
55.0,55.0,275,199,person,0.4327,1780,270,76,222,1818.0,381.0,16872,6.5,6.5,12.8,detected,0
55.0,55.0,275,200,person,0.8584,1645,365,85,206,1687.5,468.0,17510,63.51,63.51,12.8,detected,0
55.0,55.0,275,201,person,0.7605,-53,933,70,150,-18.0,1008.0,10500,258.26,258.26,12.8,predicted,1
55.0,55.0,275,211,person,0.2975,1694,297,61,191,1724.5,392.5,11651,134.38,44.79,11.0,detected,0
55.0,55.0,275,212,person,0.653,1466,860,123,191,1527.5,955.5,23493,179.9,179.9,10.8,detected,0
55.0,55.0,275,217,person,0.7668,875,154,56,155,903.0,231.5,8680,94.55,94.55,10.0,detected,0
55.0,55.0,275,220,person,0.5663,1638,252,80,163,1678.0,333.5,13040,37.01,37.01,9.6,detected,0
55.0,55.0,275,222,person,0.7258,794,189,57,175,822.5,276.5,9975,68.87,68.87,9.0,detected,0
55.0,55.0,275,229,person,0.2428,257,278,65,127,289.5,341.5,8255,101.05,101.05,8.4,detected,0
55.0,55.0,275,231,person,0.8514,524,249,61,175,554.5,336.5,10675,25.93,25.93,7.4,detected,0
55.0,55.0,275,233,person,0.4515,1693,305,61,156,1723.5,383.0,9516,61.58,61.58,6.0,detected,0
55.0,55.0,275,235,person,0.1786,516,194,66,162,549.0,275.0,10692,111.83,111.83,4.8,detected,0
55.0,55.0,275,241,person,0.2853,1786,128,51,172,1811.5,214.0,8772,3.54,3.54,3.6,detected,0
55.0,55.0,275,243,person,0.8277,748,383,122,219,809.0,492.5,26718,137.5,137.5,3.2,detected,0
55.0,55.0,275,245,person,0.7709,250,328,79,185,289.5,420.5,14615,107.62,107.62,3.0,detected,0
55.0,55.0,275,249,person,0.6153,1218,1,58,114,1247.0,58.0,6612,23.31,23.31,2.6,detected,0
55.0,55.0,275,250,person,0.9233,1460,653,123,247,1521.5,776.5,30381,177.99,177.99,2.4,detected,0
55.0,55.0,275,251,person,0.2201,1890,865,29,174,1904.5,952.0,5046,1.12,1.12,1.4,detected,0
55.0,55.0,275,255,person,0.9128,1580,823,125,255,1642.5,950.5,31875,0.0,0.0,0.8,detected,0
55.0,55.0,275,258,person,0.3082,1692,0,48,94,1716.0,47.0,4512,0.0,0.0,0.0,detected,0
56.0,56.0,280,17,person,0.2217,12,278,78,158,51.0,357.0,12324,2.5,0.83,56.0,detected,0
56.0,56.0,280,121,person,0.6389,1021,0,51,134,1046.5,67.0,6834,66.42,66.42,30.6,detected,0
56.0,56.0,280,122,person,0.8601,1520,410,75,234,1557.5,527.0,17550,71.29,71.29,30.2,detected,0
56.0,56.0,280,157,person,0.7342,952,68,56,134,980.0,135.0,7504,52.46,52.46,22.8,detected,0
56.0,56.0,280,167,person,0.4915,658,145,55,146,685.5,218.0,8030,73.35,73.35,20.8,detected,0
56.0,56.0,280,176,person,0.9212,1540,874,121,205,1600.5,976.5,24805,318.71,318.71,19.4,detected,0
56.0,56.0,280,188,person,0.4196,714,160,60,91,744.0,205.5,5460,72.92,72.92,15.8,detected,0
56.0,56.0,280,189,person,0.5459,288,263,56,155,316.0,340.5,8680,97.03,97.03,15.8,detected,0
56.0,56.0,280,199,person,0.3978,1774,243,72,134,1810.0,310.0,9648,71.45,71.45,13.8,detected,0
56.0,56.0,280,200,person,0.8817,1594,425,94,216,1641.0,533.0,20304,79.92,79.92,13.8,detected,0
56.0,56.0,280,208,person,0.1794,1834,241,46,96,1857.0,289.0,4416,188.49,94.24,12.4,detected,0
56.0,56.0,280,212,person,0.9149,1412,828,133,252,1478.5,954.0,33516,49.02,49.02,11.8,detected,0
56.0,56.0,280,217,person,0.7882,916,154,56,168,944.0,238.0,9408,41.51,41.51,11.0,detected,0
56.0,56.0,280,220,person,0.7246,1646,291,90,116,1691.0,349.0,10440,20.23,20.23,10.6,detected,0
56.0,56.0,280,222,person,0.7386,847,163,55,169,874.5,247.5,9295,59.54,59.54,10.0,detected,0
56.0,56.0,280,229,person,0.8299,151,327,79,173,190.5,413.5,13667,122.41,122.41,9.4,detected,0
56.0,56.0,280,231,person,0.8278,528,229,67,172,561.5,315.0,11524,22.61,22.61,8.4,detected,0
56.0,56.0,280,233,person,0.7265,1659,355,62,195,1690.0,452.5,12090,77.15,77.15,7.0,detected,0
56.0,56.0,280,235,person,0.3394,586,163,64,161,618.0,243.5,10304,75.85,75.85,5.8,detected,0
56.0,56.0,280,241,person,0.171,1774,190,60,103,1804.0,241.5,6180,28.5,28.5,4.6,detected,0
56.0,56.0,280,243,person,0.8613,856,314,107,201,909.5,414.5,21507,127.22,127.22,4.2,detected,0
56.0,56.0,280,245,person,0.8449,323,288,74,178,360.0,377.0,13172,82.84,82.84,4.0,detected,0
56.0,56.0,280,249,person,0.8237,1190,12,57,125,1218.5,74.5,7125,32.93,32.93,3.6,detected,0
56.0,56.0,280,250,person,0.9026,1464,640,129,235,1528.5,757.5,30315,20.25,20.25,3.4,detected,0
56.0,56.0,280,251,person,0.2141,1890,865,30,177,1905.0,953.5,5310,1.58,1.58,2.4,detected,0
56.0,56.0,280,255,person,0.878,1594,687,100,251,1644.0,812.5,25100,138.01,138.01,1.8,detected,0
56.0,56.0,280,258,person,0.5188,1662,0,43,109,1683.5,54.5,4687,33.35,33.35,1.0,detected,0
56.0,56.0,280,261,person,0.4113,1787,298,60,178,1817.0,387.0,10680,0.0,0.0,0.2,detected,0
56.0,56.0,280,264,person,0.3193,1093,0,38,73,1112.0,36.5,2774,0.0,0.0,0.2,detected,0
57.0,57.0,285,121,person,0.3422,950,18,51,133,975.5,84.5,6783,73.12,73.12,31.6,detected,0
57.0,57.0,285,122,person,0.8819,1472,473,81,232,1512.5,589.0,18792,76.61,76.61,31.2,detected,0
57.0,57.0,285,157,person,0.6612,1000,51,54,131,1027.0,116.5,7074,50.51,50.51,23.8,detected,0
57.0,57.0,285,167,person,0.4007,722,125,54,133,749.0,191.5,7182,68.81,68.81,21.8,detected,0
57.0,57.0,285,176,person,0.8133,1628,766,116,274,1686.0,903.0,31784,112.75,112.75,20.4,detected,0
57.0,57.0,285,188,person,0.4908,778,136,72,148,814.0,210.0,10656,70.14,70.14,16.8,detected,0
57.0,57.0,285,189,person,0.4288,182,301,75,175,219.5,388.5,13125,107.78,107.78,16.8,detected,0
57.0,57.0,285,199,person,0.2709,1770,224,63,186,1801.5,317.0,11718,11.01,11.01,14.8,detected,0
57.0,57.0,285,200,person,0.9002,1553,492,96,225,1601.0,604.5,21600,81.93,81.93,14.8,detected,0
57.0,57.0,285,208,person,0.1728,1836,221,49,116,1860.5,279.0,5684,10.59,10.59,13.4,detected,0
57.0,57.0,285,211,person,0.5014,1699,247,70,154,1734.0,324.0,10780,69.16,34.58,13.0,detected,0
57.0,57.0,285,212,person,0.9069,1457,941,140,139,1527.0,1010.5,19460,74.46,74.46,12.8,detected,0
57.0,57.0,285,217,person,0.5032,963,135,55,155,990.5,212.5,8525,53.03,53.03,12.0,detected,0
57.0,57.0,285,220,person,0.5928,1679,322,91,209,1724.5,426.5,19019,84.43,84.43,11.6,detected,0
57.0,57.0,285,222,person,0.8031,891,139,53,163,917.5,220.5,8639,50.77,50.77,11.0,detected,0
57.0,57.0,285,229,person,0.8189,37,372,82,185,78.0,464.5,15170,123.52,123.52,10.4,detected,0
57.0,57.0,285,231,person,0.799,571,206,61,169,601.5,290.5,10309,46.91,46.91,9.4,detected,0
57.0,57.0,285,233,person,0.7455,1620,407,68,203,1654.0,508.5,13804,66.57,66.57,8.0,detected,0
57.0,57.0,285,235,person,0.2307,636,133,61,152,666.5,209.0,9272,59.52,59.52,6.8,detected,0
57.0,57.0,285,243,person,0.769,940,258,103,190,991.5,353.0,19570,102.5,102.5,5.2,detected,0
57.0,57.0,285,245,person,0.1672,390,254,73,168,426.5,338.0,12264,77.09,77.09,5.0,detected,0
57.0,57.0,285,249,person,0.7349,1160,32,61,127,1190.5,95.5,7747,35.0,35.0,4.6,detected,0
57.0,57.0,285,250,person,0.913,1434,701,135,253,1501.5,827.5,34155,75.03,75.03,4.4,detected,0
57.0,57.0,285,251,person,0.2369,1890,865,29,176,1904.5,953.0,5104,0.71,0.71,3.4,detected,0
57.0,57.0,285,255,person,0.7592,1630,583,96,208,1678.0,687.0,19968,130.02,130.02,2.8,detected,0
57.0,57.0,285,258,person,0.7502,1634,0,47,130,1657.5,65.0,6110,28.04,28.04,2.0,detected,0
57.0,57.0,285,261,person,0.2613,1789,268,68,155,1823.0,345.5,10540,41.93,41.93,1.2,detected,0
57.0,57.0,285,265,person,0.8819,888,944,123,136,949.5,1012.0,16728,0.0,0.0,0.8,detected,0
58.0,58.0,290,17,person,0.226,13,278,81,157,53.5,356.5,12717,2.55,1.27,58.0,predicted,1
58.0,58.0,290,105,person,0.2603,111,287,60,132,141.0,353.0,7920,0.5,0.17,37.6,detected,0
58.0,58.0,290,121,person,0.1662,885,43,50,134,910.0,110.0,6700,70.29,70.29,32.6,predicted,1
58.0,58.0,290,122,person,0.8948,1427,540,85,266,1469.5,673.0,22610,94.37,94.37,32.2,detected,0
58.0,58.0,290,157,person,0.7244,1044,32,55,131,1071.5,97.5,7205,48.39,48.39,24.8,detected,0
58.0,58.0,290,167,person,0.7622,787,106,51,133,812.5,172.5,6783,66.28,66.28,22.8,detected,0
58.0,58.0,290,176,person,0.9215,1670,651,106,271,1723.0,786.5,28726,122.23,122.23,21.4,detected,0
58.0,58.0,290,188,person,0.6532,841,115,63,142,872.5,186.0,8946,63.23,63.23,17.8,detected,0
58.0,58.0,290,189,person,0.7378,74,343,79,184,113.5,435.0,14536,115.75,115.75,17.8,detected,0
58.0,58.0,290,199,person,0.7084,1748,207,72,177,1784.0,295.5,12744,27.72,27.72,15.8,detected,0
58.0,58.0,290,200,person,0.8767,1513,561,100,248,1563.0,685.0,24800,89.02,89.02,15.8,detected,0
58.0,58.0,290,208,person,0.174,1807,239,73,100,1843.5,289.0,7300,19.72,19.72,14.4,detected,0
58.0,58.0,290,211,person,0.5877,1681,267,81,137,1721.5,335.5,11097,16.99,16.99,14.0,detected,0
58.0,58.0,290,217,person,0.6503,1003,114,53,124,1029.5,176.0,6572,53.42,53.42,13.0,detected,0
58.0,58.0,290,220,person,0.8044,1666,389,95,184,1713.5,481.0,17480,55.6,55.6,12.6,detected,0
58.0,58.0,290,222,person,0.8505,929,113,50,160,954.0,193.0,8000,45.7,45.7,12.0,detected,0
58.0,58.0,290,231,person,0.6727,626,184,63,117,657.5,242.5,7371,73.76,73.76,10.4,detected,0
58.0,58.0,290,233,person,0.6379,1573,472,72,223,1609.0,583.5,16056,87.46,87.46,9.0,detected,0
58.0,58.0,290,235,person,0.5361,690,89,59,155,719.5,166.5,9145,67.94,67.94,7.8,detected,0
58.0,58.0,290,243,person,0.764,1016,208,95,179,1063.5,297.5,17005,90.91,90.91,6.2,detected,0
58.0,58.0,290,245,person,0.8283,455,220,64,161,487.0,300.5,10304,71.18,71.18,6.0,detected,0
58.0,58.0,290,249,person,0.8423,1139,50,64,133,1171.0,116.5,8512,28.66,28.66,5.6,detected,0
58.0,58.0,290,250,person,0.9292,1418,779,147,263,1491.5,910.5,38661,83.6,83.6,5.4,detected,0
58.0,58.0,290,255,person,0.7512,1687,499,96,185,1735.0,591.5,17760,111.22,111.22,3.8,detected,0
58.0,58.0,290,258,person,0.7446,1611,13,47,139,1634.5,82.5,6533,28.9,28.9,3.0,detected,0
58.0,58.0,290,264,person,0.1504,1031,-4,39,63,1050.5,27.5,2457,62.16,31.08,2.2,predicted,1
58.0,58.0,290,265,person,0.8934,826,816,131,262,891.5,947.0,34322,87.11,87.11,1.8,detected,0
58.0,58.0,290,273,person,0.3717,1573,473,72,179,1609.0,562.5,12888,0.0,0.0,0.6,detected,0
59.0,59.0,295,17,person,0.2138,11,277,80,158,51.0,356.0,12640,2.55,2.55,59.0,detected,0
59.0,59.0,295,105,person,0.2195,111,286,60,133,141.0,352.5,7980,0.5,0.5,38.6,detected,0
59.0,59.0,295,121,person,0.251,820,68,52,142,846.0,139.0,7384,70.26,70.26,33.6,detected,0
59.0,59.0,295,122,person,0.9076,1375,618,90,290,1420.0,763.0,26100,102.71,102.71,33.2,detected,0
59.0,59.0,295,157,person,0.6034,1083,19,58,127,1112.0,82.5,7366,43.19,43.19,25.8,detected,0
59.0,59.0,295,167,person,0.5204,841,85,55,140,868.5,155.0,7700,58.67,58.67,23.8,detected,0
59.0,59.0,295,176,person,0.9154,1704,557,108,252,1758.0,683.0,27216,109.26,109.26,22.4,detected,0
59.0,59.0,295,188,person,0.6266,898,93,60,138,928.0,162.0,8280,60.47,60.47,18.8,detected,0
59.0,59.0,295,189,person,0.2631,0,407,38,176,19.0,495.0,6688,111.94,111.94,18.8,detected,0
59.0,59.0,295,199,person,0.603,1717,190,70,165,1752.0,272.5,11550,39.41,39.41,16.8,detected,0
59.0,59.0,295,200,person,0.9072,1455,644,109,256,1509.5,772.0,27904,102.13,102.13,16.8,detected,0
59.0,59.0,295,208,person,0.2164,1768,182,53,144,1794.5,254.0,7632,60.22,60.22,15.4,detected,0
59.0,59.0,295,211,person,0.7849,1673,312,85,170,1715.5,397.0,14450,61.79,61.79,15.0,detected,0
59.0,59.0,295,217,person,0.7537,1033,91,52,151,1059.0,166.5,7852,30.99,30.99,14.0,detected,0
59.0,59.0,295,220,person,0.8993,1628,428,102,247,1679.0,551.5,25194,78.49,78.49,13.6,detected,0
59.0,59.0,295,222,person,0.6913,962,88,53,156,988.5,166.0,8268,43.81,43.81,13.0,detected,0
59.0,59.0,295,231,person,0.5351,685,165,53,113,711.5,221.5,5989,57.94,57.94,11.4,detected,0
59.0,59.0,295,233,person,0.8821,1532,547,78,236,1571.0,665.0,18408,89.92,89.92,10.0,detected,0
59.0,59.0,295,235,person,0.6072,752,60,57,147,780.5,133.5,8379,69.35,69.35,8.8,detected,0
59.0,59.0,295,241,person,0.4942,1798,212,66,149,1831.0,286.5,9834,52.48,17.49,7.6,detected,0
59.0,59.0,295,243,person,0.7462,1098,167,87,168,1141.5,251.0,14616,90.81,90.81,7.2,detected,0
59.0,59.0,295,245,person,0.8178,505,187,63,155,536.5,264.5,9765,61.21,61.21,7.0,detected,0
59.0,59.0,295,249,person,0.7869,1130,72,63,135,1161.5,139.5,8505,24.88,24.88,6.6,detected,0
59.0,59.0,295,250,person,0.9095,1448,867,153,213,1524.5,973.5,32589,71.12,71.12,6.4,detected,0
59.0,59.0,295,251,person,0.1846,1888,865,31,182,1903.5,956.0,5642,3.16,1.58,5.4,detected,0
59.0,59.0,295,255,person,0.7603,1752,430,84,187,1794.0,523.5,15708,90.03,90.03,4.8,detected,0
59.0,59.0,295,258,person,0.7767,1580,31,50,144,1605.0,103.0,7200,35.92,35.92,4.0,detected,0
59.0,59.0,295,264,person,0.3098,990,17,41,109,1010.5,71.5,4469,59.46,59.46,3.2,detected,0
59.0,59.0,295,265,person,0.9155,793,705,115,286,850.5,848.0,32890,107.15,107.15,2.8,detected,0
60.0,60.0,300,17,person,0.2815,10,276,83,160,51.5,356.0,13280,0.5,0.5,60.0,detected,0
60.0,60.0,300,105,person,0.2228,111,286,60,132,141.0,352.0,7920,0.5,0.5,39.6,detected,0
60.0,60.0,300,121,person,0.5802,744,85,63,114,775.5,142.0,7182,70.56,70.56,34.6,detected,0
60.0,60.0,300,122,person,0.8935,1318,712,95,311,1365.5,867.5,29545,117.86,117.86,34.2,detected,0
60.0,60.0,300,157,person,0.3326,1120,6,57,120,1148.5,66.0,6840,40.06,40.06,26.8,detected,0
60.0,60.0,300,167,person,0.4789,900,69,56,136,928.0,137.0,7616,62.16,62.16,24.8,detected,0
60.0,60.0,300,176,person,0.8981,1742,481,92,234,1788.0,598.0,21528,90.14,90.14,23.4,detected,0
60.0,60.0,300,188,person,0.4276,946,74,54,135,973.0,141.5,7290,49.45,49.45,19.8,detected,0
60.0,60.0,300,199,person,0.6925,1674,162,68,162,1708.0,243.0,11016,52.97,52.97,17.8,detected,0
60.0,60.0,300,200,person,0.8836,1409,739,115,286,1466.5,882.0,32890,118.11,118.11,17.8,detected,0
60.0,60.0,300,208,person,0.345,1722,150,45,137,1744.5,218.5,6165,61.32,61.32,16.4,detected,0
60.0,60.0,300,211,person,0.8594,1664,363,86,184,1707.0,455.0,15824,58.62,58.62,16.0,detected,0
60.0,60.0,300,217,person,0.4942,1080,35,43,117,1101.5,93.5,5031,84.47,84.47,15.0,detected,0
60.0,60.0,300,220,person,0.9272,1600,487,108,258,1654.0,616.0,27864,69.18,69.18,14.6,detected,0
60.0,60.0,300,222,person,0.765,1002,72,45,147,1024.5,145.5,6615,41.43,41.43,14.0,detected,0
60.0,60.0,300,231,person,0.4365,744,150,58,95,773.0,197.5,5510,66.02,66.02,12.4,detected,0
60.0,60.0,300,233,person,0.9192,1504,635,87,274,1547.5,772.0,23838,109.55,109.55,11.0,detected,0
60.0,60.0,300,235,person,0.4803,818,34,50,147,843.0,107.5,7350,67.69,67.69,9.8,detected,0
60.0,60.0,300,241,person,0.6955,1770,198,70,158,1805.0,277.0,11060,27.68,27.68,8.6,detected,0
60.0,60.0,300,243,person,0.6962,1170,133,83,148,1211.5,207.0,12284,82.68,82.68,8.2,detected,0
60.0,60.0,300,245,person,0.7018,545,153,59,155,574.5,230.5,9145,50.99,50.99,8.0,detected,0
60.0,60.0,300,249,person,0.6644,1096,83,56,140,1124.0,153.0,7840,39.86,39.86,7.6,detected,0
60.0,60.0,300,250,person,0.9003,1534,972,139,108,1603.5,1026.0,15012,94.85,94.85,7.4,detected,0
60.0,60.0,300,251,person,0.1912,1887,865,33,199,1903.5,964.5,6567,8.5,8.5,6.4,detected,0
60.0,60.0,300,255,person,0.3248,1803,370,74,188,1840.0,464.0,13912,75.21,75.21,5.8,predicted,1
60.0,60.0,300,258,person,0.8384,1549,52,50,148,1574.0,126.0,7400,38.6,38.6,5.0,detected,0
60.0,60.0,300,265,person,0.9208,766,610,107,260,819.5,740.0,27820,112.36,112.36,3.8,detected,0
60.0,60.0,300,274,person,0.4932,1836,200,51,141,1861.5,270.5,7191,0.0,0.0,0.4,detected,0
60.0,60.0,300,276,person,0.7592,1111,97,62,142,1142.0,168.0,8804,0.0,0.0,0.0,detected,0
61.0,61.0,305,17,person,0.2869,9,276,84,160,51.0,356.0,13440,0.5,0.5,61.0,detected,0
61.0,61.0,305,105,person,0.21,111,287,60,131,141.0,352.5,7860,0.5,0.5,40.6,detected,0
61.0,61.0,305,121,person,0.6942,682,113,62,155,713.0,190.5,9610,79.11,79.11,35.6,detected,0
61.0,61.0,305,122,person,0.9034,1230,827,101,253,1280.5,953.5,25553,120.92,120.92,35.2,detected,0
61.0,61.0,305,157,person,0.5384,1158,0,57,113,1186.5,56.5,6441,39.17,39.17,27.8,detected,0
61.0,61.0,305,167,person,0.6164,947,51,50,135,972.0,118.5,6750,47.73,47.73,25.8,detected,0
61.0,61.0,305,176,person,0.5284,1771,412,87,221,1814.5,522.5,19227,80.02,80.02,24.4,detected,0
61.0,61.0,305,188,person,0.1996,1000,72,48,117,1024.0,130.5,5616,52.17,52.17,20.8,predicted,1
61.0,61.0,305,199,person,0.6486,1633,138,64,158,1665.0,217.0,10112,50.25,50.25,18.8,detected,0
61.0,61.0,305,200,person,0.896,1353,851,122,229,1414.0,965.5,27938,98.63,98.63,18.8,detected,0
61.0,61.0,305,208,person,0.3195,1678,134,54,141,1705.0,204.5,7614,41.91,41.91,17.4,detected,0
61.0,61.0,305,211,person,0.34,1644,421,90,169,1689.0,505.5,15210,53.61,53.61,17.0,detected,0
61.0,61.0,305,217,person,0.7296,1124,54,47,139,1147.5,123.5,6533,54.92,54.92,16.0,detected,0
61.0,61.0,305,220,person,0.9202,1615,557,116,268,1673.0,691.0,31088,77.37,77.37,15.6,detected,0
61.0,61.0,305,222,person,0.5722,1041,52,46,148,1064.0,126.0,6808,44.05,44.05,15.0,detected,0
61.0,61.0,305,231,person,0.7734,798,134,47,125,821.5,196.5,5875,48.51,48.51,13.4,detected,0
61.0,61.0,305,233,person,0.8581,1468,742,93,306,1514.5,895.0,28458,127.35,127.35,12.0,detected,0
61.0,61.0,305,235,person,0.3674,877,86,43,101,898.5,136.5,4343,62.62,62.62,10.8,detected,0
61.0,61.0,305,241,person,0.656,1734,170,68,154,1768.0,247.0,10472,47.63,47.63,9.6,detected,0
61.0,61.0,305,243,person,0.696,1220,94,77,150,1258.5,169.0,11550,60.44,60.44,9.2,detected,0
61.0,61.0,305,245,person,0.7011,592,130,56,146,620.0,203.0,8176,53.16,53.16,9.0,detected,0
61.0,61.0,305,249,person,0.7445,1068,119,68,146,1102.0,192.0,9928,44.78,44.78,8.6,detected,0
61.0,61.0,305,251,person,0.2384,1885,865,34,215,1902.0,972.5,7310,8.14,8.14,7.4,detected,0
61.0,61.0,305,258,person,0.8255,1511,75,52,153,1537.0,151.5,7956,44.94,44.94,6.0,detected,0
61.0,61.0,305,264,person,0.2255,895,67,50,114,920.0,124.0,5700,104.63,52.31,5.2,detected,0
61.0,61.0,305,265,person,0.915,762,531,98,240,811.0,651.0,23520,89.4,89.4,4.8,detected,0
61.0,61.0,305,274,person,0.6423,1798,178,61,155,1828.5,255.5,9455,36.25,36.25,1.4,detected,0
61.0,61.0,305,282,person,0.2642,0,672,104,274,52.0,809.0,28496,0.0,0.0,0.0,detected,0
61.0,61.0,305,283,person,0.1888,0,705,65,291,32.5,850.5,18915,0.0,0.0,0.0,detected,0
62.0,62.0,310,105,person,0.2181,111,287,60,130,141.0,352.0,7800,0.5,0.5,41.6,detected,0
62.0,62.0,310,121,person,0.655,593,146,73,163,629.5,227.5,11899,91.33,91.33,36.6,detected,0
62.0,62.0,310,122,person,0.8939,1122,964,106,116,1175.0,1022.0,12296,125.79,125.79,36.2,detected,0
62.0,62.0,310,157,person,0.4077,1191,0,57,99,1219.5,49.5,5643,33.73,33.73,28.8,detected,0
62.0,62.0,310,167,person,0.5082,989,37,49,129,1013.5,101.5,6321,44.85,44.85,26.8,detected,0
62.0,62.0,310,176,person,0.3368,1784,356,72,201,1820.0,456.5,14472,66.23,66.23,25.4,detected,0
62.0,62.0,310,188,person,0.3332,1034,39,57,121,1062.5,99.5,6897,49.43,49.43,21.8,detected,0
62.0,62.0,310,199,person,0.6922,1591,121,62,137,1622.0,189.5,8494,51.04,51.04,19.8,detected,0
62.0,62.0,310,200,person,0.8751,1265,985,112,95,1321.0,1032.5,10640,114.62,114.62,19.8,detected,0
62.0,62.0,310,208,person,0.4957,1644,116,53,133,1670.5,182.5,7049,40.92,40.92,18.4,detected,0
62.0,62.0,310,211,person,0.9149,1620,487,94,219,1667.0,596.5,20586,93.62,93.62,18.0,detected,0
62.0,62.0,310,217,person,0.7579,1162,38,47,142,1185.5,109.0,6674,40.67,40.67,17.0,detected,0
62.0,62.0,310,220,person,0.917,1651,638,123,288,1712.5,782.0,35424,99.2,99.2,16.6,detected,0
62.0,62.0,310,222,person,0.5644,1091,33,43,140,1112.5,103.0,6020,53.68,53.68,16.0,detected,0
62.0,62.0,310,231,person,0.7735,845,117,51,152,870.5,193.0,7752,49.12,49.12,14.4,detected,0
62.0,62.0,310,233,person,0.9216,1418,872,98,208,1467.0,976.0,20384,93.9,93.9,13.0,detected,0
62.0,62.0,310,235,person,0.1874,944,2,46,129,967.0,66.5,5934,97.94,97.94,11.8,detected,0
62.0,62.0,310,241,person,0.7102,1691,149,61,146,1721.5,222.0,8906,52.79,52.79,10.6,detected,0
62.0,62.0,310,243,person,0.7688,1267,67,77,141,1305.5,137.5,10857,56.58,56.58,10.2,detected,0
62.0,62.0,310,245,person,0.5685,645,109,53,137,671.5,177.5,7261,57.47,57.47,10.0,detected,0
62.0,62.0,310,249,person,0.8817,1010,146,73,150,1046.5,221.0,10950,62.62,62.62,9.6,detected,0
62.0,62.0,310,251,person,0.2353,1886,865,33,197,1902.5,963.5,6501,9.01,9.01,8.4,detected,0
62.0,62.0,310,255,person,0.4081,1826,203,61,131,1856.5,268.5,7991,196.2,98.1,7.8,detected,0
62.0,62.0,310,258,person,0.8675,1471,100,55,159,1498.5,179.5,8745,47.61,47.61,7.0,detected,0
62.0,62.0,310,265,person,0.9045,748,464,92,225,794.0,576.5,20700,76.41,76.41,5.8,detected,0
62.0,62.0,310,274,person,0.5919,1764,158,58,145,1793.0,230.5,8410,43.42,43.42,2.4,detected,0
62.0,62.0,310,282,person,0.7921,20,358,83,243,61.5,479.5,20169,329.64,329.64,1.0,detected,0
62.0,62.0,310,283,person,0.6847,111,610,149,284,185.5,752.0,42316,181.96,181.96,1.0,detected,0
62.0,62.0,310,284,person,0.8874,100,445,99,222,149.5,556.0,21978,0.0,0.0,0.6,detected,0
63.0,63.0,315,17,person,0.3331,14,281,76,155,52.0,358.5,11780,2.69,1.35,63.0,detected,0
63.0,63.0,315,121,person,0.8396,498,173,77,179,536.5,262.5,13783,99.37,99.37,37.6,detected,0
63.0,63.0,315,157,person,0.3415,1215,8,50,102,1240.0,59.0,5100,22.59,22.59,29.8,detected,0
63.0,63.0,315,167,person,0.4073,1029,29,47,118,1052.5,88.0,5546,41.27,41.27,27.8,detected,0
63.0,63.0,315,176,person,0.1895,1812,329,55,169,1839.5,413.5,9295,47.21,47.21,26.4,predicted,1
63.0,63.0,315,188,person,0.173,1073,31,52,118,1099.0,90.0,6136,37.72,37.72,22.8,detected,0
63.0,63.0,315,199,person,0.702,1546,105,60,149,1576.0,179.5,8940,47.07,47.07,20.8,detected,0
63.0,63.0,315,208,person,0.4345,1606,99,59,133,1635.5,165.5,7847,38.91,38.91,19.4,detected,0
63.0,63.0,315,211,person,0.9149,1592,559,98,243,1641.0,680.5,23814,87.93,87.93,19.0,detected,0
63.0,63.0,315,217,person,0.6961,1198,23,46,134,1221.0,90.0,6164,40.26,40.26,18.0,detected,0
63.0,63.0,315,220,person,0.5164,1685,716,114,235,1742.0,833.5,26790,59.35,59.35,17.6,predicted,1
63.0,63.0,315,222,person,0.4663,1131,21,44,135,1153.0,88.5,5940,43.02,43.02,17.0,detected,0
63.0,63.0,315,231,person,0.8218,874,99,64,148,906.0,173.0,9472,40.75,40.75,15.4,detected,0
63.0,63.0,315,233,person,0.8046,1367,1021,97,80,1415.5,1061.0,7760,99.38,99.38,14.0,predicted,1
63.0,63.0,315,241,person,0.6595,1651,135,54,142,1678.0,206.0,7668,46.35,46.35,11.6,detected,0
63.0,63.0,315,243,person,0.5551,1319,39,75,137,1356.5,107.5,10275,59.17,59.17,11.2,detected,0
63.0,63.0,315,245,person,0.5112,705,88,51,134,730.5,155.0,6834,63.14,63.14,11.0,detected,0
63.0,63.0,315,249,person,0.8907,958,170,76,157,996.0,248.5,11932,57.5,57.5,10.6,detected,0
63.0,63.0,315,251,person,0.2086,1887,865,33,194,1903.5,962.0,6402,1.8,1.8,9.4,detected,0
63.0,63.0,315,255,person,0.446,1790,235,63,141,1821.5,305.5,8883,50.93,50.93,8.8,detected,0
63.0,63.0,315,258,person,0.9029,1430,125,59,165,1459.5,207.5,9735,48.01,48.01,8.0,detected,0
63.0,63.0,315,264,person,0.1725,757,140,49,88,781.5,184.0,4312,150.94,75.47,7.2,detected,0
63.0,63.0,315,265,person,0.9157,740,407,81,213,780.5,513.5,17253,64.43,64.43,6.8,detected,0
63.0,63.0,315,274,person,0.8281,1712,129,57,145,1740.5,201.5,8265,59.98,59.98,3.4,detected,0
63.0,63.0,315,276,person,0.2564,945,34,44,134,967.0,101.0,5896,187.39,62.46,3.0,detected,0
63.0,63.0,315,281,person,0.393,781,104,48,115,805.0,161.5,5520,0.0,0.0,2.4,detected,0
63.0,63.0,315,282,person,0.5826,146,316,90,223,191.0,427.5,20070,139.55,139.55,2.0,detected,0
63.0,63.0,315,283,person,0.8659,285,524,129,266,349.5,657.0,34314,189.53,189.53,2.0,detected,0
63.0,63.0,315,284,person,0.8759,255,387,92,228,301.0,501.0,20976,161.17,161.17,1.6,detected,0
64.0,64.0,320,17,person,0.4258,8,276,83,160,49.5,356.0,13280,3.54,3.54,64.0,detected,0
64.0,64.0,320,105,person,0.3166,111,286,60,132,141.0,352.0,7920,0.0,0.0,43.6,detected,0
64.0,64.0,320,121,person,0.7464,391,210,78,164,430.0,292.0,12792,110.51,110.51,38.6,detected,0
64.0,64.0,320,167,person,0.2731,1066,9,46,121,1089.0,69.5,5566,40.92,40.92,28.8,detected,0
64.0,64.0,320,176,person,0.8718,1725,258,78,178,1764.0,347.0,13884,100.61,100.61,27.4,detected,0
64.0,64.0,320,188,person,0.4745,1107,13,51,119,1132.5,72.5,6069,37.8,37.8,23.8,detected,0
64.0,64.0,320,199,person,0.8217,1494,83,60,142,1524.0,154.0,8520,57.92,57.92,21.8,detected,0
64.0,64.0,320,208,person,0.4151,1572,81,56,124,1600.0,143.0,6944,42.03,42.03,20.4,detected,0
64.0,64.0,320,211,person,0.9119,1587,646,111,262,1642.5,777.0,29082,96.51,96.51,20.0,detected,0
64.0,64.0,320,217,person,0.713,1230,7,48,130,1254.0,72.0,6240,37.59,37.59,19.0,detected,0
64.0,64.0,320,222,person,0.6542,1173,6,41,130,1193.5,71.0,5330,44.12,44.12,18.0,detected,0
64.0,64.0,320,231,person,0.7675,907,82,62,139,938.0,151.5,8618,38.55,38.55,16.4,detected,0
64.0,64.0,320,241,person,0.7567,1593,119,57,130,1621.5,184.0,7410,60.63,60.63,12.6,detected,0
64.0,64.0,320,243,person,0.3684,1366,14,72,130,1402.0,79.0,9360,53.69,53.69,12.2,detected,0
64.0,64.0,320,245,person,0.7108,762,72,52,126,788.0,135.0,6552,60.88,60.88,12.0,detected,0
64.0,64.0,320,249,person,0.9314,900,200,80,162,940.0,281.0,12960,64.75,64.75,11.6,detected,0
64.0,64.0,320,251,person,0.2306,1885,866,35,212,1902.5,972.0,7420,10.05,10.05,10.4,detected,0
64.0,64.0,320,255,person,0.5784,1826,259,54,82,1853.0,300.0,4428,31.98,31.98,9.8,detected,0
64.0,64.0,320,258,person,0.9019,1388,155,61,171,1418.5,240.5,10431,52.63,52.63,9.0,detected,0
64.0,64.0,320,265,person,0.888,766,357,73,200,802.5,457.0,14600,60.63,60.63,7.8,detected,0
64.0,64.0,320,274,person,0.8244,1656,109,55,143,1683.5,180.5,7865,60.75,60.75,4.4,detected,0
64.0,64.0,320,276,person,0.4321,896,56,42,126,917.0,119.0,5292,53.14,53.14,4.0,detected,0
64.0,64.0,320,281,person,0.6373,707,127,52,124,733.0,189.0,6448,77.07,77.07,3.4,detected,0
64.0,64.0,320,282,person,0.8615,271,273,86,215,314.0,380.5,18490,131.67,131.67,3.0,detected,0
64.0,64.0,320,283,person,0.8554,434,453,118,245,493.0,575.5,28910,165.03,165.03,3.0,detected,0
64.0,64.0,320,284,person,0.8654,393,343,88,213,437.0,449.5,18744,145.42,145.42,2.6,detected,0
65.0,65.0,325,17,person,0.3647,11,276,80,160,51.0,356.0,12800,1.5,1.5,65.0,detected,0
65.0,65.0,325,105,person,0.3516,111,286,60,132,141.0,352.0,7920,0.0,0.0,44.6,detected,0
65.0,65.0,325,121,person,0.8135,284,251,77,189,322.5,345.5,14553,120.08,120.08,39.6,detected,0
65.0,65.0,325,167,person,0.2017,1099,1,42,113,1120.0,57.5,4746,33.24,33.24,29.8,detected,0
65.0,65.0,325,176,person,0.834,1693,297,68,184,1727.0,389.0,12512,55.97,55.97,28.4,detected,0
65.0,65.0,325,188,person,0.425,1140,0,46,116,1163.0,58.0,5336,33.77,33.77,24.8,detected,0
65.0,65.0,325,199,person,0.7632,1459,65,59,139,1488.5,134.5,8201,40.5,40.5,22.8,detected,0
65.0,65.0,325,208,person,0.4796,1536,63,54,70,1563.0,98.0,3780,58.26,58.26,21.4,detected,0
65.0,65.0,325,211,person,0.9182,1612,750,123,277,1673.5,888.5,34071,115.73,115.73,21.0,detected,0
65.0,65.0,325,217,person,0.5454,1258,0,46,119,1281.0,59.5,5474,29.75,29.75,20.0,detected,0
65.0,65.0,325,222,person,0.6227,1207,0,42,121,1228.0,60.5,5082,36.06,36.06,19.0,detected,0
65.0,65.0,325,231,person,0.6971,955,66,53,138,981.5,135.0,7314,46.52,46.52,17.4,detected,0
65.0,65.0,325,235,person,0.2335,1045,6,46,116,1068.0,64.0,5336,101.03,33.68,14.8,detected,0
65.0,65.0,325,241,person,0.6945,1539,101,59,134,1568.5,168.0,7906,55.36,55.36,13.6,detected,0
65.0,65.0,325,243,person,0.4885,1408,0,66,117,1441.0,58.5,7722,44.06,44.06,13.2,detected,0
65.0,65.0,325,249,person,0.7349,835,231,82,139,876.0,300.5,11398,66.9,66.9,12.6,detected,0
65.0,65.0,325,251,person,0.2489,1886,865,34,214,1903.0,972.0,7276,0.5,0.5,11.4,detected,0
65.0,65.0,325,255,person,0.1542,1853,230,37,107,1871.5,283.5,3959,24.79,24.79,10.8,predicted,1
65.0,65.0,325,258,person,0.8944,1339,185,62,177,1370.0,273.5,10974,58.66,58.66,10.0,detected,0
65.0,65.0,325,264,person,0.1867,578,197,69,119,612.5,256.5,8211,183.89,91.95,9.2,detected,0
65.0,65.0,325,265,person,0.8129,818,319,72,184,854.0,411.0,13248,69.05,69.05,8.8,detected,0
65.0,65.0,325,274,person,0.7807,1598,95,50,141,1623.0,165.5,7050,62.33,62.33,5.4,detected,0
65.0,65.0,325,276,person,0.5716,837,87,53,124,863.5,149.0,6572,61.34,61.34,5.0,detected,0
65.0,65.0,325,281,person,0.5035,629,155,51,142,654.5,226.0,7242,86.78,86.78,4.4,detected,0
65.0,65.0,325,282,person,0.8789,382,233,88,206,426.0,336.0,18128,120.52,120.52,4.0,detected,0
65.0,65.0,325,283,person,0.7904,565,390,105,231,617.5,505.5,24255,142.83,142.83,4.0,detected,0
65.0,65.0,325,284,person,0.8521,512,301,84,202,554.0,402.0,16968,126.27,126.27,3.6,detected,0
66.0,66.0,330,17,person,0.3527,13,279,78,157,52.0,357.5,12246,1.8,1.8,66.0,detected,0
66.0,66.0,330,105,person,0.2192,111,287,60,130,141.0,352.0,7800,0.0,0.0,45.6,predicted,1
66.0,66.0,330,121,person,0.8329,167,290,83,209,208.5,394.5,17347,124.08,124.08,40.6,detected,0
66.0,66.0,330,167,person,0.5566,1124,0,43,100,1145.5,50.0,4300,26.58,26.58,30.8,detected,0
66.0,66.0,330,176,person,0.9006,1643,333,83,196,1684.5,431.0,16268,59.75,59.75,29.4,detected,0
66.0,66.0,330,188,person,0.4786,1168,0,40,101,1188.0,50.5,4040,26.1,26.1,25.8,detected,0
66.0,66.0,330,199,person,0.7715,1426,45,55,138,1453.5,114.0,7590,40.56,40.56,23.8,detected,0
66.0,66.0,330,208,person,0.3164,1506,45,49,59,1530.5,74.5,2891,40.11,40.11,22.4,detected,0
66.0,66.0,330,211,person,0.8871,1650,870,112,230,1706.0,985.0,25760,101.83,101.83,22.0,predicted,1
66.0,66.0,330,217,person,0.3698,1280,0,53,103,1306.5,51.5,5459,26.73,26.73,21.0,detected,0
66.0,66.0,330,222,person,0.3648,1235,0,40,104,1255.0,52.0,4160,28.31,28.31,20.0,detected,0
66.0,66.0,330,231,person,0.2893,973,33,46,124,996.0,95.0,5704,42.55,42.55,18.4,detected,0
66.0,66.0,330,235,person,0.6486,1009,38,48,132,1033.0,104.0,6336,53.15,53.15,15.8,detected,0
66.0,66.0,330,241,person,0.7276,1492,83,59,132,1521.5,149.0,7788,50.7,50.7,14.6,detected,0
66.0,66.0,330,245,person,0.5397,856,35,50,125,881.0,97.5,6250,100.28,50.14,14.0,detected,0
66.0,66.0,330,249,person,0.8776,763,265,77,178,801.5,354.0,13706,91.72,91.72,13.6,detected,0
66.0,66.0,330,251,person,0.1541,1885,865,34,214,1902.0,972.0,7276,1.0,1.0,12.4,predicted,1
66.0,66.0,330,255,person,0.5138,1832,142,60,163,1862.0,223.5,9780,60.75,60.75,11.8,detected,0
66.0,66.0,330,258,person,0.8901,1285,215,65,186,1317.5,308.0,12090,62.82,62.82,11.0,detected,0
66.0,66.0,330,265,person,0.879,874,273,66,182,907.0,364.0,12012,70.84,70.84,9.8,detected,0
66.0,66.0,330,274,person,0.7776,1544,79,46,138,1567.0,148.0,6348,58.67,58.67,6.4,detected,0
66.0,66.0,330,276,person,0.2081,768,107,50,128,793.0,171.0,6400,73.85,73.85,6.0,detected,0
66.0,66.0,330,281,person,0.6375,542,187,47,145,565.5,259.5,6815,95.1,95.1,5.4,detected,0
66.0,66.0,330,283,person,0.8269,678,333,97,222,726.5,444.0,21534,125.15,125.15,5.0,detected,0
66.0,66.0,330,284,person,0.7777,630,264,72,196,666.0,362.0,14112,118.93,118.93,4.6,detected,0
66.0,66.0,330,290,person,0.8477,481,204,81,197,521.5,302.5,15957,0.0,0.0,0.2,detected,0
67.0,67.0,335,105,person,0.1665,111,286,60,132,141.0,352.0,7920,0.0,0.0,46.6,detected,0
67.0,67.0,335,121,person,0.8954,34,351,95,212,81.5,457.0,20140,141.55,141.55,41.6,detected,0
67.0,67.0,335,167,person,0.3179,1149,0,40,84,1169.0,42.0,3360,24.82,24.82,31.8,detected,0
67.0,67.0,335,176,person,0.9026,1597,379,97,209,1645.5,483.5,20273,65.4,65.4,30.4,detected,0
67.0,67.0,335,188,person,0.28,1195,-2,41,89,1215.5,42.5,3649,28.64,28.64,26.8,predicted,1
67.0,67.0,335,199,person,0.753,1401,25,53,136,1427.5,93.0,7208,33.42,33.42,24.8,detected,0
67.0,67.0,335,222,person,0.2424,1263,0,36,88,1281.0,44.0,3168,27.2,27.2,21.0,detected,0
67.0,67.0,335,231,person,0.6834,1039,34,54,132,1066.0,100.0,7128,70.18,70.18,19.4,detected,0
67.0,67.0,335,235,person,0.5442,982,11,49,134,1006.5,78.0,6566,37.12,37.12,16.8,detected,0
67.0,67.0,335,241,person,0.7108,1467,64,57,129,1495.5,128.5,7353,33.11,33.11,15.6,detected,0
67.0,67.0,335,245,person,0.2911,898,22,52,121,924.0,82.5,6292,45.54,45.54,15.0,predicted,1
67.0,67.0,335,249,person,0.859,678,302,72,185,714.0,394.5,13320,96.42,96.42,14.6,detected,0
67.0,67.0,335,255,person,0.6607,1813,172,71,168,1848.5,256.0,11928,35.19,35.19,12.8,detected,0
67.0,67.0,335,258,person,0.8801,1221,250,69,196,1255.5,348.0,13524,73.78,73.78,12.0,detected,0
67.0,67.0,335,264,person,0.6459,394,266,70,137,429.0,334.5,9590,199.39,99.69,11.2,detected,0
67.0,67.0,335,265,person,0.8346,928,237,59,173,957.5,323.5,10207,64.73,64.73,10.8,detected,0
67.0,67.0,335,274,person,0.765,1532,59,43,134,1553.5,126.0,5762,25.81,25.81,7.4,detected,0
67.0,67.0,335,276,person,0.5024,691,133,52,136,717.0,201.0,7072,81.71,81.71,7.0,detected,0
67.0,67.0,335,281,person,0.6597,434,223,61,156,464.5,301.0,9516,109.19,109.19,6.4,detected,0
67.0,67.0,335,282,person,0.6939,580,168,61,192,610.5,264.0,11712,198.05,99.03,6.0,detected,0
67.0,67.0,335,283,person,0.831,776,284,87,209,819.5,388.5,18183,108.3,108.3,6.0,detected,0
67.0,67.0,335,284,person,0.722,732,228,72,189,768.0,322.5,13608,109.38,109.38,5.6,detected,0
67.0,67.0,335,300,person,0.2783,1680,0,47,92,1703.5,46.0,4324,0.0,0.0,0.8,detected,0
68.0,68.0,340,17,person,0.3115,14,279,77,156,52.5,357.0,12012,0.71,0.35,68.0,detected,0
68.0,68.0,340,105,person,0.2218,111,286,60,133,141.0,352.5,7980,0.5,0.5,47.6,detected,0
68.0,68.0,340,167,person,0.3524,1170,0,34,69,1187.0,34.5,2346,19.5,19.5,32.8,detected,0
68.0,68.0,340,176,person,0.9206,1562,431,95,216,1609.5,539.0,20520,66.15,66.15,31.4,detected,0
68.0,68.0,340,188,person,0.2744,1224,-2,41,74,1244.5,35.0,3034,29.95,29.95,27.8,predicted,1
68.0,68.0,340,199,person,0.6805,1383,16,53,125,1409.5,78.5,6625,23.11,23.11,25.8,detected,0
68.0,68.0,340,208,person,0.2735,1449,16,49,51,1473.5,41.5,2499,65.86,32.93,24.4,detected,0
68.0,68.0,340,217,person,0.2241,1338,-2,37,75,1356.5,35.5,2775,52.5,26.25,23.0,predicted,1
68.0,68.0,340,222,person,0.1538,1287,0,37,71,1305.5,35.5,2627,25.93,25.93,22.0,detected,0
68.0,68.0,340,231,person,0.7023,1068,20,47,127,1091.5,83.5,5969,30.37,30.37,20.4,detected,0
68.0,68.0,340,235,person,0.4988,938,28,54,137,965.0,96.5,7398,45.44,45.44,17.8,detected,0
68.0,68.0,340,241,person,0.8376,1443,45,56,124,1471.0,107.0,6944,32.6,32.6,16.6,detected,0
68.0,68.0,340,245,person,0.1516,883,71,48,122,907.0,132.0,5856,52.34,52.34,16.0,predicted,1
68.0,68.0,340,249,person,0.9216,588,348,94,192,635.0,444.0,18048,93.23,93.23,15.6,detected,0
68.0,68.0,340,255,person,0.4725,1815,208,68,135,1849.0,275.5,9180,19.51,19.51,13.8,detected,0
68.0,68.0,340,258,person,0.902,1150,288,72,201,1186.0,388.5,14472,80.44,80.44,13.0,detected,0
68.0,68.0,340,264,person,0.3517,284,311,81,141,324.5,381.5,11421,114.58,114.58,12.2,detected,0
68.0,68.0,340,265,person,0.8584,974,204,56,165,1002.0,286.5,9240,57.87,57.87,11.8,detected,0
68.0,68.0,340,274,person,0.8527,1513,39,43,131,1534.5,104.5,5633,28.69,28.69,8.4,detected,0
68.0,68.0,340,276,person,0.7094,608,160,50,150,633.0,235.0,7500,90.62,90.62,8.0,detected,0
68.0,68.0,340,281,person,0.2812,317,286,65,153,349.5,362.5,9945,130.41,130.41,7.4,detected,0
68.0,68.0,340,282,person,0.7106,663,138,54,152,690.0,214.0,8208,93.92,93.92,7.0,detected,0
68.0,68.0,340,283,person,0.7311,846,242,88,196,890.0,340.0,17248,85.57,85.57,7.0,detected,0
68.0,68.0,340,284,person,0.4999,818,195,65,163,850.5,276.5,10595,94.46,94.46,6.6,detected,0
68.0,68.0,340,290,person,0.6847,342,263,73,148,378.5,337.0,10804,147.1,73.55,2.2,detected,0
68.0,68.0,340,300,person,0.3782,1650,0,48,106,1674.0,53.0,5088,30.32,30.32,1.8,detected,0
69.0,69.0,345,17,person,0.2928,13,277,77,158,51.5,356.0,12166,1.41,1.41,69.0,detected,0
69.0,69.0,345,105,person,0.3381,112,286,60,132,142.0,352.0,7920,1.12,1.12,48.6,detected,0
69.0,69.0,345,167,person,0.1633,1193,0,30,55,1208.0,27.5,1650,22.14,22.14,33.8,detected,0
69.0,69.0,345,176,person,0.9108,1521,486,103,224,1572.5,598.0,23072,69.64,69.64,32.4,detected,0
69.0,69.0,345,188,person,0.2309,1243,-1,38,60,1262.0,29.0,2280,18.5,18.5,28.8,predicted,1
69.0,69.0,345,199,person,0.6865,1374,3,51,122,1399.5,64.0,6222,17.61,17.61,26.8,detected,0
69.0,69.0,345,222,person,0.1997,1316,-2,28,61,1330.0,28.5,1708,25.48,25.48,23.0,predicted,1
69.0,69.0,345,231,person,0.6367,1090,9,45,124,1112.5,71.0,5580,24.44,24.44,21.4,detected,0
69.0,69.0,345,235,person,0.243,898,46,50,135,923.0,113.5,6750,45.31,45.31,18.8,detected,0
69.0,69.0,345,241,person,0.6621,1431,28,49,121,1455.5,88.5,5929,24.14,24.14,17.6,detected,0
69.0,69.0,345,249,person,0.9104,494,394,97,204,542.5,496.0,19788,106.11,106.11,16.6,detected,0
69.0,69.0,345,255,person,0.4157,1804,246,76,144,1842.0,318.0,10944,43.07,43.07,14.8,detected,0
69.0,69.0,345,258,person,0.911,1074,330,73,210,1110.5,435.0,15330,88.67,88.67,14.0,detected,0
69.0,69.0,345,264,person,0.5503,165,363,85,146,207.5,436.0,12410,129.07,129.07,13.2,detected,0
69.0,69.0,345,265,person,0.834,1013,174,55,158,1040.5,253.0,8690,51.03,51.03,12.8,detected,0
69.0,69.0,345,274,person,0.8113,1486,23,41,128,1506.5,87.0,5248,33.02,33.02,9.4,detected,0
69.0,69.0,345,276,person,0.7664,517,195,56,155,545.0,272.5,8680,95.66,95.66,9.0,detected,0
69.0,69.0,345,281,person,0.6336,221,310,81,163,261.5,391.5,13203,92.66,92.66,8.4,detected,0
69.0,69.0,345,282,person,0.5584,742,111,50,133,767.0,177.5,6650,85.21,85.21,8.0,detected,0
69.0,69.0,345,283,person,0.8044,907,202,75,188,944.5,296.0,14100,70.04,70.04,8.0,detected,0
69.0,69.0,345,284,person,0.1817,885,158,56,131,913.0,223.5,7336,81.95,81.95,7.6,detected,0
69.0,69.0,345,300,person,0.6067,1619,0,52,124,1645.0,62.0,6448,30.36,30.36,2.8,detected,0
69.0,69.0,345,302,person,0.3317,0,544,79,202,39.5,645.0,15958,0.0,0.0,0.4,detected,0
69.0,69.0,345,303,person,0.318,990,0,46,107,1013.0,53.5,4922,0.0,0.0,0.4,detected,0
69.0,69.0,345,304,person,0.1532,813,74,51,133,838.5,140.5,6783,0.0,0.0,0.0,detected,0
69.0,69.0,345,305,person,0.3677,0,454,61,114,30.5,511.0,6954,0.0,0.0,0.0,detected,0
70.0,70.0,350,17,person,0.2857,14,280,78,156,53.0,358.0,12168,2.5,2.5,70.0,predicted,1
70.0,70.0,350,105,person,0.8213,85,406,82,195,126.0,503.5,15990,152.34,152.34,49.6,detected,0
70.0,70.0,350,176,person,0.9285,1488,546,103,236,1539.5,664.0,24308,73.79,73.79,33.4,detected,0
70.0,70.0,350,199,person,0.5614,1371,0,49,111,1395.5,55.5,5439,9.39,9.39,27.8,detected,0
70.0,70.0,350,222,person,0.2199,1337,0,29,44,1351.5,22.0,1276,22.46,22.46,24.0,detected,0
70.0,70.0,350,231,person,0.6464,1119,0,52,115,1145.0,57.5,5980,35.19,35.19,22.4,detected,0
70.0,70.0,350,241,person,0.5585,1413,7,47,123,1436.5,68.5,5781,27.59,27.59,18.6,detected,0
70.0,70.0,350,249,person,0.8997,387,447,101,213,437.5,553.5,21513,119.71,119.71,17.6,detected,0
70.0,70.0,350,255,person,0.4472,1790,288,83,174,1831.5,375.0,14442,57.96,57.96,15.8,detected,0
70.0,70.0,350,258,person,0.9129,985,379,80,222,1025.0,490.0,17760,101.66,101.66,15.0,detected,0
70.0,70.0,350,264,person,0.1557,39,428,73,134,75.5,495.0,9782,144.59,144.59,14.2,detected,0
70.0,70.0,350,265,person,0.8826,1043,146,59,151,1072.5,221.5,8909,44.9,44.9,13.8,detected,0
70.0,70.0,350,274,person,0.8396,1467,7,40,123,1487.0,68.5,4920,26.88,26.88,10.4,detected,0
70.0,70.0,350,276,person,0.7322,418,233,72,162,454.0,314.0,11664,100.02,100.02,10.0,detected,0
70.0,70.0,350,281,person,0.1998,108,318,66,140,141.0,388.0,9240,120.55,120.55,9.4,detected,0
70.0,70.0,350,282,person,0.6028,818,88,61,161,848.5,168.5,9821,82.0,82.0,9.0,detected,0
70.0,70.0,350,283,person,0.6851,950,162,73,181,986.5,252.5,13213,60.47,60.47,9.0,detected,0
70.0,70.0,350,284,person,0.1869,938,130,50,118,963.0,189.0,5900,60.75,60.75,8.6,detected,0
70.0,70.0,350,290,person,0.1629,175,410,83,246,216.5,533.0,20418,254.28,127.14,4.2,detected,0
70.0,70.0,350,300,person,0.6732,1593,12,59,131,1622.5,77.5,7729,27.32,27.32,3.8,detected,0
70.0,70.0,350,302,person,0.2662,147,438,84,147,189.0,511.5,12348,200.43,200.43,1.4,detected,0
70.0,70.0,350,303,person,0.2145,1033,0,47,91,1056.5,45.5,4277,44.23,44.23,1.4,detected,0
70.0,70.0,350,304,person,0.5906,765,93,48,124,789.0,155.0,5952,51.58,51.58,1.0,detected,0
70.0,70.0,350,306,person,0.8851,154,475,105,241,206.5,595.5,25305,0.0,0.0,0.8,detected,0
71.0,71.0,355,17,person,0.3251,11,300,79,160,50.5,380.0,12640,22.14,22.14,71.0,detected,0
71.0,71.0,355,105,person,0.3589,1,440,43,164,22.5,522.0,7052,105.14,105.14,50.6,detected,0
71.0,71.0,355,176,person,0.932,1446,612,113,251,1502.5,737.5,28363,82.29,82.29,34.4,detected,0
71.0,71.0,355,231,person,0.6758,1154,0,57,101,1182.5,50.5,5757,38.15,38.15,23.4,detected,0
71.0,71.0,355,235,person,0.5931,780,83,63,148,811.5,157.0,9324,119.69,59.84,20.8,detected,0
71.0,71.0,355,241,person,0.6073,1385,0,45,105,1407.5,52.5,4725,33.12,33.12,19.6,detected,0
71.0,71.0,355,249,person,0.898,276,508,110,224,331.0,620.0,24640,125.56,125.56,18.6,detected,0
71.0,71.0,355,255,person,0.757,1769,334,74,206,1806.0,437.0,15244,67.04,67.04,16.8,detected,0
71.0,71.0,355,258,person,0.9186,890,435,85,230,932.5,550.0,19550,110.26,110.26,16.0,detected,0
71.0,71.0,355,265,person,0.8753,1075,122,56,146,1103.0,195.0,8176,40.4,40.4,14.8,detected,0
71.0,71.0,355,274,person,0.8218,1451,0,47,115,1474.5,57.5,5405,16.65,16.65,11.4,detected,0
71.0,71.0,355,276,person,0.6517,317,272,76,156,355.0,350.0,11856,105.34,105.34,11.0,detected,0
71.0,71.0,355,281,person,0.2696,97,279,60,132,127.0,345.0,7920,45.22,45.22,10.4,detected,0
71.0,71.0,355,282,person,0.5755,880,64,55,161,907.5,144.5,8855,63.69,63.69,10.0,detected,0
71.0,71.0,355,283,person,0.5915,984,141,68,163,1018.0,222.5,11084,43.5,43.5,10.0,detected,0
71.0,71.0,355,290,person,0.8527,168,365,83,206,209.5,468.0,17098,65.38,65.38,5.2,detected,0
71.0,71.0,355,300,person,0.8254,1571,35,63,132,1602.5,101.0,8316,30.86,30.86,4.8,detected,0
71.0,71.0,355,302,person,0.6005,301,401,76,147,339.0,474.5,11172,154.5,154.5,2.4,detected,0
71.0,71.0,355,303,person,0.5095,1071,0,46,76,1094.0,38.0,3496,38.24,38.24,2.4,detected,0
71.0,71.0,355,304,person,0.4645,712,113,54,124,739.0,175.0,6696,53.85,53.85,2.0,detected,0
71.0,71.0,355,306,person,0.1813,298,419,80,194,338.0,516.0,15520,153.66,153.66,1.8,detected,0
71.0,71.0,355,307,person,0.9103,361,877,110,203,416.0,978.5,22330,0.0,0.0,0.8,detected,0
71.0,71.0,355,308,person,0.9122,454,960,121,120,514.5,1020.0,14520,0.0,0.0,0.6,detected,0
71.0,71.0,355,310,person,0.1966,1887,865,32,180,1903.0,955.0,5760,0.0,0.0,0.6,detected,0
72.0,72.0,360,17,person,0.3599,11,276,80,159,51.0,355.5,12720,24.51,24.51,72.0,detected,0
72.0,72.0,360,105,person,0.7702,0,517,75,258,37.5,646.0,19350,124.9,124.9,51.6,detected,0
72.0,72.0,360,176,person,0.9165,1396,689,115,268,1453.5,823.0,30820,98.55,98.55,35.4,detected,0
72.0,72.0,360,208,person,0.3501,1372,0,29,80,1386.5,40.0,2320,87.01,21.75,28.4,detected,0
72.0,72.0,360,231,person,0.1746,1189,-2,47,89,1212.5,42.5,4183,31.05,31.05,24.4,predicted,1
72.0,72.0,360,235,person,0.2456,720,101,66,141,753.0,171.5,9306,60.27,60.27,21.8,detected,0
72.0,72.0,360,241,person,0.5041,1388,0,42,98,1409.0,49.0,4116,3.81,3.81,20.6,detected,0
72.0,72.0,360,249,person,0.9069,165,575,106,239,218.0,694.5,25334,135.35,135.35,19.6,detected,0
72.0,72.0,360,255,person,0.8948,1741,382,86,220,1784.0,492.0,18920,59.24,59.24,17.8,detected,0
72.0,72.0,360,258,person,0.9224,769,493,101,243,819.5,614.5,24543,130.11,130.11,17.0,detected,0
72.0,72.0,360,265,person,0.6501,1066,87,61,158,1096.5,166.0,9638,29.72,29.72,15.8,detected,0
72.0,72.0,360,274,person,0.7498,1431,0,45,100,1453.5,50.0,4500,22.3,22.3,12.4,detected,0
72.0,72.0,360,276,person,0.7421,211,318,69,178,245.5,407.0,12282,123.45,123.45,12.0,detected,0
72.0,72.0,360,281,person,0.3487,111,286,60,133,141.0,352.5,7980,15.88,15.88,11.4,detected,0
72.0,72.0,360,282,person,0.3733,907,41,67,157,940.5,119.5,10519,41.4,41.4,11.0,detected,0
72.0,72.0,360,283,person,0.7671,1003,106,64,161,1035.0,186.5,10304,39.81,39.81,11.0,detected,0
72.0,72.0,360,290,person,0.8733,265,317,80,198,305.0,416.0,15840,108.74,108.74,6.2,detected,0
72.0,72.0,360,300,person,0.8001,1551,46,58,141,1580.0,116.5,8178,27.32,27.32,5.8,detected,0
72.0,72.0,360,302,person,0.7061,458,338,70,192,493.0,434.0,13440,159.24,159.24,3.4,detected,0
72.0,72.0,360,303,person,0.3396,1102,0,43,61,1123.5,30.5,2623,30.44,30.44,3.4,detected,0
72.0,72.0,360,304,person,0.2754,648,137,57,139,676.5,206.5,7923,69.99,69.99,3.0,detected,0
72.0,72.0,360,306,person,0.7846,420,369,83,216,461.5,477.0,17928,129.51,129.51,2.8,detected,0
72.0,72.0,360,307,person,0.8999,523,765,114,302,580.0,916.0,34428,175.51,175.51,1.8,detected,0
72.0,72.0,360,308,person,0.8647,608,830,137,247,676.5,953.5,33839,175.12,175.12,1.6,detected,0
72.0,72.0,360,310,person,0.1999,1885,865,34,198,1902.0,964.0,6732,9.06,9.06,1.6,detected,0
72.0,72.0,360,314,person,0.2519,1652,0,52,78,1678.0,39.0,4056,0.0,0.0,0.6,detected,0
73.0,73.0,365,17,person,0.5184,5,273,86,164,48.0,355.0,14104,3.04,3.04,73.0,detected,0
73.0,73.0,365,105,person,0.8196,81,402,82,219,122.0,511.5,17958,158.84,158.84,52.6,detected,0
73.0,73.0,365,176,person,0.8162,1333,777,117,282,1391.5,918.0,32994,113.44,113.44,36.4,detected,0
73.0,73.0,365,208,person,0.2468,1366,2,26,69,1379.0,36.5,1794,8.28,8.28,29.4,detected,0
73.0,73.0,365,231,person,0.5675,1208,0,45,75,1230.5,37.5,3375,18.68,18.68,25.4,detected,0
73.0,73.0,365,235,person,0.697,651,143,61,144,681.5,215.0,8784,83.69,83.69,22.8,detected,0
73.0,73.0,365,241,person,0.3298,1366,0,62,85,1397.0,42.5,5270,13.65,13.65,21.6,detected,0
73.0,73.0,365,249,person,0.8959,22,654,111,251,77.5,779.5,27861,164.21,164.21,20.6,detected,0
73.0,73.0,365,255,person,0.8806,1722,446,89,228,1766.5,560.0,20292,70.22,70.22,18.8,detected,0
73.0,73.0,365,258,person,0.8827,634,556,93,245,680.5,678.5,22785,153.03,153.03,18.0,detected,0
73.0,73.0,365,265,person,0.8005,1036,75,66,143,1069.0,146.5,9438,33.71,33.71,16.8,detected,0
73.0,73.0,365,274,person,0.7351,1426,0,39,87,1445.5,43.5,3393,10.31,10.31,13.4,detected,0
73.0,73.0,365,276,person,0.2203,88,372,70,184,123.0,464.0,12880,135.11,135.11,13.0,detected,0
73.0,73.0,365,281,person,0.4644,111,287,60,131,141.0,352.5,7860,0.0,0.0,12.4,detected,0
73.0,73.0,365,282,person,0.6353,931,16,49,153,955.5,92.5,7497,30.89,30.89,12.0,detected,0
73.0,73.0,365,290,person,0.8216,364,281,75,187,401.5,374.5,14025,105.05,105.05,7.2,detected,0
73.0,73.0,365,300,person,0.8687,1522,66,59,146,1551.5,139.0,8614,36.31,36.31,6.8,detected,0
73.0,73.0,365,302,person,0.6848,582,295,70,186,617.0,388.0,13020,132.26,132.26,4.4,detected,0
73.0,73.0,365,303,person,0.2422,1128,0,39,47,1147.5,23.5,1833,25.0,25.0,4.4,detected,0
73.0,73.0,365,304,person,0.2848,583,161,55,134,610.5,228.0,7370,69.41,69.41,4.0,detected,0
73.0,73.0,365,306,person,0.5784,528,325,81,209,568.5,429.5,16929,117.07,117.07,3.8,detected,0
73.0,73.0,365,307,person,0.8867,658,674,102,292,709.0,820.0,29784,160.8,160.8,2.8,detected,0
73.0,73.0,365,308,person,0.8508,741,727,125,313,803.5,883.5,39125,145.01,145.01,2.6,detected,0
73.0,73.0,365,310,person,0.169,1885,866,34,196,1902.0,964.0,6664,0.0,0.0,2.6,detected,0
73.0,73.0,365,311,person,0.8944,1118,52,57,138,1146.5,121.0,7866,0.0,0.0,1.8,predicted,1
73.0,73.0,365,314,person,0.6505,1628,0,63,101,1659.5,50.5,6363,21.78,21.78,1.6,detected,0
73.0,73.0,365,321,person,0.8928,141,481,94,246,188.0,604.0,23124,0.0,0.0,0.6,detected,0
74.0,74.0,370,17,person,0.3349,11,279,79,156,50.5,357.0,12324,3.2,3.2,74.0,detected,0
74.0,74.0,370,105,person,0.8233,204,347,76,201,242.0,447.5,15276,136.0,136.0,53.6,detected,0
74.0,74.0,370,176,person,0.9244,1264,876,131,204,1329.5,978.0,26724,86.28,86.28,37.4,detected,0
74.0,74.0,370,235,person,0.6865,559,176,62,172,590.0,262.0,10664,102.87,102.87,23.8,detected,0
74.0,74.0,370,241,person,0.162,1355,-2,70,76,1390.0,36.0,5320,9.55,9.55,22.6,predicted,1
74.0,74.0,370,255,person,0.9158,1702,513,101,244,1752.5,635.0,24644,76.3,76.3,19.8,detected,0
74.0,74.0,370,258,person,0.9229,474,621,114,269,531.0,755.5,30666,168.16,168.16,19.0,detected,0
74.0,74.0,370,265,person,0.7106,1048,59,53,136,1074.5,127.0,7208,20.26,20.26,17.8,detected,0
74.0,74.0,370,274,person,0.4882,1416,0,37,74,1434.5,37.0,2738,12.78,12.78,14.4,detected,0
74.0,74.0,370,276,person,0.3646,0,450,56,180,28.0,540.0,10080,121.66,121.66,14.0,detected,0
74.0,74.0,370,281,person,0.304,111,287,60,132,141.0,353.0,7920,0.5,0.5,13.4,detected,0
74.0,74.0,370,282,person,0.2999,958,0,44,141,980.0,70.5,6204,32.93,32.93,13.0,detected,0
74.0,74.0,370,283,person,0.7336,1082,56,56,147,1110.0,129.5,8232,94.2,47.1,13.0,detected,0
74.0,74.0,370,290,person,0.8594,459,249,73,178,495.5,338.0,12994,100.84,100.84,8.2,detected,0
74.0,74.0,370,300,person,0.8337,1481,89,63,149,1512.5,163.5,9387,46.06,46.06,7.8,detected,0
74.0,74.0,370,302,person,0.6844,686,258,72,185,722.0,350.5,13320,111.5,111.5,5.4,detected,0
74.0,74.0,370,304,person,0.3667,511,178,53,121,537.5,238.5,6413,73.75,73.75,5.0,detected,0
74.0,74.0,370,306,person,0.4059,618,284,68,198,652.0,383.0,13464,95.57,95.57,4.8,detected,0
74.0,74.0,370,307,person,0.9149,769,594,91,272,814.5,730.0,24752,138.67,138.67,3.8,detected,0
74.0,74.0,370,308,person,0.9024,859,636,114,292,916.0,782.0,33288,151.52,151.52,3.6,detected,0
74.0,74.0,370,311,person,0.7616,1156,29,55,138,1183.5,98.0,7590,43.57,43.57,2.8,detected,0
74.0,74.0,370,314,person,0.7224,1611,0,64,124,1643.0,62.0,7936,20.11,20.11,2.6,detected,0
74.0,74.0,370,321,person,0.8766,270,419,89,242,314.5,540.0,21538,141.77,141.77,1.6,detected,0
74.0,74.0,370,322,person,0.4618,597,153,52,138,623.0,222.0,7176,0.0,0.0,1.4,detected,0
75.0,75.0,375,17,person,0.3803,11,278,78,158,50.0,357.0,12324,0.5,0.5,75.0,detected,0
75.0,75.0,375,105,person,0.755,316,307,73,184,352.5,399.0,13432,120.68,120.68,54.6,detected,0
75.0,75.0,375,176,person,0.7508,1218,998,120,82,1278.0,1039.0,9840,79.83,79.83,38.4,detected,0
75.0,75.0,375,208,person,0.2107,1369,0,35,65,1386.5,32.5,2275,8.5,4.25,31.4,predicted,1
75.0,75.0,375,235,person,0.8043,458,206,67,181,491.5,296.5,12127,104.37,104.37,24.8,detected,0
75.0,75.0,375,255,person,0.9089,1691,591,113,262,1747.5,722.0,29606,87.14,87.14,20.8,detected,0
75.0,75.0,375,258,person,0.9323,290,697,120,286,350.0,840.0,34320,199.75,199.75,20.0,detected,0
75.0,75.0,375,265,person,0.7845,1062,37,52,129,1088.0,101.5,6708,28.85,28.85,18.8,detected,0
75.0,75.0,375,274,person,0.4331,1405,0,32,62,1421.0,31.0,1984,14.77,14.77,15.4,detected,0
75.0,75.0,375,281,person,0.3569,111,286,60,132,141.0,352.0,7920,1.0,1.0,14.4,detected,0
75.0,75.0,375,283,person,0.859,1139,36,60,143,1169.0,107.5,8580,62.97,62.97,14.0,detected,0
75.0,75.0,375,290,person,0.7684,535,215,72,174,571.0,302.0,12528,83.64,83.64,9.2,detected,0
75.0,75.0,375,300,person,0.8215,1434,108,64,159,1466.0,187.5,10176,52.33,52.33,8.8,detected,0
75.0,75.0,375,302,person,0.7627,765,219,69,175,799.5,306.5,12075,89.12,89.12,6.4,detected,0
75.0,75.0,375,304,person,0.321,432,202,47,152,455.5,278.0,7144,91.02,91.02,6.0,detected,0
75.0,75.0,375,306,person,0.6138,689,243,68,189,723.0,337.5,12852,84.33,84.33,5.8,detected,0
75.0,75.0,375,307,person,0.9158,847,522,80,259,887.0,651.5,20720,106.86,106.86,4.8,detected,0
75.0,75.0,375,308,person,0.9318,960,553,104,278,1012.0,692.0,28912,131.59,131.59,4.6,detected,0
75.0,75.0,375,310,person,0.2088,1888,866,32,175,1904.0,953.5,5600,10.69,5.34,4.6,detected,0
75.0,75.0,375,311,person,0.6726,1197,4,53,136,1223.5,72.0,7208,47.71,47.71,3.8,detected,0
75.0,75.0,375,314,person,0.8316,1592,2,63,141,1623.5,72.5,8883,22.15,22.15,3.6,detected,0
75.0,75.0,375,321,person,0.9024,405,366,81,229,445.5,480.5,18549,143.88,143.88,2.6,detected,0
76.0,76.0,380,17,person,0.427,9,277,80,160,49.0,357.0,12800,1.0,1.0,76.0,detected,0
76.0,76.0,380,105,person,0.8833,417,254,80,190,457.0,349.0,15200,115.85,115.85,55.6,detected,0
76.0,76.0,380,208,person,0.4347,1399,0,29,50,1413.5,25.0,1450,28.02,28.02,32.4,detected,0
76.0,76.0,380,235,person,0.8321,354,237,69,197,388.5,335.5,13593,110.14,110.14,25.8,detected,0
76.0,76.0,380,255,person,0.5151,1701,685,109,223,1755.5,796.5,24307,74.93,74.93,21.8,detected,0
76.0,76.0,380,258,person,0.9067,96,786,119,292,155.5,932.0,34748,215.16,215.16,21.0,detected,0
76.0,76.0,380,265,person,0.85,1075,20,50,123,1100.0,81.5,6150,23.32,23.32,19.8,detected,0
76.0,76.0,380,281,person,0.4686,111,287,60,132,141.0,353.0,7920,1.0,1.0,15.4,detected,0
76.0,76.0,380,282,person,0.5119,1031,0,44,96,1053.0,48.0,4224,76.39,38.19,15.0,detected,0
76.0,76.0,380,283,person,0.2555,1191,13,57,139,1219.5,82.5,7923,56.35,56.35,15.0,predicted,1
76.0,76.0,380,290,person,0.7983,601,189,67,128,634.5,253.0,8576,80.21,80.21,10.2,detected,0
76.0,76.0,380,300,person,0.8589,1388,135,66,164,1421.0,217.0,10824,53.81,53.81,9.8,detected,0
76.0,76.0,380,302,person,0.7847,829,185,62,167,860.0,268.5,10354,71.44,71.44,7.4,detected,0
76.0,76.0,380,306,person,0.7819,761,208,68,181,795.0,298.5,12308,81.88,81.88,6.8,detected,0
76.0,76.0,380,307,person,0.9216,915,458,79,242,954.5,579.0,19118,99.06,99.06,5.8,detected,0
76.0,76.0,380,308,person,0.8656,1034,490,96,249,1082.0,614.5,23904,104.43,104.43,5.6,detected,0
76.0,76.0,380,310,person,0.3206,1888,866,31,175,1903.5,953.5,5425,0.5,0.5,5.6,predicted,1
76.0,76.0,380,311,person,0.6033,1238,0,48,114,1262.0,57.0,5472,41.32,41.32,4.8,detected,0
76.0,76.0,380,314,person,0.8679,1563,19,66,148,1596.0,93.0,9768,34.3,34.3,4.6,detected,0
76.0,76.0,380,315,person,0.6963,451,197,59,133,480.5,263.5,7847,0.0,0.0,4.4,detected,0
76.0,76.0,380,321,person,0.9151,522,319,77,218,560.5,428.0,16786,126.42,126.42,3.6,detected,0
77.0,77.0,385,17,person,0.4118,8,275,82,161,49.0,355.5,13202,1.5,1.5,77.0,detected,0
77.0,77.0,385,105,person,0.8771,501,226,65,172,533.5,312.0,11180,84.98,84.98,56.6,detected,0
77.0,77.0,385,208,person,0.1963,1388,0,26,38,1401.0,19.0,988,13.87,13.87,33.4,detected,0
77.0,77.0,385,235,person,0.8613,264,278,80,207,304.0,381.5,16560,96.21,96.21,26.8,detected,0
77.0,77.0,385,265,person,0.6297,1089,2,46,119,1112.0,61.5,5474,23.32,23.32,20.8,detected,0
77.0,77.0,385,281,person,0.4337,111,287,60,131,141.0,352.5,7860,0.5,0.5,16.4,detected,0
77.0,77.0,385,290,person,0.8268,659,164,66,118,692.0,223.0,7788,64.86,64.86,11.2,detected,0
77.0,77.0,385,300,person,0.8606,1362,165,73,167,1398.5,248.5,12191,38.71,38.71,10.8,detected,0
77.0,77.0,385,302,person,0.7623,874,154,58,156,903.0,232.0,9048,56.4,56.4,8.4,detected,0
77.0,77.0,385,306,person,0.7989,825,176,60,169,855.0,260.5,10140,71.02,71.02,7.8,detected,0
77.0,77.0,385,307,person,0.9123,981,400,73,229,1017.5,514.5,16717,90.16,90.16,6.8,detected,0
77.0,77.0,385,308,person,0.909,1103,429,89,237,1147.5,547.5,21093,93.7,93.7,6.6,detected,0
77.0,77.0,385,311,person,0.6964,1273,0,49,93,1297.5,46.5,4557,37.02,37.02,5.8,detected,0
77.0,77.0,385,314,person,0.8813,1530,39,68,152,1564.0,115.0,10336,38.83,38.83,5.6,detected,0
77.0,77.0,385,315,person,0.8157,372,231,66,165,405.0,313.5,10890,90.56,90.56,5.4,detected,0
77.0,77.0,385,321,person,0.8833,616,276,80,205,656.0,378.5,16400,107.57,107.57,4.6,detected,0
77.0,77.0,385,324,person,0.7546,1222,0,54,127,1249.0,63.5,6858,0.0,0.0,1.2,detected,0
78.0,78.0,390,17,person,0.5215,10,275,79,161,49.5,355.5,12719,0.5,0.5,78.0,detected,0
78.0,78.0,390,105,person,0.8464,567,190,59,168,596.5,274.0,9912,73.57,73.57,57.6,detected,0
78.0,78.0,390,235,person,0.8577,150,329,90,209,195.0,433.5,18810,120.77,120.77,27.8,detected,0
78.0,78.0,390,265,person,0.7124,1098,0,46,101,1121.0,50.5,4646,14.21,14.21,21.8,detected,0
78.0,78.0,390,290,person,0.7109,719,137,62,113,750.0,193.5,7006,65.07,65.07,12.2,detected,0
78.0,78.0,390,300,person,0.8706,1345,196,74,172,1382.0,282.0,12728,37.34,37.34,11.8,detected,0
78.0,78.0,390,302,person,0.5707,923,123,53,147,949.5,196.5,7791,58.5,58.5,9.4,detected,0
78.0,78.0,390,304,person,0.1744,208,285,71,151,243.5,360.5,10721,227.49,75.83,9.0,detected,0
78.0,78.0,390,306,person,0.6528,883,146,59,162,912.5,227.0,9558,66.55,66.55,8.8,detected,0
78.0,78.0,390,307,person,0.896,1025,345,70,217,1060.0,453.5,15190,74.35,74.35,7.8,detected,0
78.0,78.0,390,308,person,0.9298,1156,373,89,225,1200.5,485.5,20025,81.57,81.57,7.6,detected,0
78.0,78.0,390,311,person,0.3564,1310,0,34,72,1327.0,36.0,2448,31.31,31.31,6.8,detected,0
78.0,78.0,390,314,person,0.7843,1490,61,71,158,1525.5,140.0,11218,45.9,45.9,6.6,detected,0
78.0,78.0,390,315,person,0.7868,299,275,61,157,329.5,353.5,9577,85.44,85.44,6.4,detected,0
78.0,78.0,390,321,person,0.8347,708,237,78,198,747.0,336.0,15444,100.44,100.44,5.6,detected,0
78.0,78.0,390,324,person,0.4113,1257,0,57,105,1285.5,52.5,5985,38.12,38.12,2.2,detected,0
78.0,78.0,390,334,person,0.3724,1793,291,83,141,1834.5,361.5,11703,0.0,0.0,0.2,detected,0
79.0,79.0,395,17,person,0.1984,17,360,87,152,60.5,436.0,13224,81.25,81.25,79.0,detected,0
79.0,79.0,395,105,person,0.7794,629,160,56,144,657.0,232.0,8064,73.65,73.65,58.6,detected,0
79.0,79.0,395,235,person,0.8788,15,426,93,221,61.5,536.5,20553,168.62,168.62,28.8,detected,0
79.0,79.0,395,265,person,0.3906,1121,0,51,83,1146.5,41.5,4233,27.04,27.04,22.8,detected,0
79.0,79.0,395,290,person,0.6148,770,116,61,112,800.5,172.0,6832,54.89,54.89,13.2,detected,0
79.0,79.0,395,300,person,0.8564,1329,227,75,182,1366.5,318.0,13650,39.2,39.2,12.8,detected,0
79.0,79.0,395,302,person,0.6522,973,99,49,138,997.5,168.0,6762,55.82,55.82,10.4,detected,0
79.0,79.0,395,304,person,0.2729,116,320,60,194,146.0,417.0,11640,112.69,112.69,10.0,detected,0
79.0,79.0,395,306,person,0.5967,935,117,56,158,963.0,196.0,8848,59.26,59.26,9.8,detected,0
79.0,79.0,395,307,person,0.8757,1065,296,64,206,1097.0,399.0,13184,65.87,65.87,8.8,detected,0
79.0,79.0,395,308,person,0.8973,1186,324,85,211,1228.5,429.5,17935,62.61,62.61,8.6,detected,0
79.0,79.0,395,314,person,0.8753,1447,87,79,164,1486.5,169.0,12956,48.6,48.6,7.6,detected,0
79.0,79.0,395,315,person,0.7046,212,306,64,166,244.0,389.0,10624,92.58,92.58,7.4,detected,0
79.0,79.0,395,321,person,0.8594,782,207,72,183,818.0,298.5,13176,80.29,80.29,6.6,detected,0
79.0,79.0,395,324,person,0.229,1286,0,51,81,1311.5,40.5,4131,28.64,28.64,3.2,detected,0
79.0,79.0,395,334,person,0.7189,1787,258,72,161,1823.0,338.5,11592,25.71,25.71,1.2,detected,0
79.0,79.0,395,339,person,0.8806,1,692,94,250,48.0,817.0,23500,0.0,0.0,0.2,detected,0
80.0,80.0,400,105,person,0.4998,682,137,57,137,710.5,205.5,7809,59.7,59.7,59.6,detected,0
80.0,80.0,400,208,person,0.2628,1368,0,21,35,1378.5,17.5,735,22.55,7.52,36.4,detected,0
80.0,80.0,400,265,person,0.4191,1150,0,37,66,1168.5,33.0,2442,23.58,23.58,23.8,detected,0
80.0,80.0,400,274,person,0.3688,1207,0,39,77,1226.5,38.5,3003,194.64,38.93,20.4,detected,0
80.0,80.0,400,281,person,0.7136,24,365,65,184,56.5,457.0,11960,134.39,44.8,19.4,detected,0
80.0,80.0,400,290,person,0.6825,822,88,60,144,852.0,160.0,8640,52.88,52.88,14.2,detected,0
80.0,80.0,400,300,person,0.9116,1321,270,78,188,1360.0,364.0,14664,46.46,46.46,13.8,detected,0
80.0,80.0,400,302,person,0.5815,1028,75,48,136,1052.0,143.0,6528,59.96,59.96,11.4,detected,0
80.0,80.0,400,304,person,0.8806,156,410,100,212,206.0,516.0,21200,115.76,115.76,11.0,detected,0
80.0,80.0,400,306,person,0.5971,986,91,54,151,1013.0,166.5,8154,58.05,58.05,10.8,detected,0
80.0,80.0,400,307,person,0.8824,1104,255,59,193,1133.5,351.5,11387,59.9,59.9,9.8,detected,0
80.0,80.0,400,308,person,0.9186,1206,278,75,198,1243.5,377.0,14850,54.6,54.6,9.6,detected,0
80.0,80.0,400,314,person,0.9281,1415,112,83,170,1456.5,197.0,14110,41.04,41.04,8.6,detected,0
80.0,80.0,400,315,person,0.7265,122,335,65,178,154.5,424.0,11570,96.1,96.1,8.4,detected,0
80.0,80.0,400,321,person,0.8771,849,169,66,180,882.0,259.0,11880,75.21,75.21,7.6,detected,0
80.0,80.0,400,324,person,0.17,1324,-2,43,69,1345.5,32.5,2967,34.93,34.93,4.2,predicted,1
80.0,80.0,400,334,person,0.8266,1757,227,66,165,1790.0,309.5,10890,43.93,43.93,2.2,detected,0
80.0,80.0,400,339,person,0.8453,166,612,116,253,224.0,738.5,29348,192.71,192.71,1.2,detected,0
81.0,81.0,405,17,person,0.337,111,290,60,133,141.0,356.5,7980,113.14,56.57,81.0,detected,0
81.0,81.0,405,105,person,0.8234,731,108,52,136,757.0,176.0,7072,55.07,55.07,60.6,detected,0
81.0,81.0,405,265,person,0.3575,1176,-1,38,84,1195.0,41.0,3192,27.68,27.68,24.8,detected,0
81.0,81.0,405,274,person,0.4394,1175,0,45,93,1197.5,46.5,4185,30.08,30.08,21.4,detected,0
81.0,81.0,405,290,person,0.7915,866,73,54,139,893.0,142.5,7506,44.58,44.58,15.2,detected,0
81.0,81.0,405,300,person,0.8842,1307,310,80,200,1347.0,410.0,16000,47.8,47.8,14.8,detected,0
81.0,81.0,405,302,person,0.7423,1079,53,46,132,1102.0,119.0,6072,55.46,55.46,12.4,detected,0
81.0,81.0,405,304,person,0.898,330,370,95,205,377.5,472.5,19475,176.93,176.93,12.0,detected,0
81.0,81.0,405,306,person,0.6605,1037,69,49,144,1061.5,141.0,7056,54.8,54.8,11.8,detected,0
81.0,81.0,405,307,person,0.8956,1146,217,57,186,1174.5,310.0,10602,58.34,58.34,10.8,detected,0
81.0,81.0,405,308,person,0.9218,1222,238,76,188,1260.0,332.0,14288,47.93,47.93,10.6,detected,0
81.0,81.0,405,314,person,0.9098,1389,143,85,180,1431.5,233.0,15300,43.83,43.83,9.6,detected,0
81.0,81.0,405,315,person,0.8162,24,371,72,187,60.0,464.5,13464,102.81,102.81,9.4,detected,0
81.0,81.0,405,321,person,0.8947,917,142,61,171,947.5,227.5,10431,72.68,72.68,8.6,detected,0
81.0,81.0,405,324,person,0.1601,1345,-3,39,50,1364.5,22.0,1950,21.71,21.71,5.2,predicted,1
81.0,81.0,405,334,person,0.8729,1717,203,60,156,1747.0,281.0,9360,51.59,51.59,3.2,detected,0
81.0,81.0,405,339,person,0.9122,354,553,102,239,405.0,672.5,24378,192.66,192.66,2.2,detected,0
81.0,81.0,405,346,person,0.2257,1767,1,36,36,1785.0,19.0,1296,0.0,0.0,0.0,detected,0
82.0,82.0,410,17,person,0.3754,113,286,60,130,143.0,351.0,7800,5.85,5.85,82.0,detected,0
82.0,82.0,410,105,person,0.8042,771,84,52,133,797.0,150.5,6916,47.44,47.44,61.6,detected,0
82.0,82.0,410,265,person,0.1984,1204,1,28,41,1218.0,21.5,1148,30.15,30.15,25.8,detected,0
82.0,82.0,410,274,person,0.3043,1145,0,40,106,1165.0,53.0,4240,33.14,33.14,22.4,detected,0
82.0,82.0,410,281,person,0.3863,11,280,78,156,50.0,358.0,12168,99.21,49.61,21.4,detected,0
82.0,82.0,410,290,person,0.622,896,57,59,132,925.5,123.0,7788,37.9,37.9,16.2,detected,0
82.0,82.0,410,300,person,0.8844,1281,350,85,216,1323.5,458.0,18360,53.44,53.44,15.8,detected,0
82.0,82.0,410,302,person,0.6607,1123,33,47,126,1146.5,96.0,5922,50.09,50.09,13.4,detected,0
82.0,82.0,410,304,person,0.8762,488,331,81,197,528.5,429.5,15957,157.0,157.0,13.0,detected,0
82.0,82.0,410,306,person,0.5652,1082,48,46,140,1105.0,118.0,6440,49.21,49.21,12.8,detected,0
82.0,82.0,410,307,person,0.8653,1193,186,57,177,1221.5,274.5,10089,58.9,58.9,11.8,detected,0
82.0,82.0,410,308,person,0.9174,1255,200,68,184,1289.0,292.0,12512,49.41,49.41,11.6,detected,0
82.0,82.0,410,314,person,0.9305,1354,176,86,185,1397.0,268.5,15910,49.5,49.5,10.6,detected,0
82.0,82.0,410,321,person,0.8964,987,116,58,164,1016.0,198.0,9512,74.58,74.58,9.6,detected,0
82.0,82.0,410,334,person,0.8056,1669,175,62,153,1700.0,251.5,9486,55.49,55.49,4.2,detected,0
82.0,82.0,410,339,person,0.8958,521,499,96,227,569.0,612.5,21792,174.63,174.63,3.2,detected,0
82.0,82.0,410,346,person,0.3425,1813,1,45,40,1835.5,21.0,1800,50.54,50.54,1.0,detected,0
82.0,82.0,410,347,person,0.8489,1639,7,70,140,1674.0,77.0,9800,0.0,0.0,0.4,detected,0
83.0,83.0,415,17,person,0.3852,112,286,60,130,142.0,351.0,7800,1.0,1.0,83.0,detected,0
83.0,83.0,415,105,person,0.8248,801,65,55,131,828.5,130.5,7205,37.31,37.31,62.6,detected,0
83.0,83.0,415,274,person,0.1637,1110,5,32,63,1126.0,36.5,2016,42.35,42.35,23.4,detected,0
83.0,83.0,415,281,person,0.4518,12,276,78,157,51.0,354.5,12246,3.64,3.64,22.4,detected,0
83.0,83.0,415,290,person,0.747,940,35,51,131,965.5,100.5,6681,45.89,45.89,17.2,detected,0
83.0,83.0,415,300,person,0.8767,1240,404,93,223,1286.5,515.5,20739,68.38,68.38,16.8,detected,0
83.0,83.0,415,302,person,0.5277,1159,15,41,122,1179.5,76.0,5002,38.59,38.59,14.4,detected,0
83.0,83.0,415,304,person,0.8345,631,297,80,192,671.0,393.0,15360,147.1,147.1,14.0,detected,0
83.0,83.0,415,306,person,0.6216,1116,29,46,135,1139.0,96.5,6210,40.23,40.23,13.8,detected,0
83.0,83.0,415,307,person,0.8518,1245,158,53,171,1271.5,243.5,9063,58.83,58.83,12.8,detected,0
83.0,83.0,415,308,person,0.6389,1294,192,75,184,1331.5,284.0,13800,43.25,43.25,12.6,detected,0
83.0,83.0,415,314,person,0.1727,1306,209,82,193,1347.0,305.5,15826,62.2,62.2,11.6,detected,0
83.0,83.0,415,321,person,0.877,1056,92,56,158,1084.0,171.0,8848,73.16,73.16,10.6,detected,0
83.0,83.0,415,334,person,0.8273,1630,153,65,139,1662.5,222.5,9035,47.41,47.41,5.2,detected,0
83.0,83.0,415,339,person,0.8593,665,447,87,223,708.5,558.5,19401,149.59,149.59,4.2,detected,0
83.0,83.0,415,347,person,0.8559,1535,15,67,143,1568.5,86.5,9581,105.93,105.93,1.4,detected,0
83.0,83.0,415,352,person,0.8517,1784,190,75,149,1821.5,264.5,11175,0.0,0.0,0.6,detected,0
84.0,84.0,420,17,person,0.3968,111,286,61,132,141.5,352.0,8052,1.12,1.12,84.0,detected,0
84.0,84.0,420,105,person,0.6315,792,51,48,124,816.0,113.0,5952,21.51,21.51,63.6,detected,0
84.0,84.0,420,274,person,0.8268,1062,21,47,126,1085.5,84.0,5922,62.42,62.42,24.4,detected,0
84.0,84.0,420,281,person,0.5411,10,275,80,160,50.0,355.0,12800,1.12,1.12,23.4,detected,0
84.0,84.0,420,290,person,0.8314,976,21,53,123,1002.5,82.5,6519,41.15,41.15,18.2,detected,0
84.0,84.0,420,300,person,0.8289,1185,462,93,235,1231.5,579.5,21855,84.39,84.39,17.8,detected,0
84.0,84.0,420,302,person,0.3326,1185,0,42,114,1206.0,57.0,4788,32.61,32.61,15.4,detected,0
84.0,84.0,420,304,person,0.8181,766,267,79,189,805.5,361.5,14931,138.14,138.14,15.0,detected,0
84.0,84.0,420,306,person,0.3003,1149,9,41,129,1169.5,73.5,5289,38.2,38.2,14.8,detected,0
84.0,84.0,420,307,person,0.8386,1289,130,55,145,1316.5,202.5,7975,60.88,60.88,13.8,detected,0
84.0,84.0,420,308,person,0.8874,1342,142,63,166,1373.5,225.0,10458,72.42,72.42,13.6,detected,0
84.0,84.0,420,314,person,0.8955,1245,257,94,197,1292.0,355.5,18518,74.33,74.33,12.6,detected,0
84.0,84.0,420,321,person,0.8668,1107,68,57,154,1135.5,145.0,8778,57.69,57.69,11.6,detected,0
84.0,84.0,420,334,person,0.7956,1607,132,63,140,1638.5,202.0,8820,31.56,31.56,6.2,detected,0
84.0,84.0,420,339,person,0.8914,787,400,78,210,826.0,505.0,16380,129.11,129.11,5.2,detected,0
84.0,84.0,420,347,person,0.8015,1442,23,59,147,1471.5,96.5,8673,97.51,97.51,2.4,detected,0
84.0,84.0,420,352,person,0.8775,1734,162,71,147,1769.5,235.5,10437,59.54,59.54,1.6,detected,0
84.0,84.0,420,353,person,0.2031,1152,16,35,117,1169.5,74.5,4095,0.0,0.0,0.8,detected,0
84.0,84.0,420,354,person,0.1507,1181,9,44,105,1203.0,61.5,4620,0.0,0.0,0.0,detected,0
85.0,85.0,425,17,person,0.4035,111,287,60,131,141.0,352.5,7860,0.71,0.71,85.0,predicted,1
85.0,85.0,425,274,person,0.6986,1009,40,51,134,1034.5,107.0,6834,55.95,55.95,25.4,detected,0
85.0,85.0,425,281,person,0.5197,9,274,81,161,49.5,354.5,13041,0.71,0.71,24.4,predicted,1
85.0,85.0,425,290,person,0.3694,1016,2,49,121,1040.5,62.5,5929,42.94,42.94,19.2,detected,0
85.0,85.0,425,300,person,0.8964,1111,534,100,252,1161.0,660.0,25200,107.01,107.01,18.8,detected,0
85.0,85.0,425,304,person,0.6304,905,238,71,147,940.5,311.5,10437,143.96,143.96,16.0,detected,0
85.0,85.0,425,306,person,0.1876,1174,0,42,115,1195.0,57.5,4830,30.1,30.1,15.8,detected,0
85.0,85.0,425,307,person,0.8431,1327,104,54,156,1354.0,182.0,8424,42.74,42.74,14.8,detected,0
85.0,85.0,425,308,person,0.9006,1383,113,61,165,1413.5,195.5,10065,49.7,49.7,14.6,detected,0
85.0,85.0,425,314,person,0.8775,1202,298,99,209,1251.5,402.5,20691,62.04,62.04,13.6,detected,0
85.0,85.0,425,321,person,0.8631,1144,47,51,150,1169.5,122.0,7650,41.05,41.05,12.6,detected,0
85.0,85.0,425,334,person,0.8005,1596,118,55,137,1623.5,186.5,7535,21.57,21.57,7.2,detected,0
85.0,85.0,425,339,person,0.846,894,357,74,204,931.0,459.0,15096,114.63,114.63,6.2,detected,0
85.0,85.0,425,347,person,0.3435,1354,36,49,139,1378.5,105.5,6811,93.43,93.43,3.4,detected,0
85.0,85.0,425,352,person,0.8079,1702,139,68,141,1736.0,209.5,9588,42.41,42.41,2.6,detected,0
85.0,85.0,425,354,person,0.1796,1179,1,38,110,1198.0,56.0,4180,7.43,7.43,1.0,detected,0
85.0,85.0,425,356,person,0.4753,1847,180,43,148,1868.5,254.0,6364,0.0,0.0,0.0,detected,0
85.0,85.0,425,357,person,0.2315,1709,55,30,108,1724.0,109.0,3240,0.0,0.0,0.0,detected,0
86.0,86.0,430,17,person,0.3801,111,287,60,131,141.0,352.5,7860,0.0,0.0,86.0,detected,0
86.0,86.0,430,274,person,0.7619,950,60,51,136,975.5,128.0,6936,62.63,62.63,26.4,detected,0
86.0,86.0,430,281,person,0.3525,12,278,78,157,51.0,356.5,12246,2.5,2.5,25.4,detected,0
86.0,86.0,430,290,person,0.622,1049,0,50,107,1074.0,53.5,5350,34.69,34.69,20.2,detected,0
86.0,86.0,430,300,person,0.8082,1022,611,98,261,1071.0,741.5,25578,121.42,121.42,19.8,detected,0
86.0,86.0,430,304,person,0.7984,999,212,80,154,1039.0,289.0,12320,101.04,101.04,17.0,detected,0
86.0,86.0,430,307,person,0.8757,1359,80,53,152,1385.5,156.0,8056,40.84,40.84,15.8,detected,0
86.0,86.0,430,308,person,0.8925,1417,91,60,157,1447.0,169.5,9420,42.41,42.41,15.6,detected,0
86.0,86.0,430,314,person,0.9176,1149,347,105,224,1201.5,459.0,23520,75.45,75.45,14.6,detected,0
86.0,86.0,430,321,person,0.8117,1167,26,50,142,1192.0,97.0,7100,33.63,33.63,13.6,detected,0
86.0,86.0,430,334,person,0.8147,1583,103,55,136,1610.5,171.0,7480,20.23,20.23,8.2,detected,0
86.0,86.0,430,339,person,0.8844,994,319,71,197,1029.5,417.5,13987,106.89,106.89,7.2,detected,0
86.0,86.0,430,347,person,0.8483,1249,53,56,155,1277.0,130.5,8680,104.53,104.53,4.4,detected,0
86.0,86.0,430,352,person,0.7657,1667,127,61,127,1697.5,190.5,7747,42.93,42.93,3.6,detected,0
86.0,86.0,430,356,person,0.6941,1815,206,65,136,1847.5,274.0,8840,29.0,29.0,1.0,detected,0
86.0,86.0,430,357,person,0.2224,1686,74,48,106,1710.0,127.0,5088,22.8,22.8,1.0,detected,0
86.0,86.0,430,358,person,0.888,101,558,103,266,152.5,691.0,27398,0.0,0.0,0.8,detected,0
87.0,87.0,435,17,person,0.3183,111,287,60,130,141.0,352.0,7800,0.5,0.5,87.0,detected,0
87.0,87.0,435,274,person,0.8235,885,75,50,141,910.0,145.5,7050,67.8,67.8,27.4,detected,0
87.0,87.0,435,281,person,0.3103,5,275,85,160,47.5,355.0,13600,3.81,3.81,26.4,detected,0
87.0,87.0,435,290,person,0.1672,1083,0,48,90,1107.0,45.0,4320,34.08,34.08,21.2,detected,0
87.0,87.0,435,300,person,0.8645,922,695,106,285,975.0,837.5,30210,135.76,135.76,20.8,detected,0
87.0,87.0,435,304,person,0.7886,1088,179,63,171,1119.5,264.5,10773,84.15,84.15,18.0,detected,0
87.0,87.0,435,306,person,0.6404,1108,4,44,95,1130.0,51.5,4180,65.28,32.64,17.8,detected,0
87.0,87.0,435,307,person,0.8483,1392,58,49,146,1416.5,131.0,7154,39.82,39.82,16.8,detected,0
87.0,87.0,435,308,person,0.8711,1451,69,57,150,1479.5,144.0,8550,41.31,41.31,16.6,detected,0
87.0,87.0,435,314,person,0.9202,1079,401,107,238,1132.5,520.0,25466,92.1,92.1,15.6,detected,0
87.0,87.0,435,321,person,0.7837,1189,13,50,139,1214.0,82.5,6950,26.35,26.35,14.6,detected,0
87.0,87.0,435,334,person,0.7768,1570,87,60,137,1600.0,155.5,8220,18.72,18.72,9.2,detected,0
87.0,87.0,435,339,person,0.7981,1099,285,61,152,1129.5,361.0,9272,114.86,114.86,8.2,detected,0
87.0,87.0,435,347,person,0.7746,1132,66,67,145,1165.5,138.5,9715,111.79,111.79,5.4,detected,0
87.0,87.0,435,352,person,0.8778,1626,101,59,130,1655.5,166.0,7670,48.62,48.62,4.6,detected,0
87.0,87.0,435,356,person,0.8449,1790,239,77,139,1828.5,308.5,10703,39.39,39.39,2.0,detected,0
87.0,87.0,435,357,person,0.8615,1681,90,47,139,1704.5,159.5,6533,32.96,32.96,2.0,detected,0
87.0,87.0,435,358,person,0.8517,270,477,90,250,315.0,602.0,22500,185.28,185.28,1.8,detected,0
87.0,87.0,435,360,person,0.3409,1372,0,34,48,1389.0,24.0,1632,0.0,0.0,0.8,detected,0
87.0,87.0,435,361,person,0.1936,1419,0,28,49,1433.0,24.5,1372,0.0,0.0,0.2,detected,0
88.0,88.0,440,17,person,0.3041,111,287,60,130,141.0,352.0,7800,0.0,0.0,88.0,detected,0
88.0,88.0,440,274,person,0.8457,814,93,51,146,839.5,166.0,7446,73.42,73.42,28.4,detected,0
88.0,88.0,440,281,person,0.3739,7,276,83,159,48.5,355.5,13197,1.12,1.12,27.4,detected,0
88.0,88.0,440,290,person,0.5563,1118,0,48,76,1142.0,38.0,3648,35.69,35.69,22.2,detected,0
88.0,88.0,440,300,person,0.8358,812,801,112,278,868.0,940.0,31136,148.17,148.17,21.8,detected,0
88.0,88.0,440,304,person,0.8361,1161,153,58,166,1190.0,236.0,9628,76.04,76.04,19.0,detected,0
88.0,88.0,440,307,person,0.8422,1419,37,48,141,1443.0,107.5,6768,35.42,35.42,17.8,detected,0
88.0,88.0,440,308,person,0.8838,1481,47,55,147,1508.5,120.5,8085,37.33,37.33,17.6,detected,0
88.0,88.0,440,314,person,0.9215,998,464,114,258,1055.0,593.0,29412,106.47,106.47,16.6,detected,0
88.0,88.0,440,321,person,0.6818,1208,0,49,120,1232.5,60.0,5880,29.13,29.13,15.6,detected,0
88.0,88.0,440,334,person,0.7421,1575,70,57,138,1603.5,139.0,7866,16.87,16.87,10.2,detected,0
88.0,88.0,440,339,person,0.8796,1181,252,65,180,1213.5,342.0,11700,86.12,86.12,9.2,detected,0
88.0,88.0,440,347,person,0.8647,1016,86,68,156,1050.0,164.0,10608,118.28,118.28,6.4,detected,0
88.0,88.0,440,352,person,0.684,1607,88,58,127,1636.0,151.5,7366,24.3,24.3,5.6,detected,0
88.0,88.0,440,356,person,0.8391,1758,273,78,170,1797.0,358.0,13260,58.67,58.67,3.0,detected,0
88.0,88.0,440,357,person,0.8062,1669,111,58,144,1698.0,183.0,8352,24.38,24.38,3.0,detected,0
88.0,88.0,440,358,person,0.9053,410,411,82,227,451.0,524.5,18614,156.53,156.53,2.8,detected,0
88.0,88.0,440,360,person,0.4991,1335,0,41,63,1355.5,31.5,2583,34.33,34.33,1.8,detected,0
88.0,88.0,440,361,person,0.1918,1393,1,32,63,1409.0,32.5,2016,25.3,25.3,1.2,detected,0
88.0,88.0,440,367,person,0.8687,1448,987,120,93,1508.0,1033.5,11160,0.0,0.0,0.2,detected,0
88.0,88.0,440,368,person,0.2072,1888,865,31,177,1903.5,953.5,5487,0.0,0.0,0.0,detected,0
89.0,89.0,445,17,person,0.3602,111,287,60,131,141.0,352.5,7860,0.5,0.5,89.0,detected,0
89.0,89.0,445,274,person,0.8251,741,116,52,123,767.0,177.5,6396,73.41,73.41,29.4,detected,0
89.0,89.0,445,281,person,0.4059,7,275,83,161,48.5,355.5,13363,0.0,0.0,28.4,detected,0
89.0,89.0,445,290,person,0.3205,1154,0,37,60,1172.5,30.0,2220,31.53,31.53,23.2,detected,0
89.0,89.0,445,300,person,0.8766,666,928,125,152,728.5,1004.0,19000,153.48,153.48,22.8,detected,0
89.0,89.0,445,304,person,0.871,1231,129,61,164,1261.5,211.0,10004,75.74,75.74,20.0,detected,0
89.0,89.0,445,307,person,0.8593,1445,18,49,138,1469.5,87.0,6762,33.5,33.5,18.8,detected,0
89.0,89.0,445,308,person,0.8522,1503,27,54,141,1530.0,97.5,7614,31.48,31.48,18.6,detected,0
89.0,89.0,445,314,person,0.9073,908,535,126,278,971.0,674.0,35028,116.69,116.69,17.6,detected,0
89.0,89.0,445,321,person,0.5334,1225,0,44,99,1247.0,49.5,4356,17.9,17.9,16.6,detected,0
89.0,89.0,445,334,person,0.6839,1595,57,49,129,1619.5,121.5,6321,23.71,23.71,11.2,detected,0
89.0,89.0,445,339,person,0.8903,1257,222,61,175,1287.5,309.5,10675,80.82,80.82,10.2,detected,0
89.0,89.0,445,347,person,0.8712,912,102,62,161,943.0,182.5,9982,108.59,108.59,7.4,detected,0
89.0,89.0,445,352,person,0.5621,1625,71,53,124,1651.5,133.0,6572,24.14,24.14,6.6,detected,0
89.0,89.0,445,356,person,0.8961,1717,310,80,174,1757.0,397.0,13920,55.87,55.87,4.0,detected,0
89.0,89.0,445,357,person,0.8262,1673,139,64,149,1705.0,213.5,9536,31.29,31.29,4.0,detected,0
89.0,89.0,445,358,person,0.8984,539,354,77,214,577.5,461.0,16478,141.54,141.54,3.8,detected,0
89.0,89.0,445,360,person,0.5725,1305,0,39,77,1324.5,38.5,3003,31.78,31.78,2.8,detected,0
89.0,89.0,445,361,person,0.5537,1361,0,40,79,1381.0,39.5,3160,28.86,28.86,2.2,detected,0
89.0,89.0,445,367,person,0.9129,1472,867,146,213,1545.0,973.5,31098,70.49,70.49,1.2,detected,0
89.0,89.0,445,368,person,0.2649,1889,866,30,176,1904.0,954.0,5280,0.71,0.71,1.0,detected,0
90.0,90.0,450,17,person,0.3368,111,286,60,132,141.0,352.0,7920,0.5,0.5,90.0,detected,0
90.0,90.0,450,274,person,0.7762,662,141,55,138,689.5,210.0,7590,84.04,84.04,30.4,detected,0
90.0,90.0,450,281,person,0.4291,9,273,83,163,50.5,354.5,13529,2.24,2.24,29.4,detected,0
90.0,90.0,450,290,person,0.2033,1187,-2,31,50,1202.5,23.0,1550,30.81,30.81,24.2,predicted,1
90.0,90.0,450,304,person,0.7691,1298,105,58,157,1327.0,183.5,9106,71.04,71.04,21.0,detected,0
90.0,90.0,450,307,person,0.7394,1470,1,46,132,1493.0,67.0,6072,30.86,30.86,19.8,detected,0
90.0,90.0,450,308,person,0.8746,1528,9,55,137,1555.5,77.5,7535,32.41,32.41,19.6,detected,0
90.0,90.0,450,314,person,0.9074,807,625,150,285,882.0,767.5,42750,129.09,129.09,18.6,detected,0
90.0,90.0,450,321,person,0.2412,1242,0,39,79,1261.5,39.5,3081,17.61,17.61,17.6,detected,0
90.0,90.0,450,334,person,0.6677,1614,46,52,125,1640.0,108.5,6500,24.27,24.27,12.2,detected,0
90.0,90.0,450,339,person,0.8618,1333,196,62,167,1364.0,279.5,10354,82.17,82.17,11.2,detected,0
90.0,90.0,450,347,person,0.7955,812,121,60,166,842.0,204.0,9960,103.26,103.26,8.4,detected,0
90.0,90.0,450,352,person,0.6637,1662,55,51,121,1687.5,115.5,6171,40.03,40.03,7.6,detected,0
90.0,90.0,450,356,person,0.8872,1693,352,80,184,1733.0,444.0,14720,52.77,52.77,5.0,detected,0
90.0,90.0,450,357,person,0.7925,1690,169,66,157,1723.0,247.5,10362,38.47,38.47,5.0,detected,0
90.0,90.0,450,358,person,0.8644,660,302,69,208,694.5,406.0,14352,129.28,129.28,4.8,detected,0
90.0,90.0,450,360,person,0.4524,1279,0,40,91,1299.0,45.5,3640,26.44,26.44,3.8,detected,0
90.0,90.0,450,361,person,0.6002,1333,0,42,94,1354.0,47.0,3948,28.02,28.02,3.2,detected,0
90.0,90.0,450,367,person,0.9017,1538,767,134,305,1605.0,919.5,40870,80.72,80.72,2.2,detected,0
90.0,90.0,450,368,person,0.2283,1888,865,31,182,1903.5,956.0,5642,2.06,2.06,2.0,detected,0
90.0,90.0,450,373,person,0.5815,1797,343,55,184,1824.5,435.0,10120,0.0,0.0,0.6,detected,0
90.0,90.0,450,374,person,0.9195,0,478,84,213,42.0,584.5,17892,0.0,0.0,0.4,detected,0
91.0,91.0,455,17,person,0.2509,111,286,60,132,141.0,352.0,7920,0.0,0.0,91.0,detected,0
91.0,91.0,455,274,person,0.8448,578,170,55,156,605.5,248.0,8580,92.2,92.2,31.4,detected,0
91.0,91.0,455,281,person,0.3434,8,274,83,162,49.5,355.0,13446,1.12,1.12,30.4,detected,0
91.0,91.0,455,290,person,0.2221,1211,-2,30,35,1226.0,15.5,1050,24.67,24.67,25.2,detected,0
91.0,91.0,455,304,person,0.802,1348,83,55,150,1375.5,158.0,8250,54.8,54.8,22.0,detected,0
91.0,91.0,455,307,person,0.7045,1491,0,45,111,1513.5,55.5,4995,23.51,23.51,20.8,detected,0
91.0,91.0,455,308,person,0.7455,1549,0,52,125,1575.0,62.5,6500,24.6,24.6,20.6,detected,0
91.0,91.0,455,314,person,0.9008,696,717,155,317,773.5,875.5,49135,153.09,153.09,19.6,detected,0
91.0,91.0,455,334,person,0.6626,1644,34,48,126,1668.0,97.0,6048,30.27,30.27,13.2,detected,0
91.0,91.0,455,339,person,0.8794,1421,176,60,161,1451.0,256.5,9660,89.99,89.99,12.2,detected,0
91.0,91.0,455,347,person,0.787,720,145,57,112,748.5,201.0,6384,93.55,93.55,9.4,detected,0
91.0,91.0,455,352,person,0.6018,1685,40,50,121,1710.0,100.5,6050,27.04,27.04,8.6,detected,0
91.0,91.0,455,356,person,0.9152,1665,397,86,193,1708.0,493.5,16598,55.45,55.45,6.0,detected,0
91.0,91.0,455,357,person,0.7856,1706,202,66,164,1739.0,284.0,10824,39.85,39.85,6.0,detected,0
91.0,91.0,455,358,person,0.8172,756,258,64,196,788.0,356.0,12544,106.03,106.03,5.8,detected,0
91.0,91.0,455,360,person,0.5119,1250,0,43,107,1271.5,53.5,4601,28.64,28.64,4.8,detected,0
91.0,91.0,455,361,person,0.5282,1301,0,43,111,1322.5,55.5,4773,32.63,32.63,4.2,detected,0
91.0,91.0,455,367,person,0.9216,1601,686,125,292,1663.5,832.0,36500,105.25,105.25,3.2,detected,0
91.0,91.0,455,368,person,0.2154,1887,865,32,183,1903.0,956.5,5856,0.71,0.71,3.0,detected,0
91.0,91.0,455,373,person,0.8272,1762,379,69,203,1796.5,480.5,14007,53.43,53.43,1.6,detected,0
91.0,91.0,455,374,person,0.8758,114,408,102,211,165.0,513.5,21522,142.02,142.02,1.4,detected,0
91.0,91.0,455,376,person,0.8792,4,804,117,276,62.5,942.0,32292,0.0,0.0,0.6,detected,0
92.0,92.0,460,17,person,0.243,111,286,60,131,141.0,351.5,7860,0.5,0.5,92.0,detected,0
92.0,92.0,460,274,person,0.8989,481,195,56,167,509.0,278.5,9352,101.21,101.21,32.4,detected,0
92.0,92.0,460,281,person,0.3795,15,280,76,156,53.0,358.0,11856,4.61,4.61,31.4,detected,0
92.0,92.0,460,304,person,0.8535,1387,61,50,144,1412.0,133.0,7200,44.24,44.24,23.0,detected,0
92.0,92.0,460,307,person,0.3662,1513,0,43,93,1534.5,46.5,3999,22.85,22.85,21.8,detected,0
92.0,92.0,460,308,person,0.6011,1563,0,50,104,1588.0,52.0,5200,16.71,16.71,21.6,detected,0
92.0,92.0,460,314,person,0.9047,538,824,163,256,619.5,952.0,41728,171.95,171.95,20.6,detected,0
92.0,92.0,460,334,person,0.2409,1683,21,43,122,1704.5,82.0,5246,39.46,39.46,14.2,detected,0
92.0,92.0,460,339,person,0.8367,1492,154,58,163,1521.0,235.5,9454,73.08,73.08,13.2,detected,0
92.0,92.0,460,347,person,0.8565,630,169,58,132,659.0,235.0,7656,95.74,95.74,10.4,detected,0
92.0,92.0,460,356,person,0.9118,1624,448,92,202,1670.0,549.0,18584,67.26,67.26,7.0,detected,0
92.0,92.0,460,357,person,0.878,1708,238,68,171,1742.0,323.5,11628,39.61,39.61,7.0,detected,0
92.0,92.0,460,358,person,0.8799,845,217,63,186,876.5,310.0,11718,99.74,99.74,6.8,detected,0
92.0,92.0,460,360,person,0.7247,1214,5,45,119,1236.5,64.5,5355,36.69,36.69,5.8,detected,0
92.0,92.0,460,361,person,0.7158,1268,4,46,124,1291.0,66.0,5704,33.2,33.2,5.2,detected,0
92.0,92.0,460,367,person,0.9329,1661,615,117,276,1719.5,753.0,32292,96.83,96.83,4.2,detected,0
92.0,92.0,460,368,person,0.1509,1887,865,33,194,1903.5,962.0,6402,5.52,5.52,4.0,detected,0
92.0,92.0,460,373,person,0.9136,1736,430,81,214,1776.5,537.0,17334,59.94,59.94,2.6,detected,0
92.0,92.0,460,374,person,0.8932,246,355,88,198,290.0,454.0,17424,138.44,138.44,2.4,detected,0
92.0,92.0,460,376,person,0.9021,109,695,134,326,176.0,858.0,43684,141.2,141.2,1.6,detected,0
92.0,92.0,460,379,person,0.5201,1658,0,42,73,1679.0,36.5,3066,0.0,0.0,0.8,detected,0
93.0,93.0,465,17,person,0.3165,111,286,60,130,141.0,351.0,7800,0.5,0.5,93.0,detected,0
93.0,93.0,465,274,person,0.4976,385,230,59,150,414.5,305.0,8850,98.15,98.15,33.4,detected,0
93.0,93.0,465,281,person,0.4129,14,279,77,157,52.5,357.5,12089,0.71,0.71,32.4,detected,0
93.0,93.0,465,304,person,0.834,1408,38,47,140,1431.5,108.0,6580,31.71,31.71,24.0,detected,0
93.0,93.0,465,307,person,0.4455,1535,0,38,75,1554.0,37.5,2850,21.48,21.48,22.8,detected,0
93.0,93.0,465,308,person,0.4807,1574,0,38,84,1593.0,42.0,3192,11.18,11.18,22.6,detected,0
93.0,93.0,465,314,person,0.8461,391,966,149,114,465.5,1023.0,16986,169.58,169.58,21.6,detected,0
93.0,93.0,465,334,person,0.5461,1671,1,51,106,1696.5,54.0,5406,29.12,29.12,15.2,detected,0
93.0,93.0,465,339,person,0.7932,1548,129,57,147,1576.5,202.5,8379,64.57,64.57,14.2,detected,0
93.0,93.0,465,347,person,0.8949,527,199,79,184,566.5,291.0,14536,108.13,108.13,11.4,detected,0
93.0,93.0,465,352,person,0.4859,1709,7,43,117,1730.5,65.5,5031,40.56,20.28,10.6,detected,0
93.0,93.0,465,356,person,0.9119,1588,501,95,213,1635.5,607.5,20235,67.92,67.92,8.0,detected,0
93.0,93.0,465,357,person,0.8865,1699,273,70,181,1734.0,363.5,12670,40.79,40.79,8.0,detected,0
93.0,93.0,465,358,person,0.8678,928,181,62,177,959.0,269.5,10974,91.9,91.9,7.8,detected,0
93.0,93.0,465,360,person,0.7658,1187,22,42,122,1208.0,83.0,5124,33.98,33.98,6.8,detected,0
93.0,93.0,465,361,person,0.8143,1243,17,47,131,1266.5,82.5,6157,29.54,29.54,6.2,detected,0
93.0,93.0,465,367,person,0.8666,1729,559,101,248,1779.5,683.0,25048,92.2,92.2,5.2,detected,0
93.0,93.0,465,368,person,0.1934,1888,865,32,181,1904.0,955.5,5792,6.52,6.52,5.0,detected,0
93.0,93.0,465,373,person,0.9032,1688,484,84,218,1730.0,593.0,18312,72.79,72.79,3.6,detected,0
93.0,93.0,465,374,person,0.8743,353,314,84,186,395.0,407.0,15624,115.04,115.04,3.4,detected,0
93.0,93.0,465,376,person,0.9169,238,613,121,299,298.5,762.5,36179,155.33,155.33,2.6,detected,0
93.0,93.0,465,379,person,0.6403,1618,0,46,99,1641.0,49.5,4554,40.16,40.16,1.8,detected,0
94.0,94.0,470,17,person,0.2072,111,285,60,131,141.0,350.5,7860,0.5,0.5,94.0,detected,0
94.0,94.0,470,274,person,0.8217,297,265,64,183,329.0,356.5,11712,99.81,99.81,34.4,detected,0
94.0,94.0,470,281,person,0.4065,13,278,78,158,52.0,357.0,12324,0.71,0.71,33.4,detected,0
94.0,94.0,470,304,person,0.8352,1429,24,48,130,1453.0,89.0,6240,28.69,28.69,25.0,detected,0
94.0,94.0,470,334,person,0.676,1635,0,46,117,1658.0,58.5,5382,38.76,38.76,16.2,detected,0
94.0,94.0,470,339,person,0.8125,1603,107,55,135,1630.5,174.5,7425,60.83,60.83,15.2,detected,0
94.0,94.0,470,347,person,0.8461,428,231,69,178,462.5,320.0,12282,107.97,107.97,12.4,detected,0
94.0,94.0,470,352,person,0.2893,1719,0,52,80,1745.0,40.0,4160,29.33,29.33,11.6,detected,0
94.0,94.0,470,356,person,0.9203,1535,563,102,223,1586.0,674.5,22746,83.3,83.3,9.0,detected,0
94.0,94.0,470,357,person,0.9034,1679,312,74,190,1716.0,407.0,14060,47.08,47.08,9.0,detected,0
94.0,94.0,470,358,person,0.8583,1012,149,63,168,1043.5,233.0,10584,92.05,92.05,8.8,detected,0
94.0,94.0,470,360,person,0.7749,1161,38,48,128,1185.0,102.0,6144,29.83,29.83,7.8,detected,0
94.0,94.0,470,361,person,0.834,1214,34,44,132,1236.0,100.0,5808,35.16,35.16,7.2,detected,0
94.0,94.0,470,367,person,0.7918,1790,505,70,162,1825.0,586.0,11340,107.14,107.14,6.2,detected,0
94.0,94.0,470,373,person,0.9183,1645,546,93,238,1691.5,665.0,22134,81.65,81.65,4.6,detected,0
94.0,94.0,470,374,person,0.8409,448,281,68,181,482.0,371.5,12308,93.96,93.96,4.4,detected,0
94.0,94.0,470,376,person,0.8887,358,542,108,278,412.0,681.0,30024,139.73,139.73,3.6,detected,0
94.0,94.0,470,379,person,0.743,1584,0,50,119,1609.0,59.5,5950,33.53,33.53,2.8,detected,0
94.0,94.0,470,381,person,0.3443,1672,0,36,74,1690.0,37.0,2664,0.0,0.0,0.6,detected,0
95.0,95.0,475,17,person,0.4179,112,286,60,131,142.0,351.5,7860,1.41,1.41,95.0,detected,0
95.0,95.0,475,274,person,0.8283,207,310,65,190,239.5,405.0,12350,101.8,101.8,35.4,detected,0
95.0,95.0,475,281,person,0.5173,14,276,76,160,52.0,356.0,12160,1.0,1.0,34.4,detected,0
95.0,95.0,475,304,person,0.7575,1467,4,48,129,1491.0,68.5,6192,43.18,43.18,26.0,detected,0
95.0,95.0,475,334,person,0.6582,1611,13,47,133,1634.5,79.5,6251,31.52,31.52,17.2,detected,0
95.0,95.0,475,339,person,0.8645,1652,88,55,142,1679.5,159.0,7810,51.39,51.39,16.2,detected,0
95.0,95.0,475,347,person,0.89,337,263,67,209,370.5,367.5,14003,103.54,103.54,13.4,detected,0
95.0,95.0,475,356,person,0.9377,1470,635,116,232,1528.0,751.0,26912,96.0,96.0,10.0,detected,0
95.0,95.0,475,357,person,0.8894,1649,357,75,199,1686.5,456.5,14925,57.62,57.62,10.0,detected,0
95.0,95.0,475,358,person,0.7645,1091,119,57,161,1119.5,199.5,9177,83.06,83.06,9.8,detected,0
95.0,95.0,475,360,person,0.8247,1132,55,45,128,1154.5,119.0,5760,34.92,34.92,8.8,detected,0
95.0,95.0,475,361,person,0.8396,1186,49,44,137,1208.0,117.5,6028,33.02,33.02,8.2,detected,0
95.0,95.0,475,367,person,0.188,1833,488,34,113,1850.0,544.5,3842,48.45,48.45,7.2,predicted,1
95.0,95.0,475,368,person,0.1741,1889,865,30,174,1904.0,952.0,5220,3.5,1.75,7.0,detected,0
95.0,95.0,475,373,person,0.9235,1638,621,100,253,1688.0,747.5,25300,82.57,82.57,5.6,detected,0
95.0,95.0,475,374,person,0.884,508,241,76,175,546.0,328.5,13300,77.1,77.1,5.4,detected,0
95.0,95.0,475,376,person,0.8976,460,478,94,256,507.0,606.0,24064,121.04,121.04,4.6,detected,0
95.0,95.0,475,379,person,0.8139,1556,15,58,131,1585.0,80.5,7598,31.89,31.89,3.8,detected,0
95.0,95.0,475,381,person,0.441,1649,0,43,90,1670.5,45.0,3870,21.08,21.08,1.6,detected,0
95.0,95.0,475,383,person,0.91,1379,892,126,186,1442.0,985.0,23436,0.0,0.0,0.8,detected,0
95.0,95.0,475,384,person,0.7729,936,1025,88,55,980.0,1052.5,4840,0.0,0.0,0.4,detected,0
96.0,96.0,480,274,person,0.8862,101,353,76,205,139.0,455.5,15580,112.47,112.47,36.4,detected,0
96.0,96.0,480,281,person,0.4191,15,280,77,155,53.5,357.5,11935,2.12,2.12,35.4,detected,0
96.0,96.0,480,304,person,0.4253,1526,0,38,87,1545.0,43.5,3306,59.51,59.51,27.0,detected,0
96.0,96.0,480,308,person,0.3117,1599,0,21,23,1609.5,11.5,483,34.68,11.56,25.6,detected,0
96.0,96.0,480,334,person,0.8348,1589,34,53,140,1615.5,104.0,7420,31.0,31.0,18.2,detected,0
96.0,96.0,480,339,person,0.5385,1696,69,45,138,1718.5,138.0,6210,44.29,44.29,17.2,detected,0
96.0,96.0,480,347,person,0.849,246,302,74,219,283.0,411.5,16206,97.94,97.94,14.4,detected,0
96.0,96.0,480,356,person,0.9346,1412,715,109,248,1466.5,839.0,27032,107.36,107.36,11.0,detected,0
96.0,96.0,480,357,person,0.8774,1617,408,79,208,1656.5,512.0,16432,63.09,63.09,11.0,detected,0
96.0,96.0,480,358,person,0.8594,1151,92,54,155,1178.0,169.5,8370,65.74,65.74,10.8,detected,0
96.0,96.0,480,360,person,0.7934,1091,73,48,132,1115.0,139.0,6336,44.27,44.27,9.8,detected,0
96.0,96.0,480,361,person,0.1974,1160,66,37,90,1178.5,111.0,3330,30.21,30.21,9.2,detected,0
96.0,96.0,480,368,person,0.2082,1890,865,29,174,1904.5,952.0,5046,0.5,0.5,8.0,detected,0
96.0,96.0,480,373,person,0.9298,1640,709,109,238,1694.5,828.0,25942,80.76,80.76,6.6,detected,0
96.0,96.0,480,374,person,0.7851,578,204,73,136,614.5,272.0,9928,88.79,88.79,6.4,detected,0
96.0,96.0,480,376,person,0.9264,544,421,83,247,585.5,544.5,20501,99.72,99.72,5.6,detected,0
96.0,96.0,480,379,person,0.7792,1535,35,58,133,1564.0,101.5,7714,29.7,29.7,4.8,detected,0
96.0,96.0,480,381,person,0.7688,1634,0,45,118,1656.5,59.0,5310,19.8,19.8,2.6,detected,0
96.0,96.0,480,383,person,0.9269,1489,762,116,300,1547.0,912.0,34800,127.88,127.88,1.8,detected,0
96.0,96.0,480,384,person,0.8044,919,966,139,114,988.5,1023.0,15846,30.7,30.7,1.4,detected,0
96.0,96.0,480,388,person,0.3747,1397,0,34,44,1414.0,22.0,1496,0.0,0.0,0.4,detected,0
97.0,97.0,485,274,person,0.886,3,403,68,218,37.0,512.0,14824,116.6,116.6,37.4,detected,0
97.0,97.0,485,281,person,0.5044,12,277,79,157,51.5,355.5,12403,2.83,2.83,36.4,detected,0
97.0,97.0,485,334,person,0.8402,1565,53,56,148,1593.0,127.0,8288,32.18,32.18,19.2,detected,0
97.0,97.0,485,347,person,0.8721,121,342,99,227,170.5,455.5,22473,120.8,120.8,15.4,detected,0
97.0,97.0,485,356,person,0.9483,1351,804,124,268,1413.0,938.0,33232,112.53,112.53,12.0,detected,0
97.0,97.0,485,357,person,0.8607,1563,462,83,218,1604.5,571.0,18094,78.64,78.64,12.0,detected,0
97.0,97.0,485,358,person,0.8721,1198,67,54,150,1225.0,142.0,8100,54.45,54.45,11.8,detected,0
97.0,97.0,485,360,person,0.8554,1047,91,50,143,1072.0,162.5,7150,49.0,49.0,10.8,detected,0
97.0,97.0,485,361,person,0.9015,1112,86,45,143,1134.5,157.5,6435,64.02,64.02,10.2,detected,0
97.0,97.0,485,368,person,0.2162,1890,865,29,174,1904.5,952.0,5046,0.0,0.0,9.0,detected,0
97.0,97.0,485,373,person,0.8834,1641,808,104,256,1693.0,936.0,26624,108.01,108.01,7.6,detected,0
97.0,97.0,485,374,person,0.8061,657,170,69,106,691.5,223.0,7314,91.27,91.27,7.4,detected,0
97.0,97.0,485,376,person,0.9105,615,370,77,231,653.5,485.5,17787,90.03,90.03,6.6,detected,0
97.0,97.0,485,379,person,0.7806,1518,57,51,138,1543.5,126.0,7038,31.95,31.95,5.8,detected,0
97.0,97.0,485,381,person,0.6767,1610,9,46,130,1633.0,74.0,5980,27.88,27.88,3.6,detected,0
97.0,97.0,485,383,person,0.9021,1569,651,107,295,1622.5,798.5,31565,136.32,136.32,2.8,detected,0
97.0,97.0,485,384,person,0.6569,987,910,116,169,1045.0,994.5,19604,63.28,63.28,2.4,detected,0
97.0,97.0,485,388,person,0.4585,1367,2,32,61,1383.0,32.5,1952,32.73,32.73,1.4,detected,0
97.0,97.0,485,396,person,0.5111,789,47,35,127,806.5,110.5,4445,0.0,0.0,0.0,detected,0
98.0,98.0,490,17,person,0.3826,112,286,60,132,142.0,352.0,7920,0.5,0.17,98.0,detected,0
98.0,98.0,490,281,person,0.4411,12,276,78,158,51.0,355.0,12324,0.71,0.71,37.4,detected,0
98.0,98.0,490,304,person,0.7506,1674,0,55,99,1701.5,49.5,5445,156.61,78.31,29.0,detected,0
98.0,98.0,490,334,person,0.9099,1537,79,63,152,1568.5,155.0,9576,37.21,37.21,20.2,detected,0
98.0,98.0,490,347,person,0.8155,1,387,64,219,33.0,496.5,14016,143.48,143.48,16.4,detected,0
98.0,98.0,490,356,person,0.9329,1314,903,130,177,1379.0,991.5,23010,63.39,63.39,13.0,detected,0
98.0,98.0,490,357,person,0.8868,1496,519,85,232,1538.5,635.0,19720,91.93,91.93,13.0,detected,0
98.0,98.0,490,358,person,0.8809,1234,43,53,144,1260.5,115.0,7632,44.6,44.6,12.8,detected,0
98.0,98.0,490,360,person,0.8384,999,114,53,142,1025.5,185.0,7526,51.66,51.66,11.8,detected,0
98.0,98.0,490,361,person,0.8775,1070,106,45,151,1092.5,181.5,6795,48.37,48.37,11.2,detected,0
98.0,98.0,490,368,person,0.2392,1890,865,29,175,1904.5,952.5,5075,0.5,0.5,10.0,detected,0
98.0,98.0,490,373,person,0.8325,1588,904,121,176,1648.5,992.0,21296,71.53,71.53,8.6,detected,0
98.0,98.0,490,374,person,0.6406,738,140,67,97,771.5,188.5,6499,87.12,87.12,8.4,detected,0
98.0,98.0,490,376,person,0.8981,677,327,72,221,713.0,437.5,15912,76.45,76.45,7.6,detected,0
98.0,98.0,490,379,person,0.8831,1486,81,56,143,1514.0,152.5,8008,39.65,39.65,6.8,detected,0
98.0,98.0,490,381,person,0.8316,1584,29,44,134,1606.0,96.0,5896,34.83,34.83,4.6,detected,0
98.0,98.0,490,383,person,0.9267,1642,563,102,267,1693.0,696.5,27234,123.99,123.99,3.8,detected,0
98.0,98.0,490,384,person,0.8486,1028,853,105,227,1080.5,966.5,23835,45.21,45.21,3.4,detected,0
98.0,98.0,490,388,person,0.6039,1329,1,49,82,1353.5,42.0,4018,30.99,30.99,2.4,detected,0
98.0,98.0,490,396,person,0.756,795,62,55,132,822.5,128.0,7260,23.71,23.71,1.0,detected,0
99.0,99.0,495,17,person,0.3722,112,286,60,132,142.0,352.0,7920,0.0,0.0,99.0,detected,0
99.0,99.0,495,281,person,0.5113,14,278,77,157,52.5,356.5,12089,2.12,2.12,38.4,detected,0
99.0,99.0,495,334,person,0.2212,1542,74,78,137,1581.0,142.5,10686,17.68,17.68,21.2,detected,0
99.0,99.0,495,356,person,0.8379,1283,1019,111,61,1338.5,1049.5,6771,70.74,70.74,14.0,detected,0
99.0,99.0,495,357,person,0.9222,1407,589,94,245,1454.0,711.5,23030,113.98,113.98,14.0,detected,0
99.0,99.0,495,358,person,0.767,1270,22,50,137,1295.0,90.5,6850,42.31,42.31,13.8,detected,0
99.0,99.0,495,360,person,0.8893,959,138,56,147,987.0,211.5,8232,46.74,46.74,12.8,detected,0
99.0,99.0,495,361,person,0.8471,1028,127,50,155,1053.0,204.5,7750,45.71,45.71,12.2,detected,0
99.0,99.0,495,368,person,0.2958,1891,865,28,175,1905.0,952.5,4900,0.5,0.5,11.0,detected,0
99.0,99.0,495,373,person,0.6289,1516,986,118,94,1575.0,1033.0,11092,84.16,84.16,9.6,detected,0
99.0,99.0,495,374,person,0.889,819,110,61,144,849.5,182.0,8784,78.27,78.27,9.4,detected,0
99.0,99.0,495,376,person,0.85,756,290,66,210,789.0,395.0,13860,87.08,87.08,8.6,detected,0
99.0,99.0,495,379,person,0.8604,1455,106,68,151,1489.0,181.5,10268,38.29,38.29,7.8,detected,0
99.0,99.0,495,381,person,0.6311,1560,52,43,126,1581.5,115.0,5418,31.0,31.0,5.6,detected,0
99.0,99.0,495,383,person,0.9103,1712,486,95,251,1759.5,611.5,23845,107.92,107.92,4.8,detected,0
99.0,99.0,495,388,person,0.2989,1291,1,59,98,1320.5,50.0,5782,33.96,33.96,3.4,detected,0
99.0,99.0,495,396,person,0.8434,764,81,54,134,791.0,148.0,7236,37.31,37.31,2.0,detected,0
99.0,99.0,495,403,person,0.6042,1851,158,44,153,1873.0,234.5,6732,0.0,0.0,0.6,detected,0
99.0,99.0,495,404,person,0.9289,1512,106,71,158,1547.5,185.0,11218,0.0,0.0,0.6,detected,0
99.0,99.0,495,406,person,0.8203,1025,794,111,275,1080.5,931.5,30525,0.0,0.0,0.2,detected,0
100.0,100.0,500,17,person,0.3377,112,286,60,132,142.0,352.0,7920,0.0,0.0,100.0,detected,0
100.0,100.0,500,281,person,0.55,11,275,79,161,50.5,355.5,12719,2.24,2.24,39.4,detected,0
100.0,100.0,500,334,person,0.9011,1492,136,72,165,1528.0,218.5,11880,92.66,92.66,22.2,detected,0
100.0,100.0,500,357,person,0.8741,1300,665,92,262,1346.0,796.0,24104,137.13,137.13,15.0,detected,0
100.0,100.0,500,358,person,0.8079,1301,1,48,133,1325.0,67.5,6384,37.8,37.8,14.8,detected,0
100.0,100.0,500,360,person,0.8487,918,162,58,152,947.0,238.0,8816,47.98,47.98,13.8,detected,0
100.0,100.0,500,361,person,0.8846,988,153,53,159,1014.5,232.5,8427,47.61,47.61,13.2,detected,0
100.0,100.0,500,374,person,0.6473,887,84,61,132,917.5,150.0,8052,75.15,75.15,10.4,detected,0
100.0,100.0,500,376,person,0.8756,844,256,65,203,876.5,357.5,13195,95.2,95.2,9.6,detected,0
100.0,100.0,500,379,person,0.7664,1435,139,65,157,1467.5,217.5,10205,41.93,41.93,8.8,detected,0
100.0,100.0,500,381,person,0.823,1532,74,56,135,1560.0,141.5,7560,34.12,34.12,6.6,detected,0
100.0,100.0,500,383,person,0.8108,1777,420,86,232,1820.0,536.0,19952,96.75,96.75,5.8,detected,0
100.0,100.0,500,388,person,0.7193,1254,1,50,123,1279.0,62.5,6150,43.34,43.34,4.4,detected,0
100.0,100.0,500,396,person,0.7963,696,102,62,144,727.0,174.0,8928,69.08,69.08,3.0,detected,0
100.0,100.0,500,403,person,0.7233,1823,175,66,168,1856.0,259.0,11088,29.82,29.82,1.6,detected,0
100.0,100.0,500,406,person,0.7759,1051,748,110,273,1106.0,884.5,30030,53.47,53.47,1.2,detected,0
101.0,101.0,505,17,person,0.4286,112,286,60,132,142.0,352.0,7920,0.0,0.0,101.0,detected,0
101.0,101.0,505,281,person,0.6111,13,275,77,161,51.5,355.5,12397,1.0,1.0,40.4,detected,0
101.0,101.0,505,334,person,0.9131,1463,169,65,173,1495.5,255.5,11245,49.25,49.25,23.2,detected,0
101.0,101.0,505,357,person,0.872,1169,753,98,278,1218.0,892.0,27244,160.0,160.0,16.0,detected,0
101.0,101.0,505,358,person,0.8387,1320,0,48,111,1344.0,55.5,5328,22.47,22.47,15.8,detected,0
101.0,101.0,505,360,person,0.8208,869,189,56,146,897.0,262.0,8176,55.46,55.46,14.8,detected,0
101.0,101.0,505,361,person,0.2122,937,181,54,118,964.0,240.0,6372,51.05,51.05,14.2,detected,0
101.0,101.0,505,368,person,0.2422,1889,865,31,176,1904.5,953.0,5456,0.71,0.35,13.0,detected,0
101.0,101.0,505,374,person,0.7976,949,64,58,132,978.0,130.0,7656,63.72,63.72,11.4,detected,0
101.0,101.0,505,376,person,0.8585,930,223,66,198,963.0,322.0,13068,93.5,93.5,10.6,detected,0
101.0,101.0,505,379,person,0.8929,1408,173,60,162,1438.0,254.0,9720,46.93,46.93,9.8,detected,0
101.0,101.0,505,381,person,0.842,1491,99,51,129,1516.5,163.5,6579,48.75,48.75,7.6,detected,0
101.0,101.0,505,388,person,0.8432,1215,11,55,135,1242.5,78.5,7425,39.85,39.85,5.4,detected,0
101.0,101.0,505,396,person,0.8169,619,132,64,147,651.0,205.5,9408,82.27,82.27,4.0,detected,0
101.0,101.0,505,403,person,0.7956,1799,207,81,159,1839.5,286.5,12879,32.07,32.07,2.6,detected,0
101.0,101.0,505,406,person,0.7637,1073,700,106,274,1126.0,837.0,29044,51.54,51.54,2.2,detected,0
101.0,101.0,505,409,person,0.7278,1610,986,79,94,1649.5,1033.0,7426,0.0,0.0,0.2,detected,0
101.0,101.0,505,411,person,0.2493,933,182,54,160,960.0,262.0,8640,0.0,0.0,0.0,detected,0
102.0,102.0,510,17,person,0.4248,112,286,60,132,142.0,352.0,7920,0.0,0.0,102.0,detected,0
102.0,102.0,510,281,person,0.6069,15,277,74,159,52.0,356.5,11766,1.12,1.12,41.4,detected,0
102.0,102.0,510,334,person,0.9064,1419,202,64,183,1451.0,293.5,11712,58.52,58.52,24.2,detected,0
102.0,102.0,510,357,person,0.8687,1019,850,94,230,1066.0,965.0,21620,168.62,168.62,17.0,detected,0
102.0,102.0,510,358,person,0.6895,1335,0,47,90,1358.5,45.0,4230,17.9,17.9,16.8,detected,0
102.0,102.0,510,360,person,0.8631,812,218,63,162,843.5,299.0,10206,65.05,65.05,15.8,detected,0
102.0,102.0,510,361,person,0.8801,890,208,56,174,918.0,295.0,9744,71.7,71.7,15.2,detected,0
102.0,102.0,510,368,person,0.2923,1890,866,29,174,1904.5,953.0,5046,0.0,0.0,14.0,detected,0
102.0,102.0,510,374,person,0.7728,1004,39,54,128,1031.0,103.0,6912,59.48,59.48,12.4,detected,0
102.0,102.0,510,376,person,0.8793,1000,199,62,185,1031.0,291.5,11470,74.53,74.53,11.6,detected,0
102.0,102.0,510,379,person,0.8586,1365,204,59,171,1394.5,289.5,10089,56.15,56.15,10.8,detected,0
102.0,102.0,510,381,person,0.8092,1443,126,53,128,1469.5,190.0,6784,53.96,53.96,8.6,detected,0
102.0,102.0,510,384,person,0.8046,1079,657,108,241,1133.0,777.5,26028,196.16,49.04,7.4,detected,0
102.0,102.0,510,388,person,0.8176,1171,30,55,145,1198.5,102.5,7975,50.12,50.12,6.4,detected,0
102.0,102.0,510,396,person,0.8869,536,162,72,154,572.0,239.0,11088,85.81,85.81,5.0,detected,0
102.0,102.0,510,403,person,0.8384,1772,237,83,177,1813.5,325.5,14691,46.87,46.87,3.6,detected,0
102.0,102.0,510,409,person,0.8319,1515,873,158,207,1594.0,976.5,32706,79.2,79.2,1.2,detected,0
103.0,103.0,515,17,person,0.3584,112,286,60,131,142.0,351.5,7860,0.5,0.5,103.0,detected,0
103.0,103.0,515,281,person,0.513,12,275,79,161,51.5,355.5,12719,1.12,1.12,42.4,detected,0
103.0,103.0,515,334,person,0.9036,1364,243,70,189,1399.0,337.5,13230,68.12,68.12,25.2,detected,0
103.0,103.0,515,357,person,0.7576,803,948,112,132,859.0,1014.0,14784,212.72,212.72,18.0,detected,0
103.0,103.0,515,358,person,0.2086,1356,0,36,71,1374.0,35.5,2556,18.18,18.18,17.8,detected,0
103.0,103.0,515,360,person,0.8592,747,247,64,171,779.0,332.5,10944,72.68,72.68,16.8,detected,0
103.0,103.0,515,361,person,0.892,835,240,63,179,866.5,329.5,11277,61.99,61.99,16.2,detected,0
103.0,103.0,515,368,person,0.2668,1889,865,30,174,1904.0,952.0,5220,1.12,1.12,15.0,detected,0
103.0,103.0,515,374,person,0.775,1050,20,51,120,1075.5,80.0,6120,50.09,50.09,13.4,detected,0
103.0,103.0,515,376,person,0.7861,1057,173,58,175,1086.0,260.5,10150,63.13,63.13,12.6,detected,0
103.0,103.0,515,379,person,0.8829,1304,240,65,181,1336.5,330.5,11765,71.03,71.03,11.8,detected,0
103.0,103.0,515,381,person,0.8061,1387,155,53,129,1413.5,219.5,6837,63.29,63.29,9.6,detected,0
103.0,103.0,515,384,person,0.3547,1092,619,106,249,1145.0,743.5,26394,36.06,36.06,8.4,detected,0
103.0,103.0,515,388,person,0.7204,1123,53,59,149,1152.5,127.5,8791,52.35,52.35,7.4,detected,0
103.0,103.0,515,396,person,0.8626,448,191,69,160,482.5,271.0,11040,95.05,95.05,6.0,detected,0
103.0,103.0,515,403,person,0.8722,1739,269,84,185,1781.0,361.5,15540,48.5,48.5,4.6,detected,0
103.0,103.0,515,409,person,0.8854,1478,750,148,328,1552.0,914.0,48544,75.3,75.3,2.2,detected,0
103.0,103.0,515,415,person,0.773,1840,132,54,145,1867.0,204.5,7830,0.0,0.0,0.4,detected,0
104.0,104.0,520,17,person,0.3962,112,286,60,131,142.0,351.5,7860,0.0,0.0,104.0,detected,0
104.0,104.0,520,281,person,0.4906,15,277,76,159,53.0,356.5,12084,1.8,1.8,43.4,detected,0
104.0,104.0,520,334,person,0.8733,1313,285,70,198,1348.0,384.0,13860,69.02,69.02,26.2,detected,0
104.0,104.0,520,357,person,0.3536,573,1022,86,58,616.0,1051.0,4988,245.8,245.8,19.0,detected,0
104.0,104.0,520,358,person,0.1874,1386,-3,32,55,1402.0,24.5,1760,30.08,30.08,18.8,predicted,1
104.0,104.0,520,360,person,0.809,667,279,67,178,700.5,368.0,11926,86.15,86.15,17.8,detected,0
104.0,104.0,520,361,person,0.8968,758,274,66,187,791.0,367.5,12342,84.52,84.52,17.2,detected,0
104.0,104.0,520,368,person,0.1652,1886,865,33,195,1902.5,962.5,6435,10.61,10.61,16.0,detected,0
104.0,104.0,520,374,person,0.6569,1088,0,51,99,1113.5,49.5,5049,48.73,48.73,14.4,detected,0
104.0,104.0,520,376,person,0.7701,1118,141,57,174,1146.5,228.0,9918,68.68,68.68,13.6,detected,0
104.0,104.0,520,379,person,0.8877,1249,285,68,189,1283.0,379.5,12852,72.55,72.55,12.8,detected,0
104.0,104.0,520,381,person,0.8062,1330,185,55,133,1357.5,251.5,7315,64.5,64.5,10.6,detected,0
104.0,104.0,520,384,person,0.8778,1146,581,87,242,1189.5,702.0,21054,60.85,60.85,9.4,detected,0
104.0,104.0,520,388,person,0.7295,1077,77,70,139,1112.0,146.5,9730,44.74,44.74,8.4,detected,0
104.0,104.0,520,396,person,0.8642,351,228,73,168,387.5,312.0,12264,103.47,103.47,7.0,detected,0
104.0,104.0,520,403,person,0.1549,1710,308,86,190,1753.0,403.0,16340,50.06,50.06,5.6,detected,0
104.0,104.0,520,409,person,0.9323,1505,640,116,314,1563.0,797.0,36424,117.52,117.52,3.2,detected,0
104.0,104.0,520,414,person,0.3268,1809,211,66,112,1842.0,267.0,7392,0.0,0.0,1.4,detected,0
104.0,104.0,520,415,person,0.6328,1800,177,72,168,1836.0,261.0,12096,64.45,64.45,1.4,detected,0
105.0,105.0,525,17,person,0.3705,112,287,60,131,142.0,352.5,7860,1.0,1.0,105.0,detected,0
105.0,105.0,525,281,person,0.3782,15,279,76,157,53.0,357.5,11932,1.0,1.0,44.4,detected,0
105.0,105.0,525,334,person,0.8945,1246,335,86,207,1289.0,438.5,17802,80.32,80.32,27.2,detected,0
105.0,105.0,525,358,person,0.1639,1419,-3,29,39,1433.5,16.5,1131,32.5,32.5,19.8,predicted,1
105.0,105.0,525,360,person,0.8427,591,313,69,184,625.5,405.0,12696,83.63,83.63,18.8,detected,0
105.0,105.0,525,361,person,0.8675,672,309,71,196,707.5,407.0,13916,92.37,92.37,18.2,detected,0
105.0,105.0,525,374,person,0.6754,1126,0,48,93,1150.0,46.5,4464,36.62,36.62,15.4,detected,0
105.0,105.0,525,376,person,0.8279,1173,117,57,168,1201.5,201.0,9576,61.27,61.27,14.6,detected,0
105.0,105.0,525,379,person,0.8822,1180,329,82,199,1221.0,428.5,16318,79.03,79.03,13.8,detected,0
105.0,105.0,525,381,person,0.8818,1272,218,60,145,1302.0,290.5,8700,67.83,67.83,11.6,detected,0
105.0,105.0,525,384,person,0.7977,1191,545,81,233,1231.5,661.5,18873,58.35,58.35,10.4,detected,0
105.0,105.0,525,388,person,0.6361,1021,99,65,161,1053.5,179.5,10465,67.17,67.17,9.4,detected,0
105.0,105.0,525,396,person,0.7752,252,270,78,176,291.0,358.0,13728,106.9,106.9,8.0,detected,0
105.0,105.0,525,403,person,0.882,1683,351,95,197,1730.5,449.5,18715,51.66,51.66,6.6,detected,0
105.0,105.0,525,409,person,0.9379,1481,548,115,285,1538.5,690.5,32775,109.28,109.28,4.2,detected,0
105.0,105.0,525,414,person,0.6686,1768,182,65,130,1800.5,247.0,8450,46.07,46.07,2.4,detected,0
105.0,105.0,525,415,person,0.3167,1822,241,56,112,1850.0,297.0,6272,38.63,38.63,2.4,detected,0
105.0,105.0,525,418,person,0.1514,1789,257,70,168,1824.0,341.0,11760,0.0,0.0,0.4,detected,0
105.0,105.0,525,419,person,0.3006,1813,358,58,180,1842.0,448.0,10440,0.0,0.0,0.4,detected,0
105.0,105.0,525,421,person,0.8602,15,505,89,233,59.5,621.5,20737,0.0,0.0,0.2,detected,0
106.0,106.0,530,17,person,0.1604,111,287,58,131,140.0,352.5,7598,2.0,2.0,106.0,predicted,1
106.0,106.0,530,281,person,0.412,8,273,84,163,50.0,354.5,13692,4.24,4.24,45.4,detected,0
106.0,106.0,530,334,person,0.1674,1190,388,87,220,1233.5,498.0,19140,81.37,81.37,28.2,detected,0
106.0,106.0,530,360,person,0.8289,512,352,73,192,548.5,448.0,14016,88.19,88.19,19.8,detected,0
106.0,106.0,530,361,person,0.8723,588,354,83,201,629.5,454.5,16683,91.32,91.32,19.2,detected,0
106.0,106.0,530,374,person,0.4293,1158,0,44,74,1180.0,37.0,3256,31.47,31.47,16.4,detected,0
106.0,106.0,530,376,person,0.8161,1206,94,55,162,1233.5,175.0,8910,41.23,41.23,15.6,detected,0
106.0,106.0,530,379,person,0.8723,1126,382,74,206,1163.0,485.0,15244,80.97,80.97,14.8,detected,0
106.0,106.0,530,381,person,0.8785,1213,257,62,157,1244.0,335.5,9734,73.41,73.41,12.6,detected,0
106.0,106.0,530,384,person,0.8023,1239,517,83,134,1280.5,584.0,11122,91.69,91.69,11.4,detected,0
106.0,106.0,530,388,person,0.7036,961,125,66,169,994.0,209.5,11154,66.64,66.64,10.4,detected,0
106.0,106.0,530,396,person,0.4461,144,312,86,175,187.0,399.5,15050,111.97,111.97,9.0,detected,0
106.0,106.0,530,403,person,0.8764,1661,396,94,208,1708.0,500.0,19552,55.29,55.29,7.6,detected,0
106.0,106.0,530,409,person,0.912,1485,477,95,267,1532.5,610.5,25365,80.22,80.22,5.2,detected,0
106.0,106.0,530,414,person,0.7494,1739,217,67,161,1772.5,297.5,10787,57.74,57.74,3.4,detected,0
106.0,106.0,530,415,person,0.7724,1795,370,67,169,1828.5,454.5,11323,158.96,158.96,3.4,detected,0
106.0,106.0,530,418,person,0.596,1780,281,63,163,1811.5,362.5,10269,24.87,24.87,1.4,detected,0
106.0,106.0,530,421,person,0.7023,142,438,103,224,193.5,550.0,23072,151.88,151.88,1.2,detected,0
106.0,106.0,530,422,person,0.6097,1699,334,89,127,1743.5,397.5,11303,0.0,0.0,0.8,detected,0
107.0,107.0,535,17,person,0.3208,112,286,60,131,142.0,351.5,7860,2.24,2.24,107.0,detected,0
107.0,107.0,535,334,person,0.9087,1122,448,93,233,1168.5,564.5,21669,92.99,92.99,29.2,detected,0
107.0,107.0,535,360,person,0.8223,422,398,81,197,462.5,496.5,15957,98.73,98.73,20.8,detected,0
107.0,107.0,535,361,person,0.8504,502,399,77,211,540.5,504.5,16247,102.08,102.08,20.2,detected,0
107.0,107.0,535,374,person,0.336,1188,0,35,53,1205.5,26.5,1855,27.58,27.58,17.4,detected,0
107.0,107.0,535,376,person,0.7729,1245,74,52,155,1271.0,151.5,8060,44.25,44.25,16.6,detected,0
107.0,107.0,535,379,person,0.8735,1052,448,79,219,1091.5,557.5,17301,101.83,101.83,15.8,detected,0
107.0,107.0,535,381,person,0.8772,1148,299,66,172,1181.0,385.0,11352,80.12,80.12,13.6,detected,0
107.0,107.0,535,384,person,0.8558,1266,489,89,147,1310.5,562.5,13083,36.91,36.91,12.4,detected,0
107.0,107.0,535,388,person,0.7632,891,155,67,174,924.5,242.0,11658,76.72,76.72,11.4,detected,0
107.0,107.0,535,396,person,0.7909,35,367,85,196,77.5,465.0,16660,127.6,127.6,10.0,detected,0
107.0,107.0,535,403,person,0.8806,1635,443,103,223,1686.5,554.5,22969,58.59,58.59,8.6,detected,0
107.0,107.0,535,409,person,0.9134,1495,414,90,248,1540.0,538.0,22320,72.89,72.89,6.2,detected,0
107.0,107.0,535,414,person,0.6965,1718,250,68,179,1752.0,339.5,12172,46.74,46.74,4.4,detected,0
107.0,107.0,535,415,person,0.9012,1774,448,81,201,1814.5,548.5,16281,95.04,95.04,4.4,detected,0
107.0,107.0,535,418,person,0.7472,1734,334,71,191,1769.5,429.5,13561,79.08,79.08,2.4,detected,0
107.0,107.0,535,421,person,0.8291,240,381,84,210,282.0,486.0,17640,109.22,109.22,2.2,detected,0
107.0,107.0,535,422,person,0.2813,1625,394,98,167,1674.0,477.5,16366,105.97,105.97,1.8,detected,0
107.0,107.0,535,423,person,0.418,1622,401,87,111,1665.5,456.5,9657,0.0,0.0,0.0,detected,0
108.0,108.0,540,17,person,0.4083,111,286,61,133,141.5,352.5,8113,1.12,1.12,108.0,detected,0
108.0,108.0,540,281,person,0.3682,10,275,80,161,50.0,355.5,12880,1.0,0.5,47.4,detected,0
108.0,108.0,540,334,person,0.9252,1041,517,105,247,1093.5,640.5,25935,106.78,106.78,30.2,detected,0
108.0,108.0,540,360,person,0.8188,321,446,88,207,365.0,549.5,18216,110.97,110.97,21.8,detected,0
108.0,108.0,540,361,person,0.8293,409,450,85,220,451.5,560.0,18700,104.89,104.89,21.2,detected,0
108.0,108.0,540,374,person,0.156,1221,0,24,36,1233.0,18.0,864,28.78,28.78,18.4,detected,0
108.0,108.0,540,376,person,0.8174,1291,54,56,152,1319.0,130.0,8512,52.6,52.6,17.6,detected,0
108.0,108.0,540,379,person,0.8744,963,520,87,238,1006.5,639.0,20706,117.76,117.76,16.8,detected,0
108.0,108.0,540,381,person,0.8845,1080,344,69,190,1114.5,439.0,13110,85.66,85.66,14.6,detected,0
108.0,108.0,540,384,person,0.8535,1291,462,89,179,1335.5,551.5,15931,27.31,27.31,13.4,detected,0
108.0,108.0,540,388,person,0.6967,816,186,75,182,853.5,277.0,13650,79.16,79.16,12.4,detected,0
108.0,108.0,540,396,person,0.4049,-20,495,30,136,-5.0,563.0,4080,128.1,128.1,11.0,predicted,1
108.0,108.0,540,403,person,0.9243,1600,496,112,226,1656.0,609.0,25312,62.45,62.45,9.6,detected,0
108.0,108.0,540,409,person,0.8632,1528,359,83,192,1569.5,455.0,15936,88.09,88.09,7.2,detected,0
108.0,108.0,540,414,person,0.7808,1692,288,73,146,1728.5,361.0,10658,31.85,31.85,5.4,detected,0
108.0,108.0,540,415,person,0.9163,1753,491,90,211,1798.0,596.5,18990,50.76,50.76,5.4,detected,0
108.0,108.0,540,418,person,0.8457,1697,389,70,208,1732.0,493.0,14560,73.75,73.75,3.4,detected,0
108.0,108.0,540,421,person,0.5625,316,333,80,173,356.0,419.5,13840,99.49,99.49,3.2,detected,0
108.0,108.0,540,422,person,0.8943,1546,461,88,239,1590.0,580.5,21032,132.91,132.91,2.8,detected,0
109.0,109.0,545,17,person,0.3769,112,286,60,132,142.0,352.0,7920,0.71,0.71,109.0,detected,0
109.0,109.0,545,281,person,0.3701,14,279,76,157,52.0,357.5,11932,2.83,2.83,48.4,detected,0
109.0,109.0,545,334,person,0.8992,952,594,114,272,1009.0,730.0,31008,123.09,123.09,31.2,detected,0
109.0,109.0,545,360,person,0.1638,213,500,95,216,260.5,608.0,20520,119.76,119.76,22.8,detected,0
109.0,109.0,545,361,person,0.9055,307,503,106,234,360.0,620.0,24804,109.42,109.42,22.2,detected,0
109.0,109.0,545,374,person,0.2326,1242,0,30,18,1257.0,9.0,540,25.63,25.63,19.4,detected,0
109.0,109.0,545,376,person,0.8076,1332,36,50,150,1357.0,111.0,7500,42.49,42.49,18.6,detected,0
109.0,109.0,545,379,person,0.8941,866,595,98,258,915.0,724.0,25284,124.89,124.89,17.8,detected,0
109.0,109.0,545,381,person,0.88,1000,402,71,203,1035.5,503.5,14413,101.99,101.99,15.6,detected,0
109.0,109.0,545,384,person,0.8418,1317,440,84,205,1359.0,542.5,17220,25.16,25.16,14.4,detected,0
109.0,109.0,545,388,person,0.7823,746,222,75,194,783.5,319.0,14550,81.63,81.63,13.4,detected,0
109.0,109.0,545,403,person,0.9197,1572,544,117,236,1630.5,662.0,27612,58.82,58.82,10.6,detected,0
109.0,109.0,545,409,person,0.8776,1570,314,83,217,1611.5,422.5,18011,53.11,53.11,8.2,detected,0
109.0,109.0,545,414,person,0.6995,1667,328,77,167,1705.5,411.5,12859,55.49,55.49,6.4,detected,0
109.0,109.0,545,415,person,0.922,1731,541,93,224,1777.5,653.0,20832,60.1,60.1,6.4,detected,0
109.0,109.0,545,418,person,0.6193,1653,455,69,186,1687.5,548.0,12834,70.75,70.75,4.4,detected,0
109.0,109.0,545,421,person,0.7772,388,285,74,186,425.0,378.0,13764,80.52,80.52,4.2,detected,0
109.0,109.0,545,422,person,0.923,1457,540,114,255,1514.0,667.5,29070,115.52,115.52,3.8,detected,0
109.0,109.0,545,423,person,0.177,1659,348,78,201,1698.0,448.5,15678,33.47,16.74,2.0,detected,0
110.0,110.0,550,17,person,0.3772,112,286,60,132,142.0,352.0,7920,0.0,0.0,110.0,detected,0
110.0,110.0,550,281,person,0.4503,16,280,74,156,53.0,358.0,11544,1.12,1.12,49.4,detected,0
110.0,110.0,550,334,person,0.9007,865,691,115,290,922.5,836.0,33350,136.81,136.81,32.2,detected,0
110.0,110.0,550,360,person,0.8421,84,560,101,232,134.5,676.0,23432,143.18,143.18,23.8,detected,0
110.0,110.0,550,361,person,0.8566,186,567,122,251,247.0,692.5,30622,134.26,134.26,23.2,detected,0
110.0,110.0,550,376,person,0.7571,1351,18,51,144,1376.5,90.0,7344,28.66,28.66,19.6,detected,0
110.0,110.0,550,379,person,0.8845,766,686,115,280,823.5,826.0,32200,137.03,137.03,18.8,detected,0
110.0,110.0,550,381,person,0.8859,920,464,77,231,958.5,579.5,17787,108.19,108.19,16.6,detected,0
110.0,110.0,550,384,person,0.8139,1326,422,87,210,1369.5,527.0,18270,18.72,18.72,15.4,detected,0
110.0,110.0,550,388,person,0.1638,661,266,80,201,701.0,366.5,16080,95.2,95.2,14.4,detected,0
110.0,110.0,550,403,person,0.9103,1555,603,107,254,1608.5,730.0,27178,71.47,71.47,11.6,detected,0
110.0,110.0,550,409,person,0.7638,1621,274,74,214,1658.0,381.0,15836,62.33,62.33,9.2,detected,0
110.0,110.0,550,414,person,0.8769,1622,406,81,187,1662.5,499.5,15147,97.94,97.94,7.4,detected,0
110.0,110.0,550,415,person,0.9163,1702,608,100,237,1752.0,726.5,23700,77.8,77.8,7.4,detected,0
110.0,110.0,550,418,person,0.8328,1580,523,82,135,1621.0,590.5,11070,78.92,78.92,5.4,detected,0
110.0,110.0,550,421,person,0.7811,460,243,74,179,497.0,332.5,13246,85.17,85.17,5.2,detected,0
110.0,110.0,550,422,person,0.9158,1438,637,132,281,1504.0,777.5,37092,110.45,110.45,4.8,detected,0
111.0,111.0,555,17,person,0.5073,112,287,60,130,142.0,352.0,7800,0.0,0.0,111.0,detected,0
111.0,111.0,555,281,person,0.5569,15,279,76,157,53.0,357.5,11932,0.5,0.5,50.4,detected,0
111.0,111.0,555,334,person,0.9125,770,805,125,272,832.5,941.0,34000,138.29,138.29,33.2,detected,0
111.0,111.0,555,360,person,0.6953,0,650,61,207,30.5,753.5,12627,129.7,129.7,24.8,detected,0
111.0,111.0,555,361,person,0.897,38,636,127,263,101.5,767.5,33401,163.69,163.69,24.2,detected,0
111.0,111.0,555,376,person,0.8618,1363,2,48,138,1387.0,71.0,6624,21.71,21.71,20.6,detected,0
111.0,111.0,555,379,person,0.872,661,794,125,282,723.5,935.0,35250,147.92,147.92,19.8,detected,0
111.0,111.0,555,381,person,0.908,835,535,85,248,877.5,659.0,21080,113.5,113.5,17.6,detected,0
111.0,111.0,555,384,person,0.898,1340,402,91,203,1385.5,503.5,18473,28.43,28.43,16.4,detected,0
111.0,111.0,555,388,person,0.8378,567,306,84,217,609.0,414.5,18228,103.77,103.77,15.4,detected,0
111.0,111.0,555,403,person,0.2646,1535,678,121,236,1595.5,796.0,28556,67.27,67.27,12.6,detected,0
111.0,111.0,555,409,person,0.9041,1672,236,71,198,1707.5,335.0,14058,67.57,67.57,10.2,detected,0
111.0,111.0,555,414,person,0.8945,1572,412,89,221,1616.5,522.5,19669,51.43,51.43,8.4,detected,0
111.0,111.0,555,415,person,0.8854,1693,680,100,235,1743.0,797.5,23500,71.57,71.57,8.4,detected,0
111.0,111.0,555,418,person,0.9013,1497,604,85,176,1539.5,692.0,14960,130.17,130.17,6.4,detected,0
111.0,111.0,555,421,person,0.7236,532,206,65,170,564.5,291.0,11050,79.24,79.24,6.2,detected,0
111.0,111.0,555,422,person,0.9017,1472,762,148,303,1546.0,913.5,44844,142.34,142.34,5.8,detected,0
111.0,111.0,555,425,person,0.298,1885,865,34,210,1902.0,970.0,7140,0.0,0.0,1.4,detected,0
111.0,111.0,555,428,person,0.1988,1309,0,30,60,1324.0,30.0,1800,0.0,0.0,0.2,detected,0
112.0,112.0,560,17,person,0.5497,112,287,60,130,142.0,352.0,7800,0.0,0.0,112.0,detected,0
112.0,112.0,560,281,person,0.6123,15,279,75,157,52.5,357.5,11775,0.5,0.5,51.4,detected,0
112.0,112.0,560,334,person,0.8923,651,941,131,139,716.5,1010.5,18209,135.23,135.23,34.2,detected,0
112.0,112.0,560,376,person,0.8879,1382,0,47,120,1405.5,60.0,5640,21.52,21.52,21.6,detected,0
112.0,112.0,560,379,person,0.8904,539,923,115,157,596.5,1001.5,18055,143.36,143.36,20.8,detected,0
112.0,112.0,560,381,person,0.9166,730,618,93,264,776.5,750.0,24552,135.95,135.95,18.6,detected,0
112.0,112.0,560,384,person,0.842,1371,379,80,198,1411.0,478.0,15840,36.06,36.06,17.4,detected,0
112.0,112.0,560,388,person,0.8978,458,362,93,221,504.5,472.5,20553,119.52,119.52,16.4,detected,0
112.0,112.0,560,403,person,0.9109,1510,763,133,259,1576.5,892.5,34447,98.35,98.35,13.6,detected,0
112.0,112.0,560,409,person,0.8296,1717,200,69,195,1751.5,297.5,13455,57.81,57.81,11.2,detected,0
112.0,112.0,560,414,person,0.919,1450,445,97,227,1498.5,558.5,22019,123.37,123.37,9.4,detected,0
112.0,112.0,560,415,person,0.1808,1662,768,102,188,1713.0,862.0,19176,71.14,71.14,9.4,detected,0
112.0,112.0,560,418,person,0.89,1404,692,94,265,1451.0,824.5,24910,159.34,159.34,7.4,detected,0
112.0,112.0,560,421,person,0.7835,607,174,60,153,637.0,250.5,9180,83.05,83.05,7.2,detected,0
112.0,112.0,560,422,person,0.8271,1556,911,155,169,1633.5,995.5,26195,119.92,119.92,6.8,detected,0
112.0,112.0,560,425,person,0.2425,1888,865,31,207,1903.5,968.5,6417,2.12,2.12,2.4,detected,0
112.0,112.0,560,428,person,0.4836,1285,0,43,75,1306.5,37.5,3225,19.04,19.04,1.2,detected,0
112.0,112.0,560,431,person,0.7447,1663,766,103,233,1714.5,882.5,23999,0.0,0.0,0.6,detected,0
113.0,113.0,565,17,person,0.5859,112,287,60,130,142.0,352.0,7800,0.0,0.0,113.0,detected,0
113.0,113.0,565,281,person,0.5618,15,280,75,156,52.5,358.0,11700,0.5,0.5,52.4,detected,0
113.0,113.0,565,376,person,0.8263,1408,0,45,101,1430.5,50.5,4545,26.74,26.74,22.6,detected,0
113.0,113.0,565,381,person,0.919,595,715,106,280,648.0,855.0,29680,165.94,165.94,19.6,detected,0
113.0,113.0,565,384,person,0.873,1394,358,77,183,1432.5,449.5,14091,35.7,35.7,18.4,detected,0
113.0,113.0,565,388,person,0.8984,330,414,110,242,385.0,535.0,26620,134.86,134.86,17.4,detected,0
113.0,113.0,565,403,person,0.9423,1471,862,141,218,1541.5,971.0,30738,85.95,85.95,14.6,detected,0
113.0,113.0,565,409,person,0.8982,1740,171,66,187,1773.0,264.5,12342,39.39,39.39,12.2,detected,0
113.0,113.0,565,414,person,0.7676,1298,470,91,194,1343.5,567.0,17654,155.23,155.23,10.4,detected,0
113.0,113.0,565,415,person,0.7488,1621,872,115,207,1678.5,975.5,23805,118.63,118.63,10.4,detected,0
113.0,113.0,565,418,person,0.9093,1310,805,95,271,1357.5,940.5,25745,148.99,148.99,8.4,detected,0
113.0,113.0,565,421,person,0.8514,683,145,74,133,720.0,211.5,9842,91.71,91.71,8.2,detected,0
113.0,113.0,565,425,person,0.2664,1888,866,31,192,1903.5,962.0,5952,6.5,6.5,3.4,detected,0
113.0,113.0,565,428,person,0.5795,1278,0,41,92,1298.5,46.0,3772,11.67,11.67,2.2,detected,0
113.0,113.0,565,434,person,0.4932,1264,0,54,94,1291.0,47.0,5076,0.0,0.0,0.6,detected,0
114.0,114.0,570,17,person,0.5217,112,287,60,130,142.0,352.0,7800,0.0,0.0,114.0,detected,0
114.0,114.0,570,281,person,0.5801,15,281,75,155,52.5,358.5,11625,0.5,0.5,53.4,detected,0
114.0,114.0,570,376,person,0.5705,1433,0,48,84,1457.0,42.0,4032,27.83,27.83,23.6,detected,0
114.0,114.0,570,381,person,0.919,445,823,112,257,501.0,951.5,28784,175.84,175.84,20.6,detected,0
114.0,114.0,570,384,person,0.8803,1407,337,79,193,1446.5,433.5,15247,21.26,21.26,19.4,detected,0
114.0,114.0,570,388,person,0.9252,165,469,120,256,225.0,597.0,30720,171.59,171.59,18.4,detected,0
114.0,114.0,570,403,person,0.9137,1416,976,138,104,1485.0,1028.0,14352,80.26,80.26,15.6,detected,0
114.0,114.0,570,409,person,0.8972,1729,141,65,177,1761.5,229.5,11505,36.84,36.84,13.2,detected,0
114.0,114.0,570,414,person,0.7956,1135,494,87,227,1178.5,607.5,19749,169.9,169.9,11.4,detected,0
114.0,114.0,570,415,person,0.8822,1598,987,97,93,1646.5,1033.5,9021,66.24,66.24,11.4,detected,0
114.0,114.0,570,418,person,0.892,1198,949,96,131,1246.0,1014.5,12576,133.82,133.82,9.4,detected,0
114.0,114.0,570,421,person,0.2607,750,124,55,107,777.5,177.5,5885,66.8,66.8,9.2,detected,0
114.0,114.0,570,425,person,0.2913,1887,866,32,212,1903.0,972.0,6784,10.01,10.01,4.4,detected,0
114.0,114.0,570,428,person,0.8203,1265,0,45,109,1287.5,54.5,4905,13.9,13.9,3.2,detected,0
114.0,114.0,570,439,person,0.5787,1189,0,33,35,1205.5,17.5,1155,0.0,0.0,0.6,detected,0
115.0,115.0,575,17,person,0.569,112,287,60,130,142.0,352.0,7800,0.0,0.0,115.0,detected,0
115.0,115.0,575,281,person,0.6073,15,281,75,155,52.5,358.5,11625,0.0,0.0,54.4,detected,0
115.0,115.0,575,381,person,0.8211,269,960,108,120,323.0,1020.0,12960,190.73,190.73,21.6,detected,0
115.0,115.0,575,384,person,0.8912,1414,316,77,182,1452.5,407.0,14014,27.17,27.17,20.4,detected,0
115.0,115.0,575,388,person,0.2977,4,535,107,263,57.5,666.5,28141,181.35,181.35,19.4,detected,0
115.0,115.0,575,409,person,0.899,1703,113,63,168,1734.5,197.0,10584,42.25,42.25,14.2,detected,0
115.0,115.0,575,414,person,0.9026,967,518,106,237,1020.0,636.5,25122,161.13,161.13,12.4,detected,0
115.0,115.0,575,421,person,0.79,810,99,57,140,838.5,169.0,7980,61.59,61.59,10.2,detected,0
115.0,115.0,575,428,person,0.8408,1251,8,51,123,1276.5,69.5,6273,18.6,18.6,4.2,detected,0
115.0,115.0,575,439,person,0.5696,1125,0,42,42,1146.0,21.0,1764,59.6,59.6,1.6,detected,0
115.0,115.0,575,443,person,0.489,1469,0,30,67,1484.0,33.5,2010,0.0,0.0,0.8,detected,0
115.0,115.0,575,445,person,0.2019,1410,0,26,18,1423.0,9.0,468,0.0,0.0,0.4,detected,0
115.0,115.0,575,446,person,0.2235,1385,0,18,15,1394.0,7.5,270,0.0,0.0,0.2,detected,0
116.0,116.0,580,17,person,0.4002,112,287,60,133,142.0,353.5,7980,1.5,1.5,116.0,detected,0
116.0,116.0,580,281,person,0.5469,15,281,74,155,52.0,358.5,11470,0.5,0.5,55.4,detected,0
116.0,116.0,580,384,person,0.8846,1404,297,77,184,1442.5,389.0,14168,20.59,20.59,21.4,detected,0
116.0,116.0,580,388,person,0.9034,56,393,99,205,105.5,495.5,20295,177.61,177.61,20.4,detected,0
116.0,116.0,580,409,person,0.8999,1666,92,62,163,1697.0,173.5,10106,44.25,44.25,15.2,detected,0
116.0,116.0,580,414,person,0.678,795,551,117,242,853.5,672.0,28314,170.24,170.24,13.4,detected,0
116.0,116.0,580,421,person,0.8094,871,76,54,141,898.0,146.5,7614,63.61,63.61,11.2,detected,0
116.0,116.0,580,428,person,0.9031,1240,25,53,127,1266.5,88.5,6731,21.47,21.47,5.2,detected,0
116.0,116.0,580,439,person,0.1825,1062,0,38,43,1081.0,21.5,1634,65.0,65.0,2.6,detected,0
116.0,116.0,580,443,person,0.7536,1490,0,29,49,1504.5,24.5,1421,22.39,22.39,1.8,detected,0
116.0,116.0,580,445,person,0.6845,1382,0,27,30,1395.5,15.0,810,28.15,28.15,1.4,detected,0
116.0,116.0,580,446,person,0.5604,1353,0,21,29,1363.5,14.5,609,31.29,31.29,1.2,detected,0
116.0,116.0,580,450,person,0.2727,1207,0,22,32,1218.0,16.0,704,0.0,0.0,0.6,detected,0
117.0,117.0,585,17,person,0.5198,112,286,58,131,141.0,351.5,7598,2.24,2.24,117.0,detected,0
117.0,117.0,585,281,person,0.6166,14,279,78,157,53.0,357.5,12246,1.41,1.41,56.4,detected,0
117.0,117.0,585,384,person,0.9051,1413,280,77,179,1451.5,369.5,13783,21.48,21.48,22.4,detected,0
117.0,117.0,585,388,person,0.9176,163,345,91,199,208.5,444.5,18109,114.93,114.93,21.4,detected,0
117.0,117.0,585,409,person,0.9131,1642,72,62,157,1673.0,150.5,9734,33.24,33.24,16.2,detected,0
117.0,117.0,585,414,person,0.8562,611,586,126,252,674.0,712.0,31752,183.9,183.9,14.4,detected,0
117.0,117.0,585,428,person,0.8387,1226,42,51,131,1251.5,107.5,6681,24.21,24.21,6.2,detected,0
117.0,117.0,585,443,person,0.6994,1508,0,25,33,1520.5,16.5,825,17.89,17.89,2.8,detected,0
117.0,117.0,585,444,person,0.3532,912,71,87,130,955.5,136.0,11310,0.0,0.0,2.8,detected,0
117.0,117.0,585,445,person,0.6779,1354,0,30,46,1369.0,23.0,1380,27.68,27.68,2.4,detected,0
117.0,117.0,585,446,person,0.6995,1322,0,22,45,1333.0,22.5,990,31.53,31.53,2.2,detected,0
117.0,117.0,585,450,person,0.2728,1184,0,20,43,1194.0,21.5,860,24.62,24.62,1.6,detected,0
117.0,117.0,585,453,person,0.722,1165,0,31,50,1180.5,25.0,1550,0.0,0.0,0.0,detected,0
118.0,118.0,590,17,person,0.5235,112,286,60,131,142.0,351.5,7860,1.0,1.0,118.0,detected,0
118.0,118.0,590,281,person,0.638,14,279,78,157,53.0,357.5,12246,0.0,0.0,57.4,detected,0
118.0,118.0,590,384,person,0.8546,1425,262,71,172,1460.5,348.0,12212,23.31,23.31,23.4,detected,0
118.0,118.0,590,388,person,0.9009,250,310,89,191,294.5,405.5,16999,94.43,94.43,22.4,detected,0
118.0,118.0,590,409,person,0.9045,1642,53,58,153,1671.0,129.5,8874,21.1,21.1,17.2,detected,0
118.0,118.0,590,414,person,0.9042,405,625,130,261,470.0,755.5,33930,208.59,208.59,15.4,detected,0
118.0,118.0,590,421,person,0.8406,978,37,51,129,1003.5,101.5,6579,114.7,57.35,13.2,detected,0
118.0,118.0,590,428,person,0.8601,1204,62,51,133,1229.5,128.5,6783,30.41,30.41,7.2,detected,0
118.0,118.0,590,443,person,0.3307,1515,0,22,19,1526.0,9.5,418,8.9,8.9,3.8,detected,0
118.0,118.0,590,445,person,0.4505,1316,0,36,61,1334.0,30.5,2196,35.79,35.79,3.4,detected,0
118.0,118.0,590,446,person,0.7019,1287,0,31,61,1302.5,30.5,1891,31.53,31.53,3.2,detected,0
118.0,118.0,590,453,person,0.6766,1126,0,34,69,1143.0,34.5,2346,38.68,38.68,1.0,detected,0
118.0,118.0,590,454,person,0.5838,1280,940,111,139,1335.5,1009.5,15429,0.0,0.0,0.4,detected,0
118.0,118.0,590,455,person,0.1709,1888,866,31,177,1903.5,954.5,5487,0.0,0.0,0.0,detected,0
119.0,119.0,595,17,person,0.5052,112,287,61,131,142.5,352.5,7991,1.12,1.12,119.0,detected,0
119.0,119.0,595,281,person,0.5063,15,280,77,156,53.5,358.0,12012,0.71,0.71,58.4,detected,0
119.0,119.0,595,384,person,0.8595,1423,247,69,169,1457.5,331.5,11661,16.77,16.77,24.4,detected,0
119.0,119.0,595,388,person,0.8943,332,280,93,186,378.5,373.0,17298,90.07,90.07,23.4,detected,0
119.0,119.0,595,409,person,0.8888,1665,38,52,149,1691.0,112.5,7748,26.25,26.25,18.2,detected,0
119.0,119.0,595,414,person,0.1756,183,675,120,272,243.0,811.0,32640,233.69,233.69,16.4,detected,0
119.0,119.0,595,421,person,0.8435,1027,18,52,125,1053.0,80.5,6500,53.77,53.77,14.2,detected,0
119.0,119.0,595,428,person,0.8766,1170,82,53,138,1196.5,151.0,7314,39.94,39.94,8.2,detected,0
119.0,119.0,595,445,person,0.6575,1281,0,45,77,1303.5,38.5,3465,31.53,31.53,4.4,detected,0
119.0,119.0,595,446,person,0.5811,1245,0,37,77,1263.5,38.5,2849,39.81,39.81,4.2,detected,0
119.0,119.0,595,454,person,0.9029,1357,822,110,256,1412.0,950.0,28160,96.91,96.91,1.4,detected,0
119.0,119.0,595,455,person,0.3026,1890,866,30,173,1905.0,952.5,5190,2.5,2.5,1.0,detected,0
119.0,119.0,595,456,person,0.7213,1068,0,51,87,1093.5,43.5,4437,0.0,0.0,0.6,detected,0
119.0,119.0,595,459,person,0.7113,1702,674,95,246,1749.5,797.0,23370,0.0,0.0,0.4,detected,0
119.0,119.0,595,460,person,0.1868,1696,673,102,325,1747.0,835.5,33150,0.0,0.0,0.4,detected,0
120.0,120.0,600,17,person,0.57,112,286,61,132,142.5,352.0,8052,0.5,0.5,120.0,detected,0
120.0,120.0,600,281,person,0.6035,15,279,77,157,53.5,357.5,12089,0.5,0.5,59.4,detected,0
120.0,120.0,600,384,person,0.8258,1434,229,66,165,1467.0,311.5,10890,22.14,22.14,25.4,detected,0
120.0,120.0,600,388,person,0.9166,416,248,89,179,460.5,337.5,15931,89.35,89.35,24.4,detected,0
120.0,120.0,600,409,person,0.8504,1685,20,52,143,1711.0,91.5,7436,29.0,29.0,19.2,detected,0
120.0,120.0,600,414,person,0.3888,4,732,108,271,58.0,867.5,29268,193.44,193.44,17.4,detected,0
120.0,120.0,600,421,person,0.8388,1069,0,48,121,1093.0,60.5,5808,44.72,44.72,15.2,detected,0
120.0,120.0,600,428,person,0.8077,1127,101,60,140,1157.0,171.0,8400,44.27,44.27,9.2,detected,0
120.0,120.0,600,445,person,0.7417,1238,0,44,95,1260.0,47.5,4180,44.42,44.42,5.4,detected,0
120.0,120.0,600,446,person,0.8054,1203,0,44,93,1225.0,46.5,4092,39.32,39.32,5.2,detected,0
120.0,120.0,600,454,person,0.9316,1411,723,109,301,1465.5,873.5,32809,93.35,93.35,2.4,detected,0
120.0,120.0,600,455,person,0.2601,1888,865,31,194,1903.5,962.0,6014,9.62,9.62,2.0,detected,0
120.0,120.0,600,456,person,0.8628,1017,0,54,110,1044.0,55.0,5940,50.82,50.82,1.6,detected,0
120.0,120.0,600,459,person,0.9258,1703,585,107,259,1756.5,714.5,27713,82.8,82.8,1.4,detected,0
120.0,120.0,600,461,person,0.459,1286,0,28,46,1300.0,23.0,1288,0.0,0.0,0.6,detected,0
120.0,120.0,600,465,person,0.2469,1178,0,22,32,1189.0,16.0,704,0.0,0.0,0.2,detected,0
120.0,120.0,600,467,person,0.5434,0,735,50,270,25.0,870.0,13500,0.0,0.0,0.0,detected,0
121.0,121.0,605,17,person,0.5418,112,286,61,132,142.5,352.0,8052,0.0,0.0,121.0,detected,0
121.0,121.0,605,281,person,0.6309,15,280,78,156,54.0,358.0,12168,0.71,0.71,60.4,detected,0
121.0,121.0,605,384,person,0.8696,1449,214,69,162,1483.5,295.0,11178,23.33,23.33,26.4,detected,0
121.0,121.0,605,388,person,0.9134,488,221,84,170,530.0,306.0,14280,76.31,76.31,25.4,detected,0
121.0,121.0,605,409,person,0.6743,1716,5,47,137,1739.5,73.5,6439,33.71,33.71,20.2,detected,0
121.0,121.0,605,421,person,0.6991,1107,0,48,101,1131.0,50.5,4848,39.29,39.29,16.2,detected,0
121.0,121.0,605,428,person,0.871,1103,122,55,145,1130.5,194.5,7975,35.42,35.42,10.2,detected,0
121.0,121.0,605,445,person,0.2009,1220,0,33,84,1236.5,42.0,2772,24.14,24.14,6.4,detected,0
121.0,121.0,605,446,person,0.8713,1183,0,45,113,1205.5,56.5,5085,21.91,21.91,6.2,detected,0
121.0,121.0,605,454,person,0.8761,1460,637,97,283,1508.5,778.5,27451,104.28,104.28,3.4,detected,0
121.0,121.0,605,455,person,0.1622,1888,866,31,182,1903.5,957.0,5642,5.0,5.0,3.0,detected,0
121.0,121.0,605,456,person,0.8123,976,2,53,134,1002.5,69.0,7102,43.8,43.8,2.6,detected,0
121.0,121.0,605,459,person,0.9298,1725,512,97,258,1773.5,641.0,25026,75.44,75.44,2.4,detected,0
121.0,121.0,605,461,person,0.5073,1279,0,29,56,1293.5,28.0,1624,8.2,8.2,1.6,detected,0
121.0,121.0,605,465,person,0.816,1157,0,39,86,1176.5,43.0,3354,29.75,29.75,1.2,detected,0
122.0,122.0,610,17,person,0.512,112,286,60,132,142.0,352.0,7920,0.5,0.5,122.0,detected,0
122.0,122.0,610,281,person,0.7039,15,279,75,157,52.5,357.5,11775,1.58,1.58,61.4,detected,0
122.0,122.0,610,384,person,0.8297,1461,201,70,160,1496.0,281.0,11200,18.77,18.77,27.4,detected,0
122.0,122.0,610,388,person,0.9077,558,193,73,170,594.5,278.0,12410,70.32,70.32,26.4,detected,0
122.0,122.0,610,409,person,0.2725,1752,-11,46,42,1775.0,10.0,1932,72.75,72.75,21.2,predicted,1
122.0,122.0,610,421,person,0.8372,1135,0,44,127,1157.0,63.5,5588,29.07,29.07,17.2,detected,0
122.0,122.0,610,428,person,0.881,1074,148,57,155,1102.5,225.5,8835,41.77,41.77,11.2,detected,0
122.0,122.0,610,445,person,0.7272,1218,0,32,70,1234.0,35.0,2240,7.43,7.43,7.4,detected,0
122.0,122.0,610,446,person,0.8628,1167,7,44,128,1189.0,71.0,5632,21.97,21.97,7.2,detected,0
122.0,122.0,610,454,person,0.9065,1494,562,88,264,1538.0,694.0,23232,89.5,89.5,4.4,detected,0
122.0,122.0,610,456,person,0.8533,924,21,54,140,951.0,91.0,7560,56.0,56.0,3.6,detected,0
122.0,122.0,610,459,person,0.9243,1761,450,90,240,1806.0,570.0,21600,78.08,78.08,3.4,detected,0
122.0,122.0,610,461,person,0.3504,1256,0,38,75,1275.0,37.5,2850,20.8,20.8,2.6,detected,0
122.0,122.0,610,470,person,0.176,1246,3,37,73,1264.5,39.5,2701,0.0,0.0,0.0,detected,0
123.0,123.0,615,17,person,0.5903,112,287,60,131,142.0,352.5,7860,0.5,0.5,123.0,detected,0
123.0,123.0,615,281,person,0.7239,14,278,75,158,51.5,357.0,11850,1.12,1.12,62.4,detected,0
123.0,123.0,615,384,person,0.8564,1475,188,70,162,1510.0,269.0,11340,18.44,18.44,28.4,detected,0
123.0,123.0,615,388,person,0.9079,622,169,67,144,655.5,241.0,9648,71.34,71.34,27.4,detected,0
123.0,123.0,615,421,person,0.8277,1090,10,49,140,1114.5,80.0,6860,45.59,45.59,18.2,detected,0
123.0,123.0,615,428,person,0.8957,1040,176,61,162,1070.5,257.0,9882,44.9,44.9,12.2,detected,0
123.0,123.0,615,445,person,0.6388,1177,0,44,89,1199.0,44.5,3916,36.27,36.27,8.4,detected,0
123.0,123.0,615,446,person,0.8642,1126,16,48,138,1150.0,85.0,6624,41.44,41.44,8.2,detected,0
123.0,123.0,615,454,person,0.9266,1516,494,85,244,1558.5,616.0,20740,80.65,80.65,5.4,detected,0
123.0,123.0,615,456,person,0.8221,863,44,55,143,890.5,115.5,7865,65.27,65.27,4.6,detected,0
123.0,123.0,615,459,person,0.3298,1804,420,63,204,1835.5,522.0,12852,56.34,56.34,4.4,detected,0
123.0,123.0,615,465,person,0.1526,1094,0,44,64,1116.0,32.0,2816,61.49,30.75,3.2,detected,0
123.0,123.0,615,470,person,0.6717,1209,0,48,93,1233.0,46.5,4464,32.27,32.27,1.0,detected,0
123.0,123.0,615,471,person,0.5968,1843,166,48,164,1867.0,248.0,7872,0.0,0.0,0.6,detected,0
124.0,124.0,620,17,person,0.5318,112,287,60,131,142.0,352.5,7860,0.0,0.0,124.0,detected,0
124.0,124.0,620,281,person,0.6741,15,277,74,159,52.0,356.5,11766,0.71,0.71,63.4,detected,0
124.0,124.0,620,384,person,0.8764,1494,176,66,154,1527.0,253.0,10164,23.35,23.35,29.4,detected,0
124.0,124.0,620,388,person,0.8673,685,149,66,127,718.0,212.5,8382,68.69,68.69,28.4,detected,0
124.0,124.0,620,421,person,0.8675,1049,32,50,140,1074.0,102.0,7000,46.09,46.09,19.2,detected,0
124.0,124.0,620,428,person,0.7973,1006,208,60,168,1036.0,292.0,10080,49.15,49.15,13.2,detected,0
124.0,124.0,620,445,person,0.7808,1127,0,44,106,1149.0,53.0,4664,50.72,50.72,9.4,detected,0
124.0,124.0,620,446,person,0.8584,1087,45,47,131,1110.5,110.5,6157,47.02,47.02,9.2,detected,0
124.0,124.0,620,454,person,0.9146,1542,437,79,229,1581.5,551.5,18091,68.48,68.48,6.4,detected,0
124.0,124.0,620,456,person,0.848,786,64,58,148,815.0,138.0,8584,78.78,78.78,5.6,detected,0
124.0,124.0,620,465,person,0.4411,1080,0,47,66,1103.5,33.0,3102,12.54,12.54,4.2,detected,0
124.0,124.0,620,470,person,0.8068,1171,0,53,113,1197.5,56.5,5989,36.88,36.88,2.0,detected,0
124.0,124.0,620,475,person,0.8185,1813,192,67,150,1846.5,267.0,10050,0.0,0.0,0.2,detected,0
125.0,125.0,625,17,person,0.5352,112,286,60,132,142.0,352.0,7920,0.5,0.5,125.0,detected,0
125.0,125.0,625,281,person,0.6408,13,275,77,161,51.5,355.5,12397,1.12,1.12,64.4,detected,0
125.0,125.0,625,384,person,0.8023,1516,165,68,144,1550.0,237.0,9792,28.02,28.02,30.4,detected,0
125.0,125.0,625,388,person,0.7971,742,129,68,102,776.0,180.0,6936,66.48,66.48,29.4,detected,0
125.0,125.0,625,421,person,0.8078,1006,54,51,143,1031.5,125.5,7293,48.56,48.56,20.2,detected,0
125.0,125.0,625,428,person,0.8157,957,243,67,178,990.5,332.0,11926,60.58,60.58,14.2,detected,0
125.0,125.0,625,446,person,0.7936,1047,67,59,132,1076.5,133.0,7788,40.77,40.77,10.2,detected,0
125.0,125.0,625,454,person,0.8943,1558,384,77,217,1596.5,492.5,16709,60.88,60.88,7.4,detected,0
125.0,125.0,625,456,person,0.7937,712,89,58,129,741.0,153.5,7482,75.61,75.61,6.6,detected,0
125.0,125.0,625,465,person,0.3839,1067,2,45,110,1089.5,57.0,4950,27.78,27.78,5.2,detected,0
125.0,125.0,625,470,person,0.7705,1111,0,59,133,1140.5,66.5,7847,57.87,57.87,3.0,detected,0
125.0,125.0,625,471,person,0.4999,1853,197,36,136,1871.0,265.0,4896,17.46,8.73,2.6,detected,0
125.0,125.0,625,475,person,0.8459,1785,217,79,167,1824.5,300.5,13193,40.08,40.08,1.2,detected,0
125.0,125.0,625,480,person,0.1894,1695,0,20,24,1705.0,12.0,480,0.0,0.0,0.2,detected,0
126.0,126.0,630,17,person,0.4986,112,287,60,131,142.0,352.5,7860,0.5,0.5,126.0,detected,0
126.0,126.0,630,281,person,0.6003,7,274,84,163,49.0,355.5,13692,2.5,2.5,65.4,detected,0
126.0,126.0,630,384,person,0.7661,1544,155,69,114,1578.5,212.0,7866,37.91,37.91,31.4,detected,0
126.0,126.0,630,388,person,0.8531,803,110,67,137,836.5,178.5,9179,60.52,60.52,30.4,detected,0
126.0,126.0,630,421,person,0.8454,960,80,51,143,985.5,151.5,7293,52.84,52.84,21.2,detected,0
126.0,126.0,630,428,person,0.8467,900,281,69,185,934.5,373.5,12765,69.7,69.7,15.2,detected,0
126.0,126.0,630,445,person,0.5286,1038,11,53,136,1064.5,79.0,7208,88.41,44.2,11.4,detected,0
126.0,126.0,630,446,person,0.8421,999,91,52,135,1025.0,158.5,7020,57.47,57.47,11.2,detected,0
126.0,126.0,630,454,person,0.8907,1569,335,73,206,1605.5,438.0,15038,55.24,55.24,8.4,detected,0
126.0,126.0,630,456,person,0.7866,644,117,65,164,676.5,199.0,10660,78.93,78.93,7.6,detected,0
126.0,126.0,630,465,person,0.1572,1021,13,33,101,1037.5,63.5,3333,52.4,52.4,6.2,detected,0
126.0,126.0,630,470,person,0.2315,1069,4,50,121,1094.0,64.5,6050,46.54,46.54,4.0,detected,0
126.0,126.0,630,471,person,0.6275,1842,214,46,130,1865.0,279.0,5980,15.23,15.23,3.6,detected,0
126.0,126.0,630,475,person,0.8783,1768,242,82,181,1809.0,332.5,14842,35.56,35.56,2.2,detected,0
126.0,126.0,630,480,person,0.2621,1680,1,20,39,1690.0,20.5,780,17.24,17.24,1.2,detected,0
127.0,127.0,635,17,person,0.4469,112,286,60,132,142.0,352.0,7920,0.5,0.5,127.0,detected,0
127.0,127.0,635,281,person,0.5581,12,276,79,160,51.5,356.0,12640,2.55,2.55,66.4,detected,0
127.0,127.0,635,384,person,0.747,1570,143,62,114,1601.0,200.0,7068,25.5,25.5,32.4,detected,0
127.0,127.0,635,388,person,0.8127,864,90,50,145,889.0,162.5,7250,54.88,54.88,31.4,detected,0
127.0,127.0,635,421,person,0.7325,905,94,47,153,928.5,170.5,7191,60.08,60.08,22.2,detected,0
127.0,127.0,635,428,person,0.8211,837,323,67,194,870.5,420.0,12998,79.11,79.11,16.2,detected,0
127.0,127.0,635,445,person,0.5399,1049,0,42,106,1070.0,53.0,4452,26.58,26.58,12.4,detected,0
127.0,127.0,635,446,person,0.8364,947,105,46,147,970.0,178.5,6762,58.52,58.52,12.2,detected,0
127.0,127.0,635,454,person,0.8891,1590,294,75,195,1627.5,391.5,14625,51.44,51.44,9.4,detected,0
127.0,127.0,635,456,person,0.8351,577,146,70,171,612.0,231.5,11970,72.23,72.23,8.6,detected,0
127.0,127.0,635,465,person,0.2915,947,34,31,83,962.5,75.5,2573,75.95,75.95,7.2,detected,0
127.0,127.0,635,470,person,0.2539,988,29,55,145,1015.5,101.5,7975,86.78,86.78,5.0,detected,0
127.0,127.0,635,471,person,0.5627,1831,244,53,100,1857.5,294.0,5300,16.77,16.77,4.6,detected,0
127.0,127.0,635,475,person,0.8538,1760,275,78,187,1799.0,368.5,14586,37.36,37.36,3.2,detected,0
127.0,127.0,635,480,person,0.2773,1671,0,30,56,1686.0,28.0,1680,8.5,8.5,2.2,detected,0
127.0,127.0,635,483,person,0.1758,1035,1,38,101,1054.0,51.5,3838,0.0,0.0,0.2,detected,0
127.0,127.0,635,484,person,0.7661,532,926,140,154,602.0,1003.0,21560,0.0,0.0,0.2,detected,0
127.0,127.0,635,485,person,0.1651,1887,866,32,209,1903.0,970.5,6688,0.0,0.0,0.0,detected,0
128.0,128.0,640,17,person,0.2612,112,286,60,132,142.0,352.0,7920,0.0,0.0,128.0,detected,0
128.0,128.0,640,281,person,0.155,10,278,75,157,47.5,356.5,11775,4.03,4.03,67.4,detected,0
128.0,128.0,640,384,person,0.6927,1574,130,60,124,1604.0,192.0,7440,8.54,8.54,33.4,detected,0
128.0,128.0,640,388,person,0.2959,907,72,56,144,935.0,144.0,8064,49.58,49.58,32.4,detected,0
128.0,128.0,640,421,person,0.799,820,112,52,159,846.0,191.5,8268,85.13,85.13,23.2,detected,0
128.0,128.0,640,428,person,0.843,768,371,70,204,803.0,473.0,14280,85.82,85.82,17.2,detected,0
128.0,128.0,640,445,person,0.5595,1020,9,44,116,1042.0,67.0,5104,31.3,31.3,13.4,detected,0
128.0,128.0,640,446,person,0.8563,864,124,53,148,890.5,198.0,7844,81.86,81.86,13.2,detected,0
128.0,128.0,640,454,person,0.8484,1635,258,67,187,1668.5,351.5,12529,57.28,57.28,10.4,detected,0
128.0,128.0,640,456,person,0.8849,515,182,79,181,554.5,272.5,14299,70.62,70.62,9.6,detected,0
128.0,128.0,640,470,person,0.7777,938,60,56,128,966.0,124.0,7168,54.37,54.37,6.0,detected,0
128.0,128.0,640,471,person,0.4906,1834,277,48,71,1858.0,312.5,3408,18.51,18.51,5.6,detected,0
128.0,128.0,640,475,person,0.9051,1736,309,85,190,1778.5,404.0,16150,40.99,40.99,4.2,detected,0
128.0,128.0,640,480,person,0.6041,1642,0,46,74,1665.0,37.0,3404,22.85,22.85,3.2,detected,0
128.0,128.0,640,483,person,0.2682,987,5,35,99,1004.5,54.5,3465,49.59,49.59,1.2,detected,0
128.0,128.0,640,484,person,0.9161,879,721,127,340,942.5,891.0,43180,358.45,358.45,1.2,detected,0
128.0,128.0,640,486,person,0.8669,37,386,93,203,83.5,487.5,18879,0.0,0.0,0.6,detected,0
128.0,128.0,640,491,person,0.3472,969,24,46,100,992.0,74.0,4600,0.0,0.0,0.2,detected,0
128.0,128.0,640,492,person,0.1851,867,52,42,114,888.0,109.0,4788,0.0,0.0,0.2,detected,0
129.0,129.0,645,17,person,0.2469,112,286,61,132,142.5,352.0,8052,0.5,0.5,129.0,detected,0
129.0,129.0,645,281,person,0.4406,14,278,79,159,53.5,357.5,12561,6.08,6.08,68.4,detected,0
129.0,129.0,645,384,person,0.6992,1578,120,60,132,1608.0,186.0,7920,7.21,7.21,34.4,detected,0
129.0,129.0,645,388,person,0.82,977,62,71,137,1012.5,130.5,9727,78.67,78.67,33.4,detected,0
129.0,129.0,645,421,person,0.6954,726,134,46,113,749.0,190.5,5198,97.01,97.01,24.2,detected,0
129.0,129.0,645,428,person,0.778,691,423,79,216,730.5,531.0,17064,92.85,92.85,18.2,detected,0
129.0,129.0,645,446,person,0.3468,759,145,58,128,788.0,209.0,7424,103.09,103.09,14.2,detected,0
129.0,129.0,645,454,person,0.8155,1679,226,62,179,1710.0,315.5,11098,54.94,54.94,11.4,detected,0
129.0,129.0,645,456,person,0.902,454,225,84,188,496.0,319.0,15792,74.73,74.73,10.6,detected,0
129.0,129.0,645,465,person,0.6939,927,51,46,130,950.0,116.0,5980,42.39,21.19,9.2,detected,0
129.0,129.0,645,470,person,0.634,835,70,57,155,863.5,147.5,8835,105.16,105.16,7.0,detected,0
129.0,129.0,645,475,person,0.903,1708,344,90,199,1753.0,443.5,17910,47.02,47.02,5.2,detected,0
129.0,129.0,645,480,person,0.786,1612,0,50,92,1637.0,46.0,4600,29.41,29.41,4.2,detected,0
129.0,129.0,645,483,person,0.2004,938,17,39,75,957.5,54.5,2925,47.0,47.0,2.2,detected,0
129.0,129.0,645,484,person,0.9281,1076,555,97,315,1124.5,712.5,30555,254.92,254.92,2.2,detected,0
129.0,129.0,645,486,person,0.849,165,346,92,193,211.0,442.5,17756,135.21,135.21,1.6,detected,0
129.0,129.0,645,491,person,0.3964,892,34,43,150,913.5,109.0,6450,85.95,85.95,1.2,detected,0
129.0,129.0,645,492,person,0.6183,785,68,54,146,812.0,141.0,7884,82.46,82.46,1.2,detected,0
129.0,129.0,645,493,person,0.9005,709,921,118,159,768.0,1000.5,18762,0.0,0.0,0.4,detected,0
129.0,129.0,645,494,person,0.2062,754,137,46,96,777.0,185.0,4416,0.0,0.0,0.4,detected,0
129.0,129.0,645,496,person,0.1714,1807,405,61,152,1837.5,481.0,9272,0.0,0.0,0.0,detected,0
130.0,130.0,650,17,person,0.4599,112,286,61,134,142.5,353.0,8174,1.0,1.0,130.0,detected,0
130.0,130.0,650,281,person,0.4556,14,279,78,157,53.0,357.5,12246,0.5,0.5,69.4,detected,0
130.0,130.0,650,384,person,0.8166,1583,110,63,139,1614.5,179.5,8757,9.19,9.19,35.4,detected,0
130.0,130.0,650,388,person,0.8479,1028,47,67,132,1061.5,113.0,8844,52.03,52.03,34.4,detected,0
130.0,130.0,650,421,person,0.7424,635,151,51,150,660.5,226.0,7650,95.35,95.35,25.2,detected,0
130.0,130.0,650,428,person,0.8188,611,481,84,230,653.0,596.0,19320,101.15,101.15,19.2,detected,0
130.0,130.0,650,445,person,0.739,942,44,47,125,965.5,106.5,5875,86.1,43.05,15.4,detected,0
130.0,130.0,650,446,person,0.6501,672,163,56,115,700.0,220.5,6440,88.75,88.75,15.2,detected,0
130.0,130.0,650,454,person,0.839,1711,196,60,170,1741.0,281.0,10200,46.38,46.38,12.4,detected,0
130.0,130.0,650,456,person,0.8917,396,270,81,198,436.5,369.0,16038,77.72,77.72,11.6,detected,0
130.0,130.0,650,465,person,0.7777,890,68,48,134,914.0,135.0,6432,40.71,40.71,10.2,detected,0
130.0,130.0,650,470,person,0.7338,766,86,68,154,800.0,163.0,10472,65.36,65.36,8.0,detected,0
130.0,130.0,650,475,person,0.8967,1677,381,97,208,1725.5,485.0,20176,49.78,49.78,6.2,detected,0
130.0,130.0,650,480,person,0.8127,1581,0,51,111,1606.5,55.5,5661,31.95,31.95,5.2,detected,0
130.0,130.0,650,483,person,0.3672,900,36,39,58,919.5,65.0,2262,39.42,39.42,3.2,detected,0
130.0,130.0,650,484,person,0.8928,1204,449,93,227,1250.5,562.5,21111,195.9,195.9,3.2,detected,0
130.0,130.0,650,486,person,0.7483,270,294,76,192,308.0,390.0,14592,110.3,110.3,2.6,detected,0
130.0,130.0,650,491,person,0.7298,854,47,48,156,878.0,125.0,7488,38.94,38.94,2.2,detected,0
130.0,130.0,650,493,person,0.9004,830,797,115,280,887.5,937.0,32200,135.32,135.32,1.4,detected,0
130.0,130.0,650,494,person,0.796,716,89,46,149,739.0,163.5,6854,43.66,43.66,1.4,detected,0
130.0,130.0,650,496,person,0.8252,1786,406,64,195,1818.0,503.5,12480,29.77,29.77,1.0,detected,0
131.0,131.0,655,17,person,0.4889,112,287,62,132,143.0,353.0,8184,0.5,0.5,131.0,detected,0
131.0,131.0,655,281,person,0.4516,14,279,79,157,53.5,357.5,12403,0.5,0.5,70.4,detected,0
131.0,131.0,655,384,person,0.7769,1585,99,64,137,1617.0,167.5,8768,12.26,12.26,36.4,detected,0
131.0,131.0,655,388,person,0.8431,1069,30,59,130,1098.5,95.0,7670,41.15,41.15,35.4,detected,0
131.0,131.0,655,421,person,0.7445,550,185,59,178,579.5,274.0,10502,94.15,94.15,26.2,detected,0
131.0,131.0,655,428,person,0.7863,521,548,83,244,562.5,670.0,20252,116.9,116.9,20.2,detected,0
131.0,131.0,655,445,person,0.573,900,64,45,125,922.5,126.5,5625,47.42,47.42,16.4,detected,0
131.0,131.0,655,446,person,0.6916,599,194,55,124,626.5,256.0,6820,81.62,81.62,16.2,detected,0
131.0,131.0,655,454,person,0.8374,1732,166,59,169,1761.5,250.5,9971,36.75,36.75,13.4,detected,0
131.0,131.0,655,456,person,0.8946,303,317,89,211,347.5,422.5,18779,103.84,103.84,12.6,detected,0
131.0,131.0,655,465,person,0.778,857,84,49,138,881.5,153.0,6762,37.15,37.15,11.2,detected,0
131.0,131.0,655,470,person,0.6407,700,121,72,139,736.0,190.5,10008,69.66,69.66,9.0,detected,0
131.0,131.0,655,475,person,0.9172,1644,429,99,216,1693.5,537.0,21384,61.06,61.06,7.2,detected,0
131.0,131.0,655,480,person,0.827,1556,7,53,127,1582.5,70.5,6731,28.3,28.3,6.2,detected,0
131.0,131.0,655,483,person,0.2116,852,54,38,45,871.0,76.5,1710,49.84,49.84,4.2,detected,0
131.0,131.0,655,484,person,0.8921,1286,351,85,211,1328.5,456.5,17935,131.61,131.61,4.2,detected,0
131.0,131.0,655,486,person,0.3097,342,258,61,170,372.5,343.0,10370,79.81,79.81,3.6,detected,0
131.0,131.0,655,491,person,0.7863,819,61,53,159,845.5,140.5,8427,36.01,36.01,3.2,detected,0
131.0,131.0,655,492,person,0.4865,718,84,49,79,742.5,123.5,3871,71.67,35.83,3.2,detected,0
131.0,131.0,655,493,person,0.9063,936,693,103,301,987.5,843.5,31003,136.9,136.9,2.4,detected,0
131.0,131.0,655,494,person,0.8442,644,115,51,160,669.5,195.0,8160,76.31,76.31,2.4,detected,0
131.0,131.0,655,499,person,0.2426,1159,0,30,50,1174.0,25.0,1500,0.0,0.0,1.4,detected,0
131.0,131.0,655,500,person,0.8922,1759,446,83,211,1800.5,551.5,17513,0.0,0.0,1.4,detected,0
131.0,131.0,655,501,person,0.9071,469,920,133,160,535.5,1000.0,21280,0.0,0.0,0.6,detected,0
131.0,131.0,655,502,person,0.8965,624,981,131,99,689.5,1030.5,12969,0.0,0.0,0.2,detected,0
132.0,132.0,660,17,person,0.2997,112,286,60,132,142.0,352.0,7920,1.41,1.41,132.0,detected,0
132.0,132.0,660,281,person,0.4095,15,279,77,157,53.5,357.5,12089,0.0,0.0,71.4,detected,0
132.0,132.0,660,384,person,0.7584,1600,88,59,137,1629.5,156.5,8083,16.65,16.65,37.4,detected,0
132.0,132.0,660,388,person,0.7772,1105,16,55,126,1132.5,79.0,6930,37.58,37.58,36.4,detected,0
132.0,132.0,660,421,person,0.8835,470,218,66,182,503.0,309.0,12012,84.13,84.13,27.2,detected,0
132.0,132.0,660,428,person,0.8357,425,629,83,261,466.5,759.5,21663,131.25,131.25,21.2,detected,0
132.0,132.0,660,445,person,0.2408,852,77,40,127,872.0,140.5,5080,52.4,52.4,17.4,detected,0
132.0,132.0,660,446,person,0.8858,522,225,57,183,550.5,316.5,10431,97.14,97.14,17.2,detected,0
132.0,132.0,660,454,person,0.7012,1743,142,66,162,1776.0,223.0,10692,31.09,31.09,14.4,detected,0
132.0,132.0,660,456,person,0.8703,186,370,95,222,233.5,481.0,21090,128.13,128.13,13.6,detected,0
132.0,132.0,660,465,person,0.6928,826,100,47,146,849.5,173.0,6862,37.74,37.74,12.2,detected,0
132.0,132.0,660,470,person,0.8,624,146,79,154,663.5,223.0,12166,79.45,79.45,10.0,detected,0
132.0,132.0,660,475,person,0.9125,1599,477,103,227,1650.5,590.5,23381,68.64,68.64,8.2,detected,0
132.0,132.0,660,480,person,0.8193,1533,25,54,129,1560.0,89.5,6966,29.45,29.45,7.2,detected,0
132.0,132.0,660,484,person,0.8481,1364,243,76,202,1402.0,344.0,15352,134.38,134.38,5.2,detected,0
132.0,132.0,660,486,person,0.8196,378,224,70,165,413.0,306.5,11550,54.52,54.52,4.6,detected,0
132.0,132.0,660,491,person,0.698,786,75,56,162,814.0,156.0,9072,35.11,35.11,4.2,detected,0
132.0,132.0,660,492,person,0.4002,657,106,56,119,685.0,165.5,6664,71.21,71.21,4.2,detected,0
132.0,132.0,660,493,person,0.894,1029,607,98,276,1078.0,745.0,27048,133.76,133.76,3.4,detected,0
132.0,132.0,660,494,person,0.8055,581,145,50,171,606.0,230.5,8550,72.75,72.75,3.4,detected,0
132.0,132.0,660,500,person,0.8672,1742,489,74,220,1779.0,599.0,16280,52.14,52.14,2.4,detected,0
132.0,132.0,660,501,person,0.9207,535,783,125,294,597.5,930.0,36750,93.51,93.51,1.6,detected,0
132.0,132.0,660,502,person,0.9257,661,837,141,242,731.5,958.0,34122,83.79,83.79,1.2,detected,0
132.0,132.0,660,506,person,0.7046,1792,454,65,191,1824.5,549.5,12415,0.0,0.0,0.4,detected,0
133.0,133.0,665,17,person,0.3515,112,287,60,132,142.0,353.0,7920,1.0,1.0,133.0,detected,0
133.0,133.0,665,281,person,0.4298,15,280,75,156,52.5,358.0,11700,1.12,1.12,72.4,detected,0
133.0,133.0,665,384,person,0.7083,1617,78,60,134,1647.0,145.0,8040,20.94,20.94,38.4,detected,0
133.0,133.0,665,388,person,0.8228,1139,1,52,125,1165.0,63.5,6500,36.01,36.01,37.4,detected,0
133.0,133.0,665,421,person,0.8481,387,255,76,190,425.0,350.0,14440,88.12,88.12,28.2,detected,0
133.0,133.0,665,428,person,0.7769,317,722,98,278,366.0,861.0,27244,142.84,142.84,22.2,detected,0
133.0,133.0,665,445,person,0.2107,796,98,36,104,814.0,150.0,3744,58.77,58.77,18.4,detected,0
133.0,133.0,665,446,person,0.8554,451,265,65,190,483.5,360.0,12350,79.88,79.88,18.2,detected,0
133.0,133.0,665,454,person,0.4786,1716,122,67,154,1749.5,199.0,10318,35.75,35.75,15.4,detected,0
133.0,133.0,665,456,person,0.8904,51,432,95,235,98.5,549.5,22325,151.38,151.38,14.6,detected,0
133.0,133.0,665,465,person,0.3649,795,107,52,157,821.0,185.5,8164,31.12,31.12,13.2,detected,0
133.0,133.0,665,470,person,0.8558,551,179,83,178,592.5,268.0,14774,84.06,84.06,11.0,detected,0
133.0,133.0,665,475,person,0.9183,1559,530,104,231,1611.0,645.5,24024,67.71,67.71,9.2,detected,0
133.0,133.0,665,480,person,0.8174,1510,45,55,133,1537.5,111.5,7315,31.47,31.47,8.2,detected,0
133.0,133.0,665,484,person,0.7537,1455,161,62,196,1486.0,259.0,12152,119.5,119.5,6.2,detected,0
133.0,133.0,665,486,person,0.5311,444,188,54,105,471.0,240.5,5670,87.86,87.86,5.6,detected,0
133.0,133.0,665,491,person,0.7015,746,94,58,141,775.0,164.5,8178,39.92,39.92,5.2,detected,0
133.0,133.0,665,492,person,0.7679,600,129,61,154,630.5,206.0,9394,67.9,67.9,5.2,detected,0
133.0,133.0,665,493,person,0.918,1110,536,92,259,1156.0,665.5,23828,111.37,111.37,4.4,detected,0
133.0,133.0,665,494,person,0.7937,504,180,56,176,532.0,268.0,9856,82.96,82.96,4.4,detected,0
133.0,133.0,665,499,person,0.5687,1086,0,43,83,1107.5,41.5,3569,68.52,34.26,3.4,detected,0
133.0,133.0,665,500,person,0.8804,1685,552,89,231,1729.5,667.5,20559,84.51,84.51,3.4,detected,0
133.0,133.0,665,501,person,0.9136,569,670,113,298,625.5,819.0,33674,114.48,114.48,2.6,detected,0
133.0,133.0,665,502,person,0.719,672,710,128,311,736.0,865.5,39808,92.61,92.61,2.2,detected,0
133.0,133.0,665,506,person,0.8845,1774,498,82,200,1815.0,598.0,16400,49.42,49.42,1.4,detected,0
133.0,133.0,665,507,person,0.5386,0,504,20,142,10.0,575.0,2840,0.0,0.0,0.0,detected,0
134.0,134.0,670,17,person,0.3638,112,287,60,132,142.0,353.0,7920,0.0,0.0,134.0,detected,0
134.0,134.0,670,281,person,0.3528,14,280,76,154,52.0,357.0,11704,1.12,1.12,73.4,detected,0
134.0,134.0,670,384,person,0.4121,1631,68,59,133,1660.5,134.5,7847,17.1,17.1,39.4,detected,0
134.0,134.0,670,388,person,0.7403,1174,0,51,110,1199.5,55.0,5610,35.53,35.53,38.4,detected,0
134.0,134.0,670,421,person,0.8084,302,293,85,205,344.5,395.5,17425,92.47,92.47,29.2,detected,0
134.0,134.0,670,428,person,0.7544,193,833,118,247,252.0,956.5,29146,148.72,148.72,23.2,detected,0
134.0,134.0,670,446,person,0.8788,374,307,76,201,412.0,407.5,15276,85.84,85.84,19.2,detected,0
134.0,134.0,670,454,person,0.5672,1668,103,60,149,1698.0,177.5,8940,55.81,55.81,16.4,detected,0
134.0,134.0,670,456,person,0.8752,0,422,75,210,37.5,527.0,15750,65.02,65.02,15.6,detected,0
134.0,134.0,670,465,person,0.1862,756,140,60,103,786.0,191.5,6180,35.51,35.51,14.2,detected,0
134.0,134.0,670,470,person,0.9,468,213,96,196,516.0,311.0,18816,87.76,87.76,12.0,detected,0
134.0,134.0,670,475,person,0.9045,1514,587,107,245,1567.5,709.5,26215,77.38,77.38,10.2,detected,0
134.0,134.0,670,480,person,0.7877,1482,65,57,133,1510.5,131.5,7581,33.6,33.6,9.2,detected,0
134.0,134.0,670,483,person,0.6834,688,110,43,145,709.5,182.5,6235,193.18,64.39,7.2,detected,0
134.0,134.0,670,484,person,0.7008,1527,108,59,186,1556.5,201.0,10974,91.29,91.29,7.2,detected,0
134.0,134.0,670,486,person,0.1726,502,154,52,111,528.0,209.5,5772,64.88,64.88,6.6,predicted,1
134.0,134.0,670,491,person,0.6887,713,112,62,142,744.0,183.0,8804,36.1,36.1,6.2,detected,0
134.0,134.0,670,492,person,0.6955,555,155,63,162,586.5,236.0,10206,53.25,53.25,6.2,detected,0
134.0,134.0,670,493,person,0.9196,1182,472,87,244,1225.5,594.0,21228,99.71,99.71,5.4,detected,0
134.0,134.0,670,494,person,0.7694,410,217,70,176,445.0,305.0,12320,94.54,94.54,5.4,detected,0
134.0,134.0,670,499,person,0.5381,1048,0,45,101,1070.5,50.5,4545,38.08,38.08,4.4,detected,0
134.0,134.0,670,500,person,0.9175,1635,608,100,247,1685.0,731.5,24700,77.95,77.95,4.4,detected,0
134.0,134.0,670,501,person,0.9194,579,576,106,272,632.0,712.0,28832,107.2,107.2,3.6,detected,0
134.0,134.0,670,502,person,0.8857,684,607,117,286,742.5,750.0,33462,115.68,115.68,3.2,detected,0
134.0,134.0,670,506,person,0.8951,1745,561,100,209,1795.0,665.5,20900,70.4,70.4,2.4,detected,0
134.0,134.0,670,507,person,0.2215,2,408,43,150,23.5,483.0,6450,92.99,92.99,1.0,detected,0
134.0,134.0,670,508,person,0.8617,609,954,102,126,660.0,1017.0,12852,0.0,0.0,0.0,detected,0
134.0,134.0,670,509,person,0.1546,1887,866,32,200,1903.0,966.0,6400,0.0,0.0,0.0,detected,0
135.0,135.0,675,17,person,0.3275,112,287,60,132,142.0,353.0,7920,0.0,0.0,135.0,detected,0
135.0,135.0,675,281,person,0.7752,23,348,87,196,66.5,446.0,17052,90.17,90.17,74.4,detected,0
135.0,135.0,675,388,person,0.4795,1205,0,54,94,1232.0,47.0,5076,33.47,33.47,39.4,detected,0
135.0,135.0,675,421,person,0.9105,234,352,82,210,275.0,457.0,17220,92.8,92.8,30.2,detected,0
135.0,135.0,675,428,person,0.8133,43,964,119,116,102.5,1022.0,13804,163.22,163.22,24.2,detected,0
135.0,135.0,675,446,person,0.8823,302,358,69,207,336.5,461.5,14283,92.82,92.82,20.2,detected,0
135.0,135.0,675,454,person,0.5839,1646,70,65,158,1678.5,149.0,10270,34.53,34.53,17.4,detected,0
135.0,135.0,675,456,person,0.7897,53,364,87,201,96.5,464.5,17487,85.95,85.95,16.6,detected,0
135.0,135.0,675,465,person,0.6287,706,158,59,107,735.5,211.5,6313,54.32,54.32,15.2,detected,0
135.0,135.0,675,470,person,0.8756,393,249,95,209,440.5,353.5,19855,86.64,86.64,13.0,detected,0
135.0,135.0,675,475,person,0.9244,1465,646,116,260,1523.0,776.0,30160,80.02,80.02,11.2,detected,0
135.0,135.0,675,480,person,0.8687,1443,87,59,143,1472.5,158.5,8437,46.62,46.62,10.2,detected,0
135.0,135.0,675,483,person,0.6587,645,133,41,147,665.5,206.5,6027,50.12,50.12,8.2,detected,0
135.0,135.0,675,484,person,0.787,1560,62,56,168,1588.0,146.0,9408,63.38,63.38,8.2,detected,0
135.0,135.0,675,486,person,0.2572,552,155,55,120,579.5,215.0,6600,51.79,51.79,7.6,detected,0
135.0,135.0,675,491,person,0.6458,668,131,52,143,694.0,202.5,7436,53.67,53.67,7.2,detected,0
135.0,135.0,675,492,person,0.7906,499,181,66,168,532.0,265.0,11088,61.74,61.74,7.2,detected,0
135.0,135.0,675,493,person,0.9114,1250,416,82,219,1291.0,525.5,17958,94.78,94.78,6.4,detected,0
135.0,135.0,675,494,person,0.6211,318,253,81,186,358.5,346.0,15066,95.72,95.72,6.4,detected,0
135.0,135.0,675,499,person,0.7653,1009,3,48,121,1033.0,63.5,5808,39.69,39.69,5.4,detected,0
135.0,135.0,675,500,person,0.9114,1623,680,106,260,1676.0,810.0,27560,79.01,79.01,5.4,detected,0
135.0,135.0,675,501,person,0.9088,599,501,99,250,648.5,626.0,24750,87.57,87.57,4.6,detected,0
135.0,135.0,675,502,person,0.9079,693,522,108,258,747.0,651.0,27864,99.1,99.1,4.2,detected,0
135.0,135.0,675,506,person,0.8741,1742,634,83,187,1783.5,727.5,15521,63.06,63.06,3.4,detected,0
135.0,135.0,675,508,person,0.843,717,823,125,257,779.5,951.5,32125,136.27,136.27,1.0,detected,0
136.0,136.0,680,17,person,0.4857,83,308,70,205,118.0,410.5,14350,62.31,62.31,136.0,detected,0
136.0,136.0,680,281,person,0.2711,26,303,82,173,67.0,389.5,14186,56.5,56.5,75.4,detected,0
136.0,136.0,680,384,person,0.4422,1659,54,48,131,1683.0,119.5,6288,27.04,13.52,41.4,detected,0
136.0,136.0,680,388,person,0.7789,1236,0,50,81,1261.0,40.5,4050,29.72,29.72,40.4,detected,0
136.0,136.0,680,421,person,0.8604,150,409,92,223,196.0,520.5,20516,101.36,101.36,31.2,detected,0
136.0,136.0,680,446,person,0.8711,221,406,75,227,258.5,519.5,17025,97.2,97.2,21.2,detected,0
136.0,136.0,680,454,person,0.5353,1685,64,50,140,1710.0,134.0,7000,34.89,34.89,18.4,detected,0
136.0,136.0,680,456,person,0.4264,133,330,76,153,171.0,406.5,11628,94.42,94.42,17.6,detected,0
136.0,136.0,680,465,person,0.6802,641,178,61,117,671.5,236.5,7137,68.71,68.71,16.2,detected,0
136.0,136.0,680,470,person,0.1973,316,297,94,214,363.0,404.0,20116,92.5,92.5,14.0,detected,0
136.0,136.0,680,475,person,0.9085,1410,727,126,276,1473.0,865.0,34776,102.08,102.08,12.2,detected,0
136.0,136.0,680,480,person,0.9074,1393,109,64,148,1425.0,183.0,9472,53.45,53.45,11.2,detected,0
136.0,136.0,680,483,person,0.5299,581,150,45,155,603.5,227.5,6975,65.46,65.46,9.2,detected,0
136.0,136.0,680,484,person,0.6656,1576,23,54,157,1603.0,101.5,8478,46.96,46.96,9.2,detected,0
136.0,136.0,680,491,person,0.4527,596,153,62,157,627.0,231.5,9734,73.01,73.01,8.2,detected,0
136.0,136.0,680,492,person,0.8187,424,214,71,170,459.5,299.0,12070,80.08,80.08,8.2,detected,0
136.0,136.0,680,493,person,0.9072,1304,366,80,217,1344.0,474.5,17360,73.55,73.55,7.4,detected,0
136.0,136.0,680,494,person,0.6442,244,297,77,199,282.5,396.5,15323,91.25,91.25,7.4,detected,0
136.0,136.0,680,499,person,0.7284,973,25,54,122,1000.0,86.0,6588,39.94,39.94,6.4,detected,0
136.0,136.0,680,500,person,0.8954,1597,757,113,279,1653.5,896.5,31527,89.38,89.38,6.4,detected,0
136.0,136.0,680,501,person,0.9117,635,436,91,235,680.5,553.5,21385,79.25,79.25,5.6,detected,0
136.0,136.0,680,502,person,0.9309,709,451,99,240,758.5,571.0,23760,80.82,80.82,5.2,detected,0
136.0,136.0,680,508,person,0.8494,857,706,114,284,914.0,848.0,32376,169.71,169.71,2.0,detected,0
136.0,136.0,680,511,person,0.3358,1686,0,60,83,1716.0,41.5,4980,0.0,0.0,0.6,detected,0
137.0,137.0,685,281,person,0.3381,14,280,75,154,51.5,357.0,11550,36.01,36.01,76.4,detected,0
137.0,137.0,685,384,person,0.3228,1667,24,60,97,1697.0,72.5,5820,49.04,49.04,42.4,detected,0
137.0,137.0,685,388,person,0.3315,1257,0,50,66,1282.0,33.0,3300,22.3,22.3,41.4,detected,0
137.0,137.0,685,421,person,0.9034,27,465,102,234,78.0,582.0,23868,133.06,133.06,32.2,detected,0
137.0,137.0,685,446,person,0.8713,105,473,104,236,157.0,591.0,24544,124.16,124.16,22.2,detected,0
137.0,137.0,685,454,person,0.7042,1686,28,52,139,1712.0,97.5,7228,36.55,36.55,19.4,detected,0
137.0,137.0,685,465,person,0.79,577,197,59,151,606.5,272.5,8909,74.3,74.3,17.2,detected,0
137.0,137.0,685,470,person,0.8525,216,343,92,223,262.0,454.5,20516,112.92,112.92,15.0,detected,0
137.0,137.0,685,475,person,0.925,1369,811,132,269,1435.0,945.5,35508,89.02,89.02,13.2,detected,0
137.0,137.0,685,480,person,0.8844,1350,137,72,152,1386.0,213.0,10944,49.2,49.2,12.2,detected,0
137.0,137.0,685,483,person,0.4637,519,169,40,161,539.0,249.5,6440,68.15,68.15,10.2,detected,0
137.0,137.0,685,484,person,0.2808,1578,0,53,142,1604.5,71.0,7526,30.54,30.54,10.2,detected,0
137.0,137.0,685,486,person,0.6017,686,96,54,137,713.0,164.5,7398,142.73,71.37,9.6,detected,0
137.0,137.0,685,491,person,0.7212,529,173,65,189,561.5,267.5,12285,74.74,74.74,9.2,detected,0
137.0,137.0,685,492,person,0.7158,363,246,78,180,402.0,336.0,14040,68.38,68.38,9.2,detected,0
137.0,137.0,685,493,person,0.9028,1347,319,75,206,1384.5,422.0,15450,66.31,66.31,8.4,detected,0
137.0,137.0,685,494,person,0.7079,149,345,85,205,191.5,447.5,17425,104.32,104.32,8.4,detected,0
137.0,137.0,685,499,person,0.4861,937,45,53,127,963.5,108.5,6731,42.88,42.88,7.4,detected,0
137.0,137.0,685,500,person,0.878,1540,850,124,230,1602.0,965.0,28520,85.7,85.7,7.4,detected,0
137.0,137.0,685,501,person,0.8997,672,380,81,219,712.5,489.5,17739,71.55,71.55,6.6,detected,0
137.0,137.0,685,502,person,0.8507,740,392,94,221,787.0,502.5,20774,74.19,74.19,6.2,detected,0
137.0,137.0,685,508,person,0.9255,974,611,106,269,1027.0,745.5,28514,152.56,152.56,3.0,detected,0
137.0,137.0,685,511,person,0.2273,1664,0,61,70,1694.5,35.0,4270,22.46,22.46,1.6,detected,0
138.0,138.0,690,17,person,0.5403,112,288,60,132,142.0,354.0,7920,61.39,30.69,138.0,detected,0
138.0,138.0,690,281,person,0.4638,14,276,79,156,53.5,354.0,12324,3.61,3.61,77.4,detected,0
138.0,138.0,690,384,person,0.7789,1639,-9,63,114,1670.5,48.0,7182,36.09,36.09,43.4,detected,0
138.0,138.0,690,388,person,0.2506,1279,0,48,52,1303.0,26.0,2496,22.14,22.14,42.4,detected,0
138.0,138.0,690,421,person,0.8145,0,574,54,194,27.0,671.0,10476,102.58,102.58,33.2,detected,0
138.0,138.0,690,446,person,0.9068,82,405,103,239,133.5,524.5,24617,70.53,70.53,23.2,detected,0
138.0,138.0,690,454,person,0.6247,1693,37,52,124,1719.0,99.0,6448,7.16,7.16,20.4,detected,0
138.0,138.0,690,456,person,0.7302,251,271,67,180,284.5,361.0,12060,122.28,61.14,19.6,detected,0
138.0,138.0,690,465,person,0.8718,520,223,64,172,552.0,309.0,11008,65.59,65.59,18.2,detected,0
138.0,138.0,690,470,person,0.4739,204,259,59,195,233.5,356.5,11505,102.06,102.06,16.0,detected,0
138.0,138.0,690,475,person,0.9186,1309,911,149,169,1383.5,995.5,25181,71.78,71.78,14.2,detected,0
138.0,138.0,690,480,person,0.9178,1325,168,69,159,1359.5,247.5,10971,43.5,43.5,13.2,detected,0
138.0,138.0,690,484,person,0.599,1601,0,46,101,1624.0,50.5,4646,28.29,28.29,11.2,detected,0
138.0,138.0,690,486,person,0.6414,758,70,51,133,783.5,136.5,6783,75.86,75.86,10.6,detected,0
138.0,138.0,690,491,person,0.8137,470,192,66,198,503.0,291.0,13068,63.04,63.04,10.2,detected,0
138.0,138.0,690,492,person,0.8548,309,281,73,188,345.5,375.0,13724,68.65,68.65,10.2,detected,0
138.0,138.0,690,493,person,0.9108,1383,277,73,193,1419.5,373.5,14089,59.81,59.81,9.4,detected,0
138.0,138.0,690,494,person,0.9269,29,400,95,229,76.5,514.5,21755,133.09,133.09,9.4,detected,0
138.0,138.0,690,499,person,0.8694,888,67,56,129,916.0,131.5,7224,52.78,52.78,8.4,detected,0
138.0,138.0,690,500,person,0.8849,1478,947,133,133,1544.5,1013.5,17689,75.22,75.22,8.4,detected,0
138.0,138.0,690,501,person,0.9136,709,330,77,207,747.5,433.5,15939,66.04,66.04,7.6,detected,0
138.0,138.0,690,502,person,0.9066,768,340,92,211,814.0,445.5,19412,63.07,63.07,7.2,detected,0
138.0,138.0,690,508,person,0.9056,1067,527,96,243,1115.0,648.5,23328,130.97,130.97,4.0,detected,0
138.0,138.0,690,511,person,0.4625,1620,1,52,110,1646.0,56.0,5720,52.85,52.85,2.6,detected,0
138.0,138.0,690,512,person,0.1762,1888,865,31,191,1903.5,960.5,5921,0.0,0.0,0.4,detected,0
139.0,139.0,695,17,person,0.4959,112,287,61,131,142.5,352.5,7991,1.58,1.58,139.0,detected,0
139.0,139.0,695,281,person,0.5009,16,280,75,155,53.5,357.5,11625,3.5,3.5,78.4,detected,0
139.0,139.0,695,388,person,0.2872,1313,0,26,42,1326.0,21.0,1092,23.54,23.54,43.4,detected,0
139.0,139.0,695,421,person,0.8806,-1,471,62,222,30.0,582.0,13764,89.05,89.05,34.2,detected,0
139.0,139.0,695,454,person,0.2628,1711,32,46,122,1734.0,93.0,5612,16.16,16.16,21.4,predicted,1
139.0,139.0,695,456,person,0.8047,307,250,74,178,344.0,339.0,13172,63.44,63.44,20.6,detected,0
139.0,139.0,695,465,person,0.8458,461,254,69,172,495.5,340.0,11868,64.45,64.45,19.2,detected,0
139.0,139.0,695,470,person,0.6096,264,225,59,169,293.5,309.5,9971,76.22,76.22,17.0,detected,0
139.0,139.0,695,475,person,0.3425,1256,1015,110,65,1311.0,1047.5,7150,89.22,89.22,15.2,detected,0
139.0,139.0,695,480,person,0.9047,1305,201,72,169,1341.0,285.5,12168,42.26,42.26,14.2,detected,0
139.0,139.0,695,483,person,0.8109,420,219,61,205,450.5,321.5,12505,114.09,57.04,12.2,detected,0
139.0,139.0,695,491,person,0.3626,472,219,48,102,496.0,270.0,4896,22.14,22.14,11.2,detected,0
139.0,139.0,695,492,person,0.8594,210,318,77,195,248.5,415.5,15015,105.12,105.12,11.2,detected,0
139.0,139.0,695,493,person,0.911,1415,238,71,185,1450.5,330.5,13135,53.01,53.01,10.4,detected,0
139.0,139.0,695,499,person,0.8716,826,87,60,135,856.0,154.5,8100,64.26,64.26,9.4,detected,0
139.0,139.0,695,500,person,0.3612,1413,1047,69,47,1447.5,1070.5,3243,112.51,112.51,9.4,predicted,1
139.0,139.0,695,501,person,0.8671,753,283,72,198,789.0,382.0,14256,66.14,66.14,8.6,detected,0
139.0,139.0,695,502,person,0.8511,801,293,87,200,844.5,393.0,17400,60.72,60.72,8.2,detected,0
139.0,139.0,695,508,person,0.9047,1147,453,87,223,1190.5,564.5,19401,112.94,112.94,5.0,detected,0
139.0,139.0,695,511,person,0.8768,1577,16,65,126,1609.5,79.0,8190,43.14,43.14,3.6,detected,0
139.0,139.0,695,513,person,0.7368,495,221,51,149,520.5,295.5,7599,0.0,0.0,0.4,detected,0
140.0,140.0,700,17,person,0.477,112,288,60,131,142.0,353.5,7860,1.12,1.12,140.0,detected,0
140.0,140.0,700,388,person,0.3548,1336,-2,31,29,1351.5,12.5,899,26.88,26.88,44.4,predicted,1
140.0,140.0,700,446,person,0.7708,6,342,80,214,46.0,449.0,17120,115.57,57.79,25.2,detected,0
140.0,140.0,700,456,person,0.3408,420,234,52,141,446.0,304.5,7332,107.68,107.68,21.6,detected,0
140.0,140.0,700,465,person,0.6184,406,284,65,183,438.5,375.5,11895,67.15,67.15,20.2,detected,0
140.0,140.0,700,470,person,0.3831,341,217,53,158,367.5,296.0,8374,75.22,75.22,18.0,detected,0
140.0,140.0,700,475,person,0.9052,1099,962,126,120,1162.0,1022.0,15120,151.17,151.17,16.2,detected,0
140.0,140.0,700,480,person,0.9071,1274,239,75,174,1311.5,326.0,13050,50.1,50.1,15.2,detected,0
140.0,140.0,700,483,person,0.3541,424,236,49,78,448.5,275.0,3822,46.54,46.54,13.2,detected,0
140.0,140.0,700,486,person,0.2091,897,48,41,113,917.5,104.5,4633,137.77,68.88,12.6,detected,0
140.0,140.0,700,491,person,0.7797,364,247,62,216,395.0,355.0,13392,132.01,132.01,12.2,detected,0
140.0,140.0,700,492,person,0.8701,97,361,88,203,141.0,462.5,17864,117.33,117.33,12.2,detected,0
140.0,140.0,700,493,person,0.887,1446,205,67,177,1479.5,293.5,11859,47.01,47.01,11.4,detected,0
140.0,140.0,700,499,person,0.6758,766,108,61,118,796.5,167.0,7198,60.8,60.8,10.4,detected,0
140.0,140.0,700,501,person,0.8808,802,245,66,186,835.0,338.0,12276,63.66,63.66,9.6,detected,0
140.0,140.0,700,502,person,0.9089,843,255,85,188,885.5,349.0,15980,60.14,60.14,9.2,detected,0
140.0,140.0,700,508,person,0.8618,1213,391,88,210,1257.0,496.0,18480,95.47,95.47,6.0,detected,0
140.0,140.0,700,511,person,0.8043,1508,30,64,127,1540.0,93.5,8128,71.0,71.0,4.6,detected,0
140.0,140.0,700,512,person,0.2124,1886,866,33,212,1902.5,972.0,6996,11.54,5.77,2.4,detected,0
140.0,140.0,700,513,person,0.857,461,245,54,168,488.0,329.0,9072,46.67,46.67,1.4,detected,0
141.0,141.0,705,17,person,0.2774,118,290,79,182,157.5,381.0,14378,31.57,31.57,141.0,detected,0
141.0,141.0,705,281,person,0.3841,14,278,78,158,53.0,357.0,12324,0.71,0.35,80.4,detected,0
141.0,141.0,705,446,person,0.6017,111,288,86,207,154.0,391.5,17802,122.35,122.35,26.2,detected,0
141.0,141.0,705,456,person,0.7604,436,212,59,185,465.5,304.5,10915,19.5,19.5,22.6,detected,0
141.0,141.0,705,465,person,0.7525,341,314,69,189,375.5,408.5,13041,71.12,71.12,21.2,detected,0
141.0,141.0,705,470,person,0.1939,399,190,56,98,427.0,239.0,5488,82.4,82.4,19.0,detected,0
141.0,141.0,705,475,person,0.9127,1265,855,108,225,1319.0,967.5,24300,166.19,166.19,17.2,detected,0
141.0,141.0,705,480,person,0.8814,1232,279,71,183,1267.5,370.5,12993,62.58,62.58,16.2,detected,0
141.0,141.0,705,483,person,0.5306,362,260,63,132,393.5,326.0,8316,75.01,75.01,14.2,detected,0
141.0,141.0,705,486,person,0.6401,949,14,41,126,969.5,77.0,5166,58.82,58.82,13.6,detected,0
141.0,141.0,705,491,person,0.771,291,279,70,220,326.0,389.0,15400,76.92,76.92,13.2,detected,0
141.0,141.0,705,492,person,0.738,1,407,75,211,38.5,512.5,15825,114.04,114.04,13.2,detected,0
141.0,141.0,705,493,person,0.8471,1479,174,63,171,1510.5,259.5,10773,46.01,46.01,12.4,detected,0
141.0,141.0,705,499,person,0.8173,711,135,62,121,742.0,195.5,7502,61.5,61.5,11.4,detected,0
141.0,141.0,705,501,person,0.8691,841,210,64,177,873.0,298.5,11328,54.81,54.81,10.6,detected,0
141.0,141.0,705,502,person,0.9133,889,216,82,180,930.0,306.0,14760,61.88,61.88,10.2,detected,0
141.0,141.0,705,508,person,0.8405,1295,335,77,199,1333.5,434.5,15323,98.16,98.16,7.0,detected,0
141.0,141.0,705,511,person,0.8,1442,44,64,129,1474.0,108.5,8256,67.68,67.68,5.6,detected,0
141.0,141.0,705,513,person,0.6142,415,285,63,159,446.5,364.5,10017,54.61,54.61,2.4,detected,0
141.0,141.0,705,524,person,0.3616,1836,129,46,163,1859.0,210.5,7498,0.0,0.0,0.8,detected,0
141.0,141.0,705,525,person,0.7043,1795,436,67,197,1828.5,534.5,13199,0.0,0.0,0.6,detected,0
142.0,142.0,710,17,person,0.2038,112,287,60,132,142.0,353.0,7920,32.0,32.0,142.0,detected,0
142.0,142.0,710,421,person,0.8158,0,374,63,195,31.5,471.5,12285,110.51,36.84,37.2,detected,0
142.0,142.0,710,456,person,0.7116,506,189,66,161,539.0,269.5,10626,81.41,81.41,23.6,detected,0
142.0,142.0,710,465,person,0.7487,273,357,73,195,309.5,454.5,14235,80.45,80.45,22.2,detected,0
142.0,142.0,710,470,person,0.5778,462,170,61,173,492.5,256.5,10553,67.8,67.8,20.0,detected,0
142.0,142.0,710,475,person,0.9286,1375,754,126,271,1438.0,889.5,34146,142.28,142.28,18.2,detected,0
142.0,142.0,710,480,person,0.9091,1185,324,85,194,1227.5,421.0,16490,64.42,64.42,17.2,detected,0
142.0,142.0,710,483,person,0.1768,285,292,60,110,315.0,347.0,6600,81.26,81.26,15.2,detected,0
142.0,142.0,710,486,person,0.5904,993,3,41,116,1013.5,61.0,4756,46.82,46.82,14.6,detected,0
142.0,142.0,710,491,person,0.689,225,328,69,217,259.5,436.5,14973,81.72,81.72,14.2,detected,0
142.0,142.0,710,493,person,0.7067,1518,146,62,162,1549.0,227.0,10044,50.38,50.38,13.4,detected,0
142.0,142.0,710,499,person,0.7681,652,166,65,121,684.5,226.5,7865,65.32,65.32,12.4,detected,0
142.0,142.0,710,501,person,0.8489,876,177,61,171,906.5,262.5,10431,49.18,49.18,11.6,detected,0
142.0,142.0,710,502,person,0.8996,926,183,75,169,963.5,267.5,12675,51.03,51.03,11.2,detected,0
142.0,142.0,710,508,person,0.791,1367,288,74,188,1404.0,382.0,13912,87.9,87.9,8.0,detected,0
142.0,142.0,710,511,person,0.8055,1379,59,59,132,1408.5,125.0,7788,67.55,67.55,6.6,detected,0
142.0,142.0,710,512,person,0.1503,1887,866,32,208,1903.0,970.0,6656,2.06,1.03,4.4,detected,0
142.0,142.0,710,513,person,0.8364,350,302,71,182,385.5,393.0,12922,67.33,67.33,3.4,detected,0
142.0,142.0,710,524,person,0.7933,1785,173,57,168,1813.5,257.0,9576,65.06,65.06,1.8,detected,0
142.0,142.0,710,525,person,0.9204,1765,467,88,231,1809.0,582.5,20328,51.81,51.81,1.6,detected,0
142.0,142.0,710,530,person,0.4499,1847,154,45,156,1869.5,232.0,7020,0.0,0.0,0.2,detected,0
143.0,143.0,715,281,person,0.1776,32,299,78,176,71.0,387.0,13728,34.99,17.49,82.4,detected,0
143.0,143.0,715,421,person,0.7937,78,304,79,199,117.5,403.5,15721,109.64,109.64,38.2,detected,0
143.0,143.0,715,446,person,0.7068,334,216,77,180,372.5,306.0,13860,234.63,117.32,28.2,detected,0
143.0,143.0,715,465,person,0.8474,202,395,80,201,242.0,495.5,16080,78.98,78.98,23.2,detected,0
143.0,143.0,715,470,person,0.5869,521,148,69,172,555.5,234.0,11868,66.9,66.9,21.0,detected,0
143.0,143.0,715,475,person,0.9063,1454,659,121,248,1514.5,783.0,30008,131.13,131.13,19.2,detected,0
143.0,143.0,715,480,person,0.9171,1130,372,89,202,1174.5,473.0,17978,74.25,74.25,18.2,detected,0
143.0,143.0,715,483,person,0.2191,204,331,60,81,234.0,371.5,4860,84.62,84.62,16.2,detected,0
143.0,143.0,715,486,person,0.5313,1032,0,39,99,1051.5,49.5,3861,39.7,39.7,15.6,detected,0
143.0,143.0,715,491,person,0.8609,143,351,84,243,185.0,472.5,20412,82.74,82.74,15.2,detected,0
143.0,143.0,715,493,person,0.6487,1552,121,61,148,1582.5,195.0,9028,46.33,46.33,14.4,detected,0
143.0,143.0,715,499,person,0.7794,584,198,69,124,618.5,260.0,8556,74.02,74.02,13.4,detected,0
143.0,143.0,715,501,person,0.853,908,146,61,164,938.5,228.0,10004,47.06,47.06,12.6,detected,0
143.0,143.0,715,502,person,0.8963,961,152,69,163,995.5,233.5,11247,46.69,46.69,12.2,detected,0
143.0,143.0,715,508,person,0.739,1422,245,68,178,1456.0,334.0,12104,70.77,70.77,9.0,detected,0
143.0,143.0,715,511,person,0.7975,1309,76,63,134,1340.5,143.0,8442,70.34,70.34,7.6,detected,0
143.0,143.0,715,513,person,0.7499,256,338,80,183,296.0,429.5,14640,96.66,96.66,4.4,detected,0
143.0,143.0,715,524,person,0.7515,1762,206,60,174,1792.0,293.0,10440,41.93,41.93,2.8,detected,0
143.0,143.0,715,525,person,0.9093,1727,520,97,253,1775.5,646.5,24541,72.24,72.24,2.6,detected,0
143.0,143.0,715,530,person,0.3727,1838,190,51,159,1863.5,269.5,8109,37.98,37.98,1.2,detected,0
144.0,144.0,720,281,person,0.2041,11,278,75,159,48.5,357.5,11925,37.1,37.1,83.4,detected,0
144.0,144.0,720,421,person,0.8064,176,276,79,182,215.5,367.0,14378,104.58,104.58,39.2,detected,0
144.0,144.0,720,446,person,0.8208,435,185,74,180,472.0,275.0,13320,104.22,104.22,29.2,detected,0
144.0,144.0,720,456,person,0.7006,628,150,63,145,659.5,222.5,9135,129.34,64.67,25.6,detected,0
144.0,144.0,720,465,person,0.8556,124,426,82,216,165.0,534.0,17712,86.09,86.09,24.2,detected,0
144.0,144.0,720,470,person,0.5983,577,126,60,157,607.0,204.5,9420,59.35,59.35,22.0,detected,0
144.0,144.0,720,475,person,0.9101,1521,580,112,234,1577.0,697.0,26208,106.31,106.31,20.2,detected,0
144.0,144.0,720,480,person,0.923,1068,428,92,214,1114.0,535.0,19688,86.63,86.63,19.2,detected,0
144.0,144.0,720,483,person,0.3493,92,369,50,70,117.0,404.0,3500,121.43,121.43,17.2,predicted,1
144.0,144.0,720,486,person,0.6126,1063,0,40,82,1083.0,41.0,3280,32.63,32.63,16.6,detected,0
144.0,144.0,720,491,person,0.8136,57,389,95,252,104.5,515.0,23940,91.03,91.03,16.2,detected,0
144.0,144.0,720,493,person,0.7169,1579,95,58,154,1608.0,172.0,8932,34.34,34.34,15.4,detected,0
144.0,144.0,720,499,person,0.8559,504,229,72,173,540.0,315.5,12456,96.14,96.14,14.4,detected,0
144.0,144.0,720,501,person,0.8183,943,118,56,154,971.0,195.0,8624,46.32,46.32,13.6,detected,0
144.0,144.0,720,502,person,0.8587,991,125,63,153,1022.5,201.5,9639,41.87,41.87,13.2,detected,0
144.0,144.0,720,508,person,0.7548,1470,206,64,169,1502.0,290.5,10816,63.31,63.31,10.0,detected,0
144.0,144.0,720,511,person,0.8213,1231,92,61,138,1261.5,161.0,8418,81.02,81.02,8.6,detected,0
144.0,144.0,720,524,person,0.8794,1730,239,61,183,1760.5,330.5,11163,48.97,48.97,3.8,detected,0
144.0,144.0,720,525,person,0.9069,1716,582,100,260,1766.0,712.0,26000,66.19,66.19,3.6,detected,0
144.0,144.0,720,530,person,0.753,1821,213,64,134,1853.0,280.0,8576,14.85,14.85,2.2,detected,0
144.0,144.0,720,536,person,0.17,1201,0,29,40,1215.5,20.0,1160,0.0,0.0,0.0,detected,0
145.0,145.0,725,281,person,0.2361,7,284,81,157,47.5,362.5,12717,5.1,5.1,84.4,detected,0
145.0,145.0,725,421,person,0.8605,292,244,77,193,330.5,340.5,14861,118.01,118.01,40.2,detected,0
145.0,145.0,725,446,person,0.8206,534,159,73,169,570.5,243.5,12337,103.41,103.41,30.2,detected,0
145.0,145.0,725,456,person,0.7779,683,131,61,140,713.5,201.0,8540,58.12,58.12,26.6,detected,0
145.0,145.0,725,465,person,0.8586,53,460,90,220,98.0,570.0,19800,76.06,76.06,25.2,detected,0
145.0,145.0,725,470,person,0.7083,633,109,57,160,661.5,189.0,9120,56.66,56.66,23.0,detected,0
145.0,145.0,725,475,person,0.8985,1562,514,103,218,1613.5,623.0,22454,82.51,82.51,21.2,detected,0
145.0,145.0,725,480,person,0.9221,986,490,104,223,1038.0,601.5,23192,100.99,100.99,20.2,detected,0
145.0,145.0,725,483,person,0.3945,106,285,61,136,136.5,353.0,8296,54.6,54.6,18.2,detected,0
145.0,145.0,725,486,person,0.6891,1101,0,29,64,1115.5,32.0,1856,33.72,33.72,17.6,detected,0
145.0,145.0,725,491,person,0.8668,1,419,95,250,48.5,544.0,23750,63.06,63.06,17.2,detected,0
145.0,145.0,725,493,person,0.6956,1605,73,55,147,1632.5,146.5,8085,35.36,35.36,16.4,detected,0
145.0,145.0,725,499,person,0.8574,408,268,74,179,445.0,357.5,13246,103.87,103.87,15.4,detected,0
145.0,145.0,725,501,person,0.7995,979,92,52,148,1005.0,166.0,7696,44.69,44.69,14.6,detected,0
145.0,145.0,725,502,person,0.8444,1018,100,57,149,1046.5,174.5,8493,36.12,36.12,14.2,detected,0
145.0,145.0,725,508,person,0.5539,1512,171,62,141,1543.0,241.5,8742,63.89,63.89,11.0,detected,0
145.0,145.0,725,511,person,0.847,1151,113,67,143,1184.5,184.5,9581,80.51,80.51,9.6,detected,0
145.0,145.0,725,524,person,0.8934,1696,275,64,191,1728.0,370.5,12224,51.54,51.54,4.8,detected,0
145.0,145.0,725,525,person,0.8103,1718,658,94,228,1765.0,772.0,21432,60.01,60.01,4.6,detected,0
145.0,145.0,725,530,person,0.42,1801,257,77,111,1839.5,312.5,8547,35.19,35.19,3.2,detected,0
145.0,145.0,725,536,person,0.5844,1172,0,29,54,1186.5,27.0,1566,29.83,29.83,1.0,detected,0
145.0,145.0,725,538,person,0.3509,1798,258,79,213,1837.5,364.5,16827,0.0,0.0,0.0,detected,0
146.0,146.0,730,281,person,0.3926,14,279,78,157,53.0,357.5,12246,7.43,7.43,85.4,detected,0
146.0,146.0,730,421,person,0.8547,412,214,71,183,447.5,305.5,12993,122.12,122.12,41.2,detected,0
146.0,146.0,730,446,person,0.7247,628,135,71,163,663.5,216.5,11573,96.84,96.84,31.2,detected,0
146.0,146.0,730,456,person,0.7588,736,110,60,132,766.0,176.0,7920,58.15,58.15,27.6,detected,0
146.0,146.0,730,470,person,0.7478,688,91,54,153,715.0,167.5,8262,57.66,57.66,24.0,detected,0
146.0,146.0,730,475,person,0.907,1558,450,91,209,1603.5,554.5,19019,69.23,69.23,22.2,detected,0
146.0,146.0,730,480,person,0.9414,908,564,109,239,962.5,683.5,26051,111.46,111.46,21.2,detected,0
146.0,146.0,730,483,person,0.3467,109,285,60,134,139.0,352.0,8040,2.69,2.69,19.2,detected,0
146.0,146.0,730,486,person,0.1682,1136,0,31,64,1151.5,32.0,1984,36.0,36.0,18.6,detected,0
146.0,146.0,730,493,person,0.7427,1631,51,53,141,1657.5,121.5,7473,35.36,35.36,17.4,detected,0
146.0,146.0,730,499,person,0.871,292,306,83,188,333.5,400.0,15604,119.33,119.33,16.4,detected,0
146.0,146.0,730,501,person,0.7943,1015,69,50,143,1040.0,140.5,7150,43.3,43.3,15.6,detected,0
146.0,146.0,730,502,person,0.6054,1058,76,55,139,1085.5,145.5,7645,48.6,48.6,15.2,detected,0
146.0,146.0,730,508,person,0.5883,1556,138,58,129,1585.0,202.5,7482,57.31,57.31,12.0,detected,0
146.0,146.0,730,511,person,0.8006,1081,137,74,146,1118.0,210.0,10804,71.22,71.22,10.6,detected,0
146.0,146.0,730,513,person,0.6277,-2,520,68,215,32.0,627.5,14620,330.0,110.0,7.4,detected,0
146.0,146.0,730,524,person,0.8996,1655,312,68,198,1689.0,411.0,13464,56.22,56.22,5.8,detected,0
146.0,146.0,730,525,person,0.2776,1716,748,72,158,1752.0,827.0,11376,56.52,56.52,5.6,detected,0
146.0,146.0,730,530,person,0.8468,1782,304,74,194,1819.0,401.0,14356,90.84,90.84,4.2,detected,0
146.0,146.0,730,536,person,0.3009,1139,0,31,71,1154.5,35.5,2201,33.11,33.11,2.0,detected,0
146.0,146.0,730,540,person,0.7209,804,24,48,140,828.0,94.0,6720,0.0,0.0,0.6,detected,0
146.0,146.0,730,541,person,0.2483,1886,866,34,198,1903.0,965.0,6732,0.0,0.0,0.6,detected,0
146.0,146.0,730,542,person,0.8255,1380,1010,87,68,1423.5,1044.0,5916,0.0,0.0,0.4,detected,0
146.0,146.0,730,543,person,0.4349,1712,746,78,252,1751.0,872.0,19656,0.0,0.0,0.2,detected,0
146.0,146.0,730,544,person,0.7446,1519,1017,92,63,1565.0,1048.5,5796,0.0,0.0,0.0,detected,0
147.0,147.0,735,281,person,0.4583,14,280,77,156,52.5,358.0,12012,0.71,0.71,86.4,detected,0
147.0,147.0,735,421,person,0.8562,532,187,69,175,566.5,274.5,12075,122.97,122.97,42.2,detected,0
147.0,147.0,735,446,person,0.8155,729,108,62,152,760.0,184.0,9424,101.83,101.83,32.2,detected,0
147.0,147.0,735,456,person,0.7766,787,97,57,133,815.5,163.5,7581,51.05,51.05,28.6,detected,0
147.0,147.0,735,470,person,0.2983,747,80,47,99,770.5,129.5,4653,67.26,67.26,25.0,detected,0
147.0,147.0,735,475,person,0.9001,1537,393,83,197,1578.5,491.5,16351,67.78,67.78,23.2,detected,0
147.0,147.0,735,480,person,0.9294,827,652,117,253,885.5,778.5,29601,122.29,122.29,22.2,detected,0
147.0,147.0,735,483,person,0.2506,110,286,62,134,141.0,353.0,8308,2.24,2.24,20.2,detected,0
147.0,147.0,735,486,person,0.151,1176,2,24,42,1188.0,23.0,1008,37.59,37.59,19.6,detected,0
147.0,147.0,735,493,person,0.7497,1657,32,50,136,1682.0,100.0,6800,32.6,32.6,18.4,detected,0
147.0,147.0,735,499,person,0.8801,170,350,87,197,213.5,448.5,17139,129.43,129.43,17.4,detected,0
147.0,147.0,735,501,person,0.7945,1049,49,49,131,1073.5,114.5,6419,42.41,42.41,16.6,detected,0
147.0,147.0,735,502,person,0.8587,1094,53,52,136,1120.0,121.0,7072,42.31,42.31,16.2,detected,0
147.0,147.0,735,508,person,0.6039,1594,108,54,139,1621.0,177.5,7506,43.83,43.83,13.0,detected,0
147.0,147.0,735,511,person,0.8873,1001,161,77,151,1039.5,236.5,11627,82.85,82.85,11.6,detected,0
147.0,147.0,735,524,person,0.9067,1634,353,68,210,1668.0,458.0,14280,51.48,51.48,6.8,detected,0
147.0,147.0,735,525,person,0.7999,1699,820,68,172,1733.0,906.0,11696,81.25,81.25,6.6,detected,0
147.0,147.0,735,530,person,0.9179,1741,351,92,245,1787.0,473.5,22540,79.25,79.25,5.2,detected,0
147.0,147.0,735,536,person,0.221,1107,0,39,78,1126.5,39.0,3042,28.22,28.22,3.0,detected,0
147.0,147.0,735,540,person,0.1534,811,30,40,112,831.0,86.0,4480,8.54,8.54,1.6,detected,0
147.0,147.0,735,541,person,0.2939,1887,865,32,212,1903.0,971.0,6784,6.0,6.0,1.6,detected,0
147.0,147.0,735,542,person,0.905,1387,921,160,159,1467.0,1000.5,25440,61.52,61.52,1.4,detected,0
147.0,147.0,735,544,person,0.9024,1544,941,128,139,1608.0,1010.5,17792,57.38,57.38,1.0,detected,0
148.0,148.0,740,281,person,0.2238,14,280,79,156,53.5,358.0,12324,1.0,1.0,87.4,detected,0
148.0,148.0,740,421,person,0.7865,650,169,64,123,682.0,230.5,7872,123.6,123.6,43.2,detected,0
148.0,148.0,740,446,person,0.8322,828,73,67,165,861.5,155.5,11055,105.43,105.43,33.2,detected,0
148.0,148.0,740,470,person,0.7181,790,62,54,144,817.0,134.0,7776,46.72,46.72,26.0,detected,0
148.0,148.0,740,475,person,0.4101,1548,342,76,184,1586.0,434.0,13984,57.99,57.99,24.2,detected,0
148.0,148.0,740,480,person,0.9225,734,751,132,272,800.0,887.0,35904,138.14,138.14,23.2,detected,0
148.0,148.0,740,483,person,0.3302,111,287,59,131,140.5,352.5,7729,0.71,0.71,21.2,detected,0
148.0,148.0,740,493,person,0.7402,1674,13,52,134,1700.0,80.0,6968,26.91,26.91,19.4,detected,0
148.0,148.0,740,499,person,0.8961,39,403,97,206,87.5,506.0,19982,138.5,138.5,18.4,detected,0
148.0,148.0,740,501,person,0.7498,1087,27,47,133,1110.5,93.5,6251,42.54,42.54,17.6,detected,0
148.0,148.0,740,502,person,0.847,1121,33,55,133,1148.5,99.5,7315,35.7,35.7,17.2,detected,0
148.0,148.0,740,508,person,0.6943,1621,82,52,140,1647.0,152.0,7280,36.42,36.42,14.0,detected,0
148.0,148.0,740,511,person,0.8248,912,187,80,153,952.0,263.5,12240,91.57,91.57,12.6,detected,0
148.0,148.0,740,524,person,0.897,1591,398,78,220,1630.0,508.0,17160,62.8,62.8,7.8,detected,0
148.0,148.0,740,525,person,0.248,1667,913,63,159,1698.5,992.5,10017,93.13,93.13,7.6,detected,0
148.0,148.0,740,530,person,0.9319,1682,403,112,256,1738.0,531.0,28672,75.55,75.55,6.2,detected,0
148.0,148.0,740,536,person,0.6057,1069,0,45,84,1091.5,42.0,3780,35.13,35.13,4.0,detected,0
148.0,148.0,740,541,person,0.1822,1888,866,31,187,1903.5,959.5,5797,11.51,11.51,2.6,detected,0
148.0,148.0,740,542,person,0.8901,1424,845,160,233,1504.0,961.5,37280,53.76,53.76,2.4,detected,0
148.0,148.0,740,544,person,0.8606,1581,864,129,214,1645.5,971.0,27606,54.47,54.47,2.0,detected,0
149.0,149.0,745,281,person,0.389,14,279,79,158,53.5,358.0,12482,0.0,0.0,88.4,detected,0
149.0,149.0,745,421,person,0.7556,729,154,66,96,762.0,202.0,6336,84.92,84.92,44.2,detected,0
149.0,149.0,745,446,person,0.6714,909,67,60,146,939.0,140.0,8760,79.03,79.03,34.2,detected,0
149.0,149.0,745,456,person,0.3507,885,61,48,133,909.0,127.5,6384,100.19,50.1,30.6,detected,0
149.0,149.0,745,470,person,0.5641,836,49,54,141,863.0,119.5,7614,48.23,48.23,27.0,detected,0
149.0,149.0,745,475,person,0.9083,1595,297,85,176,1637.5,385.0,14960,71.09,71.09,25.2,detected,0
149.0,149.0,745,480,person,0.9178,619,867,131,213,684.5,973.5,27903,144.3,144.3,24.2,detected,0
149.0,149.0,745,483,person,0.2424,111,287,60,131,141.0,352.5,7860,0.5,0.5,22.2,detected,0
149.0,149.0,745,493,person,0.6516,1687,0,50,128,1712.0,64.0,6400,20.0,20.0,20.4,detected,0
149.0,149.0,745,499,person,0.2045,0,532,18,133,9.0,598.5,2394,121.32,121.32,19.4,detected,0
149.0,149.0,745,501,person,0.5495,1131,5,41,134,1151.5,72.0,5494,46.3,46.3,18.6,detected,0
149.0,149.0,745,502,person,0.784,1156,15,51,129,1181.5,79.5,6579,38.59,38.59,18.2,detected,0
149.0,149.0,745,508,person,0.7243,1638,56,51,136,1663.5,124.0,6936,32.5,32.5,15.0,detected,0
149.0,149.0,745,511,person,0.8609,834,214,76,161,872.0,294.5,12236,85.8,85.8,13.6,detected,0
149.0,149.0,745,524,person,0.9018,1533,443,80,223,1573.0,554.5,17840,73.56,73.56,8.8,detected,0
149.0,149.0,745,530,person,0.9396,1604,467,122,270,1665.0,602.0,32940,101.83,101.83,7.2,detected,0
149.0,149.0,745,536,person,0.6709,1034,2,47,121,1057.5,62.5,5687,39.7,39.7,5.0,detected,0
149.0,149.0,745,540,person,0.5597,807,38,38,135,826.0,105.5,5130,20.13,10.07,3.6,predicted,1
149.0,149.0,745,541,person,0.1605,1888,866,31,182,1903.5,957.0,5642,2.5,2.5,3.6,predicted,1
149.0,149.0,745,542,person,0.9327,1501,780,131,276,1566.5,918.0,36156,76.15,76.15,3.4,detected,0
149.0,149.0,745,544,person,0.82,1629,794,116,284,1687.0,936.0,32944,54.29,54.29,3.0,detected,0
149.0,149.0,745,550,person,0.4906,1825,179,67,165,1858.5,261.5,11055,0.0,0.0,0.8,detected,0
149.0,149.0,745,551,person,0.2281,1760,654,65,157,1792.5,732.5,10205,0.0,0.0,0.0,detected,0
150.0,150.0,750,281,person,0.3247,8,278,82,158,49.0,357.0,12956,4.61,4.61,89.4,detected,0
150.0,150.0,750,421,person,0.8334,736,150,67,97,769.5,198.5,6499,8.28,8.28,45.2,detected,0
150.0,150.0,750,446,person,0.6408,990,37,65,157,1022.5,115.5,10205,87.02,87.02,35.2,detected,0
150.0,150.0,750,456,person,0.7274,913,48,53,132,939.5,114.0,6996,33.35,33.35,31.6,detected,0
150.0,150.0,750,470,person,0.7134,874,35,49,141,898.5,105.5,6909,38.16,38.16,28.0,detected,0
150.0,150.0,750,475,person,0.8893,1633,263,82,168,1674.0,347.0,13776,52.69,52.69,26.2,detected,0
150.0,150.0,750,480,person,0.8083,506,1008,104,72,558.0,1044.0,7488,144.82,144.82,25.2,detected,0
150.0,150.0,750,483,person,0.2992,111,287,59,130,140.5,352.0,7670,0.71,0.71,23.2,detected,0
150.0,150.0,750,493,person,0.6607,1699,0,47,112,1722.5,56.0,5264,13.2,13.2,21.4,detected,0
150.0,150.0,750,501,person,0.727,1160,0,42,117,1181.0,58.5,4914,32.44,32.44,19.6,detected,0
150.0,150.0,750,502,person,0.7173,1190,3,50,122,1215.0,64.0,6100,36.91,36.91,19.2,detected,0
150.0,150.0,750,508,person,0.7444,1657,36,50,129,1682.0,100.5,6450,29.91,29.91,16.0,detected,0
150.0,150.0,750,511,person,0.3814,749,243,82,165,790.0,325.5,13530,87.66,87.66,14.6,detected,0
150.0,150.0,750,524,person,0.7382,1500,495,72,239,1536.0,614.5,17208,70.49,70.49,9.8,detected,0
150.0,150.0,750,530,person,0.8983,1526,531,115,286,1583.5,674.0,32890,108.75,108.75,8.2,detected,0
150.0,150.0,750,540,person,0.7829,800,37,47,145,823.5,109.5,6815,4.72,4.72,4.6,detected,0
150.0,150.0,750,541,person,0.2376,1890,866,29,174,1904.5,953.0,5046,4.12,4.12,4.6,detected,0
150.0,150.0,750,542,person,0.887,1547,720,126,274,1610.0,857.0,34524,74.92,74.92,4.4,detected,0
150.0,150.0,750,544,person,0.893,1662,736,106,264,1715.0,868.0,27984,73.54,73.54,4.0,detected,0
150.0,150.0,750,550,person,0.6234,1798,209,78,139,1837.0,278.5,10842,27.41,27.41,1.8,detected,0
150.0,150.0,750,551,person,0.8116,1751,575,86,222,1794.0,686.0,19092,46.52,46.52,1.0,detected,0
151.0,151.0,755,281,person,0.4484,12,280,78,157,51.0,358.5,12246,2.5,2.5,90.4,detected,0
151.0,151.0,755,421,person,0.758,717,159,66,99,750.0,208.5,6534,21.91,21.91,46.2,detected,0
151.0,151.0,755,446,person,0.854,1049,28,56,141,1077.0,98.5,7896,57.09,57.09,36.2,detected,0
151.0,151.0,755,456,person,0.5625,945,38,51,122,970.5,99.0,6222,34.44,34.44,32.6,detected,0
151.0,151.0,755,470,person,0.6067,905,19,49,138,929.5,88.0,6762,35.6,35.6,29.0,detected,0
151.0,151.0,755,475,person,0.861,1660,228,77,159,1698.5,307.5,12243,46.48,46.48,27.2,detected,0
151.0,151.0,755,483,person,0.2734,111,287,59,131,140.5,352.5,7729,0.5,0.5,24.2,detected,0
151.0,151.0,755,501,person,0.4037,1192,0,40,97,1212.0,48.5,3880,32.57,32.57,20.6,detected,0
151.0,151.0,755,502,person,0.7482,1220,0,50,107,1245.0,53.5,5350,31.78,31.78,20.2,detected,0
151.0,151.0,755,508,person,0.6885,1682,15,49,126,1706.5,78.0,6174,33.26,33.26,17.0,detected,0
151.0,151.0,755,511,person,0.8895,651,273,78,171,690.0,358.5,13338,105.3,105.3,15.6,detected,0
151.0,151.0,755,524,person,0.7745,1511,564,75,189,1548.5,658.5,14175,45.74,45.74,10.8,detected,0
151.0,151.0,755,530,person,0.9255,1430,603,136,310,1498.0,758.0,42160,119.86,119.86,9.2,detected,0
151.0,151.0,755,536,person,0.7842,999,41,44,120,1021.0,101.0,5280,53.05,26.53,7.0,detected,0
151.0,151.0,755,540,person,0.8186,776,57,58,149,805.0,131.5,8642,28.74,28.74,5.6,detected,0
151.0,151.0,755,541,person,0.1602,1889,866,31,172,1904.5,952.0,5332,1.0,1.0,5.6,detected,0
151.0,151.0,755,542,person,0.9193,1597,662,120,255,1657.0,789.5,30600,82.25,82.25,5.4,detected,0
151.0,151.0,755,544,person,0.7735,1710,677,88,169,1754.0,761.5,14872,113.42,113.42,5.0,detected,0
151.0,151.0,755,550,person,0.8899,1773,232,75,178,1810.5,321.0,13350,50.08,50.08,2.8,detected,0
151.0,151.0,755,551,person,0.1579,1817,501,42,115,1838.0,558.5,4830,134.88,134.88,2.0,detected,0
151.0,151.0,755,560,person,0.8228,1649,800,100,234,1699.0,917.0,23400,0.0,0.0,0.2,detected,0
152.0,152.0,760,281,person,0.5353,7,275,82,162,48.0,356.0,13284,3.91,3.91,91.4,detected,0
152.0,152.0,760,421,person,0.7342,713,155,61,103,743.5,206.5,6283,6.8,6.8,47.2,detected,0
152.0,152.0,760,446,person,0.8671,1088,11,55,135,1115.5,78.5,7425,43.38,43.38,37.2,detected,0
152.0,152.0,760,456,person,0.7052,979,21,53,125,1005.5,83.5,6625,38.28,38.28,33.6,detected,0
152.0,152.0,760,470,person,0.3863,935,11,49,128,959.5,75.0,6272,32.7,32.7,30.0,detected,0
152.0,152.0,760,475,person,0.6912,1707,196,69,147,1741.5,269.5,10143,57.38,57.38,28.2,detected,0
152.0,152.0,760,483,person,0.173,111,287,59,131,140.5,352.5,7729,0.0,0.0,25.2,detected,0
152.0,152.0,760,501,person,0.3818,1223,0,35,79,1240.5,39.5,2765,29.89,29.89,21.6,detected,0
152.0,152.0,760,502,person,0.5445,1246,0,48,88,1270.0,44.0,4224,26.74,26.74,21.2,detected,0
152.0,152.0,760,511,person,0.598,540,305,79,175,579.5,392.5,13825,115.61,115.61,16.6,detected,0
152.0,152.0,760,524,person,0.9199,1517,643,90,280,1562.0,783.0,25200,125.23,125.23,11.8,detected,0
152.0,152.0,760,530,person,0.9339,1368,697,143,326,1439.5,860.0,46618,117.59,117.59,10.2,detected,0
152.0,152.0,760,536,person,0.4828,960,56,51,127,985.5,119.5,6477,40.03,40.03,8.0,detected,0
152.0,152.0,760,540,person,0.763,725,76,58,118,754.0,135.0,6844,51.12,51.12,6.6,detected,0
152.0,152.0,760,541,person,0.1941,1889,865,30,172,1904.0,951.0,5160,1.12,1.12,6.6,detected,0
152.0,152.0,760,542,person,0.1816,1629,606,133,232,1695.5,722.0,30856,77.71,77.71,6.4,detected,0
152.0,152.0,760,544,person,0.5982,1751,623,74,177,1788.0,711.5,13098,60.46,60.46,6.0,detected,0
152.0,152.0,760,550,person,0.9164,1728,252,75,184,1765.5,344.0,13800,50.54,50.54,3.8,detected,0
152.0,152.0,760,560,person,0.7241,1634,698,124,305,1696.0,850.5,37820,66.57,66.57,1.2,detected,0
152.0,152.0,760,563,person,0.836,1821,221,64,124,1853.0,283.0,7936,0.0,0.0,0.8,detected,0
152.0,152.0,760,566,person,0.5675,1628,606,131,152,1693.5,682.0,19912,0.0,0.0,0.2,detected,0
152.0,152.0,760,567,person,0.1746,1199,0,19,39,1208.5,19.5,741,0.0,0.0,0.0,detected,0
153.0,153.0,765,281,person,0.3648,10,279,79,158,49.5,358.0,12482,2.5,2.5,92.4,detected,0
153.0,153.0,765,421,person,0.7945,723,149,51,104,748.5,201.0,5304,7.43,7.43,48.2,detected,0
153.0,153.0,765,446,person,0.6772,1127,0,52,125,1153.0,62.5,6500,40.77,40.77,38.2,detected,0
153.0,153.0,765,456,person,0.7068,1012,12,54,119,1039.0,71.5,6426,35.58,35.58,34.6,detected,0
153.0,153.0,765,470,person,0.5267,968,0,50,125,993.0,62.5,6250,35.76,35.76,31.0,detected,0
153.0,153.0,765,475,person,0.595,1767,168,69,148,1801.5,242.0,10212,66.0,66.0,29.2,detected,0
153.0,153.0,765,483,person,0.2546,111,287,59,131,140.5,352.5,7729,0.0,0.0,26.2,detected,0
153.0,153.0,765,501,person,0.2576,1248,0,35,62,1265.5,31.0,2170,26.41,26.41,22.6,detected,0
153.0,153.0,765,502,person,0.1653,1282,1,32,68,1298.0,35.0,2176,29.41,29.41,22.2,detected,0
153.0,153.0,765,511,person,0.282,402,337,78,182,441.0,428.0,14196,142.98,142.98,17.6,detected,0
153.0,153.0,765,524,person,0.9164,1551,741,94,300,1598.0,891.0,28200,113.84,113.84,12.8,detected,0
153.0,153.0,765,530,person,0.9568,1298,808,147,272,1371.5,944.0,39984,108.07,108.07,11.2,detected,0
153.0,153.0,765,536,person,0.8261,907,75,48,130,931.0,140.0,6240,58.23,58.23,9.0,detected,0
153.0,153.0,765,540,person,0.7855,659,101,55,163,686.5,182.5,8965,82.54,82.54,7.6,detected,0
153.0,153.0,765,541,person,0.1766,1887,866,32,178,1903.0,955.0,5696,4.12,4.12,7.6,detected,0
153.0,153.0,765,544,person,0.5712,1788,575,64,147,1820.0,648.5,9408,70.66,70.66,7.0,detected,0
153.0,153.0,765,550,person,0.8792,1666,276,75,185,1703.5,368.5,13875,66.67,66.67,4.8,detected,0
153.0,153.0,765,560,person,0.837,1623,612,97,279,1671.5,751.5,27063,101.99,101.99,2.2,detected,0
153.0,153.0,765,563,person,0.251,1828,247,53,96,1854.5,295.0,5088,12.09,12.09,1.8,detected,0
153.0,153.0,765,566,person,0.8444,1685,554,108,234,1739.0,671.0,25272,46.81,46.81,1.2,detected,0
153.0,153.0,765,567,person,0.3985,1190,0,31,63,1205.5,31.5,1953,12.37,12.37,1.0,detected,0
153.0,153.0,765,570,person,0.7362,1782,281,63,195,1813.5,378.5,12285,0.0,0.0,0.6,detected,0
153.0,153.0,765,571,person,0.3469,1803,260,73,138,1839.5,329.0,10074,0.0,0.0,0.4,detected,0
154.0,154.0,770,281,person,0.4037,9,274,81,163,49.5,355.5,13203,2.5,2.5,93.4,detected,0
154.0,154.0,770,421,person,0.8121,723,148,59,106,752.5,201.0,6254,4.0,4.0,49.2,detected,0
154.0,154.0,770,446,person,0.3861,1157,0,52,93,1183.0,46.5,4836,34.0,34.0,39.2,detected,0
154.0,154.0,770,456,person,0.7407,1040,0,52,114,1066.0,57.0,5928,30.65,30.65,35.6,detected,0
154.0,154.0,770,470,person,0.5919,997,0,51,108,1022.5,54.0,5508,30.7,30.7,32.0,detected,0
154.0,154.0,770,475,person,0.5835,1827,144,64,138,1859.0,213.0,8832,64.4,64.4,30.2,detected,0
154.0,154.0,770,483,person,0.376,112,286,60,132,142.0,352.0,7920,1.58,1.58,27.2,detected,0
154.0,154.0,770,501,person,0.4494,1269,0,27,44,1282.5,22.0,1188,19.24,19.24,23.6,detected,0
154.0,154.0,770,502,person,0.1627,1308,0,28,51,1322.0,25.5,1428,25.81,25.81,23.2,detected,0
154.0,154.0,770,511,person,0.8225,272,373,77,188,310.5,467.0,14476,136.2,136.2,18.6,detected,0
154.0,154.0,770,524,person,0.8027,1629,858,100,222,1679.0,969.0,22200,112.45,112.45,13.8,detected,0
154.0,154.0,770,530,person,0.9187,1205,928,162,152,1286.0,1004.0,24624,104.45,104.45,12.2,detected,0
154.0,154.0,770,536,person,0.8188,845,92,48,132,869.0,158.0,6336,64.56,64.56,10.0,detected,0
154.0,154.0,770,540,person,0.4885,591,131,55,168,618.5,215.0,9240,75.37,75.37,8.6,detected,0
154.0,154.0,770,541,person,0.2352,1887,866,32,188,1903.0,960.0,6016,5.0,5.0,8.6,detected,0
154.0,154.0,770,550,person,0.9062,1598,296,77,186,1636.5,389.0,14322,70.07,70.07,5.8,detected,0
154.0,154.0,770,560,person,0.8474,1627,539,88,257,1671.0,667.5,22616,84.0,84.0,3.2,detected,0
154.0,154.0,770,563,person,0.1695,1809,273,64,73,1841.0,309.5,4672,19.81,19.81,2.8,detected,0
154.0,154.0,770,566,person,0.8832,1709,508,118,226,1768.0,621.0,26668,57.8,57.8,2.2,detected,0
154.0,154.0,770,567,person,0.1645,1155,1,46,87,1178.0,44.5,4002,30.42,30.42,2.0,detected,0
154.0,154.0,770,570,person,0.9037,1709,304,88,198,1753.0,403.0,17424,65.27,65.27,1.6,detected,0
154.0,154.0,770,571,person,0.6932,1806,270,68,168,1840.0,354.0,11424,25.0,25.0,1.4,detected,0
155.0,155.0,775,281,person,0.3519,8,274,82,163,49.0,355.5,13366,0.5,0.5,94.4,detected,0
155.0,155.0,775,421,person,0.7901,721,148,61,107,751.5,201.5,6527,1.12,1.12,50.2,detected,0
155.0,155.0,775,446,person,0.3642,1207,0,49,83,1231.5,41.5,4067,48.76,48.76,40.2,detected,0
155.0,155.0,775,456,person,0.6153,1063,0,47,99,1086.5,49.5,4653,21.83,21.83,36.6,detected,0
155.0,155.0,775,470,person,0.2747,1021,0,42,97,1042.0,48.5,4074,20.26,20.26,33.0,detected,0
155.0,155.0,775,483,person,0.3931,111,287,60,132,141.0,353.0,7920,1.41,1.41,28.2,detected,0
155.0,155.0,775,511,person,0.838,135,418,85,199,177.5,517.5,16915,142.26,142.26,19.6,detected,0
155.0,155.0,775,536,person,0.4813,781,113,53,123,807.5,174.5,6519,63.67,63.67,11.0,detected,0
155.0,155.0,775,540,person,0.7765,511,156,63,178,542.5,245.0,11214,81.71,81.71,9.6,detected,0
155.0,155.0,775,550,person,0.912,1532,319,82,187,1573.0,412.5,15334,67.71,67.71,6.8,detected,0
155.0,155.0,775,560,person,0.91,1638,483,83,241,1679.5,603.5,20003,64.56,64.56,4.2,detected,0
155.0,155.0,775,566,person,0.9224,1755,464,98,221,1804.0,574.5,21658,58.81,58.81,3.2,detected,0
155.0,155.0,775,567,person,0.5559,1133,1,36,90,1151.0,46.0,3240,27.04,27.04,3.0,detected,0
155.0,155.0,775,570,person,0.8944,1630,326,84,196,1672.0,424.0,16464,83.68,83.68,2.6,detected,0
155.0,155.0,775,571,person,0.8406,1776,301,66,191,1809.0,396.5,12606,52.6,52.6,2.4,detected,0
155.0,155.0,775,578,person,0.9312,73,751,147,296,146.5,899.0,43512,0.0,0.0,0.6,detected,0
155.0,155.0,775,581,person,0.1722,1480,0,20,22,1490.0,11.0,440,0.0,0.0,0.2,detected,0
155.0,155.0,775,582,person,0.5487,1117,0,22,75,1128.0,37.5,1650,0.0,0.0,0.2,detected,0
155.0,155.0,775,583,person,0.3752,1169,0,32,70,1185.0,35.0,2240,0.0,0.0,0.0,detected,0
156.0,156.0,780,281,person,0.4183,15,280,75,157,52.5,358.5,11775,4.61,4.61,95.4,detected,0
156.0,156.0,780,421,person,0.7384,718,142,59,112,747.5,198.0,6608,5.32,5.32,51.2,detected,0
156.0,156.0,780,446,person,0.6761,1253,0,38,64,1272.0,32.0,2432,41.6,41.6,41.2,detected,0
156.0,156.0,780,456,person,0.5805,1075,0,46,85,1098.0,42.5,3910,13.46,13.46,37.6,detected,0
156.0,156.0,780,470,person,0.5511,1039,0,36,82,1057.0,41.0,2952,16.77,16.77,34.0,detected,0
156.0,156.0,780,483,person,0.3816,111,286,60,133,141.0,352.5,7980,0.5,0.5,29.2,detected,0
156.0,156.0,780,511,person,0.7169,3,463,75,197,40.5,561.5,14775,143.89,143.89,20.6,detected,0
156.0,156.0,780,540,person,0.6021,421,188,75,185,458.5,280.5,13875,91.19,91.19,10.6,detected,0
156.0,156.0,780,550,person,0.8606,1478,334,77,194,1516.5,431.0,14938,59.45,59.45,7.8,detected,0
156.0,156.0,780,560,person,0.8658,1676,441,82,228,1717.0,555.0,18696,61.31,61.31,5.2,detected,0
156.0,156.0,780,563,person,0.8839,1748,324,73,153,1784.5,400.5,11169,107.11,53.56,4.8,detected,0
156.0,156.0,780,566,person,0.8163,1780,448,85,183,1822.5,539.5,15555,39.59,39.59,4.2,detected,0
156.0,156.0,780,567,person,0.7349,1115,1,46,110,1138.0,56.0,5060,16.4,16.4,4.0,detected,0
156.0,156.0,780,570,person,0.9298,1546,350,83,198,1587.5,449.0,16434,88.12,88.12,3.6,detected,0
156.0,156.0,780,576,person,0.3536,1012,2,43,86,1033.5,45.0,3698,0.0,0.0,1.8,detected,0
156.0,156.0,780,578,person,0.9247,325,672,139,293,394.5,818.5,40727,260.74,260.74,1.6,detected,0
156.0,156.0,780,581,person,0.6431,1448,0,27,38,1461.5,19.0,1026,29.6,29.6,1.2,detected,0
156.0,156.0,780,583,person,0.7256,1162,0,42,93,1183.0,46.5,3906,11.67,11.67,1.0,detected,0
157.0,157.0,785,281,person,0.4618,14,279,76,158,52.0,358.0,12008,0.71,0.71,96.4,detected,0
157.0,157.0,785,421,person,0.8464,726,146,55,108,753.5,200.0,5940,6.32,6.32,52.2,detected,0
157.0,157.0,785,446,person,0.2341,1289,-2,36,49,1307.0,22.5,1764,36.27,36.27,42.2,predicted,1
157.0,157.0,785,483,person,0.3647,111,286,60,132,141.0,352.0,7920,0.5,0.5,30.2,detected,0
157.0,157.0,785,536,person,0.8358,652,159,55,128,679.5,223.0,7040,136.88,68.44,13.0,detected,0
157.0,157.0,785,540,person,0.7747,317,222,85,194,359.5,319.0,16490,106.22,106.22,11.6,detected,0
157.0,157.0,785,550,person,0.9146,1429,348,69,196,1463.5,446.0,13524,55.08,55.08,8.8,detected,0
157.0,157.0,785,560,person,0.3113,1730,407,78,188,1769.0,501.0,14664,74.97,74.97,6.2,detected,0
157.0,157.0,785,563,person,0.5469,1762,360,54,128,1789.0,424.0,6912,23.93,23.93,5.8,detected,0
157.0,157.0,785,566,person,0.4534,1819,447,51,144,1844.5,519.0,7344,30.07,30.07,5.2,predicted,1
157.0,157.0,785,567,person,0.8052,1089,6,42,122,1110.0,67.0,5124,30.08,30.08,5.0,detected,0
157.0,157.0,785,570,person,0.9194,1495,370,92,203,1541.0,471.5,18676,51.66,51.66,4.6,detected,0
157.0,157.0,785,571,person,0.9157,1682,355,78,188,1721.0,449.0,14664,102.47,51.24,4.4,detected,0
157.0,157.0,785,578,person,0.9219,539,607,124,278,601.0,746.0,34472,218.86,218.86,2.6,detected,0
157.0,157.0,785,581,person,0.6184,1423,0,35,56,1440.5,28.0,1960,22.85,22.85,2.2,detected,0
157.0,157.0,785,582,person,0.2816,1071,2,29,109,1085.5,56.5,3161,46.55,23.28,2.2,detected,0
157.0,157.0,785,583,person,0.8412,1145,0,43,117,1166.5,58.5,5031,20.4,20.4,2.0,detected,0
158.0,158.0,790,281,person,0.561,14,278,77,158,52.5,357.0,12166,1.12,1.12,97.4,detected,0
158.0,158.0,790,421,person,0.7973,726,145,55,108,753.5,199.0,5940,1.0,1.0,53.2,detected,0
158.0,158.0,790,446,person,0.2527,1310,-2,26,35,1323.0,15.5,910,17.46,17.46,43.2,predicted,1
158.0,158.0,790,470,person,0.4001,1022,8,32,122,1038.0,69.0,3904,33.84,16.92,36.0,detected,0
158.0,158.0,790,483,person,0.4323,112,286,60,133,142.0,352.5,7980,1.12,1.12,31.2,detected,0
158.0,158.0,790,536,person,0.819,586,185,60,140,616.0,255.0,8400,71.11,71.11,14.0,detected,0
158.0,158.0,790,540,person,0.5299,207,248,89,219,251.5,357.5,19491,114.66,114.66,12.6,detected,0
158.0,158.0,790,550,person,0.6175,1390,362,78,202,1429.0,463.0,15756,38.46,38.46,9.8,detected,0
158.0,158.0,790,560,person,0.3128,1778,377,78,165,1817.0,459.5,12870,63.45,63.45,7.2,detected,0
158.0,158.0,790,563,person,0.904,1707,392,60,203,1737.0,493.5,12180,86.8,86.8,6.8,detected,0
158.0,158.0,790,567,person,0.7479,1040,24,46,123,1063.0,85.5,5658,50.51,50.51,6.0,detected,0
158.0,158.0,790,570,person,0.9142,1477,375,85,202,1519.5,476.0,17170,21.97,21.97,5.6,detected,0
158.0,158.0,790,571,person,0.8783,1626,383,74,207,1663.0,486.5,15318,69.07,69.07,5.4,detected,0
158.0,158.0,790,578,person,0.9262,727,553,111,265,782.5,685.5,29415,191.32,191.32,3.6,detected,0
158.0,158.0,790,581,person,0.6641,1385,0,56,73,1413.0,36.5,4088,28.78,28.78,3.2,detected,0
158.0,158.0,790,583,person,0.6857,1113,10,46,133,1136.0,76.5,6118,35.42,35.42,3.0,detected,0
158.0,158.0,790,584,person,0.1668,1387,1,48,72,1411.0,37.0,3456,0.0,0.0,0.2,detected,0
159.0,159.0,795,281,person,0.3033,15,281,74,157,52.0,359.5,11618,2.55,2.55,98.4,detected,0
159.0,159.0,795,421,person,0.7411,720,145,60,107,750.0,198.5,6420,3.54,3.54,54.2,detected,0
159.0,159.0,795,483,person,0.1784,108,287,65,139,140.5,356.5,9035,4.27,4.27,32.2,detected,0
159.0,159.0,795,536,person,0.8291,515,213,62,160,546.0,293.0,9920,79.65,79.65,15.0,detected,0
159.0,159.0,795,540,person,0.3951,86,301,90,204,131.0,403.0,18360,128.8,128.8,13.6,detected,0
159.0,159.0,795,550,person,0.906,1374,373,72,207,1410.0,476.5,14904,23.31,23.31,10.8,detected,0
159.0,159.0,795,560,person,0.5572,1785,347,57,192,1813.5,443.0,10944,16.87,16.87,8.2,detected,0
159.0,159.0,795,563,person,0.8911,1672,436,73,213,1708.5,542.5,15549,56.69,56.69,7.8,detected,0
159.0,159.0,795,567,person,0.6574,976,42,49,124,1000.5,104.0,6076,65.18,65.18,7.0,detected,0
159.0,159.0,795,570,person,0.9048,1474,393,93,209,1520.5,497.5,19437,21.52,21.52,6.6,detected,0
159.0,159.0,795,571,person,0.8131,1588,423,78,215,1627.0,530.5,16770,56.85,56.85,6.4,detected,0
159.0,159.0,795,578,person,0.9258,878,508,99,259,927.5,637.5,25641,152.74,152.74,4.6,detected,0
159.0,159.0,795,581,person,0.7521,1341,0,58,93,1370.0,46.5,5394,44.15,44.15,4.2,detected,0
159.0,159.0,795,582,person,0.8217,1063,36,46,132,1086.0,102.0,6072,45.5,22.75,4.2,detected,0
159.0,159.0,795,583,person,0.3135,1122,1,28,51,1136.0,26.5,1428,50.0,50.0,4.0,detected,0
159.0,159.0,795,589,person,0.8954,58,646,130,305,123.0,798.5,39650,0.0,0.0,0.8,detected,0
159.0,159.0,795,590,person,0.8631,70,418,90,228,115.0,532.0,20520,0.0,0.0,0.6,detected,0
159.0,159.0,795,593,person,0.179,1157,0,35,52,1174.5,26.0,1820,0.0,0.0,0.2,detected,0
160.0,160.0,800,281,person,0.2966,15,280,76,156,53.0,358.0,11856,1.8,1.8,99.4,detected,0
160.0,160.0,800,421,person,0.713,720,149,63,102,751.5,200.0,6426,2.12,2.12,55.2,detected,0
160.0,160.0,800,483,person,0.3599,112,286,61,133,142.5,352.5,8113,4.47,4.47,33.2,detected,0
160.0,160.0,800,536,person,0.8615,433,246,62,165,464.0,328.5,10230,89.35,89.35,16.0,detected,0
160.0,160.0,800,540,person,0.6067,1,364,54,203,28.0,465.5,10962,120.48,120.48,14.6,detected,0
160.0,160.0,800,550,person,0.8886,1346,387,72,203,1382.0,488.5,14616,30.46,30.46,11.8,detected,0
160.0,160.0,800,560,person,0.675,1771,303,77,202,1809.5,404.0,15554,39.2,39.2,9.2,detected,0
160.0,160.0,800,563,person,0.8877,1651,481,75,220,1688.5,591.0,16500,52.46,52.46,8.8,detected,0
160.0,160.0,800,567,person,0.7944,917,54,46,134,940.0,121.0,6164,62.84,62.84,8.0,detected,0
160.0,160.0,800,570,person,0.8646,1456,419,88,219,1500.0,528.5,19272,37.17,37.17,7.6,detected,0
160.0,160.0,800,571,person,0.885,1573,477,90,219,1618.0,586.5,19710,56.72,56.72,7.4,detected,0
160.0,160.0,800,578,person,0.8945,1005,473,78,244,1044.0,595.0,19032,124.01,124.01,5.6,detected,0
160.0,160.0,800,581,person,0.8326,1300,0,55,114,1327.5,57.0,6270,43.78,43.78,5.2,detected,0
160.0,160.0,800,582,person,0.8225,993,59,46,136,1016.0,127.0,6256,74.33,74.33,5.2,detected,0
160.0,160.0,800,583,person,0.3103,1117,-2,26,36,1130.0,16.0,936,12.09,12.09,5.0,detected,0
160.0,160.0,800,589,person,0.9108,217,560,119,284,276.5,702.0,33796,181.31,181.31,1.8,detected,0
160.0,160.0,800,590,person,0.8392,216,358,81,213,256.5,464.5,17253,156.78,156.78,1.6,detected,0
160.0,160.0,800,593,person,0.2917,1195,0,24,42,1207.0,21.0,1008,32.88,32.88,1.2,detected,0
161.0,161.0,805,281,person,0.4044,15,278,75,158,52.5,357.0,11850,1.12,1.12,100.4,detected,0
161.0,161.0,805,421,person,0.8181,717,147,59,108,746.5,201.0,6372,5.1,5.1,56.2,detected,0
161.0,161.0,805,483,person,0.3831,112,286,59,131,141.5,351.5,7729,1.41,1.41,34.2,detected,0
161.0,161.0,805,550,person,0.9033,1322,408,80,208,1362.0,512.0,16640,30.86,30.86,12.8,detected,0
161.0,161.0,805,560,person,0.8066,1764,265,68,184,1798.0,357.0,12512,48.39,48.39,10.2,detected,0
161.0,161.0,805,563,person,0.8566,1646,534,81,231,1686.5,649.5,18711,58.53,58.53,9.8,detected,0
161.0,161.0,805,567,person,0.5371,863,63,42,133,884.0,129.5,5586,56.64,56.64,9.0,detected,0
161.0,161.0,805,570,person,0.4095,1397,449,98,226,1446.0,562.0,22148,63.55,63.55,8.6,detected,0
161.0,161.0,805,571,person,0.9153,1553,528,97,239,1601.5,647.5,23183,63.19,63.19,8.4,detected,0
161.0,161.0,805,578,person,0.8928,1088,445,73,245,1124.5,567.5,17885,85.07,85.07,6.6,detected,0
161.0,161.0,805,581,person,0.7647,1254,1,52,124,1280.0,63.0,6448,47.88,47.88,6.2,detected,0
161.0,161.0,805,582,person,0.8429,896,76,56,141,924.0,146.5,7896,94.04,94.04,6.2,detected,0
161.0,161.0,805,583,person,0.2367,1159,0,26,31,1172.0,15.5,806,42.0,42.0,6.0,detected,0
161.0,161.0,805,589,person,0.9312,361,490,153,267,437.5,623.5,40851,179.12,179.12,2.8,detected,0
161.0,161.0,805,590,person,0.8742,331,311,79,198,370.5,410.0,15642,126.36,126.36,2.6,detected,0
161.0,161.0,805,593,person,0.3008,1217,0,24,32,1229.0,16.0,768,22.56,22.56,2.2,detected,0
161.0,161.0,805,599,person,0.3002,1379,443,96,225,1427.0,555.5,21600,0.0,0.0,0.0,detected,0
162.0,162.0,810,281,person,0.489,15,278,76,159,53.0,357.5,12084,0.71,0.71,101.4,detected,0
162.0,162.0,810,421,person,0.8095,709,154,63,104,740.5,206.0,6552,7.81,7.81,57.2,detected,0
162.0,162.0,810,470,person,0.1956,799,81,31,125,814.5,143.5,3875,235.59,58.9,40.0,detected,0
162.0,162.0,810,483,person,0.4573,112,286,60,133,142.0,352.5,7980,1.12,1.12,35.2,detected,0
162.0,162.0,810,536,person,0.7183,235,318,63,180,266.5,408.0,11340,212.9,106.45,18.0,detected,0
162.0,162.0,810,550,person,0.8716,1279,442,78,204,1318.0,544.0,15912,54.41,54.41,13.8,detected,0
162.0,162.0,810,560,person,0.8232,1760,229,64,181,1792.0,319.5,11584,37.98,37.98,11.2,detected,0
162.0,162.0,810,563,person,0.8731,1623,598,84,239,1665.0,717.5,20076,71.32,71.32,10.8,detected,0
162.0,162.0,810,567,person,0.5411,818,89,55,157,845.5,167.5,8635,54.09,54.09,10.0,detected,0
162.0,162.0,810,570,person,0.8697,1347,478,90,217,1392.0,586.5,19530,59.3,59.3,9.6,detected,0
162.0,162.0,810,571,person,0.9281,1518,589,97,252,1566.5,715.0,24444,76.03,76.03,9.4,detected,0
162.0,162.0,810,578,person,0.9102,1138,421,82,239,1179.0,540.5,19598,60.82,60.82,7.6,detected,0
162.0,162.0,810,581,person,0.8588,1208,10,49,123,1232.5,71.5,6027,48.25,48.25,7.2,detected,0
162.0,162.0,810,583,person,0.1571,1198,0,24,20,1210.0,10.0,480,38.4,38.4,7.0,detected,0
162.0,162.0,810,589,person,0.9063,488,430,103,251,539.5,555.5,25853,122.59,122.59,3.8,detected,0
162.0,162.0,810,590,person,0.8728,429,259,73,193,465.5,355.5,14089,109.52,109.52,3.6,detected,0
162.0,162.0,810,600,person,0.237,1064,0,34,69,1081.0,34.5,2346,0.0,0.0,0.8,detected,0
163.0,163.0,815,281,person,0.4522,15,279,79,157,54.5,357.5,12403,1.5,1.5,102.4,detected,0
163.0,163.0,815,421,person,0.7843,708,156,58,103,737.0,207.5,5974,3.81,3.81,58.2,detected,0
163.0,163.0,815,470,person,0.2264,727,111,41,91,747.5,156.5,3731,68.25,68.25,41.0,detected,0
163.0,163.0,815,483,person,0.6045,111,338,65,171,143.5,423.5,11115,71.02,71.02,36.2,detected,0
163.0,163.0,815,536,person,0.2676,119,363,80,188,159.0,457.0,15040,118.14,118.14,19.0,detected,0
163.0,163.0,815,550,person,0.9271,1203,474,78,218,1242.0,583.0,17004,85.42,85.42,14.8,detected,0
163.0,163.0,815,560,person,0.8581,1744,199,62,175,1775.0,286.5,10850,37.12,37.12,12.2,detected,0
163.0,163.0,815,563,person,0.92,1578,665,100,254,1628.0,792.0,25400,83.18,83.18,11.8,detected,0
163.0,163.0,815,567,person,0.697,775,110,45,123,797.5,171.5,5535,48.17,48.17,11.0,detected,0
163.0,163.0,815,570,person,0.7998,1276,506,75,158,1313.5,585.0,11850,78.51,78.51,10.6,detected,0
163.0,163.0,815,571,person,0.9305,1481,656,108,265,1535.0,788.5,28620,79.97,79.97,10.4,detected,0
163.0,163.0,815,578,person,0.877,1140,416,72,233,1176.0,532.5,16776,8.54,8.54,8.6,detected,0
163.0,163.0,815,581,person,0.8419,1174,30,54,127,1201.0,93.5,6858,38.42,38.42,8.2,detected,0
163.0,163.0,815,589,person,0.8999,580,374,95,234,627.5,491.0,22230,109.11,109.11,4.8,detected,0
163.0,163.0,815,590,person,0.8602,512,218,67,185,545.5,310.5,12395,91.79,91.79,4.6,detected,0
163.0,163.0,815,600,person,0.2975,1036,7,38,82,1055.0,48.0,3116,29.3,29.3,1.8,detected,0
163.0,163.0,815,601,person,0.2046,1888,865,32,207,1904.0,968.5,6624,0.0,0.0,0.2,detected,0
163.0,163.0,815,607,person,0.8473,38,993,95,87,85.5,1036.5,8265,0.0,0.0,0.0,detected,0
163.0,163.0,815,609,person,0.5813,745,95,37,84,763.5,137.0,3108,0.0,0.0,0.0,detected,0
164.0,164.0,820,281,person,0.3439,13,277,80,158,53.0,356.0,12640,2.12,2.12,103.4,detected,0
164.0,164.0,820,421,person,0.8234,715,151,63,104,746.5,203.0,6552,10.51,10.51,59.2,detected,0
164.0,164.0,820,470,person,0.2471,605,160,52,95,631.0,207.5,4940,127.17,127.17,42.0,detected,0
164.0,164.0,820,483,person,0.4095,112,287,60,132,142.0,353.0,7920,70.52,70.52,37.2,detected,0
164.0,164.0,820,536,person,0.699,4,409,58,195,33.0,506.5,11310,135.37,135.37,20.0,detected,0
164.0,164.0,820,550,person,0.8309,1105,500,79,220,1144.5,610.0,17380,101.17,101.17,15.8,detected,0
164.0,164.0,820,560,person,0.7884,1710,171,61,167,1740.5,254.5,10187,47.06,47.06,13.2,detected,0
164.0,164.0,820,563,person,0.8947,1516,735,104,267,1568.0,868.5,27768,97.22,97.22,12.8,detected,0
164.0,164.0,820,567,person,0.2085,720,133,38,69,739.0,167.5,2622,58.64,58.64,12.0,detected,0
164.0,164.0,820,570,person,0.8833,1175,537,84,234,1217.0,654.0,19656,118.63,118.63,11.6,detected,0
164.0,164.0,820,571,person,0.9014,1421,728,105,278,1473.5,867.0,29190,99.72,99.72,11.4,detected,0
164.0,164.0,820,578,person,0.8381,1146,415,78,237,1185.0,533.5,18486,9.06,9.06,9.6,detected,0
164.0,164.0,820,581,person,0.8602,1132,48,56,132,1160.0,114.0,7392,45.84,45.84,9.2,detected,0
164.0,164.0,820,589,person,0.8321,655,325,93,223,701.5,436.5,20739,91.9,91.9,5.8,detected,0
164.0,164.0,820,590,person,0.7172,588,185,63,153,619.5,261.5,9639,88.75,88.75,5.6,detected,0
164.0,164.0,820,600,person,0.4718,1007,4,45,108,1029.5,58.0,4860,27.39,27.39,2.8,detected,0
164.0,164.0,820,601,person,0.2331,1890,865,30,178,1905.0,954.0,5340,14.53,14.53,1.2,detected,0
164.0,164.0,820,607,person,0.7025,194,866,96,214,242.0,973.0,20544,168.89,168.89,1.0,detected,0
164.0,164.0,820,609,person,0.6523,676,115,48,133,700.0,181.5,6384,77.54,77.54,1.0,detected,0
164.0,164.0,820,613,person,0.8718,1771,223,81,168,1811.5,307.0,13608,0.0,0.0,0.6,detected,0
164.0,164.0,820,615,person,0.8494,1404,979,115,101,1461.5,1029.5,11615,0.0,0.0,0.4,detected,0
164.0,164.0,820,616,person,0.7814,1505,1031,75,49,1542.5,1055.5,3675,0.0,0.0,0.2,detected,0
165.0,165.0,825,281,person,0.3862,13,277,80,160,53.0,357.0,12800,1.0,1.0,104.4,detected,0
165.0,165.0,825,421,person,0.8063,727,152,59,102,756.5,203.0,6018,10.0,10.0,60.2,detected,0
165.0,165.0,825,470,person,0.8128,497,189,59,166,526.5,272.0,9794,122.8,122.8,43.0,detected,0
165.0,165.0,825,483,person,0.3098,112,286,60,132,142.0,352.0,7920,1.0,1.0,38.2,detected,0
165.0,165.0,825,536,person,0.8684,7,452,80,205,47.0,554.5,16400,50.0,50.0,21.0,detected,0
165.0,165.0,825,550,person,0.8989,976,517,94,222,1023.0,628.0,20868,122.83,122.83,16.8,detected,0
165.0,165.0,825,560,person,0.7036,1678,144,58,166,1707.0,227.0,9628,43.34,43.34,14.2,detected,0
165.0,165.0,825,563,person,0.8902,1442,815,97,223,1490.5,926.5,21631,96.8,96.8,13.8,detected,0
165.0,165.0,825,567,person,0.8264,648,158,47,131,671.5,223.5,6157,87.71,87.71,13.0,detected,0
165.0,165.0,825,570,person,0.9267,1077,579,101,252,1127.5,705.0,25452,103.01,103.01,12.6,detected,0
165.0,165.0,825,571,person,0.912,1346,811,116,269,1404.0,945.5,31204,104.85,104.85,12.4,detected,0
165.0,165.0,825,578,person,0.9122,1148,416,84,229,1190.0,530.5,19236,5.83,5.83,10.6,detected,0
165.0,165.0,825,581,person,0.8788,1083,70,56,138,1111.0,139.0,7728,55.01,55.01,10.2,detected,0
165.0,165.0,825,589,person,0.8558,728,273,79,220,767.5,383.0,17380,84.96,84.96,6.8,detected,0
165.0,165.0,825,590,person,0.7493,668,152,57,128,696.5,216.0,7296,89.44,89.44,6.6,detected,0
165.0,165.0,825,600,person,0.5788,961,5,40,132,981.0,71.0,5280,50.21,50.21,3.8,detected,0
165.0,165.0,825,601,person,0.3059,1887,866,32,210,1903.0,971.0,6720,17.12,17.12,2.2,detected,0
165.0,165.0,825,607,person,0.9063,328,747,101,295,378.5,894.5,29795,157.46,157.46,2.0,detected,0
165.0,165.0,825,609,person,0.7158,604,143,41,140,624.5,213.0,5740,81.81,81.81,2.0,detected,0
165.0,165.0,825,613,person,0.8366,1718,191,80,162,1758.0,272.0,12960,63.93,63.93,1.6,detected,0
165.0,165.0,825,615,person,0.8942,1472,895,130,184,1537.0,987.0,23920,86.64,86.64,1.4,detected,0
165.0,165.0,825,616,person,0.8534,1533,946,150,134,1608.0,1013.0,20100,78.08,78.08,1.2,detected,0
165.0,165.0,825,620,person,0.4414,1824,146,65,174,1856.5,233.0,11310,0.0,0.0,0.0,detected,0
166.0,166.0,830,281,person,0.3955,14,279,78,157,53.0,357.5,12246,0.5,0.5,105.4,detected,0
166.0,166.0,830,421,person,0.1843,747,139,55,96,774.5,187.0,5280,24.08,24.08,61.2,detected,0
166.0,166.0,830,470,person,0.7303,379,223,73,177,415.5,311.5,12921,117.82,117.82,44.0,detected,0
166.0,166.0,830,483,person,0.2263,112,286,60,132,142.0,352.0,7920,0.0,0.0,39.2,detected,0
166.0,166.0,830,536,person,0.8866,145,390,78,201,184.0,490.5,15678,151.21,151.21,22.0,detected,0
166.0,166.0,830,550,person,0.9085,864,539,84,225,906.0,651.5,18900,119.34,119.34,17.8,detected,0
166.0,166.0,830,560,person,0.7264,1655,117,54,150,1682.0,192.0,8100,43.01,43.01,15.2,detected,0
166.0,166.0,830,563,person,0.8949,1383,923,113,157,1439.5,1001.5,17741,90.7,90.7,14.8,detected,0
166.0,166.0,830,567,person,0.7442,554,186,57,156,582.5,264.0,8892,97.78,97.78,14.0,detected,0
166.0,166.0,830,570,person,0.9433,973,613,101,264,1023.5,745.0,26664,111.43,111.43,13.6,detected,0
166.0,166.0,830,571,person,0.9081,1253,908,129,172,1317.5,994.0,22188,99.17,99.17,13.4,detected,0
166.0,166.0,830,578,person,0.9157,1147,417,85,236,1189.5,535.0,20060,4.53,4.53,11.6,detected,0
166.0,166.0,830,581,person,0.8115,1034,97,60,142,1064.0,168.0,8520,55.23,55.23,11.2,detected,0
166.0,166.0,830,589,person,0.8719,803,238,83,202,844.5,339.0,16766,88.68,88.68,7.8,detected,0
166.0,166.0,830,590,person,0.4346,763,126,47,92,786.5,172.0,4324,100.18,100.18,7.6,detected,0
166.0,166.0,830,600,person,0.2803,902,18,50,140,927.0,88.0,7000,56.61,56.61,4.8,detected,0
166.0,166.0,830,601,person,0.2633,1887,866,32,214,1903.0,973.0,6848,2.0,2.0,3.2,detected,0
166.0,166.0,830,607,person,0.9078,433,651,86,277,476.0,789.5,23822,143.29,143.29,3.0,detected,0
166.0,166.0,830,609,person,0.5757,528,172,37,156,546.5,250.0,5772,86.33,86.33,3.0,predicted,1
166.0,166.0,830,613,person,0.7961,1728,154,70,156,1763.0,232.0,10920,40.31,40.31,2.6,detected,0
166.0,166.0,830,615,person,0.8767,1516,818,107,260,1569.5,948.0,27820,50.77,50.77,2.4,detected,0
166.0,166.0,830,616,person,0.8048,1592,865,150,215,1667.0,972.5,32250,71.56,71.56,2.2,detected,0
166.0,166.0,830,620,person,0.8138,1802,163,68,188,1836.0,257.0,12784,31.56,31.56,1.0,detected,0
166.0,166.0,830,621,person,0.7741,727,153,57,99,755.5,202.5,5643,0.0,0.0,0.0,detected,0
167.0,167.0,835,281,person,0.5143,14,278,77,158,52.5,357.0,12166,0.71,0.71,106.4,detected,0
167.0,167.0,835,421,person,0.7783,727,154,56,98,755.0,203.0,5488,25.22,25.22,62.2,detected,0
167.0,167.0,835,470,person,0.5414,270,266,55,149,297.5,340.5,8195,121.51,121.51,45.0,detected,0
167.0,167.0,835,483,person,0.4986,112,287,60,131,142.0,352.5,7860,0.5,0.5,40.2,detected,0
167.0,167.0,835,536,person,0.8517,272,338,70,189,307.0,432.5,13230,135.99,135.99,23.0,detected,0
167.0,167.0,835,550,person,0.9141,745,567,79,237,784.5,685.5,18723,126.17,126.17,18.8,detected,0
167.0,167.0,835,560,person,0.7227,1646,91,51,147,1671.5,164.5,7497,29.44,29.44,16.2,detected,0
167.0,167.0,835,563,person,0.5373,1374,1054,70,44,1409.0,1076.0,3080,80.5,80.5,15.8,predicted,1
167.0,167.0,835,567,person,0.8341,459,216,66,168,492.0,300.0,11088,97.4,97.4,15.0,detected,0
167.0,167.0,835,570,person,0.9509,823,629,111,256,878.5,757.0,28416,145.5,145.5,14.6,detected,0
167.0,167.0,835,571,person,0.4706,1216,1028,104,68,1268.0,1062.0,7072,84.11,84.11,14.4,predicted,1
167.0,167.0,835,578,person,0.9246,1147,419,85,233,1189.5,535.5,19805,0.5,0.5,12.6,detected,0
167.0,167.0,835,581,person,0.8744,985,127,61,146,1015.5,200.0,8906,58.11,58.11,12.2,detected,0
167.0,167.0,835,589,person,0.8837,900,208,80,195,940.0,305.5,15600,101.21,101.21,8.8,detected,0
167.0,167.0,835,590,person,0.7087,824,94,61,157,854.5,172.5,9577,68.0,68.0,8.6,detected,0
167.0,167.0,835,601,person,0.1987,1891,865,28,177,1905.0,953.5,4956,19.6,19.6,4.2,detected,0
167.0,167.0,835,607,person,0.9139,508,570,83,251,549.5,695.5,20833,119.32,119.32,4.0,detected,0
167.0,167.0,835,613,person,0.554,1782,128,63,98,1813.5,177.0,6174,74.67,74.67,3.6,detected,0
167.0,167.0,835,615,person,0.9325,1503,750,114,303,1560.0,901.5,34542,47.46,47.46,3.4,detected,0
167.0,167.0,835,616,person,0.9073,1622,794,135,283,1689.5,935.5,38205,43.3,43.3,3.2,detected,0
167.0,167.0,835,620,person,0.8389,1781,189,71,196,1816.5,287.0,13916,35.78,35.78,2.0,detected,0
167.0,167.0,835,626,person,0.5067,1850,144,46,141,1873.0,214.5,6486,0.0,0.0,0.0,detected,0
168.0,168.0,840,281,person,0.4122,14,278,78,159,53.0,357.5,12402,0.71,0.71,107.4,detected,0
168.0,168.0,840,421,person,0.7507,725,153,59,100,754.5,203.0,5900,0.5,0.5,63.2,detected,0
168.0,168.0,840,470,person,0.8218,147,310,68,189,181.0,404.5,12852,132.92,132.92,46.0,detected,0
168.0,168.0,840,483,person,0.2246,112,287,59,131,141.5,352.5,7729,0.5,0.5,41.2,predicted,1
168.0,168.0,840,536,person,0.8646,378,294,66,179,411.0,383.5,11814,114.97,114.97,24.0,detected,0
168.0,168.0,840,550,person,0.9084,594,590,91,239,639.5,709.5,21749,146.97,146.97,19.8,detected,0
168.0,168.0,840,560,person,0.6903,1652,70,50,142,1677.0,141.0,7100,24.14,24.14,17.2,detected,0
168.0,168.0,840,567,person,0.7553,363,244,58,177,392.0,332.5,10266,105.15,105.15,16.0,detected,0
168.0,168.0,840,570,person,0.9065,677,644,114,250,734.0,769.0,28500,145.0,145.0,15.6,detected,0
168.0,168.0,840,578,person,0.895,1139,418,78,239,1178.0,537.5,18642,11.67,11.67,13.6,detected,0
168.0,168.0,840,581,person,0.8163,936,154,52,125,962.0,216.5,6500,55.99,55.99,13.2,detected,0
168.0,168.0,840,589,person,0.8439,975,169,66,201,1008.0,269.5,13266,76.94,76.94,9.8,detected,0
168.0,168.0,840,590,person,0.6864,881,68,59,150,910.5,143.0,8850,63.29,63.29,9.6,detected,0
168.0,168.0,840,600,person,0.6774,786,70,54,144,813.0,142.0,7776,126.14,63.07,6.8,detected,0
168.0,168.0,840,601,person,0.2738,1889,866,31,180,1904.5,956.0,5580,2.55,2.55,5.2,detected,0
168.0,168.0,840,607,person,0.7274,592,500,69,189,626.5,594.5,13041,127.0,127.0,5.0,detected,0
168.0,168.0,840,615,person,0.9325,1533,708,111,285,1588.5,850.5,31635,58.42,58.42,4.4,detected,0
168.0,168.0,840,616,person,0.8993,1646,738,123,286,1707.5,881.0,35178,57.4,57.4,4.2,detected,0
168.0,168.0,840,620,person,0.871,1742,225,70,201,1777.0,325.5,14070,55.16,55.16,3.0,detected,0
168.0,168.0,840,623,person,0.5776,1384,0,41,64,1404.5,32.0,2624,0.0,0.0,1.8,detected,0
168.0,168.0,840,626,person,0.7674,1834,162,58,150,1863.0,237.0,8700,24.62,24.62,1.0,detected,0
168.0,168.0,840,628,person,0.3012,0,541,59,186,29.5,634.0,10974,0.0,0.0,0.6,detected,0
169.0,169.0,845,421,person,0.5456,724,153,57,101,752.5,203.5,5757,2.06,2.06,64.2,detected,0
169.0,169.0,845,470,person,0.8447,10,360,76,196,48.0,458.0,14896,143.36,143.36,47.0,detected,0
169.0,169.0,845,483,person,0.304,112,287,60,132,142.0,353.0,7920,0.71,0.71,42.2,detected,0
169.0,169.0,845,536,person,0.813,462,250,58,171,491.0,335.5,9918,93.3,93.3,25.0,detected,0
169.0,169.0,845,550,person,0.8852,443,604,91,241,488.5,724.5,21931,151.74,151.74,20.8,detected,0
169.0,169.0,845,560,person,0.4359,1678,51,49,144,1702.5,123.0,7056,31.21,31.21,18.2,detected,0
169.0,169.0,845,567,person,0.7194,264,291,71,182,299.5,382.0,12922,104.91,104.91,17.0,detected,0
169.0,169.0,845,570,person,0.876,517,670,132,251,583.0,795.5,33132,153.31,153.31,16.6,detected,0
169.0,169.0,845,578,person,0.8874,1132,418,81,238,1172.5,537.0,19278,5.52,5.52,14.6,detected,0
169.0,169.0,845,581,person,0.8494,865,185,60,165,895.0,267.5,9900,84.2,84.2,14.2,detected,0
169.0,169.0,845,589,person,0.7654,1030,160,60,186,1060.0,253.0,11160,54.56,54.56,10.8,detected,0
169.0,169.0,845,590,person,0.574,931,41,50,146,956.0,114.0,7300,53.96,53.96,10.6,detected,0
169.0,169.0,845,600,person,0.4718,708,87,49,134,732.5,154.0,6566,81.39,81.39,7.8,detected,0
169.0,169.0,845,601,person,0.169,1890,866,29,174,1904.5,953.0,5046,3.0,3.0,6.2,detected,0
169.0,169.0,845,607,person,0.8737,666,436,70,224,701.0,548.0,15680,87.82,87.82,6.0,detected,0
169.0,169.0,845,615,person,0.9134,1576,655,109,281,1630.5,795.5,30629,69.2,69.2,5.4,detected,0
169.0,169.0,845,616,person,0.8803,1669,678,119,300,1728.5,828.0,35700,57.01,57.01,5.2,detected,0
169.0,169.0,845,620,person,0.8767,1695,262,75,209,1732.5,366.5,15675,60.51,60.51,4.0,detected,0
169.0,169.0,845,623,person,0.483,1352,2,42,81,1373.0,42.5,3402,33.2,33.2,2.8,detected,0
169.0,169.0,845,626,person,0.747,1816,184,67,160,1849.5,264.0,10720,30.19,30.19,2.0,detected,0
169.0,169.0,845,628,person,0.8205,67,402,83,212,108.5,508.0,17596,148.72,148.72,1.6,detected,0
169.0,169.0,845,633,person,0.8888,145,485,94,209,192.0,589.5,19646,0.0,0.0,0.8,detected,0
170.0,170.0,850,281,person,0.3477,14,278,78,158,53.0,357.0,12324,0.5,0.25,109.4,detected,0
170.0,170.0,850,421,person,0.8062,723,155,67,97,756.5,203.5,6499,4.0,4.0,65.2,detected,0
170.0,170.0,850,483,person,0.1862,112,287,56,130,140.0,352.0,7280,2.24,2.24,43.2,predicted,1
170.0,170.0,850,536,person,0.8006,532,212,56,162,560.0,293.0,9072,81.04,81.04,26.0,detected,0
170.0,170.0,850,550,person,0.8804,302,621,74,238,339.0,740.0,17612,150.3,150.3,21.8,detected,0
170.0,170.0,850,560,person,0.3095,1715,32,40,143,1735.0,103.5,5720,37.9,37.9,19.2,predicted,1
170.0,170.0,850,567,person,0.8403,154,331,66,183,187.0,422.5,12078,119.57,119.57,18.0,detected,0
170.0,170.0,850,570,person,0.9123,358,693,128,258,422.0,822.0,33024,163.17,163.17,17.6,detected,0
170.0,170.0,850,578,person,0.9136,1150,417,82,237,1191.0,535.5,19434,18.56,18.56,15.6,detected,0
170.0,170.0,850,581,person,0.85,792,222,67,171,825.5,307.5,11457,80.19,80.19,15.2,detected,0
170.0,170.0,850,589,person,0.7518,1076,134,72,176,1112.0,222.0,12672,60.54,60.54,11.8,detected,0
170.0,170.0,850,590,person,0.5283,968,19,48,134,992.0,86.0,6432,45.61,45.61,11.6,detected,0
170.0,170.0,850,600,person,0.712,619,113,65,161,651.5,193.5,10465,90.12,90.12,8.8,detected,0
170.0,170.0,850,607,person,0.9009,745,383,68,210,779.0,488.0,14280,98.41,98.41,7.0,detected,0
170.0,170.0,850,615,person,0.9198,1609,602,104,266,1661.0,735.0,27664,67.75,67.75,6.4,detected,0
170.0,170.0,850,616,person,0.9061,1698,626,111,271,1753.5,761.5,30081,71.04,71.04,6.2,detected,0
170.0,170.0,850,620,person,0.888,1641,302,79,221,1680.5,412.5,17459,69.43,69.43,5.0,detected,0
170.0,170.0,850,623,person,0.5548,1324,1,41,100,1344.5,51.0,4100,29.74,29.74,3.8,detected,0
170.0,170.0,850,626,person,0.8396,1781,213,70,164,1816.0,295.0,11480,45.64,45.64,3.0,detected,0
170.0,170.0,850,628,person,0.7889,199,352,67,199,232.5,451.5,13333,136.27,136.27,2.6,detected,0
170.0,170.0,850,633,person,0.8824,242,418,86,198,285.0,517.0,17028,117.92,117.92,1.8,detected,0
170.0,170.0,850,642,person,0.3656,0,595,44,165,22.0,677.5,7260,0.0,0.0,0.0,detected,0
171.0,171.0,855,421,person,0.6382,744,146,60,101,774.0,196.5,6060,18.85,18.85,66.2,detected,0
171.0,171.0,855,483,person,0.1697,112,287,60,132,142.0,353.0,7920,2.24,2.24,44.2,detected,0
171.0,171.0,855,536,person,0.8058,604,178,52,143,630.0,249.5,7436,82.42,82.42,27.0,detected,0
171.0,171.0,855,550,person,0.8354,147,638,73,237,183.5,756.5,17301,156.37,156.37,22.8,detected,0
171.0,171.0,855,567,person,0.7958,34,377,79,196,73.5,475.0,15484,125.05,125.05,19.0,detected,0
171.0,171.0,855,570,person,0.9115,200,708,118,268,259.0,842.0,31624,164.22,164.22,18.6,detected,0
171.0,171.0,855,578,person,0.9143,1152,416,82,238,1193.0,535.0,19516,2.06,2.06,16.6,detected,0
171.0,171.0,855,581,person,0.8624,706,261,76,175,744.0,348.5,13300,91.23,91.23,16.2,detected,0
171.0,171.0,855,589,person,0.8305,1120,108,73,172,1156.5,194.0,12556,52.58,52.58,12.8,detected,0
171.0,171.0,855,590,person,0.6647,1016,3,49,125,1040.5,65.5,6125,52.65,52.65,12.6,detected,0
171.0,171.0,855,600,person,0.6292,549,151,53,160,575.5,231.0,8480,84.75,84.75,9.8,detected,0
171.0,171.0,855,601,person,0.1521,1891,866,28,176,1905.0,954.0,4928,1.12,0.56,8.2,detected,0
171.0,171.0,855,607,person,0.8868,811,334,67,200,844.5,434.0,13400,84.89,84.89,8.0,detected,0
171.0,171.0,855,615,person,0.9191,1656,558,101,260,1706.5,688.0,26260,65.42,65.42,7.4,detected,0
171.0,171.0,855,616,person,0.8548,1737,577,99,240,1786.5,697.0,23760,72.45,72.45,7.2,detected,0
171.0,171.0,855,620,person,0.8887,1579,351,85,226,1621.5,464.0,19210,78.32,78.32,6.0,detected,0
171.0,171.0,855,623,person,0.6952,1289,2,46,121,1312.0,62.5,5566,34.47,34.47,4.8,detected,0
171.0,171.0,855,626,person,0.8739,1747,243,69,172,1781.5,329.0,11868,48.44,48.44,4.0,detected,0
171.0,171.0,855,628,person,0.196,302,297,63,177,333.5,385.5,11151,120.65,120.65,3.6,detected,0
171.0,171.0,855,633,person,0.5264,326,358,77,187,364.5,451.5,14399,103.01,103.01,2.8,detected,0
171.0,171.0,855,638,person,0.4977,77,339,71,150,112.5,414.0,10650,0.0,0.0,1.4,detected,0
171.0,171.0,855,642,person,0.8491,48,471,89,226,92.5,584.0,20114,117.1,117.1,1.0,detected,0
172.0,172.0,860,281,person,0.2715,14,297,74,162,51.0,378.0,11988,21.1,10.55,111.4,detected,0
172.0,172.0,860,421,person,0.8051,801,129,63,164,832.5,211.0,10332,60.27,60.27,67.2,detected,0
172.0,172.0,860,483,person,0.3994,112,287,60,132,142.0,353.0,7920,0.0,0.0,45.2,detected,0
172.0,172.0,860,536,person,0.6686,682,151,50,115,707.0,208.5,5750,87.24,87.24,28.0,detected,0
172.0,172.0,860,550,person,0.3309,7,645,79,254,46.5,772.0,20066,137.87,137.87,23.8,detected,0
172.0,172.0,860,567,person,0.3992,0,391,41,158,20.5,470.0,6478,53.24,53.24,20.0,detected,0
172.0,172.0,860,570,person,0.808,26,734,139,271,95.5,869.5,37669,165.8,165.8,19.6,detected,0
172.0,172.0,860,578,person,0.8937,1151,419,84,235,1193.0,536.5,19740,1.5,1.5,17.6,detected,0
172.0,172.0,860,581,person,0.8842,617,308,84,188,659.0,402.0,15792,100.44,100.44,17.2,detected,0
172.0,172.0,860,589,person,0.771,1161,82,77,166,1199.5,165.0,12782,51.87,51.87,13.8,detected,0
172.0,172.0,860,590,person,0.5537,1057,0,47,103,1080.5,51.5,4841,42.38,42.38,13.6,detected,0
172.0,172.0,860,600,person,0.7991,466,173,64,175,498.0,260.5,11200,82.92,82.92,10.8,detected,0
172.0,172.0,860,601,person,0.1929,1886,867,34,213,1903.0,973.5,7242,19.6,19.6,9.2,detected,0
172.0,172.0,860,607,person,0.8636,873,292,63,190,904.5,387.0,11970,76.22,76.22,9.0,detected,0
172.0,172.0,860,615,person,0.8695,1718,518,93,241,1764.5,638.5,22413,76.25,76.25,8.4,detected,0
172.0,172.0,860,616,person,0.5881,1782,531,75,185,1819.5,623.5,13875,80.57,80.57,8.2,detected,0
172.0,172.0,860,620,person,0.8976,1519,407,89,245,1563.5,529.5,21805,87.49,87.49,7.0,detected,0
172.0,172.0,860,623,person,0.6946,1245,21,46,126,1268.0,84.0,5796,48.97,48.97,5.8,detected,0
172.0,172.0,860,626,person,0.8908,1723,277,75,181,1760.5,367.5,13575,43.85,43.85,5.0,detected,0
172.0,172.0,860,633,person,0.8442,397,295,73,187,433.5,388.5,13651,93.43,93.43,3.8,detected,0
172.0,172.0,860,638,person,0.7614,0,506,58,200,29.0,606.0,11600,209.37,209.37,2.4,detected,0
172.0,172.0,860,642,person,0.8881,155,412,81,210,195.5,517.0,17010,122.87,122.87,2.0,detected,0
173.0,173.0,865,281,person,0.4955,14,278,77,158,52.5,357.0,12166,21.05,21.05,112.4,detected,0
173.0,173.0,865,421,person,0.8094,863,107,64,156,895.0,185.0,9984,67.69,67.69,68.2,detected,0
173.0,173.0,865,483,person,0.4579,112,286,60,132,142.0,352.0,7920,1.0,1.0,46.2,detected,0
173.0,173.0,865,536,person,0.5496,745,124,51,117,770.5,182.5,5967,68.62,68.62,29.0,detected,0
173.0,173.0,865,550,person,0.9019,71,436,90,210,116.0,541.0,18900,241.23,241.23,24.8,detected,0
173.0,173.0,865,570,person,0.2275,-28,759,25,237,-15.5,877.5,5925,111.29,111.29,20.6,predicted,1
173.0,173.0,865,578,person,0.9098,1146,417,81,237,1186.5,535.5,19197,6.58,6.58,18.6,detected,0
173.0,173.0,865,581,person,0.9089,510,361,91,193,555.5,457.5,17563,117.44,117.44,18.2,detected,0
173.0,173.0,865,589,person,0.5538,1197,63,64,153,1229.0,139.5,9792,38.99,38.99,14.8,detected,0
173.0,173.0,865,590,person,0.7023,1097,0,45,79,1119.5,39.5,3555,40.8,40.8,14.6,detected,0
173.0,173.0,865,600,person,0.8618,359,206,67,179,392.5,295.5,11993,111.15,111.15,11.8,detected,0
173.0,173.0,865,607,person,0.8725,931,255,56,179,959.0,344.5,10024,69.11,69.11,10.0,detected,0
173.0,173.0,865,615,person,0.8795,1768,478,85,236,1810.5,596.0,20060,62.63,62.63,9.4,detected,0
173.0,173.0,865,616,person,0.1717,1804,507,57,199,1832.5,606.5,11343,21.4,21.4,9.2,detected,0
173.0,173.0,865,620,person,0.9258,1463,471,93,260,1509.5,601.0,24180,89.6,89.6,8.0,detected,0
173.0,173.0,865,623,person,0.165,1198,43,42,48,1219.0,67.0,2016,51.87,51.87,6.8,detected,0
173.0,173.0,865,626,person,0.9068,1697,308,79,189,1736.5,402.5,14931,42.44,42.44,6.0,detected,0
173.0,173.0,865,628,person,0.3454,480,207,55,82,507.5,248.0,4510,221.77,110.89,5.6,predicted,1
173.0,173.0,865,633,person,0.8801,470,257,65,171,502.5,342.5,11115,82.93,82.93,4.8,detected,0
173.0,173.0,865,642,person,0.8625,257,358,77,198,295.5,457.0,15246,116.62,116.62,3.0,detected,0
173.0,173.0,865,653,person,0.3861,1195,69,49,117,1219.5,127.5,5733,0.0,0.0,0.2,detected,0
174.0,174.0,870,281,person,0.2244,15,280,72,148,51.0,354.0,10656,3.35,3.35,113.4,detected,0
174.0,174.0,870,421,person,0.7966,922,83,61,148,952.5,157.0,9028,63.96,63.96,69.2,detected,0
174.0,174.0,870,483,person,0.4309,112,286,61,132,142.5,352.0,8052,0.5,0.5,47.2,detected,0
174.0,174.0,870,536,person,0.8357,800,99,51,133,825.5,165.5,6783,57.57,57.57,30.0,detected,0
174.0,174.0,870,550,person,0.8718,193,365,79,216,232.5,473.0,17064,134.89,134.89,25.8,detected,0
174.0,174.0,870,578,person,0.9136,1134,419,79,235,1173.5,536.5,18565,13.04,13.04,19.6,detected,0
174.0,174.0,870,581,person,0.9126,392,419,97,207,440.5,522.5,20079,132.1,132.1,19.2,detected,0
174.0,174.0,870,589,person,0.7933,1208,37,73,152,1244.5,113.0,11096,30.7,30.7,15.8,detected,0
174.0,174.0,870,590,person,0.3245,1137,-2,38,64,1156.0,30.0,2432,37.72,37.72,15.6,predicted,1
174.0,174.0,870,600,person,0.7366,256,243,65,182,288.5,334.0,11830,110.9,110.9,12.8,detected,0
174.0,174.0,870,607,person,0.8601,990,221,54,172,1017.0,307.0,9288,69.07,69.07,11.0,detected,0
174.0,174.0,870,615,person,0.6466,1795,447,70,221,1830.0,557.5,15470,43.16,43.16,10.4,detected,0
174.0,174.0,870,620,person,0.9274,1419,543,100,279,1469.0,682.5,27900,91.01,91.01,9.0,detected,0
174.0,174.0,870,623,person,0.8033,1146,65,51,144,1171.5,137.0,7344,84.59,84.59,7.8,detected,0
174.0,174.0,870,626,person,0.5088,1681,312,70,186,1716.0,405.0,13020,20.65,20.65,7.0,detected,0
174.0,174.0,870,628,person,0.4987,566,188,50,101,591.0,238.5,5050,84.04,84.04,6.6,detected,0
174.0,174.0,870,633,person,0.8299,536,226,64,156,568.0,304.0,9984,75.98,75.98,5.8,detected,0
174.0,174.0,870,638,person,0.8808,12,410,92,221,58.0,520.5,20332,90.28,45.14,4.4,detected,0
174.0,174.0,870,642,person,0.8273,346,314,71,190,381.5,409.0,13490,98.49,98.49,4.0,detected,0
175.0,175.0,875,281,person,0.5251,15,279,77,157,53.5,357.5,12089,4.3,4.3,114.4,detected,0
175.0,175.0,875,421,person,0.8391,975,59,58,143,1004.0,130.5,8294,57.92,57.92,70.2,detected,0
175.0,175.0,875,536,person,0.8639,855,75,46,134,878.0,142.0,6164,57.52,57.52,31.0,detected,0
175.0,175.0,875,550,person,0.8504,294,328,69,189,328.5,422.5,13041,108.47,108.47,26.8,detected,0
175.0,175.0,875,578,person,0.9201,1135,420,79,235,1174.5,537.5,18565,1.41,1.41,20.6,detected,0
175.0,175.0,875,581,person,0.9234,268,486,108,218,322.0,595.0,23544,138.92,138.92,20.2,detected,0
175.0,175.0,875,589,person,0.7419,1216,17,71,146,1251.5,90.0,10366,24.04,24.04,16.8,detected,0
175.0,175.0,875,590,person,0.2864,1168,-3,27,43,1181.5,18.5,1161,27.97,27.97,16.6,predicted,1
175.0,175.0,875,600,person,0.8794,148,314,78,196,187.0,412.0,15288,128.01,128.01,13.8,detected,0
175.0,175.0,875,607,person,0.8825,1046,191,52,165,1072.0,273.5,8580,64.4,64.4,12.0,detected,0
175.0,175.0,875,615,person,0.5595,1815,452,45,163,1837.5,533.5,7335,25.14,25.14,11.4,detected,0
175.0,175.0,875,620,person,0.8993,1392,622,106,292,1445.0,768.0,30952,88.8,88.8,10.0,detected,0
175.0,175.0,875,623,person,0.7955,1106,91,51,145,1131.5,163.5,7395,47.98,47.98,8.8,detected,0
175.0,175.0,875,626,person,0.877,1709,297,73,185,1745.5,389.5,13505,33.32,33.32,8.0,detected,0
175.0,175.0,875,628,person,0.2483,645,156,49,94,669.5,203.0,4606,86.15,86.15,7.6,detected,0
175.0,175.0,875,633,person,0.7536,613,192,63,130,644.5,257.0,8190,89.78,89.78,6.8,detected,0
175.0,175.0,875,642,person,0.9015,431,274,71,178,466.5,363.0,12638,96.65,96.65,5.0,detected,0
176.0,176.0,880,281,person,0.1579,16,280,76,156,54.0,358.0,11856,0.71,0.71,115.4,detected,0
176.0,176.0,880,421,person,0.8333,1019,35,57,138,1047.5,104.0,7866,50.94,50.94,71.2,detected,0
176.0,176.0,880,483,person,0.4144,112,287,59,131,141.5,352.5,7729,1.12,0.56,49.2,detected,0
176.0,176.0,880,536,person,0.8301,905,56,46,127,928.0,119.5,5842,54.83,54.83,32.0,detected,0
176.0,176.0,880,550,person,0.831,378,282,65,186,410.5,375.0,12090,94.76,94.76,27.8,detected,0
176.0,176.0,880,578,person,0.916,1151,417,81,237,1191.5,535.5,19197,17.12,17.12,21.6,detected,0
176.0,176.0,880,581,person,0.9008,122,564,117,232,180.5,680.0,27144,165.07,165.07,21.2,detected,0
176.0,176.0,880,589,person,0.6656,1238,1,63,138,1269.5,70.0,8694,26.91,26.91,17.8,detected,0
176.0,176.0,880,590,person,0.2512,1203,0,16,21,1211.0,10.5,336,30.57,30.57,17.6,detected,0
176.0,176.0,880,600,person,0.7948,17,332,75,213,54.5,438.5,15975,135.12,135.12,14.8,detected,0
176.0,176.0,880,607,person,0.8691,1099,161,50,160,1124.0,241.0,8000,61.32,61.32,13.0,detected,0
176.0,176.0,880,615,person,0.4754,1816,424,50,172,1841.0,510.0,8600,23.76,23.76,12.4,detected,0
176.0,176.0,880,620,person,0.7954,1312,705,106,311,1365.0,860.5,32966,122.3,122.3,11.0,detected,0
176.0,176.0,880,623,person,0.7813,1065,135,49,126,1089.5,198.0,6174,54.35,54.35,9.8,detected,0
176.0,176.0,880,626,person,0.8333,1759,271,74,180,1796.0,361.0,13320,57.99,57.99,9.0,detected,0
176.0,176.0,880,628,person,0.4798,722,130,46,69,745.0,164.5,3174,84.75,84.75,8.6,detected,0
176.0,176.0,880,633,person,0.2314,701,165,56,99,729.0,214.5,5544,94.59,94.59,7.8,detected,0
176.0,176.0,880,638,person,0.8548,247,286,77,198,285.5,385.0,15246,264.8,132.4,6.4,detected,0
176.0,176.0,880,642,person,0.8716,503,238,66,172,536.0,324.0,11352,79.69,79.69,6.0,detected,0
176.0,176.0,880,661,person,0.2337,1886,865,34,211,1903.0,970.5,7174,0.0,0.0,0.8,detected,0
176.0,176.0,880,662,person,0.8881,17,511,96,246,65.0,634.0,23616,0.0,0.0,0.6,detected,0
176.0,176.0,880,664,person,0.3941,1171,1024,52,56,1197.0,1052.0,2912,0.0,0.0,0.0,detected,0
177.0,177.0,885,281,person,0.5702,15,279,76,157,53.0,357.5,11932,1.12,1.12,116.4,detected,0
177.0,177.0,885,421,person,0.8493,1058,16,56,136,1086.0,84.0,7616,43.38,43.38,72.2,detected,0
177.0,177.0,885,483,person,0.5055,112,287,60,131,142.0,352.5,7860,0.5,0.5,50.2,detected,0
177.0,177.0,885,536,person,0.7938,957,39,46,120,980.0,99.0,5520,55.89,55.89,33.0,detected,0
177.0,177.0,885,550,person,0.8674,453,253,59,169,482.5,337.5,9971,81.18,81.18,28.8,detected,0
177.0,177.0,885,578,person,0.9185,1152,418,84,236,1194.0,536.0,19824,2.55,2.55,22.6,detected,0
177.0,177.0,885,581,person,0.8118,1,658,81,253,41.5,784.5,20493,173.9,173.9,22.2,detected,0
177.0,177.0,885,589,person,0.5688,1271,0,59,117,1300.5,58.5,6903,33.06,33.06,18.8,detected,0
177.0,177.0,885,590,person,0.3918,1231,0,26,51,1244.0,25.5,1326,36.25,36.25,18.6,detected,0
177.0,177.0,885,607,person,0.8634,1145,135,47,154,1168.5,212.0,7238,53.12,53.12,14.0,detected,0
177.0,177.0,885,615,person,0.5085,1794,315,76,219,1832.0,424.5,16644,85.97,85.97,13.4,detected,0
177.0,177.0,885,620,person,0.8348,1194,787,108,280,1248.0,927.0,30240,134.58,134.58,12.0,detected,0
177.0,177.0,885,623,person,0.8185,997,144,55,154,1024.5,221.0,8470,68.95,68.95,10.8,detected,0
177.0,177.0,885,626,person,0.6085,1791,246,77,155,1829.5,323.5,11935,50.28,50.28,10.0,detected,0
177.0,177.0,885,628,person,0.3592,785,102,44,62,807.0,133.0,2728,69.54,69.54,9.6,detected,0
177.0,177.0,885,633,person,0.5858,781,139,52,105,807.0,191.5,5460,81.32,81.32,8.8,detected,0
177.0,177.0,885,638,person,0.8582,343,235,72,191,379.0,330.5,13752,108.22,108.22,7.4,detected,0
177.0,177.0,885,642,person,0.8659,571,206,59,165,600.5,288.5,9735,73.62,73.62,7.0,detected,0
177.0,177.0,885,661,person,0.3898,1885,865,35,214,1902.5,972.0,7490,1.58,1.58,1.8,detected,0
177.0,177.0,885,662,person,0.9049,163,418,105,238,215.5,537.0,24990,179.05,179.05,1.6,detected,0
177.0,177.0,885,664,person,0.9232,1265,872,135,208,1332.5,976.0,28080,155.36,155.36,1.0,detected,0
177.0,177.0,885,666,person,0.9187,699,891,155,189,776.5,985.5,29295,0.0,0.0,0.6,detected,0
177.0,177.0,885,669,person,0.19,1686,0,27,36,1699.5,18.0,972,0.0,0.0,0.0,detected,0
178.0,178.0,890,281,person,0.4187,13,279,78,157,52.0,357.5,12246,1.0,1.0,117.4,detected,0
178.0,178.0,890,421,person,0.8759,1084,0,54,130,1111.0,65.0,7020,31.4,31.4,73.2,detected,0
178.0,178.0,890,483,person,0.3529,112,286,60,131,142.0,351.5,7860,1.0,1.0,51.2,detected,0
178.0,178.0,890,536,person,0.6255,1003,19,40,120,1023.0,79.0,4800,47.42,47.42,34.0,detected,0
178.0,178.0,890,550,person,0.8085,531,216,62,167,562.0,299.5,10354,88.11,88.11,29.8,detected,0
178.0,178.0,890,578,person,0.92,1152,418,83,236,1193.5,536.0,19588,0.5,0.5,23.6,detected,0
178.0,178.0,890,589,person,0.5158,1316,0,51,98,1341.5,49.0,4998,42.09,42.09,19.8,detected,0
178.0,178.0,890,590,person,0.5312,1224,0,35,69,1241.5,34.5,2415,9.34,9.34,19.6,detected,0
178.0,178.0,890,607,person,0.8041,1186,106,42,154,1207.0,183.0,6468,48.2,48.2,15.0,detected,0
178.0,178.0,890,615,person,0.501,1792,343,57,181,1820.5,433.5,10317,14.6,14.6,14.4,detected,0
178.0,178.0,890,620,person,0.9198,1077,903,123,177,1138.5,991.5,21771,127.08,127.08,13.0,detected,0
178.0,178.0,890,623,person,0.8491,937,176,55,161,964.5,256.5,8855,69.72,69.72,11.8,detected,0
178.0,178.0,890,626,person,0.6484,1824,217,61,120,1854.5,277.0,7320,52.79,52.79,11.0,detected,0
178.0,178.0,890,633,person,0.8317,844,110,62,138,875.0,179.0,8556,69.14,69.14,9.8,detected,0
178.0,178.0,890,638,person,0.8841,434,196,66,180,467.0,286.0,11880,98.61,98.61,8.4,detected,0
178.0,178.0,890,642,person,0.6586,646,179,57,115,674.5,236.5,6555,90.44,90.44,8.0,detected,0
178.0,178.0,890,660,person,0.5736,1266,0,35,72,1283.5,36.0,2520,0.0,0.0,2.8,detected,0
178.0,178.0,890,661,person,0.2336,1886,865,33,211,1902.5,970.5,6963,1.5,1.5,2.8,detected,0
178.0,178.0,890,662,person,0.8878,287,349,94,221,334.0,459.5,20774,141.59,141.59,2.6,detected,0
178.0,178.0,890,664,person,0.8929,1389,729,120,337,1449.0,897.5,40440,140.48,140.48,2.0,detected,0
178.0,178.0,890,666,person,0.9375,878,749,141,315,948.5,906.5,44415,189.27,189.27,1.6,detected,0
178.0,178.0,890,669,person,0.4522,1626,1,47,74,1649.5,38.0,3478,53.85,53.85,1.0,detected,0
178.0,178.0,890,671,person,0.9047,38,558,105,235,90.5,675.5,24675,0.0,0.0,0.0,detected,0
179.0,179.0,895,281,person,0.5467,11,276,80,160,51.0,356.0,12800,1.8,1.8,118.4,detected,0
179.0,179.0,895,421,person,0.757,1100,0,54,107,1127.0,53.5,5778,19.7,19.7,74.2,detected,0
179.0,179.0,895,483,person,0.4352,112,287,60,130,142.0,352.0,7800,0.5,0.5,52.2,detected,0
179.0,179.0,895,536,person,0.6543,1028,1,45,117,1050.5,59.5,5265,33.71,33.71,35.0,detected,0
179.0,179.0,895,550,person,0.793,610,185,54,137,637.0,253.5,7398,87.98,87.98,30.8,detected,0
179.0,179.0,895,578,person,0.9108,1152,419,81,235,1192.5,536.5,19035,1.12,1.12,24.6,detected,0
179.0,179.0,895,589,person,0.534,1355,0,47,79,1378.5,39.5,3713,38.2,38.2,20.8,detected,0
179.0,179.0,895,590,person,0.5806,1217,0,37,82,1235.5,41.0,3034,8.85,8.85,20.6,detected,0
179.0,179.0,895,607,person,0.8275,1214,89,44,143,1236.0,160.5,6292,36.7,36.7,16.0,detected,0
179.0,179.0,895,615,person,0.2508,1800,302,70,145,1835.0,374.5,10150,60.76,60.76,15.4,detected,0
179.0,179.0,895,620,person,0.4576,968,1040,82,40,1009.0,1060.0,3280,146.5,146.5,14.0,detected,0
179.0,179.0,895,623,person,0.8092,874,211,59,169,903.5,295.5,9971,72.4,72.4,12.8,detected,0
179.0,179.0,895,626,person,0.535,1845,187,46,134,1868.0,254.0,6164,26.67,26.67,12.0,detected,0
179.0,179.0,895,633,person,0.6944,904,87,58,129,933.0,151.5,7482,64.19,64.19,10.8,detected,0
179.0,179.0,895,638,person,0.8541,522,158,63,172,553.5,244.0,10836,96.16,96.16,9.4,detected,0
179.0,179.0,895,642,person,0.7437,723,150,52,105,749.0,202.5,5460,81.89,81.89,9.0,detected,0
179.0,179.0,895,660,person,0.5625,1255,0,44,88,1277.0,44.0,3872,10.31,10.31,3.8,detected,0
179.0,179.0,895,661,person,0.16,1887,865,32,199,1903.0,964.5,6368,6.02,6.02,3.8,detected,0
179.0,179.0,895,662,person,0.8068,385,289,80,190,425.0,384.0,15200,118.24,118.24,3.6,detected,0
179.0,179.0,895,664,person,0.9342,1472,614,107,319,1525.5,773.5,34133,145.7,145.7,3.0,detected,0
179.0,179.0,895,666,person,0.9262,1012,633,126,302,1075.0,784.0,38052,176.09,176.09,2.6,detected,0
179.0,179.0,895,669,person,0.8148,1522,27,58,132,1551.0,93.0,7656,112.82,112.82,2.0,detected,0
179.0,179.0,895,671,person,0.8665,362,404,101,198,412.5,503.0,19998,365.29,365.29,1.0,detected,0
179.0,179.0,895,674,person,0.1811,1185,0,25,46,1197.5,23.0,1150,0.0,0.0,0.0,detected,0
180.0,180.0,900,281,person,0.4711,14,277,77,158,52.5,356.0,12166,1.5,1.5,119.4,detected,0
180.0,180.0,900,421,person,0.3787,1135,0,49,88,1159.5,44.0,4312,33.86,33.86,75.2,detected,0
180.0,180.0,900,483,person,0.3648,112,286,60,131,142.0,351.5,7860,0.5,0.5,53.2,detected,0
180.0,180.0,900,536,person,0.5565,1056,0,45,97,1078.5,48.5,4365,30.08,30.08,36.0,detected,0
180.0,180.0,900,550,person,0.5803,683,157,50,119,708.0,216.5,5950,80.06,80.06,31.8,detected,0
180.0,180.0,900,578,person,0.8703,1157,420,78,183,1196.0,511.5,14274,25.24,25.24,25.6,detected,0
180.0,180.0,900,589,person,0.3144,1385,0,38,62,1404.0,31.0,2356,26.88,26.88,21.8,detected,0
180.0,180.0,900,590,person,0.5375,1208,0,40,98,1228.0,49.0,3920,10.97,10.97,21.6,detected,0
180.0,180.0,900,607,person,0.7456,1249,73,41,134,1269.5,140.0,5494,39.27,39.27,17.0,detected,0
180.0,180.0,900,615,person,0.3732,1824,282,53,58,1850.5,311.0,3074,65.36,65.36,16.4,detected,0
180.0,180.0,900,623,person,0.8685,809,248,63,175,840.5,335.5,11025,74.63,74.63,13.8,detected,0
180.0,180.0,900,633,person,0.2248,933,50,57,134,961.5,117.0,7638,44.75,44.75,11.8,detected,0
180.0,180.0,900,638,person,0.6253,615,136,56,152,643.0,212.0,8512,95.05,95.05,10.4,detected,0
180.0,180.0,900,642,person,0.6219,790,127,58,119,819.0,186.5,6902,71.81,71.81,10.0,detected,0
180.0,180.0,900,660,person,0.2986,1247,0,47,85,1270.5,42.5,3995,6.67,6.67,4.8,detected,0
180.0,180.0,900,662,person,0.579,481,238,75,193,518.5,334.5,14475,105.79,105.79,4.6,detected,0
180.0,180.0,900,664,person,0.9286,1547,522,97,288,1595.5,666.0,27936,128.28,128.28,4.0,detected,0
180.0,180.0,900,666,person,0.9119,1123,535,118,276,1182.0,673.0,32568,154.18,154.18,3.6,detected,0
180.0,180.0,900,669,person,0.7893,1383,114,65,149,1415.5,188.5,9685,165.77,165.77,3.0,detected,0
180.0,180.0,900,671,person,0.8023,623,278,76,183,661.0,369.5,13908,282.09,282.09,2.0,detected,0
180.0,180.0,900,675,person,0.57,952,67,51,128,977.5,131.0,6528,0.0,0.0,0.8,detected,0
181.0,181.0,905,281,person,0.4732,13,277,78,160,52.0,357.0,12480,1.12,1.12,120.4,detected,0
181.0,181.0,905,483,person,0.3558,112,286,60,132,142.0,352.0,7920,0.5,0.5,54.2,detected,0
181.0,181.0,905,550,person,0.377,744,132,49,111,768.5,187.5,5439,67.09,67.09,32.8,detected,0
181.0,181.0,905,578,person,0.9035,1152,418,81,236,1192.5,536.0,19116,24.75,24.75,26.6,detected,0
181.0,181.0,905,589,person,0.2241,1417,0,39,46,1436.5,23.0,1794,33.47,33.47,22.8,detected,0
181.0,181.0,905,590,person,0.6676,1194,0,44,116,1216.0,58.0,5104,15.0,15.0,22.6,detected,0
181.0,181.0,905,607,person,0.7818,1283,48,38,135,1302.0,115.5,5130,40.7,40.7,18.0,detected,0
181.0,181.0,905,615,person,0.4588,1829,260,53,80,1855.5,300.0,4240,12.08,12.08,17.4,detected,0
181.0,181.0,905,623,person,0.8655,729,288,71,185,764.5,380.5,13135,88.32,88.32,14.8,detected,0
181.0,181.0,905,633,person,0.665,948,52,58,126,977.0,115.0,7308,15.63,15.63,12.8,detected,0
181.0,181.0,905,638,person,0.7449,694,101,57,155,722.5,178.5,8835,86.27,86.27,11.4,detected,0
181.0,181.0,905,642,person,0.7188,838,113,67,191,871.5,208.5,12797,56.92,56.92,11.0,detected,0
181.0,181.0,905,660,person,0.7046,1238,0,48,121,1262.0,60.5,5808,19.91,19.91,5.8,detected,0
181.0,181.0,905,662,person,0.8231,574,194,62,180,605.0,284.0,11160,100.16,100.16,5.6,detected,0
181.0,181.0,905,664,person,0.9363,1616,449,89,265,1660.5,581.5,23585,106.61,106.61,5.0,detected,0
181.0,181.0,905,666,person,0.9147,1218,455,111,219,1273.5,564.5,24309,141.93,141.93,4.6,detected,0
181.0,181.0,905,669,person,0.8526,1209,235,77,162,1247.5,316.0,12474,210.9,210.9,4.0,detected,0
181.0,181.0,905,670,person,0.4602,1835,249,56,117,1863.0,307.5,6552,0.0,0.0,3.8,detected,0
181.0,181.0,905,671,person,0.1626,829,191,70,159,864.0,270.5,11130,225.85,225.85,3.0,detected,0
181.0,181.0,905,674,person,0.3815,1110,0,33,89,1126.5,44.5,2937,74.18,37.09,2.0,detected,0
181.0,181.0,905,675,person,0.6561,1007,45,45,120,1029.5,105.0,5400,58.14,58.14,1.8,detected,0
181.0,181.0,905,684,person,0.397,1329,0,31,44,1344.5,22.0,1364,0.0,0.0,0.8,detected,0
182.0,182.0,910,281,person,0.4613,15,279,75,157,52.5,357.5,11775,0.71,0.71,121.4,detected,0
182.0,182.0,910,483,person,0.3677,112,286,61,132,142.5,352.0,8052,0.5,0.5,55.2,detected,0
182.0,182.0,910,550,person,0.3995,806,107,49,144,830.5,179.0,7056,62.58,62.58,33.8,detected,0
182.0,182.0,910,578,person,0.9136,1152,417,84,238,1194.0,536.0,19992,1.5,1.5,27.6,detected,0
182.0,182.0,910,590,person,0.7064,1178,7,44,124,1200.0,69.0,5456,19.42,19.42,23.6,detected,0
182.0,182.0,910,607,person,0.7914,1305,35,39,127,1324.5,98.5,4953,28.2,28.2,19.0,detected,0
182.0,182.0,910,615,person,0.2993,1838,242,45,99,1860.5,291.5,4455,9.86,9.86,18.4,detected,0
182.0,182.0,910,623,person,0.8802,626,339,85,193,668.5,435.5,16405,110.64,110.64,15.8,detected,0
182.0,182.0,910,633,person,0.6552,1043,58,61,134,1073.5,125.0,8174,97.02,97.02,13.8,detected,0
182.0,182.0,910,638,person,0.6312,765,74,52,146,791.0,147.0,7592,75.4,75.4,12.4,detected,0
182.0,182.0,910,642,person,0.4258,900,84,52,136,926.0,152.0,7072,78.5,78.5,12.0,detected,0
182.0,182.0,910,660,person,0.7966,1221,12,55,129,1248.5,76.5,7095,20.93,20.93,6.8,detected,0
182.0,182.0,910,662,person,0.6267,661,156,58,129,690.0,220.5,7482,106.1,106.1,6.6,detected,0
182.0,182.0,910,664,person,0.9291,1676,391,84,248,1718.0,515.0,20832,87.91,87.91,6.0,detected,0
182.0,182.0,910,666,person,0.9255,1288,388,103,229,1339.5,502.5,23587,90.55,90.55,5.6,detected,0
182.0,182.0,910,669,person,0.6985,979,407,94,195,1026.0,504.5,18330,290.85,290.85,5.0,detected,0
182.0,182.0,910,671,person,0.7329,969,123,62,144,1000.0,195.0,8928,155.55,155.55,4.0,detected,0
182.0,182.0,910,684,person,0.2403,1304,0,37,49,1322.5,24.5,1813,22.14,22.14,1.8,detected,0
182.0,182.0,910,686,person,0.3213,1886,865,33,214,1902.5,972.0,7062,0.0,0.0,0.4,detected,0
182.0,182.0,910,690,person,0.8767,1484,983,120,97,1544.0,1031.5,11640,0.0,0.0,0.2,detected,0
182.0,182.0,910,692,person,0.8908,0,473,46,178,23.0,562.0,8188,0.0,0.0,0.2,detected,0
183.0,183.0,915,281,person,0.4361,13,280,80,157,53.0,358.5,12560,1.12,1.12,122.4,detected,0
183.0,183.0,915,483,person,0.5674,112,286,60,137,142.0,354.5,8220,2.55,2.55,56.2,detected,0
183.0,183.0,915,550,person,0.6306,875,79,46,148,898.0,153.0,6808,72.33,72.33,34.8,detected,0
183.0,183.0,915,578,person,0.9154,1152,418,84,238,1194.0,537.0,19992,1.0,1.0,28.6,detected,0
183.0,183.0,915,590,person,0.3231,1162,23,43,98,1183.5,72.0,4214,16.77,16.77,24.6,detected,0
183.0,183.0,915,607,person,0.515,1318,16,39,126,1337.5,79.0,4914,23.44,23.44,20.0,detected,0
183.0,183.0,915,615,person,0.3185,1847,229,37,114,1865.5,286.0,4218,7.43,7.43,19.4,detected,0
183.0,183.0,915,623,person,0.9046,523,393,88,204,567.0,495.0,17952,117.65,117.65,16.8,detected,0
183.0,183.0,915,633,person,0.6873,1160,60,52,121,1186.0,120.5,6292,112.59,112.59,14.8,detected,0
183.0,183.0,915,638,person,0.2466,836,56,49,140,860.5,126.0,6860,72.6,72.6,13.4,detected,0
183.0,183.0,915,642,person,0.6429,948,63,54,134,975.0,130.0,7236,53.71,53.71,13.0,detected,0
183.0,183.0,915,660,person,0.7064,1209,26,55,134,1236.5,93.0,7370,20.4,20.4,7.8,detected,0
183.0,183.0,915,662,person,0.6353,739,121,58,120,768.0,181.0,6960,87.43,87.43,7.6,detected,0
183.0,183.0,915,664,person,0.9232,1721,341,80,236,1761.0,459.0,18880,70.6,70.6,7.0,detected,0
183.0,183.0,915,666,person,0.9165,1340,325,94,219,1387.0,434.5,20586,82.95,82.95,6.6,detected,0
183.0,183.0,915,669,person,0.5646,629,689,136,203,697.0,790.5,27608,435.93,435.93,6.0,detected,0
183.0,183.0,915,671,person,0.7292,1049,67,55,132,1076.5,133.0,7260,98.47,98.47,5.0,detected,0
183.0,183.0,915,674,person,0.4763,1000,6,44,124,1022.0,68.0,5456,107.11,53.55,4.0,detected,0
183.0,183.0,915,675,person,0.4243,1080,7,43,111,1101.5,62.5,4773,83.61,41.8,3.8,detected,0
183.0,183.0,915,684,person,0.2364,1283,4,42,68,1304.0,38.0,2856,22.9,22.9,2.8,predicted,1
183.0,183.0,915,686,person,0.4153,1887,865,32,213,1903.0,971.5,6816,0.71,0.71,1.4,detected,0
183.0,183.0,915,690,person,0.9255,1528,874,141,205,1598.5,976.5,28905,77.43,77.43,1.2,detected,0
183.0,183.0,915,692,person,0.8809,80,393,93,208,126.5,497.0,19344,122.22,122.22,1.2,detected,0
183.0,183.0,915,695,person,0.9047,1108,948,136,131,1176.0,1013.5,17816,0.0,0.0,0.4,detected,0
184.0,184.0,920,281,person,0.4648,15,279,75,157,52.5,357.5,11775,1.12,1.12,123.4,detected,0
184.0,184.0,920,483,person,0.3743,112,286,61,131,142.5,351.5,7991,3.04,3.04,57.2,detected,0
184.0,184.0,920,550,person,0.5375,936,68,45,137,958.5,136.5,6165,62.71,62.71,35.8,detected,0
184.0,184.0,920,578,person,0.9259,1152,419,85,236,1194.5,537.0,20060,0.5,0.5,29.6,detected,0
184.0,184.0,920,590,person,0.7648,1152,40,47,132,1175.5,106.0,6204,34.93,34.93,25.6,detected,0
184.0,184.0,920,607,person,0.7072,1336,1,36,121,1354.0,61.5,4356,24.05,24.05,21.0,detected,0
184.0,184.0,920,623,person,0.8991,395,450,87,219,438.5,559.5,19053,143.78,143.78,17.8,detected,0
184.0,184.0,920,633,person,0.7825,1260,85,62,136,1291.0,153.0,8432,109.91,109.91,15.8,detected,0
184.0,184.0,920,638,person,0.5007,896,33,51,136,921.5,101.0,6936,65.92,65.92,14.4,detected,0
184.0,184.0,920,642,person,0.6538,1000,40,47,134,1023.5,107.0,6298,53.68,53.68,14.0,detected,0
184.0,184.0,920,660,person,0.8209,1199,43,54,134,1226.0,110.0,7236,19.98,19.98,8.8,detected,0
184.0,184.0,920,662,person,0.704,809,92,59,148,838.5,166.0,8732,72.08,72.08,8.6,detected,0
184.0,184.0,920,664,person,0.856,1768,295,75,227,1805.5,408.5,17025,67.31,67.31,8.0,detected,0
184.0,184.0,920,666,person,0.9053,1386,271,91,207,1431.5,374.5,18837,74.7,74.7,7.6,detected,0
184.0,184.0,920,671,person,0.5462,1113,3,48,137,1137.0,71.5,6576,86.27,86.27,6.0,detected,0
184.0,184.0,920,684,person,0.5219,1263,1,49,90,1287.5,46.0,4410,18.34,18.34,3.8,detected,0
184.0,184.0,920,686,person,0.2515,1889,865,30,183,1904.0,956.5,5490,15.03,15.03,2.4,detected,0
184.0,184.0,920,690,person,0.9377,1576,771,131,290,1641.5,916.0,37990,74.22,74.22,2.2,detected,0
184.0,184.0,920,692,person,0.8695,210,347,88,193,254.0,443.5,16984,138.27,138.27,2.2,detected,0
184.0,184.0,920,695,person,0.9368,1199,802,139,276,1268.5,940.0,38364,118.15,118.15,1.4,detected,0
185.0,185.0,925,281,person,0.1611,15,279,73,157,51.5,357.5,11461,1.0,1.0,124.4,detected,0
185.0,185.0,925,483,person,0.3875,112,286,60,131,142.0,351.5,7860,0.5,0.5,58.2,detected,0
185.0,185.0,925,550,person,0.6523,983,45,47,140,1006.5,115.0,6580,52.6,52.6,36.8,detected,0
185.0,185.0,925,578,person,0.9252,1152,419,86,236,1195.0,537.0,20296,0.5,0.5,30.6,detected,0
185.0,185.0,925,590,person,0.7723,1139,58,49,133,1163.5,124.5,6517,22.05,22.05,26.6,detected,0
185.0,185.0,925,607,person,0.6172,1356,0,36,102,1374.0,51.0,3672,22.59,22.59,22.0,detected,0
185.0,185.0,925,615,person,0.3382,1826,249,59,95,1855.5,296.5,5605,14.5,7.25,21.4,detected,0
185.0,185.0,925,623,person,0.8947,234,526,97,220,282.5,636.0,21340,173.75,173.75,18.8,detected,0
185.0,185.0,925,633,person,0.7577,1365,99,61,143,1395.5,170.5,8723,105.96,105.96,16.8,detected,0
185.0,185.0,925,638,person,0.4409,937,14,51,135,962.5,81.5,6885,45.4,45.4,15.4,detected,0
185.0,185.0,925,642,person,0.642,1044,26,54,126,1071.0,89.0,6804,50.8,50.8,15.0,detected,0
185.0,185.0,925,660,person,0.7759,1198,59,58,139,1227.0,128.5,8062,18.53,18.53,9.8,detected,0
185.0,185.0,925,662,person,0.5733,886,61,63,154,917.5,138.0,9702,83.82,83.82,9.6,detected,0
185.0,185.0,925,664,person,0.2125,1812,255,69,213,1846.5,361.5,14697,62.37,62.37,9.0,detected,0
185.0,185.0,925,666,person,0.888,1420,226,86,194,1463.0,323.0,16684,60.37,60.37,8.6,detected,0
185.0,185.0,925,675,person,0.2825,1144,-1,39,73,1163.5,35.5,2847,67.62,33.81,5.8,detected,0
185.0,185.0,925,684,person,0.4427,1249,0,50,108,1274.0,54.0,5400,15.69,15.69,4.8,detected,0
185.0,185.0,925,686,person,0.2652,1890,865,29,175,1904.5,952.5,5075,4.03,4.03,3.4,detected,0
185.0,185.0,925,690,person,0.9252,1618,692,124,275,1680.0,829.5,34100,94.68,94.68,3.2,detected,0
185.0,185.0,925,692,person,0.8736,308,298,86,185,351.0,390.5,15910,110.54,110.54,3.2,detected,0
185.0,185.0,925,695,person,0.9075,1292,677,126,359,1355.0,856.5,45234,120.23,120.23,2.4,detected,0
185.0,185.0,925,705,person,0.8448,65,340,84,235,107.0,457.5,19740,0.0,0.0,0.8,detected,0
185.0,185.0,925,706,person,0.56,848,43,44,128,870.0,107.0,5632,0.0,0.0,0.0,detected,0
186.0,186.0,930,281,person,0.5795,5,272,87,164,48.5,354.0,14268,4.61,4.61,125.4,detected,0
186.0,186.0,930,483,person,0.4939,113,289,64,146,145.0,362.0,9344,10.92,10.92,59.2,detected,0
186.0,186.0,930,550,person,0.5805,1025,22,44,138,1047.0,91.0,6072,47.08,47.08,37.8,detected,0
186.0,186.0,930,578,person,0.9281,1152,419,85,235,1194.5,536.5,19975,0.71,0.71,31.6,detected,0
186.0,186.0,930,590,person,0.8356,1137,77,47,137,1160.5,145.5,6439,21.21,21.21,27.6,detected,0
186.0,186.0,930,607,person,0.5601,1372,0,36,86,1390.0,43.0,3096,17.89,17.89,23.0,detected,0
186.0,186.0,930,615,person,0.5456,1831,217,54,125,1858.0,279.5,6750,17.18,17.18,22.4,detected,0
186.0,186.0,930,623,person,0.8301,50,594,93,239,96.5,713.5,22227,201.5,201.5,19.8,detected,0
186.0,186.0,930,633,person,0.4129,1486,116,53,118,1512.5,175.0,6254,117.09,117.09,17.8,detected,0
186.0,186.0,930,638,person,0.4066,991,-6,48,123,1015.0,55.5,5904,58.59,58.59,16.4,predicted,1
186.0,186.0,930,642,person,0.5705,1076,9,57,121,1104.5,69.5,6897,38.76,38.76,16.0,detected,0
186.0,186.0,930,660,person,0.6423,1197,75,58,144,1226.0,147.0,8352,18.53,18.53,10.8,detected,0
186.0,186.0,930,662,person,0.5434,948,36,58,149,977.0,110.5,8642,65.55,65.55,10.6,detected,0
186.0,186.0,930,666,person,0.8535,1460,184,81,186,1500.5,277.0,15066,59.35,59.35,9.6,detected,0
186.0,186.0,930,675,person,0.1606,1176,0,34,62,1193.0,31.0,2108,29.84,29.84,6.8,detected,0
186.0,186.0,930,684,person,0.6059,1219,1,49,119,1243.5,60.5,5831,31.18,31.18,5.8,detected,0
186.0,186.0,930,686,person,0.1846,1888,865,31,200,1903.5,965.0,6200,12.54,12.54,4.4,detected,0
186.0,186.0,930,690,person,0.9265,1658,617,115,260,1715.5,747.0,29900,89.81,89.81,4.2,detected,0
186.0,186.0,930,692,person,0.877,405,259,75,174,442.5,346.0,13050,101.75,101.75,4.2,detected,0
186.0,186.0,930,695,person,0.9311,1384,579,115,329,1441.5,743.5,37835,142.31,142.31,3.4,detected,0
186.0,186.0,930,705,person,0.7643,197,267,82,236,238.0,385.0,19352,149.72,149.72,1.8,detected,0
186.0,186.0,930,706,person,0.6257,816,77,61,150,846.5,152.0,9150,50.77,50.77,1.0,detected,0
187.0,187.0,935,281,person,0.6146,2,272,90,165,47.0,354.5,14850,1.58,1.58,126.4,detected,0
187.0,187.0,935,483,person,0.4602,113,288,60,130,143.0,353.0,7800,9.22,9.22,60.2,detected,0
187.0,187.0,935,550,person,0.6998,1063,13,41,126,1083.5,76.0,5166,39.46,39.46,38.8,detected,0
187.0,187.0,935,578,person,0.9281,1151,418,86,237,1194.0,536.5,20382,0.5,0.5,32.6,detected,0
187.0,187.0,935,590,person,0.8752,1138,94,54,143,1165.0,165.5,7722,20.5,20.5,28.6,detected,0
187.0,187.0,935,607,person,0.4876,1386,0,32,70,1402.0,35.0,2240,14.42,14.42,24.0,detected,0
187.0,187.0,935,615,person,0.7089,1840,178,49,164,1864.5,260.0,8036,20.55,20.55,23.4,detected,0
187.0,187.0,935,633,person,0.7672,1615,129,58,147,1644.0,202.5,8526,134.34,134.34,18.8,detected,0
187.0,187.0,935,642,person,0.5621,1109,0,53,111,1135.5,55.5,5883,34.01,34.01,17.0,detected,0
187.0,187.0,935,660,person,0.8685,1190,98,67,146,1223.5,171.0,9782,24.13,24.13,11.8,detected,0
187.0,187.0,935,662,person,0.7271,992,16,46,136,1015.0,84.0,6256,46.33,46.33,11.6,detected,0
187.0,187.0,935,666,person,0.8256,1502,151,75,162,1539.5,232.0,12150,59.55,59.55,10.6,detected,0
187.0,187.0,935,684,person,0.6726,1175,13,50,122,1200.0,74.0,6100,45.55,45.55,6.8,detected,0
187.0,187.0,935,686,person,0.1571,1888,866,32,201,1904.0,966.5,6432,1.58,1.58,5.4,detected,0
187.0,187.0,935,690,person,0.9167,1699,557,110,239,1754.0,676.5,26290,80.33,80.33,5.2,detected,0
187.0,187.0,935,692,person,0.8523,502,226,69,165,536.5,308.5,11385,101.2,101.2,5.2,detected,0
187.0,187.0,935,695,person,0.9371,1468,497,108,296,1522.0,645.0,31968,127.21,127.21,4.4,detected,0
187.0,187.0,935,705,person,0.7987,303,238,79,206,342.5,341.0,16274,113.39,113.39,2.8,detected,0
187.0,187.0,935,706,person,0.7611,757,110,57,126,785.5,173.0,7182,64.51,64.51,2.0,detected,0
187.0,187.0,935,709,person,0.7114,786,79,44,132,808.0,145.0,5808,0.0,0.0,0.4,detected,0
188.0,188.0,940,281,person,0.581,2,272,90,165,47.0,354.5,14850,0.0,0.0,127.4,detected,0
188.0,188.0,940,483,person,0.3819,112,287,60,131,142.0,352.5,7860,1.12,1.12,61.2,detected,0
188.0,188.0,940,550,person,0.207,1097,0,42,120,1118.0,60.0,5040,38.03,38.03,39.8,detected,0
188.0,188.0,940,578,person,0.9263,1151,420,86,235,1194.0,537.5,20210,1.0,1.0,33.6,detected,0
188.0,188.0,940,590,person,0.8724,1138,113,53,150,1164.5,188.0,7950,22.51,22.51,29.6,detected,0
188.0,188.0,940,607,person,0.5074,1401,0,35,53,1418.5,26.5,1855,18.56,18.56,25.0,detected,0
188.0,188.0,940,615,person,0.7626,1844,143,47,186,1867.5,236.0,8742,24.19,24.19,24.4,detected,0
188.0,188.0,940,633,person,0.8345,1721,143,67,154,1754.5,220.0,10318,111.88,111.88,19.8,detected,0
188.0,188.0,940,638,person,0.1613,1086,3,22,79,1097.0,42.5,1738,83.02,41.51,18.4,detected,0
188.0,188.0,940,642,person,0.4843,1132,17,53,97,1158.5,65.5,5141,25.08,25.08,18.0,detected,0
188.0,188.0,940,660,person,0.8545,1190,117,62,154,1221.0,194.0,9548,23.14,23.14,12.8,detected,0
188.0,188.0,940,662,person,0.7461,1027,0,49,121,1051.5,60.5,5929,43.41,43.41,12.6,detected,0
188.0,188.0,940,666,person,0.8706,1544,118,73,158,1580.5,197.0,11534,53.91,53.91,11.6,detected,0
188.0,188.0,940,675,person,0.1705,1243,-1,27,29,1256.5,13.5,783,65.87,32.93,8.8,detected,0
188.0,188.0,940,684,person,0.4626,1125,32,56,102,1153.0,83.0,5712,47.85,47.85,7.8,detected,0
188.0,188.0,940,690,person,0.9178,1743,501,106,226,1796.0,614.0,23956,75.3,75.3,6.2,detected,0
188.0,188.0,940,692,person,0.7782,582,194,59,149,611.5,268.5,8791,85.0,85.0,6.2,detected,0
188.0,188.0,940,695,person,0.9246,1543,425,101,275,1593.5,562.5,27775,109.17,109.17,5.4,detected,0
188.0,188.0,940,705,person,0.8447,401,196,75,191,438.5,291.5,14325,108.01,108.01,3.8,detected,0
188.0,188.0,940,706,person,0.5374,726,101,43,84,747.5,143.0,3612,48.41,48.41,3.0,detected,0
188.0,188.0,940,708,person,0.6972,707,150,60,117,737.0,208.5,7020,0.0,0.0,1.8,detected,0
188.0,188.0,940,712,person,0.4256,1577,0,29,47,1591.5,23.5,1363,0.0,0.0,0.8,detected,0
189.0,189.0,945,281,person,0.5468,5,274,87,162,48.5,355.0,14094,1.58,1.58,128.4,detected,0
189.0,189.0,945,483,person,0.4157,112,286,60,132,142.0,352.0,7920,0.5,0.5,62.2,detected,0
189.0,189.0,945,550,person,0.6304,1135,0,40,101,1155.0,50.5,4040,38.2,38.2,40.8,detected,0
189.0,189.0,945,578,person,0.9308,1151,420,85,235,1193.5,537.5,19975,0.5,0.5,34.6,detected,0
189.0,189.0,945,590,person,0.8811,1128,134,55,155,1155.5,211.5,8525,25.16,25.16,30.6,detected,0
189.0,189.0,945,607,person,0.2929,1423,0,26,35,1436.0,17.5,910,19.68,19.68,26.0,detected,0
189.0,189.0,945,615,person,0.4278,1833,138,60,167,1863.0,221.5,10020,15.18,15.18,25.4,detected,0
189.0,189.0,945,642,person,0.3157,1180,0,43,78,1201.5,39.0,3354,50.51,50.51,19.0,detected,0
189.0,189.0,945,660,person,0.8763,1182,137,65,160,1214.5,217.0,10400,23.9,23.9,13.8,detected,0
189.0,189.0,945,662,person,0.173,1075,0,43,71,1096.5,35.5,3053,51.48,51.48,13.6,detected,0
189.0,189.0,945,666,person,0.8682,1581,88,72,156,1617.0,166.0,11232,47.89,47.89,12.6,detected,0
189.0,189.0,945,684,person,0.8847,1071,48,55,139,1098.5,117.5,7645,64.5,64.5,8.8,detected,0
189.0,189.0,945,686,person,0.2989,1891,865,28,172,1905.0,951.0,4816,15.53,7.77,7.4,detected,0
189.0,189.0,945,690,person,0.8544,1780,444,84,217,1822.0,552.5,18228,66.77,66.77,7.2,detected,0
189.0,189.0,945,695,person,0.9224,1603,362,93,258,1649.5,491.0,23994,90.82,90.82,6.4,detected,0
189.0,189.0,945,705,person,0.8198,492,159,56,177,520.0,247.5,9912,92.62,92.62,4.8,detected,0
189.0,189.0,945,706,person,0.5551,631,182,53,125,657.5,244.5,6625,135.65,135.65,4.0,detected,0
189.0,189.0,945,709,person,0.6901,667,125,53,145,693.5,197.5,7685,125.96,62.98,2.4,detected,0
189.0,189.0,945,712,person,0.6939,1541,0,41,67,1561.5,33.5,2747,31.62,31.62,1.8,detected,0
189.0,189.0,945,714,person,0.8987,125,831,121,247,185.5,954.5,29887,0.0,0.0,0.8,detected,0
190.0,190.0,950,281,person,0.4846,5,274,87,163,48.5,355.5,14181,0.5,0.5,129.4,detected,0
190.0,190.0,950,483,person,0.3263,112,286,60,132,142.0,352.0,7920,0.0,0.0,63.2,detected,0
190.0,190.0,950,550,person,0.2471,1160,0,41,90,1180.5,45.0,3690,26.09,26.09,41.8,detected,0
190.0,190.0,950,578,person,0.9264,1151,420,85,235,1193.5,537.5,19975,0.0,0.0,35.6,detected,0
190.0,190.0,950,590,person,0.8899,1108,159,60,160,1138.0,239.0,9600,32.6,32.6,31.6,detected,0
190.0,190.0,950,607,person,0.2119,1447,-2,20,22,1457.0,9.0,440,22.66,22.66,27.0,predicted,1
190.0,190.0,950,642,person,0.1597,1213,0,33,61,1229.5,30.5,2013,29.26,29.26,20.0,detected,0
190.0,190.0,950,660,person,0.8977,1174,158,69,168,1208.5,242.0,11592,25.71,25.71,14.8,detected,0
190.0,190.0,950,662,person,0.6818,1123,0,37,74,1141.5,37.0,2738,45.02,45.02,14.6,detected,0
190.0,190.0,950,666,person,0.8833,1615,61,68,152,1649.0,137.0,10336,43.19,43.19,13.6,detected,0
190.0,190.0,950,684,person,0.8775,1021,64,57,147,1049.5,137.5,8379,52.92,52.92,9.8,detected,0
190.0,190.0,950,686,person,0.2538,1889,865,30,174,1904.0,952.0,5220,1.41,1.41,8.4,detected,0
190.0,190.0,950,690,person,0.7775,1793,397,76,206,1831.0,500.0,15656,53.27,53.27,8.2,detected,0
190.0,190.0,950,692,person,0.8044,712,138,58,124,741.0,200.0,7192,146.5,73.25,8.2,detected,0
190.0,190.0,950,695,person,0.9126,1648,311,88,240,1692.0,431.0,21120,73.53,73.53,7.4,detected,0
190.0,190.0,950,705,person,0.8941,516,219,75,174,553.5,306.0,13050,67.41,67.41,5.8,detected,0
190.0,190.0,950,709,person,0.8665,608,155,54,154,635.0,232.0,8316,67.92,67.92,3.4,detected,0
190.0,190.0,950,712,person,0.8563,1503,0,47,88,1526.5,44.0,4136,36.54,36.54,2.8,detected,0
190.0,190.0,950,714,person,0.9056,332,770,114,268,389.0,904.0,30552,209.67,209.67,1.8,detected,0
190.0,190.0,950,719,person,0.739,0,606,44,164,22.0,688.0,7216,0.0,0.0,0.2,detected,0
191.0,191.0,955,281,person,0.531,11,277,81,160,51.5,357.0,12960,3.35,3.35,130.4,detected,0
191.0,191.0,955,483,person,0.5162,112,286,60,132,142.0,352.0,7920,0.0,0.0,64.2,detected,0
191.0,191.0,955,550,person,0.4091,1187,0,34,77,1204.0,38.5,2618,24.38,24.38,42.8,detected,0
191.0,191.0,955,578,person,0.927,1151,418,85,237,1193.5,536.5,20145,1.0,1.0,36.6,detected,0
191.0,191.0,955,590,person,0.8755,1090,183,63,165,1121.5,265.5,10395,31.22,31.22,32.6,detected,0
191.0,191.0,955,638,person,0.246,1224,-1,30,58,1239.0,28.0,1740,142.74,47.58,21.4,detected,0
191.0,191.0,955,642,person,0.2159,1245,-2,33,47,1261.5,21.5,1551,33.24,33.24,21.0,predicted,1
191.0,191.0,955,660,person,0.9094,1165,185,72,173,1201.0,271.5,12456,30.44,30.44,15.8,detected,0
191.0,191.0,955,662,person,0.2569,1164,0,25,53,1176.5,26.5,1325,36.54,36.54,15.6,detected,0
191.0,191.0,955,666,person,0.8701,1646,37,64,145,1678.0,109.5,9280,39.97,39.97,14.6,detected,0
191.0,191.0,955,684,person,0.8765,969,84,59,148,998.5,158.0,8732,54.97,54.97,10.8,detected,0
191.0,191.0,955,690,person,0.706,1808,381,62,174,1839.0,468.0,10788,32.98,32.98,9.2,detected,0
191.0,191.0,955,692,person,0.8075,778,115,56,124,806.0,177.0,6944,68.95,68.95,9.2,detected,0
191.0,191.0,955,695,person,0.9083,1695,267,86,228,1738.0,381.0,19608,67.94,67.94,8.4,detected,0
191.0,191.0,955,705,person,0.8615,393,267,78,188,432.0,361.0,14664,133.37,133.37,6.8,detected,0
191.0,191.0,955,709,person,0.8866,534,183,66,158,567.0,262.0,10428,74.32,74.32,4.4,detected,0
191.0,191.0,955,712,person,0.8198,1469,0,47,113,1492.5,56.5,5311,36.22,36.22,3.8,detected,0
191.0,191.0,955,714,person,0.8992,518,718,106,258,571.0,847.0,27348,190.72,190.72,2.8,detected,0
191.0,191.0,955,719,person,0.8889,80,484,84,225,122.0,596.5,18900,135.54,135.54,1.2,detected,0
191.0,191.0,955,721,person,0.705,654,106,49,148,678.5,180.0,7252,0.0,0.0,0.2,detected,0
191.0,191.0,955,724,person,0.153,1135,0,18,34,1144.0,17.0,612,0.0,0.0,0.0,detected,0
192.0,192.0,960,281,person,0.5289,6,275,85,161,48.5,355.5,13685,3.35,3.35,131.4,detected,0
192.0,192.0,960,483,person,0.4973,112,286,60,132,142.0,352.0,7920,0.0,0.0,65.2,detected,0
192.0,192.0,960,550,person,0.4511,1211,0,31,62,1226.5,31.0,1922,23.72,23.72,43.8,detected,0
192.0,192.0,960,578,person,0.9288,1152,418,84,236,1194.0,536.0,19824,0.71,0.71,37.6,detected,0
192.0,192.0,960,590,person,0.8865,1070,211,65,174,1102.5,298.0,11310,37.65,37.65,33.6,detected,0
192.0,192.0,960,642,person,0.2002,1261,0,27,33,1274.5,16.5,891,13.93,13.93,22.0,detected,0
192.0,192.0,960,660,person,0.9144,1161,216,76,179,1199.0,305.5,13604,34.06,34.06,16.8,detected,0
192.0,192.0,960,662,person,0.3302,1197,0,17,37,1205.5,18.5,629,30.08,30.08,16.6,detected,0
192.0,192.0,960,666,person,0.8041,1670,13,63,142,1701.5,84.0,8946,34.68,34.68,15.6,detected,0
192.0,192.0,960,684,person,0.8512,904,103,61,155,934.5,180.5,9455,67.84,67.84,11.8,detected,0
192.0,192.0,960,690,person,0.1894,1822,348,53,166,1848.5,431.0,8798,38.2,38.2,10.2,detected,0
192.0,192.0,960,692,person,0.8285,848,94,53,136,874.5,162.0,7208,70.12,70.12,10.2,detected,0
192.0,192.0,960,695,person,0.8671,1748,223,79,219,1787.5,332.5,17301,69.3,69.3,9.4,detected,0
192.0,192.0,960,705,person,0.8742,266,317,80,192,306.0,413.0,15360,136.31,136.31,7.8,detected,0
192.0,192.0,960,709,person,0.8024,447,211,65,166,479.5,294.0,10790,93.17,93.17,5.4,detected,0
192.0,192.0,960,712,person,0.872,1429,10,47,128,1452.5,74.0,6016,43.66,43.66,4.8,detected,0
192.0,192.0,960,714,person,0.9034,685,669,98,248,734.0,793.0,24304,171.71,171.71,3.8,detected,0
192.0,192.0,960,719,person,0.8896,202,429,77,213,240.5,535.5,16401,133.28,133.28,2.2,detected,0
192.0,192.0,960,721,person,0.8547,738,61,49,156,762.5,139.0,7644,93.47,93.47,1.2,detected,0
192.0,192.0,960,724,person,0.4587,1102,0,30,46,1117.0,23.0,1380,27.66,27.66,1.0,detected,0
193.0,193.0,965,281,person,0.5254,6,277,85,159,48.5,356.5,13515,1.0,1.0,132.4,detected,0
193.0,193.0,965,483,person,0.5602,112,287,56,136,140.0,355.0,7616,3.61,3.61,66.2,detected,0
193.0,193.0,965,550,person,0.529,1233,0,32,50,1249.0,25.0,1600,23.29,23.29,44.8,detected,0
193.0,193.0,965,578,person,0.9199,1152,418,85,236,1194.5,536.0,20060,0.5,0.5,38.6,detected,0
193.0,193.0,965,590,person,0.9114,1049,242,67,182,1082.5,333.0,12194,40.31,40.31,34.6,detected,0
193.0,193.0,965,660,person,0.9017,1152,250,78,181,1191.0,340.5,14118,35.9,35.9,17.8,detected,0
193.0,193.0,965,666,person,0.707,1693,0,59,127,1722.5,63.5,7493,29.35,29.35,16.6,detected,0
193.0,193.0,965,684,person,0.8683,821,126,64,154,853.0,203.0,9856,84.55,84.55,12.8,detected,0
193.0,193.0,965,692,person,0.8404,907,73,52,132,933.0,139.0,6864,62.86,62.86,11.2,detected,0
193.0,193.0,965,695,person,0.8557,1795,184,77,205,1833.5,286.5,15785,65.05,65.05,10.4,detected,0
193.0,193.0,965,705,person,0.8876,126,377,92,215,172.0,484.5,19780,151.88,151.88,8.8,detected,0
193.0,193.0,965,709,person,0.7481,342,250,78,169,381.0,334.5,13182,106.5,106.5,6.4,detected,0
193.0,193.0,965,712,person,0.6089,1383,33,50,131,1408.0,98.5,6550,50.8,50.8,5.8,detected,0
193.0,193.0,965,714,person,0.9046,835,622,95,239,882.5,741.5,22705,157.18,157.18,4.8,detected,0
193.0,193.0,965,719,person,0.8666,302,383,71,202,337.5,484.0,14342,109.82,109.82,3.2,detected,0
193.0,193.0,965,724,person,0.7222,1078,0,33,60,1094.5,30.0,1980,23.56,23.56,2.0,detected,0
194.0,194.0,970,281,person,0.4495,11,278,80,158,51.0,357.0,12640,2.55,2.55,133.4,detected,0
194.0,194.0,970,483,person,0.3926,112,286,60,132,142.0,352.0,7920,3.61,3.61,67.2,detected,0
194.0,194.0,970,550,person,0.3921,1259,0,30,35,1274.0,17.5,1050,26.1,26.1,45.8,detected,0
194.0,194.0,970,578,person,0.9124,1153,418,81,237,1193.5,536.5,19197,1.12,1.12,39.6,detected,0
194.0,194.0,970,590,person,0.9087,1033,274,71,189,1068.5,368.5,13419,38.16,38.16,35.6,detected,0
194.0,194.0,970,660,person,0.9082,1121,283,83,194,1162.5,380.0,16102,48.71,48.71,18.8,detected,0
194.0,194.0,970,666,person,0.8027,1649,41,52,124,1675.0,103.0,6448,61.78,61.78,17.6,detected,0
194.0,194.0,970,684,person,0.7902,735,142,52,110,761.0,197.0,5720,92.2,92.2,13.8,detected,0
194.0,194.0,970,690,person,0.6682,1840,182,50,188,1865.0,276.0,9400,155.88,77.94,12.2,detected,0
194.0,194.0,970,692,person,0.7705,956,55,53,128,982.5,119.0,6784,53.39,53.39,12.2,detected,0
194.0,194.0,970,705,person,0.8434,2,466,70,194,37.0,563.0,13580,156.16,156.16,9.8,detected,0
194.0,194.0,970,709,person,0.8342,262,292,73,178,298.5,381.0,12994,94.7,94.7,7.4,detected,0
194.0,194.0,970,712,person,0.8787,1337,59,52,134,1363.0,126.0,6968,52.74,52.74,6.8,detected,0
194.0,194.0,970,714,person,0.8896,981,580,92,231,1027.0,695.5,21252,151.65,151.65,5.8,detected,0
194.0,194.0,970,719,person,0.697,433,354,66,170,466.0,439.0,11220,136.15,136.15,4.2,detected,0
194.0,194.0,970,721,person,0.196,902,21,45,138,924.5,90.0,6210,169.25,84.62,3.2,detected,0
194.0,194.0,970,724,person,0.7853,1059,0,35,77,1076.5,38.5,2695,19.91,19.91,3.0,detected,0
194.0,194.0,970,726,person,0.2095,1721,0,64,51,1753.0,25.5,3264,0.0,0.0,0.2,detected,0
195.0,195.0,975,281,person,0.4631,13,279,78,157,52.0,357.5,12246,1.12,1.12,134.4,detected,0
195.0,195.0,975,483,person,0.3854,112,286,60,132,142.0,352.0,7920,0.0,0.0,68.2,detected,0
195.0,195.0,975,550,person,0.1918,1276,-2,26,24,1289.0,10.0,624,16.77,16.77,46.8,predicted,1
195.0,195.0,975,578,person,0.6975,1140,423,82,208,1181.0,527.0,17056,15.7,15.7,40.6,detected,0
195.0,195.0,975,590,person,0.9115,1007,312,70,199,1042.0,411.5,13930,50.51,50.51,36.6,detected,0
195.0,195.0,975,660,person,0.9171,1091,322,86,199,1134.0,421.5,17114,50.34,50.34,19.8,detected,0
195.0,195.0,975,666,person,0.7058,1558,54,52,126,1584.0,117.0,6552,92.07,92.07,18.6,detected,0
195.0,195.0,975,684,person,0.7932,638,166,56,133,666.0,232.5,7448,101.42,101.42,14.8,detected,0
195.0,195.0,975,690,person,0.1636,1852,201,35,105,1869.5,253.5,3675,22.95,22.95,13.2,detected,0
195.0,195.0,975,692,person,0.6217,1018,17,45,111,1040.5,72.5,4995,74.34,74.34,13.2,detected,0
195.0,195.0,975,709,person,0.8273,181,340,73,188,217.5,434.0,13724,96.8,96.8,8.4,detected,0
195.0,195.0,975,712,person,0.8889,1283,87,52,140,1309.0,157.0,7280,62.27,62.27,7.8,detected,0
195.0,195.0,975,714,person,0.8948,1117,541,88,221,1161.0,651.5,19448,141.04,141.04,6.8,detected,0
195.0,195.0,975,719,person,0.787,592,333,70,174,627.0,420.0,12180,162.12,162.12,5.2,detected,0
195.0,195.0,975,721,person,0.8456,990,18,51,133,1015.5,84.5,6783,91.17,91.17,4.2,detected,0
195.0,195.0,975,724,person,0.3602,1038,0,40,92,1058.0,46.0,3680,19.96,19.96,4.0,detected,0
195.0,195.0,975,732,person,0.53,207,954,98,126,256.0,1017.0,12348,0.0,0.0,0.4,detected,0
196.0,196.0,980,281,person,0.4157,12,279,82,156,53.0,357.0,12792,1.12,1.12,135.4,detected,0
196.0,196.0,980,483,person,0.4284,112,286,60,132,142.0,352.0,7920,0.0,0.0,69.2,detected,0
196.0,196.0,980,578,person,0.8824,1129,421,89,235,1173.5,538.5,20915,13.73,13.73,41.6,detected,0
196.0,196.0,980,590,person,0.9133,977,356,76,204,1015.0,458.0,15504,53.77,53.77,37.6,detected,0
196.0,196.0,980,660,person,0.9272,1067,365,86,212,1110.0,471.0,18232,55.01,55.01,20.8,detected,0
196.0,196.0,980,666,person,0.8457,1475,68,57,130,1503.5,133.0,7410,82.07,82.07,19.6,detected,0
196.0,196.0,980,684,person,0.8805,531,186,72,167,567.0,269.5,12024,105.69,105.69,15.8,detected,0
196.0,196.0,980,692,person,0.6776,1036,22,46,122,1059.0,83.0,5612,21.27,21.27,14.2,detected,0
196.0,196.0,980,709,person,0.904,93,384,85,205,135.5,486.5,17425,97.37,97.37,9.4,detected,0
196.0,196.0,980,712,person,0.8943,1230,118,54,147,1257.0,191.5,7938,62.4,62.4,8.8,detected,0
196.0,196.0,980,714,person,0.9045,1230,499,94,181,1277.0,589.5,17014,131.53,131.53,7.8,detected,0
196.0,196.0,980,719,person,0.6548,751,320,74,178,788.0,409.0,13172,161.38,161.38,6.2,detected,0
196.0,196.0,980,724,person,0.5052,1011,1,39,103,1030.5,52.5,4017,28.26,28.26,5.0,detected,0
196.0,196.0,980,732,person,0.3108,333,858,121,219,393.5,967.5,26499,146.14,146.14,1.4,detected,0
196.0,196.0,980,738,person,0.1589,1885,865,34,213,1902.0,971.5,7242,0.0,0.0,0.0,detected,0
196.0,196.0,980,739,person,0.1672,372,836,94,188,419.0,930.0,17672,0.0,0.0,0.0,detected,0
197.0,197.0,985,281,person,0.2929,6,331,60,126,36.0,394.0,7560,40.72,40.72,136.4,detected,0
197.0,197.0,985,483,person,0.3637,112,286,59,132,141.5,352.0,7788,0.5,0.5,70.2,detected,0
197.0,197.0,985,578,person,0.9272,1134,422,82,235,1175.0,539.5,19270,1.8,1.8,42.6,detected,0
197.0,197.0,985,590,person,0.8977,955,408,79,211,994.5,513.5,16669,59.17,59.17,38.6,detected,0
197.0,197.0,985,660,person,0.929,1044,417,90,223,1089.0,528.5,20070,61.21,61.21,21.8,detected,0
197.0,197.0,985,666,person,0.8437,1416,87,58,134,1445.0,154.0,7772,62.16,62.16,20.6,detected,0
197.0,197.0,985,684,person,0.9083,435,208,67,178,468.5,297.0,11926,102.27,102.27,16.8,detected,0
197.0,197.0,985,692,person,0.8173,1061,12,41,119,1081.5,71.5,4879,25.27,25.27,15.2,detected,0
197.0,197.0,985,709,person,0.8842,2,443,71,214,37.5,550.0,15194,116.77,116.77,10.4,detected,0
197.0,197.0,985,712,person,0.8875,1172,152,58,153,1201.0,228.5,8874,67.12,67.12,9.8,detected,0
197.0,197.0,985,714,person,0.9113,1328,459,92,186,1374.0,552.0,17112,104.0,104.0,8.8,detected,0
197.0,197.0,985,724,person,0.4399,977,10,40,117,997.0,68.5,4680,37.12,37.12,6.0,detected,0
197.0,197.0,985,732,person,0.61,485,747,102,205,536.0,849.5,20910,185.01,185.01,2.4,detected,0
197.0,197.0,985,740,person,0.5501,1108,0,37,93,1126.5,46.5,3441,0.0,0.0,0.6,detected,0
197.0,197.0,985,741,person,0.5486,912,314,52,170,938.0,399.0,8840,0.0,0.0,0.2,detected,0
197.0,197.0,985,742,person,0.2929,13,279,77,157,51.5,357.5,12089,0.0,0.0,0.0,detected,0
198.0,198.0,990,281,person,0.3717,12,288,79,152,51.5,364.0,12008,33.77,33.77,137.4,detected,0
198.0,198.0,990,578,person,0.9023,1142,418,82,238,1183.0,537.0,19516,8.38,8.38,43.6,detected,0
198.0,198.0,990,590,person,0.8824,924,459,85,228,966.5,573.0,19380,65.76,65.76,39.6,detected,0
198.0,198.0,990,660,person,0.9071,1026,469,99,233,1075.5,585.5,23067,58.58,58.58,22.8,detected,0
198.0,198.0,990,666,person,0.8271,1358,107,58,138,1387.0,176.0,8004,62.03,62.03,21.6,detected,0
198.0,198.0,990,684,person,0.8901,367,233,72,186,403.0,326.0,13392,71.63,71.63,17.8,detected,0
198.0,198.0,990,692,person,0.7801,1074,1,42,114,1095.0,58.0,4788,19.09,19.09,16.2,detected,0
198.0,198.0,990,712,person,0.8763,1106,183,62,164,1137.0,265.0,10168,73.68,73.68,10.8,detected,0
198.0,198.0,990,714,person,0.9138,1412,419,90,202,1457.0,520.0,18180,88.96,88.96,9.8,detected,0
198.0,198.0,990,719,person,0.4194,1076,305,58,168,1105.0,389.0,9744,317.63,158.82,8.2,detected,0
198.0,198.0,990,724,person,0.7738,937,22,44,123,959.0,83.5,5412,40.85,40.85,7.0,detected,0
198.0,198.0,990,732,person,0.1704,603,651,96,208,651.0,755.0,19968,148.85,148.85,3.4,detected,0
198.0,198.0,990,739,person,0.5794,622,642,90,167,667.0,725.5,15030,321.44,160.72,2.0,detected,0
198.0,198.0,990,740,person,0.3769,1152,0,31,70,1167.5,35.0,2170,42.58,42.58,1.6,detected,0
198.0,198.0,990,741,person,0.4969,1076,303,47,124,1099.5,365.0,5828,165.04,165.04,1.2,detected,0
198.0,198.0,990,742,person,0.8482,62,318,93,217,108.5,426.5,20181,89.5,89.5,1.0,detected,0
199.0,199.0,995,281,person,0.535,13,276,79,160,52.5,356.0,12640,8.06,8.06,138.4,detected,0
199.0,199.0,995,483,person,0.4994,112,286,61,132,142.5,352.0,8052,1.0,0.5,72.2,detected,0
199.0,199.0,995,578,person,0.9177,1157,417,78,237,1196.0,535.5,18486,13.09,13.09,44.6,detected,0
199.0,199.0,995,590,person,0.9207,900,522,95,240,947.5,642.0,22800,71.57,71.57,40.6,detected,0
199.0,199.0,995,660,person,0.9161,1019,535,107,246,1072.5,658.0,26322,72.56,72.56,23.8,detected,0
199.0,199.0,995,666,person,0.8225,1288,126,60,144,1318.0,198.0,8640,72.42,72.42,22.6,detected,0
199.0,199.0,995,684,person,0.9129,328,273,84,195,370.0,370.5,16380,55.4,55.4,18.8,detected,0
199.0,199.0,995,692,person,0.7261,1070,0,43,106,1091.5,53.0,4558,6.1,6.1,17.2,detected,0
199.0,199.0,995,712,person,0.8953,1037,226,64,174,1069.0,313.0,11136,83.23,83.23,11.8,detected,0
199.0,199.0,995,714,person,0.9155,1479,382,88,196,1523.0,480.0,17248,77.18,77.18,10.8,detected,0
199.0,199.0,995,719,person,0.6542,1225,301,54,174,1252.0,388.0,9396,147.0,147.0,9.2,detected,0
199.0,199.0,995,724,person,0.7975,901,40,50,126,926.0,103.0,6300,38.33,38.33,8.0,detected,0
199.0,199.0,995,732,person,0.4951,712,575,81,157,752.5,653.5,12717,143.54,143.54,4.4,detected,0
199.0,199.0,995,740,person,0.2843,1181,-1,30,51,1196.0,24.5,1530,30.37,30.37,2.6,detected,0
199.0,199.0,995,742,person,0.8547,183,293,87,189,226.5,387.5,16443,124.28,124.28,2.0,detected,0
199.0,199.0,995,743,person,0.7974,1655,68,55,142,1682.5,139.0,7810,0.0,0.0,0.6,detected,0
199.0,199.0,995,744,person,0.6942,1692,58,49,151,1716.5,133.5,7399,0.0,0.0,0.0,detected,0
200.0,200.0,1000,281,person,0.5441,15,279,78,157,54.0,357.5,12246,2.12,2.12,139.4,detected,0
200.0,200.0,1000,483,person,0.4845,112,287,60,130,142.0,352.0,7800,0.5,0.5,73.2,detected,0
200.0,200.0,1000,578,person,0.9154,1157,415,78,240,1196.0,535.0,18720,0.5,0.5,45.6,detected,0
200.0,200.0,1000,590,person,0.8888,882,590,103,258,933.5,719.0,26574,78.26,78.26,41.6,detected,0
200.0,200.0,1000,660,person,0.9173,999,608,115,252,1056.5,734.0,28980,77.67,77.67,24.8,detected,0
200.0,200.0,1000,666,person,0.8398,1209,148,56,149,1237.0,222.5,8344,84.62,84.62,23.6,detected,0
200.0,200.0,1000,684,person,0.8672,255,310,94,207,302.0,413.5,19458,80.45,80.45,19.8,detected,0
200.0,200.0,1000,692,person,0.7578,1089,0,43,93,1110.5,46.5,3999,20.08,20.08,18.2,detected,0
200.0,200.0,1000,712,person,0.894,959,272,70,184,994.0,364.0,12880,90.7,90.7,12.8,detected,0
200.0,200.0,1000,714,person,0.9075,1546,346,83,189,1587.5,440.5,15687,75.63,75.63,11.8,detected,0
200.0,200.0,1000,719,person,0.8025,1357,297,66,180,1390.0,387.0,11880,138.0,138.0,10.2,detected,0
200.0,200.0,1000,724,person,0.8348,867,57,52,130,893.0,122.0,6760,38.08,38.08,9.0,detected,0
200.0,200.0,1000,732,person,0.4347,818,513,74,142,855.0,584.0,10508,123.84,123.84,5.4,detected,0
200.0,200.0,1000,739,person,0.4516,815,516,81,186,855.5,609.0,15066,221.6,110.8,4.0,detected,0
200.0,200.0,1000,740,person,0.1562,1204,0,23,30,1215.5,15.0,690,21.69,21.69,3.6,detected,0
200.0,200.0,1000,742,person,0.7468,300,260,74,168,337.0,344.0,12432,118.75,118.75,3.0,detected,0
200.0,200.0,1000,743,person,0.8357,1615,91,59,148,1644.5,165.0,8732,46.04,46.04,1.6,detected,0
200.0,200.0,1000,744,person,0.856,1672,81,55,158,1699.5,160.0,8690,31.48,31.48,1.0,detected,0
201.0,201.0,1005,281,person,0.5287,14,278,78,158,53.0,357.0,12324,1.12,1.12,140.4,detected,0
201.0,201.0,1005,483,person,0.2329,112,286,57,133,140.5,352.5,7581,1.58,1.58,74.2,detected,0
201.0,201.0,1005,578,person,0.8996,1147,419,77,236,1185.5,537.0,18172,10.69,10.69,46.6,detected,0
201.0,201.0,1005,590,person,0.9133,854,666,107,268,907.5,800.0,28676,85.07,85.07,42.6,detected,0
201.0,201.0,1005,660,person,0.9128,969,688,120,266,1029.0,821.0,31920,91.24,91.24,25.8,detected,0
201.0,201.0,1005,666,person,0.8248,1126,173,61,155,1156.5,250.5,9455,85.23,85.23,24.6,detected,0
201.0,201.0,1005,684,person,0.9045,153,353,91,215,198.5,460.5,19565,113.67,113.67,20.8,detected,0
201.0,201.0,1005,692,person,0.2707,1118,0,42,82,1139.0,41.0,3444,29.03,29.03,19.2,detected,0
201.0,201.0,1005,712,person,0.9023,869,323,75,188,906.5,417.0,14100,102.3,102.3,13.8,detected,0
201.0,201.0,1005,714,person,0.8979,1602,314,85,182,1644.5,405.0,15470,67.15,67.15,12.8,detected,0
201.0,201.0,1005,719,person,0.7009,1476,288,62,175,1507.0,375.5,10850,117.56,117.56,11.2,detected,0
201.0,201.0,1005,724,person,0.6692,824,76,53,131,850.5,141.5,6943,46.76,46.76,10.0,detected,0
201.0,201.0,1005,732,person,0.6138,917,455,72,153,953.0,531.5,11016,111.18,111.18,6.4,detected,0
201.0,201.0,1005,742,person,0.8314,394,217,76,169,432.0,301.5,12844,104.07,104.07,4.0,detected,0
201.0,201.0,1005,743,person,0.808,1621,117,62,155,1652.0,194.5,9610,30.44,30.44,2.6,detected,0
201.0,201.0,1005,744,person,0.8549,1684,108,56,166,1712.0,191.0,9296,33.43,33.43,2.0,detected,0
201.0,201.0,1005,748,person,0.5707,1670,0,45,95,1692.5,47.5,4275,0.0,0.0,0.8,detected,0
201.0,201.0,1005,752,person,0.6509,1830,221,54,123,1857.0,282.5,6642,0.0,0.0,0.4,detected,0
202.0,202.0,1010,281,person,0.5291,15,332,74,193,52.0,428.5,14282,71.51,71.51,141.4,detected,0
202.0,202.0,1010,483,person,0.3468,112,287,60,130,142.0,352.0,7800,1.58,1.58,75.2,detected,0
202.0,202.0,1010,578,person,0.889,1142,418,83,238,1183.5,537.0,19754,2.0,2.0,47.6,detected,0
202.0,202.0,1010,590,person,0.9269,816,746,111,276,871.5,884.0,30636,91.39,91.39,43.6,detected,0
202.0,202.0,1010,660,person,0.9082,928,769,130,284,993.0,911.0,36920,96.93,96.93,26.8,detected,0
202.0,202.0,1010,666,person,0.8545,1043,201,63,160,1074.5,281.0,10080,87.49,87.49,25.6,detected,0
202.0,202.0,1010,684,person,0.8829,45,397,97,226,93.5,510.0,21922,116.08,116.08,21.8,detected,0
202.0,202.0,1010,692,person,0.4918,1147,0,39,65,1166.5,32.5,2535,28.78,28.78,20.2,detected,0
202.0,202.0,1010,712,person,0.9099,761,382,81,202,801.5,483.0,16362,124.02,124.02,14.8,detected,0
202.0,202.0,1010,714,person,0.8785,1660,283,82,175,1701.0,370.5,14350,66.2,66.2,13.8,detected,0
202.0,202.0,1010,719,person,0.8598,1556,280,72,179,1592.0,369.5,12888,85.21,85.21,12.2,detected,0
202.0,202.0,1010,724,person,0.7134,772,92,54,131,799.0,157.5,7074,53.93,53.93,11.0,detected,0
202.0,202.0,1010,732,person,0.6606,996,404,71,151,1031.5,479.5,10721,94.16,94.16,7.4,detected,0
202.0,202.0,1010,742,person,0.8285,486,185,67,163,519.5,266.5,10921,94.24,94.24,5.0,detected,0
202.0,202.0,1010,743,person,0.8598,1647,145,66,158,1680.0,224.0,10428,40.67,40.67,3.6,detected,0
202.0,202.0,1010,744,person,0.8379,1719,135,63,174,1750.5,222.0,10962,49.43,49.43,3.0,detected,0
202.0,202.0,1010,748,person,0.7579,1639,0,50,116,1664.0,58.0,5800,30.37,30.37,1.8,detected,0
202.0,202.0,1010,752,person,0.7206,1805,235,71,163,1840.5,316.5,11573,37.79,37.79,1.4,detected,0
203.0,203.0,1015,281,person,0.8567,106,295,90,218,151.0,404.0,19620,101.99,101.99,142.4,detected,0
203.0,203.0,1015,578,person,0.9187,1155,418,78,237,1194.0,536.5,18486,10.51,10.51,48.6,detected,0
203.0,203.0,1015,590,person,0.9171,750,837,119,242,809.5,958.0,28798,96.54,96.54,44.6,detected,0
203.0,203.0,1015,660,person,0.9109,869,862,142,218,940.0,971.0,30956,80.06,80.06,27.8,detected,0
203.0,203.0,1015,666,person,0.8647,951,236,65,164,983.5,318.0,10660,98.23,98.23,26.6,detected,0
203.0,203.0,1015,684,person,0.8926,0,457,50,230,25.0,572.0,11500,92.39,92.39,22.8,detected,0
203.0,203.0,1015,692,person,0.2708,1166,0,35,52,1183.5,26.0,1820,18.2,18.2,21.2,detected,0
203.0,203.0,1015,712,person,0.9072,641,447,82,221,682.0,557.5,18122,140.82,140.82,15.8,detected,0
203.0,203.0,1015,714,person,0.8761,1706,255,86,170,1749.0,340.0,14620,56.87,56.87,14.8,detected,0
203.0,203.0,1015,719,person,0.8605,1627,268,66,179,1660.0,357.5,11814,69.05,69.05,13.2,detected,0
203.0,203.0,1015,724,person,0.7039,728,113,54,130,755.0,178.0,7020,48.54,48.54,12.0,detected,0
203.0,203.0,1015,732,person,0.6268,1072,357,67,124,1105.5,419.0,8308,95.58,95.58,8.4,detected,0
203.0,203.0,1015,742,person,0.7288,556,159,61,152,586.5,235.0,9272,74.04,74.04,6.0,detected,0
203.0,203.0,1015,743,person,0.7658,1667,174,64,166,1699.0,257.0,10624,38.08,38.08,4.6,detected,0
203.0,203.0,1015,744,person,0.7285,1767,169,65,169,1799.5,253.5,10985,58.25,58.25,4.0,detected,0
203.0,203.0,1015,748,person,0.7773,1619,11,52,129,1645.0,75.5,6708,25.83,25.83,2.8,detected,0
203.0,203.0,1015,752,person,0.6945,1793,260,75,190,1830.5,355.0,14250,39.78,39.78,2.4,detected,0
203.0,203.0,1015,755,person,0.4217,14,278,78,156,53.0,356.0,12168,0.0,0.0,1.6,detected,0
203.0,203.0,1015,757,person,0.2514,1505,0,24,36,1517.0,18.0,864,0.0,0.0,0.6,detected,0
203.0,203.0,1015,758,person,0.2928,1075,355,69,209,1109.5,459.5,14421,0.0,0.0,0.0,detected,0
204.0,204.0,1020,281,person,0.85,202,271,84,197,244.0,369.5,16548,99.19,99.19,143.4,detected,0
204.0,204.0,1020,483,person,0.5302,112,287,62,133,143.0,353.5,8246,1.8,0.9,77.2,detected,0
204.0,204.0,1020,578,person,0.9267,1156,420,80,235,1196.0,537.5,18800,2.24,2.24,49.6,detected,0
204.0,204.0,1020,590,person,0.8941,673,936,120,144,733.0,1008.0,17280,91.39,91.39,45.6,detected,0
204.0,204.0,1020,660,person,0.8924,814,966,134,114,881.0,1023.0,15276,78.64,78.64,28.8,detected,0
204.0,204.0,1020,666,person,0.8568,846,270,66,171,879.0,355.5,11286,111.02,111.02,27.6,detected,0
204.0,204.0,1020,692,person,0.4311,1176,0,26,43,1189.0,21.5,1118,7.11,7.11,22.2,detected,0
204.0,204.0,1020,712,person,0.9167,492,530,99,231,541.5,645.5,22869,165.78,165.78,16.8,detected,0
204.0,204.0,1020,714,person,0.5685,1754,228,61,157,1784.5,306.5,9577,48.81,48.81,15.8,detected,0
204.0,204.0,1020,719,person,0.8527,1714,257,61,175,1744.5,344.5,10675,85.49,85.49,14.2,detected,0
204.0,204.0,1020,724,person,0.7653,682,138,58,135,711.0,205.5,7830,51.89,51.89,13.0,detected,0
204.0,204.0,1020,732,person,0.4266,1135,317,62,122,1166.0,378.0,7564,73.08,73.08,9.4,detected,0
204.0,204.0,1020,742,person,0.7922,617,129,56,147,645.0,202.5,8232,66.92,66.92,7.0,detected,0
204.0,204.0,1020,743,person,0.8484,1658,209,64,170,1690.0,294.0,10880,38.08,38.08,5.6,detected,0
204.0,204.0,1020,744,person,0.7527,1820,202,64,133,1852.0,268.5,8512,54.6,54.6,5.0,detected,0
204.0,204.0,1020,748,person,0.8149,1604,33,55,135,1631.5,100.5,7425,28.41,28.41,3.8,detected,0
204.0,204.0,1020,752,person,0.8317,1785,288,71,188,1820.5,382.0,13348,28.79,28.79,3.4,detected,0
204.0,204.0,1020,755,person,0.4756,14,274,79,159,53.5,353.5,12561,2.55,2.55,2.6,detected,0
204.0,204.0,1020,757,person,0.5532,1477,1,34,53,1494.0,27.5,1802,24.88,24.88,1.6,detected,0
204.0,204.0,1020,758,person,0.5197,1132,318,67,200,1165.5,418.0,13400,69.7,69.7,1.0,detected,0
204.0,204.0,1020,763,person,0.2512,1286,0,42,60,1307.0,30.0,2520,0.0,0.0,0.0,detected,0
205.0,205.0,1025,281,person,0.8337,291,240,70,190,326.0,335.0,13300,88.96,88.96,144.4,detected,0
205.0,205.0,1025,483,person,0.3621,112,287,61,130,142.5,352.0,7930,1.58,1.58,78.2,detected,0
205.0,205.0,1025,578,person,0.9244,1157,421,80,234,1197.0,538.0,18720,1.12,1.12,50.6,detected,0
205.0,205.0,1025,590,person,0.5982,597,1041,89,53,641.5,1067.5,4717,109.14,109.14,46.6,predicted,1
205.0,205.0,1025,666,person,0.8495,740,308,67,176,773.5,396.0,11792,113.01,113.01,28.6,detected,0
205.0,205.0,1025,692,person,0.4042,1146,0,36,43,1164.0,21.5,1548,25.0,25.0,23.2,detected,0
205.0,205.0,1025,712,person,0.9434,340,622,102,250,391.0,747.0,25500,181.53,181.53,17.8,detected,0
205.0,205.0,1025,714,person,0.422,1779,201,73,94,1815.5,248.0,6862,66.21,66.21,16.8,detected,0
205.0,205.0,1025,719,person,0.2064,1784,239,61,134,1814.5,306.0,8174,79.89,79.89,15.2,detected,0
205.0,205.0,1025,724,person,0.7082,633,163,59,134,662.5,230.0,7906,54.34,54.34,14.0,detected,0
205.0,205.0,1025,732,person,0.75,1177,279,71,143,1212.5,350.5,10153,54.02,54.02,10.4,detected,0
205.0,205.0,1025,742,person,0.7545,688,101,60,145,718.0,173.5,8700,78.55,78.55,8.0,detected,0
205.0,205.0,1025,743,person,0.8825,1655,247,70,188,1690.0,341.0,13160,47.0,47.0,6.6,detected,0
205.0,205.0,1025,744,person,0.4798,1839,242,46,101,1862.0,292.5,4646,26.0,26.0,6.0,detected,0
205.0,205.0,1025,748,person,0.8375,1591,58,58,143,1620.0,129.5,8294,31.2,31.2,4.8,detected,0
205.0,205.0,1025,752,person,0.3086,1781,286,64,226,1813.0,399.0,14464,18.58,18.58,4.4,detected,0
205.0,205.0,1025,755,person,0.5211,15,277,77,158,53.5,356.0,12166,2.5,2.5,3.6,detected,0
205.0,205.0,1025,757,person,0.6686,1458,1,36,71,1476.0,36.5,2556,20.12,20.12,2.6,detected,0
205.0,205.0,1025,763,person,0.2953,1248,1,43,74,1269.5,38.0,3182,38.34,38.34,1.0,detected,0
206.0,206.0,1030,281,person,0.7102,363,211,70,183,398.0,302.5,12810,79.0,79.0,145.4,detected,0
206.0,206.0,1030,483,person,0.2513,112,286,60,132,142.0,352.0,7920,0.5,0.5,79.2,detected,0
206.0,206.0,1030,578,person,0.9143,1156,420,80,235,1196.0,537.5,18800,1.12,1.12,51.6,detected,0
206.0,206.0,1030,666,person,0.8612,623,351,72,185,659.0,443.5,13320,123.96,123.96,29.6,detected,0
206.0,206.0,1030,692,person,0.169,1078,0,50,44,1103.0,22.0,2200,61.0,61.0,24.2,detected,0
206.0,206.0,1030,712,person,0.2526,159,733,115,260,216.5,863.0,29900,209.54,209.54,18.8,detected,0
206.0,206.0,1030,714,person,0.3366,1817,150,68,100,1851.0,200.0,6800,59.7,59.7,17.8,detected,0
206.0,206.0,1030,719,person,0.4852,1833,173,61,148,1863.5,247.0,9028,76.69,76.69,16.2,detected,0
206.0,206.0,1030,724,person,0.7168,578,190,59,151,607.5,265.5,8909,65.46,65.46,15.0,detected,0
206.0,206.0,1030,732,person,0.3469,1227,244,62,114,1258.0,301.0,7068,67.23,67.23,11.4,detected,0
206.0,206.0,1030,742,person,0.6318,764,82,59,138,793.5,151.0,8142,78.78,78.78,9.0,detected,0
206.0,206.0,1030,743,person,0.9009,1659,287,72,198,1695.0,386.0,14256,45.28,45.28,7.6,detected,0
206.0,206.0,1030,744,person,0.2054,1776,280,81,211,1816.5,385.5,17091,103.53,103.53,7.0,detected,0
206.0,206.0,1030,748,person,0.1879,1571,85,60,151,1601.0,160.5,9060,36.36,36.36,5.8,detected,0
206.0,206.0,1030,752,person,0.8301,1765,330,77,213,1803.5,436.5,16401,38.68,38.68,5.4,detected,0
206.0,206.0,1030,755,person,0.4392,14,277,77,159,52.5,356.5,12243,1.12,1.12,4.6,detected,0
206.0,206.0,1030,757,person,0.8088,1432,1,44,89,1454.0,45.5,3916,23.77,23.77,3.6,detected,0
206.0,206.0,1030,758,person,0.4511,1227,239,66,171,1260.0,324.5,11286,132.94,66.47,3.0,detected,0
206.0,206.0,1030,759,person,0.2074,1885,865,34,215,1902.0,972.5,7310,0.0,0.0,2.4,detected,0
206.0,206.0,1030,763,person,0.5491,1203,1,46,90,1226.0,46.0,4140,44.23,44.23,2.0,detected,0
206.0,206.0,1030,770,person,0.7326,136,947,111,132,191.5,1013.0,14652,0.0,0.0,0.4,detected,0
206.0,206.0,1030,771,person,0.4214,217,970,142,108,288.0,1024.0,15336,0.0,0.0,0.4,detected,0
206.0,206.0,1030,773,person,0.9162,0,647,101,274,50.5,784.0,27674,0.0,0.0,0.0,detected,0
206.0,206.0,1030,774,person,0.3613,1777,282,70,89,1812.0,326.5,6230,0.0,0.0,0.0,detected,0
207.0,207.0,1035,281,person,0.7995,433,184,63,179,464.5,273.5,11277,72.55,72.55,146.4,detected,0
207.0,207.0,1035,483,person,0.2508,111,287,62,131,142.0,352.5,8122,0.5,0.5,80.2,detected,0
207.0,207.0,1035,578,person,0.9087,1156,421,80,235,1196.0,538.5,18800,1.0,1.0,52.6,detected,0
207.0,207.0,1035,666,person,0.8173,491,398,69,197,525.5,496.5,13593,143.64,143.64,30.6,detected,0
207.0,207.0,1035,712,person,0.5111,1,894,58,185,30.0,986.5,10730,223.68,223.68,19.8,detected,0
207.0,207.0,1035,714,person,0.6853,1782,144,77,159,1820.5,223.5,12243,38.5,38.5,18.8,detected,0
207.0,207.0,1035,724,person,0.8243,515,216,63,166,546.5,299.0,10458,69.59,69.59,16.0,detected,0
207.0,207.0,1035,732,person,0.6754,1274,211,59,108,1303.5,265.0,6372,58.02,58.02,12.4,detected,0
207.0,207.0,1035,742,person,0.4169,837,65,53,133,863.5,131.5,7049,72.67,72.67,10.0,detected,0
207.0,207.0,1035,743,person,0.8763,1635,335,77,206,1673.5,438.0,15862,56.27,56.27,8.6,detected,0
207.0,207.0,1035,744,person,0.868,1703,320,77,227,1741.5,433.5,17479,89.04,89.04,8.0,detected,0
207.0,207.0,1035,748,person,0.7162,1536,113,63,155,1567.5,190.5,9765,44.97,44.97,6.8,detected,0
207.0,207.0,1035,752,person,0.313,1807,388,59,176,1836.5,476.0,10384,51.47,51.47,6.4,detected,0
207.0,207.0,1035,755,person,0.3844,15,279,76,156,53.0,357.0,11856,0.71,0.71,5.6,detected,0
207.0,207.0,1035,757,person,0.5117,1405,1,43,109,1426.5,55.5,4687,29.26,29.26,4.6,detected,0
207.0,207.0,1035,759,person,0.1837,1885,865,34,214,1902.0,972.0,7276,0.5,0.5,3.4,detected,0
207.0,207.0,1035,763,person,0.3856,1162,0,49,109,1186.5,54.5,5341,40.4,40.4,3.0,detected,0
207.0,207.0,1035,770,person,0.8839,334,793,124,272,396.0,929.0,33728,221.08,221.08,1.4,detected,0
207.0,207.0,1035,773,person,0.8785,122,564,115,272,179.5,700.0,31280,153.94,153.94,1.0,detected,0
207.0,207.0,1035,774,person,0.915,1731,365,86,226,1774.0,478.0,19436,156.19,156.19,1.0,detected,0
207.0,207.0,1035,781,person,0.7668,2,422,64,192,34.0,518.0,12288,0.0,0.0,0.6,detected,0
208.0,208.0,1040,281,person,0.6164,496,160,60,163,526.0,241.5,9780,69.33,69.33,147.4,detected,0
208.0,208.0,1040,483,person,0.184,111,287,61,131,141.5,352.5,7991,0.5,0.5,81.2,predicted,1
208.0,208.0,1040,578,person,0.9044,1156,421,81,234,1196.5,538.0,18954,0.71,0.71,53.6,detected,0
208.0,208.0,1040,666,person,0.5674,330,445,68,157,364.0,523.5,10676,163.74,163.74,31.6,detected,0
208.0,208.0,1040,714,person,0.8343,1744,167,81,166,1784.5,250.0,13446,44.7,44.7,19.8,detected,0
208.0,208.0,1040,724,person,0.7777,453,249,64,172,485.0,335.0,11008,71.26,71.26,17.0,detected,0
208.0,208.0,1040,742,person,0.4461,894,47,51,128,919.5,111.0,6528,59.63,59.63,11.0,detected,0
208.0,208.0,1040,743,person,0.8991,1585,389,81,217,1625.5,497.5,17577,76.45,76.45,9.6,detected,0
208.0,208.0,1040,744,person,0.8766,1646,366,79,235,1685.5,483.5,18565,75.07,75.07,9.0,detected,0
208.0,208.0,1040,748,person,0.7281,1494,144,66,166,1527.0,227.0,10956,54.52,54.52,7.8,detected,0
208.0,208.0,1040,752,person,0.7397,1784,405,78,196,1823.0,503.0,15288,30.19,30.19,7.4,detected,0
208.0,208.0,1040,755,person,0.3211,14,280,77,156,52.5,358.0,12012,1.12,1.12,6.6,detected,0
208.0,208.0,1040,757,person,0.6712,1367,1,45,129,1389.5,65.5,5805,38.33,38.33,5.6,detected,0
208.0,208.0,1040,758,person,0.7216,1313,181,59,163,1342.5,262.5,9617,103.2,51.6,5.0,detected,0
208.0,208.0,1040,759,person,0.1675,1886,864,33,209,1902.5,968.5,6897,3.54,3.54,4.4,predicted,1
208.0,208.0,1040,763,person,0.6017,1130,0,46,131,1153.0,65.5,6026,35.26,35.26,4.0,detected,0
208.0,208.0,1040,770,person,0.7931,495,671,119,282,554.5,812.0,33558,197.01,197.01,2.4,detected,0
208.0,208.0,1040,773,person,0.8129,273,500,102,260,324.0,630.0,26520,160.56,160.56,2.0,detected,0
208.0,208.0,1040,774,person,0.8795,1708,397,83,235,1749.5,514.5,19505,43.96,43.96,2.0,detected,0
208.0,208.0,1040,781,person,0.5666,91,365,75,198,128.5,464.0,14850,108.84,108.84,1.6,detected,0
208.0,208.0,1040,787,person,0.8314,0,800,84,278,42.0,939.0,23352,0.0,0.0,0.0,detected,0
209.0,209.0,1045,281,person,0.3929,554,147,61,159,584.5,226.5,9699,60.39,60.39,148.4,detected,0
209.0,209.0,1045,483,person,0.1781,111,286,61,132,141.5,352.0,8052,0.5,0.5,82.2,detected,0
209.0,209.0,1045,578,person,0.9019,1156,419,81,236,1196.5,537.0,19116,1.0,1.0,54.6,detected,0
209.0,209.0,1045,666,person,0.7435,142,494,70,204,177.0,596.0,14280,200.56,200.56,32.6,detected,0
209.0,209.0,1045,714,person,0.7666,1719,197,82,167,1760.0,280.5,13694,39.12,39.12,20.8,detected,0
209.0,209.0,1045,724,person,0.637,390,283,68,180,424.0,373.0,12240,71.87,71.87,18.0,detected,0
209.0,209.0,1045,742,person,0.3733,947,28,51,124,972.5,90.0,6324,57.01,57.01,12.0,detected,0
209.0,209.0,1045,743,person,0.9081,1536,448,90,232,1581.0,564.0,20880,80.02,80.02,10.6,detected,0
209.0,209.0,1045,744,person,0.8407,1619,430,84,245,1661.0,552.5,20580,73.22,73.22,10.0,detected,0
209.0,209.0,1045,748,person,0.83,1447,178,72,172,1483.0,264.0,12384,57.49,57.49,8.8,detected,0
209.0,209.0,1045,752,person,0.811,1746,419,71,204,1781.5,521.0,14484,45.24,45.24,8.4,detected,0
209.0,209.0,1045,755,person,0.1679,13,279,76,154,51.0,356.0,11704,2.5,2.5,7.6,detected,0
209.0,209.0,1045,757,person,0.5462,1320,16,45,136,1342.5,84.0,6120,50.51,50.51,6.6,detected,0
209.0,209.0,1045,758,person,0.6188,1348,153,57,149,1376.5,227.5,8493,48.8,48.8,6.0,detected,0
209.0,209.0,1045,763,person,0.6917,1088,15,47,135,1111.5,82.5,6345,44.85,44.85,5.0,detected,0
209.0,209.0,1045,770,person,0.8331,632,574,103,255,683.5,701.5,26265,169.86,169.86,3.4,detected,0
209.0,209.0,1045,773,person,0.729,405,443,87,246,448.5,566.0,21402,139.99,139.99,3.0,detected,0
209.0,209.0,1045,774,person,0.7449,1688,421,73,232,1724.5,537.0,16936,33.63,33.63,3.0,detected,0
209.0,209.0,1045,781,person,0.6155,172,326,66,178,205.0,415.0,11748,90.85,90.85,2.6,detected,0
209.0,209.0,1045,784,person,0.1692,219,361,76,115,257.0,418.5,8740,0.0,0.0,1.8,detected,0
209.0,209.0,1045,787,person,0.8632,30,701,107,263,83.5,832.5,28141,114.3,114.3,1.0,detected,0
209.0,209.0,1045,788,person,0.6636,9,396,84,228,51.0,510.0,19152,0.0,0.0,0.8,detected,0
209.0,209.0,1045,789,person,0.8878,123,710,127,290,186.5,855.0,36830,0.0,0.0,0.4,detected,0
209.0,209.0,1045,790,person,0.2849,1833,239,53,104,1859.5,291.0,5512,0.0,0.0,0.0,detected,0
210.0,210.0,1050,281,person,0.352,613,119,61,160,643.5,199.0,9760,65.09,65.09,149.4,detected,0
210.0,210.0,1050,483,person,0.3336,104,308,82,232,145.0,424.0,19024,72.09,72.09,83.2,detected,0
210.0,210.0,1050,578,person,0.8804,1156,421,79,225,1195.5,533.5,17775,3.64,3.64,55.6,detected,0
210.0,210.0,1050,666,person,0.5497,-41,553,56,216,-13.0,661.0,12096,200.81,200.81,33.6,predicted,1
210.0,210.0,1050,714,person,0.7885,1690,223,84,175,1732.0,310.5,14700,41.04,41.04,21.8,detected,0
210.0,210.0,1050,724,person,0.7302,306,324,80,185,346.0,416.5,14800,89.31,89.31,19.0,detected,0
210.0,210.0,1050,742,person,0.3418,1004,11,42,121,1025.0,71.5,5082,55.66,55.66,13.0,detected,0
210.0,210.0,1050,743,person,0.8825,1495,515,92,243,1541.0,636.5,22356,82.8,82.8,11.6,detected,0
210.0,210.0,1050,744,person,0.8591,1608,499,89,249,1652.5,623.5,22161,71.51,71.51,11.0,detected,0
210.0,210.0,1050,748,person,0.7677,1412,217,75,178,1449.5,306.0,13350,53.72,53.72,9.8,detected,0
210.0,210.0,1050,752,person,0.4579,1665,437,52,187,1691.0,530.5,9724,91.0,91.0,9.4,detected,0
210.0,210.0,1050,755,person,0.3454,14,279,79,157,53.5,357.5,12403,2.92,2.92,8.6,detected,0
210.0,210.0,1050,757,person,0.6562,1277,34,47,144,1300.5,106.0,6768,47.41,47.41,7.6,detected,0
210.0,210.0,1050,758,person,0.569,1386,129,55,153,1413.5,205.5,8415,43.05,43.05,7.0,detected,0
210.0,210.0,1050,763,person,0.1656,1039,35,47,136,1062.5,103.0,6392,53.12,53.12,6.0,detected,0
210.0,210.0,1050,770,person,0.8402,747,491,99,232,796.5,607.0,22968,147.31,147.31,4.4,detected,0
210.0,210.0,1050,773,person,0.8556,500,389,82,234,541.0,506.0,19188,110.26,110.26,4.0,detected,0
210.0,210.0,1050,774,person,0.7023,1589,452,93,203,1635.5,553.5,18879,90.52,90.52,4.0,detected,0
210.0,210.0,1050,781,person,0.3827,251,282,62,181,282.0,372.5,11222,87.95,87.95,3.6,detected,0
210.0,210.0,1050,787,person,0.8515,210,637,104,256,262.0,765.0,26624,190.84,190.84,2.0,detected,0
210.0,210.0,1050,788,person,0.1551,108,357,84,213,150.0,463.5,17892,109.38,109.38,1.8,detected,0
210.0,210.0,1050,789,person,0.8841,300,644,133,278,366.5,783.0,36974,193.87,193.87,1.4,detected,0
210.0,210.0,1050,790,person,0.1607,1798,276,78,117,1837.0,334.5,9126,48.97,48.97,1.0,detected,0
210.0,210.0,1050,791,person,0.5527,1450,17,52,112,1476.0,73.0,5824,0.0,0.0,0.8,detected,0
211.0,211.0,1055,281,person,0.5517,678,99,54,154,705.0,176.0,8316,65.66,65.66,150.4,detected,0
211.0,211.0,1055,483,person,0.294,113,289,64,138,145.0,358.0,8832,66.0,66.0,84.2,detected,0
211.0,211.0,1055,578,person,0.8887,1154,419,80,237,1194.0,537.5,18960,4.27,4.27,56.6,detected,0
211.0,211.0,1055,714,person,0.8743,1665,253,84,181,1707.0,343.5,15204,41.4,41.4,22.8,detected,0
211.0,211.0,1055,724,person,0.8364,217,361,76,197,255.0,459.5,14972,100.65,100.65,20.0,detected,0
211.0,211.0,1055,732,person,0.6816,1423,106,50,98,1448.0,155.0,4900,181.6,45.4,16.4,detected,0
211.0,211.0,1055,742,person,0.5972,1055,0,46,114,1078.0,57.0,5244,54.95,54.95,14.0,detected,0
211.0,211.0,1055,743,person,0.9158,1455,593,105,263,1507.5,724.5,27615,94.16,94.16,12.6,detected,0
211.0,211.0,1055,744,person,0.9159,1580,588,107,284,1633.5,730.0,30388,108.18,108.18,12.0,detected,0
211.0,211.0,1055,748,person,0.8515,1399,262,70,185,1434.0,354.5,12950,50.92,50.92,10.8,detected,0
211.0,211.0,1055,755,person,0.3972,14,279,79,157,53.5,357.5,12403,0.0,0.0,9.6,detected,0
211.0,211.0,1055,757,person,0.6701,1231,55,51,149,1256.5,129.5,7599,49.88,49.88,8.6,detected,0
211.0,211.0,1055,763,person,0.3646,981,58,54,136,1008.0,126.0,7344,59.15,59.15,7.0,detected,0
211.0,211.0,1055,770,person,0.8406,863,421,77,219,901.5,530.5,16863,129.91,129.91,5.4,detected,0
211.0,211.0,1055,773,person,0.855,586,340,76,220,624.0,450.0,16720,100.12,100.12,5.0,detected,0
211.0,211.0,1055,774,person,0.7807,1496,469,87,202,1539.5,570.0,17574,97.41,97.41,5.0,detected,0
211.0,211.0,1055,781,person,0.6765,342,249,62,163,373.0,330.5,10106,100.22,100.22,4.6,detected,0
211.0,211.0,1055,787,person,0.8918,379,579,99,243,428.5,700.5,24057,178.56,178.56,3.0,detected,0
211.0,211.0,1055,789,person,0.9066,470,586,114,264,527.0,718.0,30096,173.16,173.16,2.4,detected,0
211.0,211.0,1055,790,person,0.8624,1758,320,85,220,1800.5,430.0,18700,102.24,102.24,2.0,detected,0
211.0,211.0,1055,791,person,0.6943,1334,72,60,116,1364.0,130.0,6960,125.67,125.67,1.8,detected,0
212.0,212.0,1060,281,person,0.6249,736,79,53,154,762.5,156.0,8162,60.88,60.88,151.4,detected,0
212.0,212.0,1060,483,person,0.2397,111,286,61,133,141.5,352.5,8113,6.52,6.52,85.2,detected,0
212.0,212.0,1060,578,person,0.8855,1152,419,77,236,1190.5,537.0,18172,3.54,3.54,57.6,detected,0
212.0,212.0,1060,714,person,0.8905,1642,285,82,186,1683.0,378.0,15252,42.03,42.03,23.8,detected,0
212.0,212.0,1060,724,person,0.8314,101,409,82,203,142.0,510.5,16646,123.98,123.98,21.0,detected,0
212.0,212.0,1060,742,person,0.4888,1100,0,44,96,1122.0,48.0,4224,44.91,44.91,15.0,detected,0
212.0,212.0,1060,743,person,0.9113,1412,682,111,284,1467.5,824.0,31524,107.24,107.24,13.6,detected,0
212.0,212.0,1060,744,person,0.9309,1549,682,112,308,1605.0,836.0,34496,109.76,109.76,13.0,detected,0
212.0,212.0,1060,748,person,0.8581,1379,310,69,199,1413.5,409.5,13731,58.7,58.7,11.8,detected,0
212.0,212.0,1060,752,person,0.7288,1385,475,72,200,1421.0,575.0,14400,273.64,136.82,11.4,detected,0
212.0,212.0,1060,755,person,0.3718,12,277,83,159,53.5,356.5,13197,1.0,1.0,10.6,detected,0
212.0,212.0,1060,757,person,0.1919,1183,78,57,166,1211.5,161.0,9462,54.93,54.93,9.6,detected,0
212.0,212.0,1060,758,person,0.3799,1448,81,50,129,1473.0,145.5,6450,84.5,42.25,9.0,detected,0
212.0,212.0,1060,763,person,0.3524,928,71,57,149,956.5,145.5,8493,55.07,55.07,8.0,detected,0
212.0,212.0,1060,770,person,0.815,953,362,72,203,989.0,463.5,14616,110.21,110.21,6.4,detected,0
212.0,212.0,1060,773,person,0.8252,661,293,73,213,697.5,399.5,15549,89.18,89.18,6.0,detected,0
212.0,212.0,1060,774,person,0.8171,1404,478,84,226,1446.0,591.0,18984,95.83,95.83,6.0,detected,0
212.0,212.0,1060,781,person,0.7112,430,215,63,159,461.5,294.5,10017,95.54,95.54,5.6,detected,0
212.0,212.0,1060,787,person,0.8594,526,528,89,223,570.5,639.5,19847,154.55,154.55,4.0,detected,0
212.0,212.0,1060,788,person,0.7544,309,275,84,196,351.0,373.0,16464,220.43,110.22,3.8,detected,0
212.0,212.0,1060,789,person,0.9144,608,531,86,257,651.0,659.5,22102,137.11,137.11,3.4,detected,0
212.0,212.0,1060,790,person,0.9107,1734,369,102,234,1785.0,486.0,23868,58.11,58.11,3.0,detected,0
212.0,212.0,1060,791,person,0.4354,1196,106,66,158,1229.0,185.0,10428,145.77,145.77,2.8,detected,0
213.0,213.0,1065,281,person,0.4662,790,64,53,145,816.5,136.5,7685,57.41,57.41,152.4,detected,0
213.0,213.0,1065,483,person,0.2014,111,286,61,132,141.5,352.0,8052,0.5,0.5,86.2,detected,0
213.0,213.0,1065,578,person,0.9116,1156,419,80,235,1196.0,536.5,18800,5.52,5.52,58.6,detected,0
213.0,213.0,1065,714,person,0.8081,1608,316,90,196,1653.0,414.0,17640,46.86,46.86,24.8,detected,0
213.0,213.0,1065,724,person,0.5781,1,457,61,210,31.5,562.0,12810,121.91,121.91,22.0,detected,0
213.0,213.0,1065,742,person,0.3014,1133,-2,50,83,1158.0,39.5,4150,36.99,36.99,16.0,predicted,1
213.0,213.0,1065,743,person,0.9262,1370,795,125,283,1432.5,936.5,35375,117.82,117.82,14.6,detected,0
213.0,213.0,1065,744,person,0.9293,1522,796,122,283,1583.0,937.5,34526,103.86,103.86,14.0,detected,0
213.0,213.0,1065,748,person,0.8043,1335,364,72,193,1371.0,460.5,13896,66.39,66.39,12.8,detected,0
213.0,213.0,1065,752,person,0.7678,1291,484,70,172,1326.0,570.0,12040,95.13,95.13,12.4,detected,0
213.0,213.0,1065,755,person,0.2621,15,279,78,157,54.0,357.5,12246,1.12,1.12,11.6,detected,0
213.0,213.0,1065,757,person,0.6514,1134,102,54,158,1161.0,181.0,8532,54.32,54.32,10.6,detected,0
213.0,213.0,1065,758,person,0.5784,1476,63,52,131,1502.0,128.5,6812,33.62,33.62,10.0,detected,0
213.0,213.0,1065,763,person,0.3051,871,92,58,155,900.0,169.5,8990,61.39,61.39,9.0,detected,0
213.0,213.0,1065,770,person,0.6868,1038,306,71,198,1073.5,405.0,14058,102.77,102.77,7.4,detected,0
213.0,213.0,1065,773,person,0.753,733,259,67,201,766.5,359.5,13467,79.76,79.76,7.0,detected,0
213.0,213.0,1065,774,person,0.8706,1374,493,71,236,1409.5,611.0,16756,41.62,41.62,7.0,detected,0
213.0,213.0,1065,781,person,0.5408,510,184,56,152,538.0,260.0,8512,83.92,83.92,6.6,detected,0
213.0,213.0,1065,787,person,0.8526,661,473,79,214,700.5,580.0,16906,142.97,142.97,5.0,detected,0
213.0,213.0,1065,788,person,0.8018,404,242,78,190,443.0,337.0,14820,98.79,98.79,4.8,detected,0
213.0,213.0,1065,789,person,0.8939,729,483,83,245,770.5,605.5,20335,131.13,131.13,4.4,detected,0
213.0,213.0,1065,790,person,0.9155,1696,426,110,245,1751.0,548.5,26950,71.15,71.15,4.0,detected,0
213.0,213.0,1065,791,person,0.6019,1012,224,80,136,1052.0,292.0,10880,206.83,206.83,3.8,detected,0
214.0,214.0,1070,281,person,0.316,848,49,46,141,871.0,119.5,6486,57.09,57.09,153.4,detected,0
214.0,214.0,1070,483,person,0.1738,111,286,61,133,141.5,352.5,8113,0.5,0.5,87.2,detected,0
214.0,214.0,1070,578,person,0.8981,1156,419,80,235,1196.0,536.5,18800,0.0,0.0,59.6,detected,0
214.0,214.0,1070,714,person,0.8911,1567,350,100,206,1617.0,453.0,20600,53.08,53.08,25.8,detected,0
214.0,214.0,1070,732,person,0.4086,1426,-1,55,84,1453.5,41.0,4620,114.13,38.04,19.4,detected,0
214.0,214.0,1070,742,person,0.1985,1162,0,39,62,1181.5,31.0,2418,24.99,24.99,17.0,detected,0
214.0,214.0,1070,743,person,0.9039,1327,924,128,156,1391.0,1002.0,19968,77.54,77.54,15.6,detected,0
214.0,214.0,1070,744,person,0.8971,1545,937,133,143,1611.5,1008.5,19019,76.51,76.51,15.0,detected,0
214.0,214.0,1070,748,person,0.8216,1276,435,76,206,1314.0,538.0,15656,96.2,96.2,13.8,detected,0
214.0,214.0,1070,752,person,0.7732,1283,452,79,170,1322.5,537.0,13430,33.19,33.19,13.4,detected,0
214.0,214.0,1070,755,person,0.2966,12,277,81,159,52.5,356.5,12879,1.8,1.8,12.6,detected,0
214.0,214.0,1070,757,person,0.7539,1081,129,57,166,1109.5,212.0,9462,60.11,60.11,11.6,detected,0
214.0,214.0,1070,758,person,0.3512,1501,43,50,88,1526.0,87.0,4400,47.94,47.94,11.0,detected,0
214.0,214.0,1070,763,person,0.1725,801,116,57,133,829.5,182.5,7581,71.69,71.69,10.0,detected,0
214.0,214.0,1070,770,person,0.7597,1120,262,63,180,1151.5,352.0,11340,94.3,94.3,8.4,detected,0
214.0,214.0,1070,773,person,0.3973,786,219,68,169,820.0,303.5,11492,77.45,77.45,8.0,detected,0
214.0,214.0,1070,774,person,0.8782,1388,477,86,239,1431.0,596.5,20554,25.93,25.93,8.0,detected,0
214.0,214.0,1070,781,person,0.2437,580,159,59,141,609.5,229.5,8319,77.73,77.73,7.6,detected,0
214.0,214.0,1070,787,person,0.8923,776,428,74,210,813.0,533.0,15540,121.92,121.92,6.0,detected,0
214.0,214.0,1070,788,person,0.6751,491,211,66,182,524.0,302.0,12012,88.24,88.24,5.8,detected,0
214.0,214.0,1070,789,person,0.895,838,436,84,240,880.0,556.0,20160,120.17,120.17,5.4,detected,0
214.0,214.0,1070,790,person,0.9288,1646,490,117,259,1704.5,619.5,30303,84.87,84.87,5.0,detected,0
214.0,214.0,1070,791,person,0.6206,804,334,89,144,848.5,406.0,12816,233.26,233.26,4.8,detected,0
214.0,214.0,1070,803,person,0.2133,1887,865,33,211,1903.5,970.5,6963,0.0,0.0,0.2,detected,0
214.0,214.0,1070,807,person,0.4844,1696,754,90,165,1741.0,836.5,14850,0.0,0.0,0.0,detected,0
215.0,215.0,1075,281,person,0.6113,897,34,49,140,921.5,104.0,6860,52.83,52.83,154.4,detected,0
215.0,215.0,1075,483,person,0.3444,111,287,61,133,141.5,353.5,8113,1.0,1.0,88.2,detected,0
215.0,215.0,1075,578,person,0.3589,1159,421,76,187,1197.0,514.5,14212,22.02,22.02,60.6,detected,0
215.0,215.0,1075,714,person,0.9103,1539,394,102,213,1590.0,500.5,21726,54.64,54.64,26.8,detected,0
215.0,215.0,1075,732,person,0.5997,1391,0,56,107,1419.0,53.5,5992,36.69,36.69,20.4,detected,0
215.0,215.0,1075,742,person,0.1516,1188,-1,32,47,1204.0,22.5,1504,24.05,24.05,18.0,detected,0
215.0,215.0,1075,743,person,0.4,1342,1062,78,37,1381.0,1080.5,2886,79.13,79.13,16.6,predicted,1
215.0,215.0,1075,748,person,0.87,1174,494,91,233,1219.5,610.5,21203,119.11,119.11,14.8,detected,0
215.0,215.0,1075,752,person,0.9059,1335,438,74,205,1372.0,540.5,15170,49.62,49.62,14.4,detected,0
215.0,215.0,1075,755,person,0.775,62,357,98,216,111.0,465.0,21168,123.27,123.27,13.6,detected,0
215.0,215.0,1075,757,person,0.8098,1032,157,58,175,1061.0,244.5,10150,58.38,58.38,12.6,detected,0
215.0,215.0,1075,758,person,0.1663,1518,26,49,122,1542.5,87.0,5978,16.5,16.5,12.0,detected,0
215.0,215.0,1075,763,person,0.2612,728,144,55,97,755.5,192.5,5335,74.67,74.67,11.0,detected,0
215.0,215.0,1075,770,person,0.7357,1180,219,60,171,1210.0,304.5,10260,75.36,75.36,9.4,detected,0
215.0,215.0,1075,773,person,0.8232,836,186,66,189,869.0,280.5,12474,54.13,54.13,9.0,detected,0
215.0,215.0,1075,774,person,0.93,1408,429,85,229,1450.5,543.5,19465,56.47,56.47,9.0,detected,0
215.0,215.0,1075,781,person,0.438,650,136,55,133,677.5,202.5,7315,73.16,73.16,8.6,detected,0
215.0,215.0,1075,787,person,0.8748,883,388,68,203,917.0,489.5,13804,112.73,112.73,7.0,detected,0
215.0,215.0,1075,788,person,0.6886,567,193,67,167,600.5,276.5,11189,80.64,80.64,6.8,detected,0
215.0,215.0,1075,789,person,0.481,934,394,81,223,974.5,505.5,18063,107.15,107.15,6.4,detected,0
215.0,215.0,1075,790,person,0.9255,1601,562,122,273,1662.0,698.5,33306,89.71,89.71,6.0,detected,0
215.0,215.0,1075,791,person,0.849,538,485,111,185,593.5,577.5,20535,307.31,307.31,5.8,detected,0
215.0,215.0,1075,802,person,0.3421,1512,41,45,83,1534.5,82.5,3735,0.0,0.0,2.4,detected,0
215.0,215.0,1075,803,person,0.169,1891,864,29,179,1905.5,953.5,5191,17.12,17.12,1.2,detected,0
215.0,215.0,1075,807,person,0.8454,1707,662,96,238,1755.0,781.0,22848,57.24,57.24,1.0,detected,0
215.0,215.0,1075,809,person,0.1588,12,326,77,172,50.5,412.0,13244,0.0,0.0,0.8,detected,0
215.0,215.0,1075,810,person,0.1554,1281,0,38,62,1300.0,31.0,2356,0.0,0.0,0.8,detected,0
216.0,216.0,1080,281,person,0.4676,941,19,49,137,965.5,87.5,6713,46.99,46.99,155.4,detected,0
216.0,216.0,1080,483,person,0.1528,112,287,60,132,142.0,353.0,7920,0.71,0.71,89.2,detected,0
216.0,216.0,1080,578,person,0.9022,1160,420,76,224,1198.0,532.0,17024,17.53,17.53,61.6,detected,0
216.0,216.0,1080,714,person,0.9174,1520,440,109,219,1574.5,549.5,23871,51.39,51.39,27.8,detected,0
216.0,216.0,1080,732,person,0.6469,1353,0,66,134,1386.0,67.0,8844,35.65,35.65,21.4,detected,0
216.0,216.0,1080,742,person,0.2617,1223,2,34,58,1240.0,31.0,1972,36.99,36.99,19.0,predicted,1
216.0,216.0,1080,748,person,0.8823,1097,577,95,259,1144.5,706.5,24605,121.82,121.82,15.8,detected,0
216.0,216.0,1080,752,person,0.8629,1351,395,70,205,1386.0,497.5,14350,45.22,45.22,15.4,detected,0
216.0,216.0,1080,755,person,0.621,213,315,85,197,255.5,413.5,16745,153.4,153.4,14.6,detected,0
216.0,216.0,1080,757,person,0.8272,978,192,64,180,1010.0,282.0,11520,63.3,63.3,13.6,detected,0
216.0,216.0,1080,758,person,0.4662,1537,10,46,115,1560.0,67.5,5290,26.2,26.2,13.0,detected,0
216.0,216.0,1080,763,person,0.4873,637,160,66,132,670.0,226.0,8712,91.83,91.83,12.0,detected,0
216.0,216.0,1080,770,person,0.7113,1232,183,54,165,1259.0,265.5,8910,62.63,62.63,10.4,detected,0
216.0,216.0,1080,773,person,0.7488,888,156,65,176,920.5,244.0,11440,63.12,63.12,10.0,detected,0
216.0,216.0,1080,774,person,0.8883,1415,383,80,219,1455.0,492.5,17520,51.2,51.2,10.0,detected,0
216.0,216.0,1080,781,person,0.4161,717,105,49,132,741.5,171.0,6468,71.33,71.33,9.6,detected,0
216.0,216.0,1080,787,person,0.8451,981,353,65,194,1013.5,450.0,12610,104.27,104.27,8.0,detected,0
216.0,216.0,1080,789,person,0.8383,1028,356,85,217,1070.5,464.5,18445,104.39,104.39,7.4,detected,0
216.0,216.0,1080,790,person,0.9387,1563,644,132,290,1629.0,789.0,38280,96.33,96.33,7.0,detected,0
216.0,216.0,1080,791,person,0.8765,180,707,142,222,251.0,818.0,31524,418.51,418.51,6.8,detected,0
216.0,216.0,1080,802,person,0.3528,1469,2,49,84,1493.5,44.0,4116,56.24,56.24,3.4,detected,0
216.0,216.0,1080,803,person,0.1908,1889,864,30,177,1904.0,952.5,5310,1.8,1.8,2.2,detected,0
216.0,216.0,1080,807,person,0.9228,1708,581,96,248,1756.0,705.0,23808,76.01,76.01,2.0,detected,0
216.0,216.0,1080,809,person,0.7875,46,381,93,217,92.5,489.5,20181,88.15,88.15,1.8,detected,0
216.0,216.0,1080,810,person,0.1757,1259,0,41,75,1279.5,37.5,3075,21.51,21.51,1.8,detected,0
216.0,216.0,1080,818,person,0.3692,1042,0,47,93,1065.5,46.5,4371,0.0,0.0,0.8,detected,0
216.0,216.0,1080,823,person,0.1855,1537,10,44,90,1559.0,55.0,3960,0.0,0.0,0.2,detected,0
217.0,217.0,1085,281,person,0.3624,975,5,52,134,1001.0,72.0,6968,38.74,38.74,156.4,detected,0
217.0,217.0,1085,483,person,0.251,111,287,61,132,141.5,353.0,8052,0.5,0.5,90.2,detected,0
217.0,217.0,1085,578,person,0.9183,1156,420,80,237,1196.0,538.5,18960,6.8,6.8,62.6,detected,0
217.0,217.0,1085,714,person,0.9353,1481,487,116,231,1539.0,602.5,26796,63.79,63.79,28.8,detected,0
217.0,217.0,1085,732,person,0.5366,1313,18,62,142,1344.0,89.0,8804,47.41,47.41,22.4,detected,0
217.0,217.0,1085,742,person,0.2817,1250,3,41,78,1270.5,42.0,3198,32.42,32.42,20.0,predicted,1
217.0,217.0,1085,748,person,0.901,1020,677,110,283,1075.0,818.5,31130,131.81,131.81,16.8,detected,0
217.0,217.0,1085,752,person,0.88,1354,355,70,195,1389.0,452.5,13650,45.1,45.1,16.4,detected,0
217.0,217.0,1085,755,person,0.6208,341,251,78,193,380.0,347.5,15054,140.91,140.91,15.6,detected,0
217.0,217.0,1085,757,person,0.8122,914,228,64,187,946.0,321.5,11968,75.21,75.21,14.6,detected,0
217.0,217.0,1085,758,person,0.2578,1549,0,46,114,1572.0,57.0,5244,15.95,15.95,14.0,detected,0
217.0,217.0,1085,763,person,0.6469,553,199,63,174,584.5,286.0,10962,104.45,104.45,13.0,detected,0
217.0,217.0,1085,770,person,0.4517,1279,157,52,147,1305.0,230.5,7644,57.8,57.8,11.4,detected,0
217.0,217.0,1085,773,person,0.6739,948,128,57,157,976.5,206.5,8949,67.4,67.4,11.0,detected,0
217.0,217.0,1085,774,person,0.8673,1418,338,72,208,1454.0,442.0,14976,50.51,50.51,11.0,detected,0
217.0,217.0,1085,781,person,0.3856,784,84,52,130,810.0,149.0,6760,71.95,71.95,10.6,detected,0
217.0,217.0,1085,787,person,0.8126,1062,316,59,191,1091.5,411.5,11269,86.98,86.98,9.0,detected,0
217.0,217.0,1085,788,person,0.551,675,135,53,148,701.5,209.0,7844,121.48,60.74,8.8,detected,0
217.0,217.0,1085,789,person,0.874,1103,321,75,211,1140.5,426.5,15825,79.65,79.65,8.4,detected,0
217.0,217.0,1085,790,person,0.9188,1570,751,139,311,1639.5,906.5,43229,117.97,117.97,8.0,detected,0
217.0,217.0,1085,802,person,0.409,1436,0,52,103,1462.0,51.5,5356,32.38,32.38,4.4,detected,0
217.0,217.0,1085,803,person,0.1548,1886,865,34,203,1903.0,966.5,6902,14.04,14.04,3.2,detected,0
217.0,217.0,1085,807,person,0.914,1708,507,102,232,1759.0,623.0,23664,82.05,82.05,3.0,detected,0
217.0,217.0,1085,809,person,0.8175,222,357,104,211,274.0,462.5,21944,183.5,183.5,2.8,detected,0
217.0,217.0,1085,823,person,0.2968,1551,2,41,76,1571.5,40.0,3116,19.53,19.53,1.2,detected,0
217.0,217.0,1085,824,person,0.2179,1674,0,38,84,1693.0,42.0,3192,0.0,0.0,0.8,detected,0
217.0,217.0,1085,825,person,0.302,13,279,77,157,51.5,357.5,12089,0.0,0.0,0.8,detected,0
218.0,218.0,1090,281,person,0.3947,1010,2,48,114,1034.0,59.0,5472,35.47,35.47,157.4,detected,0
218.0,218.0,1090,483,person,0.2574,111,287,61,132,141.5,353.0,8052,0.0,0.0,91.2,detected,0
218.0,218.0,1090,578,person,0.9185,1156,418,80,238,1196.0,537.0,19040,1.5,1.5,63.6,detected,0
218.0,218.0,1090,714,person,0.9302,1425,537,125,245,1487.5,659.5,30625,76.82,76.82,29.8,detected,0
218.0,218.0,1090,732,person,0.665,1264,39,69,147,1298.5,112.5,10143,51.21,51.21,23.4,detected,0
218.0,218.0,1090,742,person,0.1968,1217,1,42,92,1238.0,47.0,3864,32.88,32.88,21.0,detected,0
218.0,218.0,1090,748,person,0.8275,928,800,130,277,993.0,938.5,36010,145.34,145.34,17.8,detected,0
218.0,218.0,1090,752,person,0.9116,1359,320,71,188,1394.5,414.0,13348,38.89,38.89,17.4,detected,0
218.0,218.0,1090,755,person,0.3061,450,207,59,166,479.5,290.0,9794,114.92,114.92,16.6,detected,0
218.0,218.0,1090,757,person,0.8652,847,267,67,197,880.5,365.5,13199,78.91,78.91,15.6,detected,0
218.0,218.0,1090,758,person,0.1962,1557,0,44,70,1579.0,35.0,3080,23.09,23.09,15.0,detected,0
218.0,218.0,1090,763,person,0.2404,457,233,67,191,490.5,328.5,12797,103.16,103.16,14.0,detected,0
218.0,218.0,1090,770,person,0.696,1328,117,49,150,1352.5,192.0,7350,61.14,61.14,12.4,detected,0
218.0,218.0,1090,773,person,0.7155,1006,104,56,164,1034.0,186.0,9184,61.05,61.05,12.0,detected,0
218.0,218.0,1090,774,person,0.8727,1429,302,74,195,1466.0,399.5,14430,44.16,44.16,12.0,detected,0
218.0,218.0,1090,781,person,0.449,846,66,44,125,868.0,128.5,5500,61.52,61.52,11.6,detected,0
218.0,218.0,1090,787,person,0.8533,1123,283,65,184,1155.5,375.0,11960,73.68,73.68,10.0,detected,0
218.0,218.0,1090,788,person,0.6237,732,109,54,146,759.0,182.0,7884,63.52,63.52,9.8,detected,0
218.0,218.0,1090,789,person,0.8795,1176,287,77,175,1214.5,374.5,13475,90.44,90.44,9.4,detected,0
218.0,218.0,1090,790,person,0.3705,1630,881,124,199,1692.0,980.5,24676,90.73,90.73,9.0,detected,0
218.0,218.0,1090,802,person,0.6736,1405,0,51,121,1430.5,60.5,6171,32.76,32.76,5.4,detected,0
218.0,218.0,1090,803,person,0.2059,1887,865,32,201,1903.0,965.5,6432,1.0,1.0,4.2,predicted,1
218.0,218.0,1090,807,person,0.9041,1726,446,98,218,1775.0,555.0,21364,69.86,69.86,4.0,detected,0
218.0,218.0,1090,809,person,0.8224,389,319,86,204,432.0,421.0,17544,163.36,163.36,3.8,detected,0
218.0,218.0,1090,818,person,0.5368,932,15,50,118,957.0,74.0,5900,111.93,55.97,2.8,detected,0
218.0,218.0,1090,824,person,0.6147,1660,0,44,109,1682.0,54.5,4796,16.65,16.65,1.8,detected,0
218.0,218.0,1090,825,person,0.3328,4,273,88,163,48.0,354.5,14344,4.61,4.61,1.8,detected,0
218.0,218.0,1090,830,person,0.5031,1752,647,77,161,1790.5,727.5,12397,0.0,0.0,0.0,detected,0
219.0,219.0,1095,281,person,0.1865,1033,0,49,105,1057.5,52.5,5145,24.38,24.38,158.4,detected,0
219.0,219.0,1095,483,person,0.2034,111,287,61,131,141.5,352.5,7991,0.5,0.5,92.2,detected,0
219.0,219.0,1095,578,person,0.9152,1156,420,80,236,1196.0,538.0,18880,1.0,1.0,64.6,detected,0
219.0,219.0,1095,714,person,0.9212,1365,591,125,258,1427.5,720.0,32250,85.21,85.21,30.8,detected,0
219.0,219.0,1095,732,person,0.7641,1223,63,69,158,1257.5,142.0,10902,50.51,50.51,24.4,detected,0
219.0,219.0,1095,742,person,0.2982,1200,0,47,106,1223.5,53.0,4982,15.69,15.69,22.0,detected,0
219.0,219.0,1095,748,person,0.8354,795,953,148,127,869.0,1016.5,18796,146.49,146.49,18.8,detected,0
219.0,219.0,1095,752,person,0.8563,1377,287,63,180,1408.5,377.0,11340,39.56,39.56,18.4,detected,0
219.0,219.0,1095,755,person,0.2874,561,173,57,153,589.5,249.5,8721,117.22,117.22,17.6,detected,0
219.0,219.0,1095,757,person,0.874,780,311,69,208,814.5,415.0,14352,82.5,82.5,16.6,detected,0
219.0,219.0,1095,763,person,0.6974,356,274,68,198,390.0,373.0,13464,109.91,109.91,15.0,detected,0
219.0,219.0,1095,770,person,0.5162,1372,99,50,135,1397.0,166.5,6750,51.29,51.29,13.4,detected,0
219.0,219.0,1095,773,person,0.6776,1050,81,56,157,1078.0,159.5,8792,51.36,51.36,13.0,detected,0
219.0,219.0,1095,774,person,0.8653,1439,269,69,192,1473.5,365.0,13248,35.31,35.31,13.0,detected,0
219.0,219.0,1095,781,person,0.3166,902,39,45,132,924.5,105.0,5940,61.19,61.19,12.6,detected,0
219.0,219.0,1095,787,person,0.8794,1172,253,72,174,1208.0,340.0,12528,63.1,63.1,11.0,detected,0
219.0,219.0,1095,788,person,0.4772,804,92,62,145,835.0,164.5,8990,77.99,77.99,10.8,detected,0
219.0,219.0,1095,789,person,0.9064,1238,255,71,195,1273.5,352.5,13845,62.97,62.97,10.4,detected,0
219.0,219.0,1095,802,person,0.4915,1370,0,53,119,1396.5,59.5,6307,34.01,34.01,6.4,detected,0
219.0,219.0,1095,807,person,0.677,1746,395,84,205,1788.0,497.5,17220,58.95,58.95,5.0,detected,0
219.0,219.0,1095,809,person,0.848,530,282,78,195,569.0,379.5,15210,143.15,143.15,4.8,detected,0
219.0,219.0,1095,818,person,0.2255,864,34,42,123,885.0,95.5,5166,75.14,75.14,3.8,detected,0
219.0,219.0,1095,824,person,0.594,1645,0,44,121,1667.0,60.5,5324,16.16,16.16,2.8,detected,0
219.0,219.0,1095,825,person,0.3194,4,272,88,164,48.0,354.0,14432,0.5,0.5,2.8,detected,0
219.0,219.0,1095,830,person,0.7832,1760,568,86,215,1803.0,675.5,18490,53.48,53.48,1.0,detected,0
219.0,219.0,1095,831,person,0.6394,1700,3,48,126,1724.0,66.0,6048,0.0,0.0,0.8,detected,0
219.0,219.0,1095,832,person,0.4252,1848,141,48,176,1872.0,229.0,8448,0.0,0.0,0.6,detected,0
219.0,219.0,1095,837,person,0.1803,1162,0,41,85,1182.5,42.5,3485,0.0,0.0,0.0,detected,0
220.0,220.0,1100,281,person,0.3541,1059,0,50,91,1084.0,45.5,4550,27.41,27.41,159.4,detected,0
220.0,220.0,1100,483,person,0.2079,112,286,60,132,142.0,352.0,7920,0.71,0.71,93.2,detected,0
220.0,220.0,1100,578,person,0.9182,1156,419,80,236,1196.0,537.0,18880,1.0,1.0,65.6,detected,0
220.0,220.0,1100,714,person,0.8431,1275,644,122,267,1336.0,777.5,32574,108.07,108.07,31.8,detected,0
220.0,220.0,1100,732,person,0.7945,1183,91,75,163,1220.5,172.5,12225,47.95,47.95,25.4,detected,0
220.0,220.0,1100,742,person,0.2829,1184,1,43,116,1205.5,59.0,4988,18.97,18.97,23.0,detected,0
220.0,220.0,1100,752,person,0.8576,1391,255,60,174,1421.0,342.0,10440,37.17,37.17,19.4,detected,0
220.0,220.0,1100,755,person,0.2882,662,137,49,122,686.5,198.0,5978,109.82,109.82,18.6,detected,0
220.0,220.0,1100,757,person,0.8883,713,361,73,220,749.5,471.0,16060,85.8,85.8,17.6,detected,0
220.0,220.0,1100,763,person,0.7382,256,325,72,205,292.0,427.5,14760,112.13,112.13,16.0,detected,0
220.0,220.0,1100,770,person,0.5996,1407,64,53,137,1433.5,132.5,7261,49.88,49.88,14.4,detected,0
220.0,220.0,1100,773,person,0.6555,1104,61,53,151,1130.5,136.5,8003,57.32,57.32,14.0,detected,0
220.0,220.0,1100,774,person,0.8604,1447,236,66,184,1480.0,328.0,12144,37.57,37.57,14.0,detected,0
220.0,220.0,1100,781,person,0.3235,951,24,43,122,972.5,85.0,5246,52.0,52.0,13.6,detected,0
220.0,220.0,1100,787,person,0.8294,1227,227,67,169,1260.5,311.5,11323,59.74,59.74,12.0,detected,0
220.0,220.0,1100,788,person,0.396,872,67,49,150,896.5,142.0,7350,65.49,65.49,11.8,detected,0
220.0,220.0,1100,789,person,0.8924,1286,227,71,190,1321.5,322.0,13490,56.87,56.87,11.4,detected,0
220.0,220.0,1100,802,person,0.7531,1339,14,54,145,1366.0,86.5,7830,40.73,40.73,7.4,detected,0
220.0,220.0,1100,807,person,0.853,1751,347,82,194,1792.0,444.0,15908,53.65,53.65,6.0,detected,0
220.0,220.0,1100,809,person,0.7057,656,247,72,189,692.0,341.5,13608,128.74,128.74,5.8,detected,0
220.0,220.0,1100,818,person,0.4464,815,55,43,122,836.5,116.0,5246,52.65,52.65,4.8,detected,0
220.0,220.0,1100,824,person,0.6357,1619,3,47,135,1642.5,70.5,6345,26.46,26.46,3.8,detected,0
220.0,220.0,1100,825,person,0.2412,12,278,80,159,52.0,357.5,12720,5.32,5.32,3.8,detected,0
220.0,220.0,1100,830,person,0.6667,1780,492,80,226,1820.0,605.0,18080,72.52,72.52,2.0,detected,0
220.0,220.0,1100,831,person,0.5893,1688,21,43,126,1709.5,84.0,5418,23.11,23.11,1.8,detected,0
220.0,220.0,1100,832,person,0.1971,1852,118,47,165,1875.5,200.5,7755,28.71,28.71,1.6,predicted,1
220.0,220.0,1100,837,person,0.247,1150,0,39,94,1169.5,47.0,3666,13.76,13.76,1.0,detected,0
220.0,220.0,1100,838,person,0.3826,0,589,80,176,40.0,677.0,14080,0.0,0.0,0.6,detected,0
220.0,220.0,1100,839,person,0.8996,0,650,95,236,47.5,768.0,22420,0.0,0.0,0.4,detected,0
221.0,221.0,1105,578,person,0.8916,1150,420,76,235,1188.0,537.5,17860,8.02,8.02,66.6,detected,0
221.0,221.0,1105,714,person,0.8191,1150,699,133,273,1216.5,835.5,36309,132.83,132.83,32.8,detected,0
221.0,221.0,1105,732,person,0.7573,1151,124,73,170,1187.5,209.0,12410,49.21,49.21,26.4,detected,0
221.0,221.0,1105,752,person,0.7696,1414,228,55,169,1441.5,312.5,9295,35.92,35.92,20.4,detected,0
221.0,221.0,1105,755,person,0.2816,751,100,50,138,776.0,169.0,6900,94.08,94.08,19.6,detected,0
221.0,221.0,1105,757,person,0.9095,644,420,79,233,683.5,536.5,18407,92.99,92.99,18.6,detected,0
221.0,221.0,1105,763,person,0.7233,148,369,75,217,185.5,477.5,16275,117.65,117.65,17.0,detected,0
221.0,221.0,1105,770,person,0.4609,1435,39,52,133,1461.0,105.5,6916,38.54,38.54,15.4,detected,0
221.0,221.0,1105,774,person,0.7902,1464,210,64,174,1496.0,297.0,11136,34.89,34.89,15.0,detected,0
221.0,221.0,1105,781,person,0.2061,999,13,40,113,1019.0,69.5,4520,49.02,49.02,14.6,detected,0
221.0,221.0,1105,787,person,0.8041,1282,199,59,161,1311.5,279.5,9499,60.21,60.21,13.0,detected,0
221.0,221.0,1105,788,person,0.4934,923,68,50,126,948.0,131.0,6300,52.66,52.66,12.8,detected,0
221.0,221.0,1105,789,person,0.8765,1328,201,70,185,1363.0,293.5,12950,50.34,50.34,12.4,detected,0
221.0,221.0,1105,802,person,0.6579,1307,37,56,143,1335.0,108.5,8008,38.01,38.01,8.4,detected,0
221.0,221.0,1105,807,person,0.7477,1751,304,80,182,1791.0,395.0,14560,49.01,49.01,7.0,detected,0
221.0,221.0,1105,809,person,0.754,759,214,71,179,794.5,303.5,12709,109.32,109.32,6.8,detected,0
221.0,221.0,1105,824,person,0.6806,1592,20,50,135,1617.0,87.5,6750,30.65,30.65,4.8,detected,0
221.0,221.0,1105,825,person,0.6869,35,357,95,216,82.5,465.0,20520,111.74,111.74,4.8,detected,0
221.0,221.0,1105,830,person,0.4814,1797,447,63,218,1828.5,556.0,13734,49.73,49.73,3.0,detected,0
221.0,221.0,1105,831,person,0.5943,1670,39,45,128,1692.5,103.0,5760,25.5,25.5,2.8,detected,0
221.0,221.0,1105,838,person,0.9164,163,555,133,282,229.5,696.0,37506,190.45,190.45,1.6,detected,0
221.0,221.0,1105,839,person,0.8906,73,547,100,230,123.0,662.0,23000,130.14,130.14,1.4,detected,0
222.0,222.0,1110,578,person,0.8997,1141,421,76,235,1179.0,538.5,17860,9.06,9.06,67.6,detected,0
222.0,222.0,1110,714,person,0.8616,1052,764,119,276,1111.5,902.0,32844,124.29,124.29,33.8,detected,0
222.0,222.0,1110,732,person,0.7801,1108,153,80,183,1148.0,244.5,14640,53.11,53.11,27.4,detected,0
222.0,222.0,1110,742,person,0.4349,1149,15,40,127,1169.0,78.5,5080,41.38,20.69,25.0,detected,0
222.0,222.0,1110,752,person,0.7409,1410,207,62,166,1441.0,290.0,10292,22.51,22.51,21.4,detected,0
222.0,222.0,1110,755,person,0.3048,822,80,44,136,844.0,148.0,5984,71.17,71.17,20.6,detected,0
222.0,222.0,1110,757,person,0.9123,552,486,88,250,596.0,611.0,22000,114.92,114.92,19.6,detected,0
222.0,222.0,1110,763,person,0.6311,14,432,87,202,57.5,533.0,17574,139.51,139.51,18.0,detected,0
222.0,222.0,1110,770,person,0.4825,1464,18,48,128,1488.0,82.0,6144,35.79,35.79,16.4,detected,0
222.0,222.0,1110,773,person,0.4006,1214,24,53,143,1240.5,95.5,7579,117.39,58.7,16.0,detected,0
222.0,222.0,1110,774,person,0.7231,1482,186,61,158,1512.5,265.0,9638,36.0,36.0,16.0,detected,0
222.0,222.0,1110,787,person,0.7405,1325,171,55,158,1352.5,250.0,8690,50.51,50.51,14.0,detected,0
222.0,222.0,1110,788,person,0.3503,965,34,47,139,988.5,103.5,6533,48.95,48.95,13.8,detected,0
222.0,222.0,1110,789,person,0.7972,1360,176,61,175,1390.5,263.5,10675,40.7,40.7,13.4,detected,0
222.0,222.0,1110,802,person,0.6641,1270,54,59,149,1299.5,128.5,8791,40.75,40.75,9.4,detected,0
222.0,222.0,1110,807,person,0.7794,1763,267,75,174,1800.5,354.0,13050,42.09,42.09,8.0,detected,0
222.0,222.0,1110,809,person,0.8242,855,183,68,171,889.0,268.5,11628,100.77,100.77,7.8,detected,0
222.0,222.0,1110,818,person,0.5882,693,105,58,137,722.0,173.5,7946,128.13,64.06,6.8,detected,0
222.0,222.0,1110,824,person,0.7476,1570,38,52,140,1596.0,108.0,7280,29.35,29.35,5.8,detected,0
222.0,222.0,1110,825,person,0.6349,160,320,97,196,208.5,418.0,19012,134.48,134.48,5.8,detected,0
222.0,222.0,1110,831,person,0.5758,1643,55,46,134,1666.0,122.0,6164,32.61,32.61,3.8,detected,0
222.0,222.0,1110,837,person,0.3016,1112,2,42,113,1133.0,58.5,4746,38.27,19.13,3.0,detected,0
222.0,222.0,1110,838,person,0.9213,342,474,112,258,398.0,603.0,28896,192.46,192.46,2.6,detected,0
222.0,222.0,1110,839,person,0.8716,158,501,99,225,207.5,613.5,22275,97.43,97.43,2.4,detected,0
222.0,222.0,1110,845,person,0.7401,0,569,99,258,49.5,698.0,25542,0.0,0.0,0.2,detected,0
222.0,222.0,1110,847,person,0.1637,9,277,83,159,50.5,356.5,13197,0.0,0.0,0.0,detected,0
223.0,223.0,1115,578,person,0.9036,1154,417,72,238,1190.0,536.0,17136,11.28,11.28,68.6,detected,0
223.0,223.0,1115,714,person,0.8453,931,844,128,236,995.0,962.0,30208,131.04,131.04,34.8,detected,0
223.0,223.0,1115,732,person,0.8471,1058,192,80,188,1098.0,286.0,15040,64.98,64.98,28.4,detected,0
223.0,223.0,1115,742,person,0.1619,1127,27,42,120,1148.0,87.0,5040,22.66,22.66,26.0,predicted,1
223.0,223.0,1115,752,person,0.8283,1365,169,62,171,1396.0,254.5,10602,57.32,57.32,22.4,detected,0
223.0,223.0,1115,755,person,0.238,883,62,43,124,904.5,124.0,5332,65.09,65.09,21.6,detected,0
223.0,223.0,1115,757,person,0.8873,439,562,93,269,485.5,696.5,25017,139.72,139.72,20.6,detected,0
223.0,223.0,1115,770,person,0.3112,1490,0,51,122,1515.5,61.0,6222,34.6,34.6,17.4,detected,0
223.0,223.0,1115,773,person,0.3243,1256,3,53,139,1282.5,72.5,7367,47.89,47.89,17.0,detected,0
223.0,223.0,1115,774,person,0.8639,1451,172,56,168,1479.0,256.0,9408,34.69,34.69,17.0,detected,0
223.0,223.0,1115,781,person,0.1738,1087,-3,40,92,1107.0,43.0,3680,91.9,45.95,16.6,predicted,1
223.0,223.0,1115,787,person,0.2646,1367,146,49,97,1391.5,194.5,4753,67.83,67.83,15.0,detected,0
223.0,223.0,1115,788,person,0.2952,997,18,51,130,1022.5,83.0,6630,39.7,39.7,14.8,detected,0
223.0,223.0,1115,789,person,0.8382,1400,151,58,158,1429.0,230.0,9164,51.03,51.03,14.4,detected,0
223.0,223.0,1115,802,person,0.7275,1228,71,60,158,1258.0,150.0,9480,46.74,46.74,10.4,detected,0
223.0,223.0,1115,807,person,0.8489,1753,232,70,166,1788.0,315.0,11620,40.95,40.95,9.0,detected,0
223.0,223.0,1115,809,person,0.8428,947,155,65,166,979.5,238.0,10790,95.5,95.5,8.8,detected,0
223.0,223.0,1115,818,person,0.7243,615,134,64,146,647.0,207.0,9344,82.14,82.14,7.8,detected,0
223.0,223.0,1115,824,person,0.7629,1554,59,50,143,1579.0,130.5,7150,28.2,28.2,6.8,detected,0
223.0,223.0,1115,825,person,0.7697,280,279,88,187,324.0,372.5,16456,124.14,124.14,6.8,detected,0
223.0,223.0,1115,831,person,0.6752,1614,74,52,140,1640.0,144.0,7280,34.06,34.06,4.8,detected,0
223.0,223.0,1115,838,person,0.925,479,405,100,233,529.0,521.5,23300,154.28,154.28,3.6,detected,0
223.0,223.0,1115,839,person,0.9129,244,466,90,215,289.0,573.5,19350,90.79,90.79,3.4,detected,0
223.0,223.0,1115,845,person,0.8636,92,533,107,248,145.5,657.0,26536,104.39,104.39,1.2,detected,0
223.0,223.0,1115,847,person,0.2548,13,280,78,157,52.0,358.5,12246,2.5,2.5,1.0,detected,0
223.0,223.0,1115,849,person,0.9216,1334,946,143,134,1405.5,1013.0,19162,0.0,0.0,0.4,detected,0
223.0,223.0,1115,850,person,0.1696,111,286,61,133,141.5,352.5,8113,0.0,0.0,0.2,detected,0
224.0,224.0,1120,578,person,0.9093,1155,418,77,235,1193.5,535.5,18095,3.54,3.54,69.6,detected,0
224.0,224.0,1120,714,person,0.9079,838,942,137,138,906.5,1011.0,18906,101.16,101.16,35.8,detected,0
224.0,224.0,1120,732,person,0.8819,995,233,84,200,1037.0,333.0,16800,77.01,77.01,29.4,detected,0
224.0,224.0,1120,742,person,0.3292,1118,24,40,130,1138.0,89.0,5200,10.2,10.2,27.0,detected,0
224.0,224.0,1120,752,person,0.8997,1335,156,57,153,1363.5,232.5,8721,39.25,39.25,23.4,detected,0
224.0,224.0,1120,755,person,0.2408,943,24,49,133,967.5,90.5,6517,71.35,71.35,22.6,detected,0
224.0,224.0,1120,757,person,0.9091,319,651,107,293,372.5,797.5,31351,151.56,151.56,21.6,detected,0
224.0,224.0,1120,770,person,0.2625,1510,-4,52,100,1536.0,46.0,5200,25.4,25.4,18.4,predicted,1
224.0,224.0,1120,773,person,0.3886,1289,0,50,125,1314.0,62.5,6250,33.05,33.05,18.0,detected,0
224.0,224.0,1120,774,person,0.6298,1398,145,56,167,1426.0,228.5,9352,59.71,59.71,18.0,detected,0
224.0,224.0,1120,781,person,0.2073,1093,22,38,114,1112.0,79.0,4332,36.35,36.35,17.6,detected,0
224.0,224.0,1120,787,person,0.1559,1403,133,52,117,1429.0,191.5,6084,37.62,37.62,16.0,detected,0
224.0,224.0,1120,788,person,0.2604,1032,0,51,128,1057.5,64.0,6528,39.82,39.82,15.8,detected,0
224.0,224.0,1120,789,person,0.7159,1434,129,58,162,1463.0,210.0,9396,39.45,39.45,15.4,detected,0
224.0,224.0,1120,802,person,0.8111,1178,96,61,157,1208.5,174.5,9577,55.23,55.23,11.4,detected,0
224.0,224.0,1120,807,person,0.7794,1736,202,65,158,1768.5,281.0,10270,39.2,39.2,10.0,detected,0
224.0,224.0,1120,809,person,0.7308,1030,128,62,145,1061.0,200.5,8990,89.71,89.71,9.8,detected,0
224.0,224.0,1120,818,person,0.7139,538,162,61,153,568.5,238.5,9333,84.58,84.58,8.8,detected,0
224.0,224.0,1120,824,person,0.7326,1536,82,53,149,1562.5,156.5,7897,30.79,30.79,7.8,detected,0
224.0,224.0,1120,825,person,0.7441,377,239,86,182,420.0,330.0,15652,104.99,104.99,7.8,detected,0
224.0,224.0,1120,831,person,0.6269,1595,99,58,141,1624.0,169.5,8178,30.1,30.1,5.8,detected,0
224.0,224.0,1120,838,person,0.8768,593,339,88,224,637.0,451.0,19712,128.97,128.97,4.6,detected,0
224.0,224.0,1120,839,person,0.8946,332,435,90,212,377.0,541.0,19080,93.81,93.81,4.4,detected,0
224.0,224.0,1120,845,person,0.8881,194,500,107,237,247.5,618.5,25359,109.02,109.02,2.2,detected,0
224.0,224.0,1120,847,person,0.2843,14,278,79,159,53.5,357.5,12561,1.8,1.8,2.0,detected,0
224.0,224.0,1120,849,person,0.9178,1421,810,156,269,1499.0,944.5,41964,115.91,115.91,1.4,detected,0
224.0,224.0,1120,850,person,0.1622,111,287,60,132,141.0,353.0,7920,0.71,0.71,1.2,detected,0
224.0,224.0,1120,851,person,0.16,1887,865,32,200,1903.0,965.0,6400,0.0,0.0,0.0,detected,0
225.0,225.0,1125,578,person,0.9017,1155,417,77,236,1193.5,535.0,18172,0.5,0.5,70.6,detected,0
225.0,225.0,1125,714,person,0.3999,795,1044,74,36,832.0,1062.0,2664,90.28,90.28,36.8,detected,0
225.0,225.0,1125,732,person,0.8484,921,277,90,211,966.0,382.5,18990,86.55,86.55,30.4,detected,0
225.0,225.0,1125,742,person,0.3874,1096,30,39,132,1115.5,96.0,5148,23.56,23.56,28.0,detected,0
225.0,225.0,1125,752,person,0.8478,1313,132,54,146,1340.0,205.0,7884,36.17,36.17,24.4,detected,0
225.0,225.0,1125,755,person,0.1556,1009,0,40,130,1029.0,65.0,5200,66.58,66.58,23.6,detected,0
225.0,225.0,1125,757,person,0.8833,172,757,124,311,234.0,912.5,38564,180.02,180.02,22.6,detected,0
225.0,225.0,1125,770,person,0.1766,1531,-2,43,81,1552.5,38.5,3483,18.12,18.12,19.4,predicted,1
225.0,225.0,1125,773,person,0.3814,1313,0,49,104,1337.5,52.0,5096,25.74,25.74,19.0,detected,0
225.0,225.0,1125,774,person,0.8204,1369,124,53,159,1395.5,203.5,8427,39.44,39.44,19.0,detected,0
225.0,225.0,1125,781,person,0.5391,1107,97,51,152,1132.5,173.0,7752,96.21,96.21,18.6,detected,0
225.0,225.0,1125,787,person,0.5276,1435,105,44,145,1457.0,177.5,6380,31.3,31.3,17.0,detected,0
225.0,225.0,1125,788,person,0.252,1060,25,43,120,1081.5,85.0,5160,31.89,31.89,16.8,detected,0
225.0,225.0,1125,789,person,0.1612,1453,104,61,159,1483.5,183.5,9699,33.5,33.5,16.4,detected,0
225.0,225.0,1125,802,person,0.7312,1135,119,66,166,1168.0,202.0,10956,48.95,48.95,12.4,detected,0
225.0,225.0,1125,807,person,0.71,1699,172,59,153,1728.5,248.5,9027,51.54,51.54,11.0,detected,0
225.0,225.0,1125,818,person,0.5568,450,193,50,157,475.0,271.5,7850,99.15,99.15,9.8,detected,0
225.0,225.0,1125,824,person,0.7023,1519,107,52,154,1545.0,184.0,8008,32.6,32.6,8.8,detected,0
225.0,225.0,1125,825,person,0.7321,472,206,73,175,508.5,293.5,12775,95.73,95.73,8.8,detected,0
225.0,225.0,1125,831,person,0.6664,1586,121,56,130,1614.0,186.0,7280,19.29,19.29,6.8,detected,0
225.0,225.0,1125,838,person,0.8362,695,287,78,212,734.0,393.0,16536,113.02,113.02,5.6,detected,0
225.0,225.0,1125,839,person,0.8808,414,406,87,199,457.5,505.5,17313,87.98,87.98,5.4,detected,0
225.0,225.0,1125,845,person,0.8972,283,462,97,221,331.5,572.5,21437,95.77,95.77,3.2,detected,0
225.0,225.0,1125,847,person,0.154,15,279,78,157,54.0,357.5,12246,0.5,0.5,3.0,predicted,1
225.0,225.0,1125,849,person,0.9074,1495,696,143,341,1566.5,866.5,48763,103.15,103.15,2.4,detected,0
225.0,225.0,1125,854,person,0.7386,0,828,73,216,36.5,936.0,15768,0.0,0.0,0.4,detected,0
225.0,225.0,1125,855,person,0.7568,0,381,68,178,34.0,470.0,12104,0.0,0.0,0.2,detected,0
225.0,225.0,1125,856,person,0.1797,1661,0,37,84,1679.5,42.0,3108,0.0,0.0,0.0,detected,0
226.0,226.0,1130,578,person,0.8928,1155,420,72,233,1191.0,536.5,16776,2.92,2.92,71.6,detected,0
226.0,226.0,1130,732,person,0.871,819,330,100,223,869.0,441.5,22300,113.53,113.53,31.4,detected,0
226.0,226.0,1130,742,person,0.3452,1066,38,48,131,1090.0,103.5,6288,26.58,26.58,29.0,detected,0
226.0,226.0,1130,752,person,0.7889,1294,108,52,142,1320.0,179.0,7384,32.8,32.8,25.4,detected,0
226.0,226.0,1130,755,person,0.2565,1139,-7,42,98,1160.0,42.0,4116,133.0,133.0,24.6,predicted,1
226.0,226.0,1130,757,person,0.3519,163,756,132,264,229.0,888.0,34848,25.0,25.0,23.6,detected,0
226.0,226.0,1130,773,person,0.2998,1334,-3,46,90,1357.0,42.0,4140,21.91,21.91,20.0,predicted,1
226.0,226.0,1130,774,person,0.7421,1352,100,54,153,1379.0,176.5,8262,31.64,31.64,20.0,detected,0
226.0,226.0,1130,787,person,0.2054,1474,88,45,118,1496.5,147.0,5310,49.9,49.9,18.0,detected,0
226.0,226.0,1130,789,person,0.4874,1493,85,52,151,1519.0,160.5,7852,42.3,42.3,17.4,detected,0
226.0,226.0,1130,802,person,0.8587,1098,145,65,174,1130.5,232.0,11310,48.02,48.02,13.4,detected,0
226.0,226.0,1130,807,person,0.7178,1659,145,59,147,1688.5,218.5,8673,50.0,50.0,12.0,detected,0
226.0,226.0,1130,809,person,0.8056,1187,79,61,149,1217.5,153.5,9089,163.41,81.7,11.8,detected,0
226.0,226.0,1130,818,person,0.7678,353,234,67,163,386.5,315.5,10921,98.83,98.83,10.8,detected,0
226.0,226.0,1130,824,person,0.7245,1484,134,53,157,1510.5,212.5,8321,44.75,44.75,9.8,detected,0
226.0,226.0,1130,825,person,0.6111,546,177,73,165,582.5,259.5,12045,81.44,81.44,9.8,detected,0
226.0,226.0,1130,831,person,0.6828,1559,148,52,120,1585.0,208.0,6240,36.4,36.4,7.8,detected,0
226.0,226.0,1130,838,person,0.5231,786,248,75,182,823.5,339.0,13650,104.53,104.53,6.6,detected,0
226.0,226.0,1130,839,person,0.8962,502,381,92,193,548.0,477.5,17756,94.73,94.73,6.4,detected,0
226.0,226.0,1130,845,person,0.9064,358,425,94,225,405.0,537.5,21150,81.41,81.41,4.2,detected,0
226.0,226.0,1130,847,person,0.1553,15,281,76,155,53.0,358.5,11780,1.41,1.41,4.0,detected,0
226.0,226.0,1130,849,person,0.9107,1559,599,131,311,1624.5,754.5,40741,126.13,126.13,3.4,detected,0
226.0,226.0,1130,854,person,0.5195,108,673,98,257,157.0,801.5,25186,180.58,180.58,1.4,detected,0
226.0,226.0,1130,855,person,0.6887,83,331,86,182,126.0,422.0,15652,103.77,103.77,1.2,detected,0
226.0,226.0,1130,856,person,0.2696,1636,0,37,74,1654.5,37.0,2738,25.5,25.5,1.0,detected,0
226.0,226.0,1130,858,person,0.4027,5,901,85,176,47.5,989.0,14960,0.0,0.0,0.8,detected,0
226.0,226.0,1130,860,person,0.5417,934,0,51,136,959.5,68.0,6936,0.0,0.0,0.6,detected,0
227.0,227.0,1135,578,person,0.912,1157,417,72,236,1193.0,535.0,16992,2.5,2.5,72.6,detected,0
227.0,227.0,1135,732,person,0.8923,699,387,109,237,753.5,505.5,25833,132.05,132.05,32.4,detected,0
227.0,227.0,1135,742,person,0.2499,1034,50,47,128,1057.5,114.0,6016,34.15,34.15,30.0,detected,0
227.0,227.0,1135,752,person,0.7619,1281,89,48,136,1305.0,157.0,6528,26.63,26.63,26.4,detected,0
227.0,227.0,1135,755,person,0.43,1252,0,39,76,1271.5,38.0,2964,111.57,111.57,25.6,detected,0
227.0,227.0,1135,757,person,0.7533,394,695,113,260,450.5,825.0,29380,230.29,230.29,24.6,detected,0
227.0,227.0,1135,773,person,0.2524,1322,0,39,72,1341.5,36.0,2808,16.62,16.62,21.0,detected,0
227.0,227.0,1135,774,person,0.7915,1339,77,51,146,1364.5,150.0,7446,30.21,30.21,21.0,detected,0
227.0,227.0,1135,787,person,0.5124,1521,72,48,137,1545.0,140.5,6576,48.93,48.93,19.0,detected,0
227.0,227.0,1135,788,person,0.2402,1004,53,38,115,1023.0,110.5,4370,63.82,31.91,18.8,detected,0
227.0,227.0,1135,789,person,0.623,1555,73,52,140,1581.0,143.0,7280,64.42,64.42,18.4,detected,0
227.0,227.0,1135,802,person,0.8664,1051,169,67,183,1084.5,260.5,12261,54.11,54.11,14.4,detected,0
227.0,227.0,1135,807,person,0.6191,1616,122,56,140,1644.0,192.0,7840,51.79,51.79,13.0,detected,0
227.0,227.0,1135,809,person,0.7067,1244,55,51,145,1269.5,127.5,7395,58.14,58.14,12.8,detected,0
227.0,227.0,1135,818,person,0.8307,301,279,68,176,335.0,367.0,11968,72.83,72.83,11.8,detected,0
227.0,227.0,1135,824,person,0.8242,1439,164,58,161,1468.0,244.5,9338,53.2,53.2,10.8,detected,0
227.0,227.0,1135,825,person,0.2609,616,148,68,157,650.0,226.5,10676,75.13,75.13,10.8,detected,0
227.0,227.0,1135,831,person,0.6388,1519,174,54,134,1546.0,241.0,7236,51.09,51.09,8.8,detected,0
227.0,227.0,1135,838,person,0.7976,862,208,72,184,898.0,300.0,13248,84.09,84.09,7.6,detected,0
227.0,227.0,1135,839,person,0.9006,597,354,72,193,633.0,450.5,13896,89.19,89.19,7.4,detected,0
227.0,227.0,1135,845,person,0.837,444,395,84,206,486.0,498.0,17304,90.12,90.12,5.2,detected,0
227.0,227.0,1135,847,person,0.2384,13,276,78,160,52.0,356.0,12480,2.69,2.69,5.0,detected,0
227.0,227.0,1135,849,person,0.9309,1607,516,122,285,1668.0,658.5,34770,105.4,105.4,4.4,detected,0
227.0,227.0,1135,850,person,0.2517,112,287,60,132,142.0,353.0,7920,1.0,0.33,4.2,detected,0
227.0,227.0,1135,854,person,0.7844,328,615,110,260,383.0,745.0,28600,232.96,232.96,2.4,detected,0
227.0,227.0,1135,855,person,0.6445,179,293,76,174,217.0,380.0,13224,100.22,100.22,2.2,detected,0
227.0,227.0,1135,860,person,0.1739,906,14,60,139,936.0,83.5,8340,28.15,28.15,1.6,detected,0
227.0,227.0,1135,866,person,0.8328,1422,961,112,119,1478.0,1020.5,13328,0.0,0.0,0.6,detected,0
227.0,227.0,1135,867,person,0.2272,1143,0,39,79,1162.5,39.5,3081,0.0,0.0,0.4,detected,0
227.0,227.0,1135,868,person,0.2122,1091,0,33,78,1107.5,39.0,2574,0.0,0.0,0.0,detected,0
228.0,228.0,1140,578,person,0.8946,1151,421,69,232,1185.5,537.0,16008,7.76,7.76,73.6,detected,0
228.0,228.0,1140,732,person,0.6635,564,452,106,215,617.0,559.5,22790,146.79,146.79,33.4,detected,0
228.0,228.0,1140,742,person,0.2333,1005,61,47,128,1028.5,125.0,6016,31.02,31.02,31.0,detected,0
228.0,228.0,1140,752,person,0.6141,1261,68,45,134,1283.5,135.0,6030,30.76,30.76,27.4,detected,0
228.0,228.0,1140,755,person,0.6229,1206,0,41,103,1226.5,51.5,4223,46.98,46.98,26.6,detected,0
228.0,228.0,1140,757,person,0.7759,614,645,106,244,667.0,767.0,25864,224.13,224.13,25.6,detected,0
228.0,228.0,1140,774,person,0.499,1319,60,51,140,1344.5,130.0,7140,28.28,28.28,22.0,detected,0
228.0,228.0,1140,788,person,0.292,970,67,40,114,990.0,124.0,4560,35.65,35.65,19.8,detected,0
228.0,228.0,1140,789,person,0.4946,1619,58,53,139,1645.5,127.5,7367,66.34,66.34,19.4,detected,0
228.0,228.0,1140,802,person,0.8435,994,196,72,189,1030.0,290.5,13608,62.21,62.21,15.4,detected,0
228.0,228.0,1140,807,person,0.4846,1577,89,54,146,1604.0,162.0,7884,50.0,50.0,14.0,detected,0
228.0,228.0,1140,809,person,0.3236,1297,33,48,135,1321.0,100.5,6480,58.15,58.15,13.8,detected,0
228.0,228.0,1140,818,person,0.8376,231,324,75,188,268.5,418.0,14100,83.8,83.8,12.8,detected,0
228.0,228.0,1140,824,person,0.8538,1402,193,60,169,1432.0,277.5,10140,48.84,48.84,11.8,detected,0
228.0,228.0,1140,825,person,0.4789,678,123,64,151,710.0,198.5,9664,66.21,66.21,11.8,detected,0
228.0,228.0,1140,831,person,0.3739,1470,203,61,159,1500.5,282.5,9699,61.58,61.58,9.8,detected,0
228.0,228.0,1140,838,person,0.7498,934,172,66,176,967.0,260.0,11616,79.76,79.76,8.6,detected,0
228.0,228.0,1140,839,person,0.8107,669,329,79,185,708.5,421.5,14615,80.88,80.88,8.4,detected,0
228.0,228.0,1140,845,person,0.6318,531,369,73,188,567.5,463.0,13724,88.7,88.7,6.2,detected,0
228.0,228.0,1140,847,person,0.7482,3,364,76,197,41.0,462.5,14972,107.07,107.07,6.0,detected,0
228.0,228.0,1140,849,person,0.9223,1655,448,111,260,1710.5,578.0,28860,91.03,91.03,5.4,detected,0
228.0,228.0,1140,850,person,0.2109,112,286,60,132,142.0,352.0,7920,1.0,1.0,5.2,detected,0
228.0,228.0,1140,851,person,0.2249,1888,864,31,184,1903.5,956.0,5704,9.01,2.25,4.0,detected,0
228.0,228.0,1140,854,person,0.7258,532,565,116,257,590.0,693.5,29812,213.31,213.31,3.4,detected,0
228.0,228.0,1140,855,person,0.3716,262,257,72,166,298.0,340.0,11952,90.34,90.34,3.2,detected,0
228.0,228.0,1140,860,person,0.2138,885,21,57,143,913.5,92.5,8151,24.23,24.23,2.6,detected,0
228.0,228.0,1140,866,person,0.8799,1505,829,138,248,1574.0,953.0,34224,117.36,117.36,1.6,detected,0
228.0,228.0,1140,870,person,0.8511,450,955,119,125,509.5,1017.5,14875,0.0,0.0,0.4,detected,0
228.0,228.0,1140,873,person,0.6565,1593,983,90,97,1638.0,1031.5,8730,0.0,0.0,0.0,detected,0
229.0,229.0,1145,578,person,0.8951,1148,424,71,229,1183.5,538.5,16259,2.5,2.5,74.6,detected,0
229.0,229.0,1145,732,person,0.8805,416,531,125,267,478.5,664.5,33375,173.8,173.8,34.4,detected,0
229.0,229.0,1145,742,person,0.3093,972,83,50,123,997.0,144.5,6150,37.05,37.05,32.0,detected,0
229.0,229.0,1145,752,person,0.5523,1245,55,46,126,1268.0,118.0,5796,23.01,23.01,28.4,detected,0
229.0,229.0,1145,755,person,0.452,1162,5,42,119,1183.0,64.5,4998,45.4,45.4,27.6,detected,0
229.0,229.0,1145,757,person,0.841,810,601,106,236,863.0,719.0,25016,201.79,201.79,26.6,detected,0
229.0,229.0,1145,774,person,0.5694,1297,42,47,137,1320.5,110.5,6439,30.92,30.92,23.0,detected,0
229.0,229.0,1145,787,person,0.6107,1635,47,52,135,1661.0,114.5,7020,118.88,59.44,21.0,detected,0
229.0,229.0,1145,788,person,0.2573,934,66,44,126,956.0,129.0,5544,34.37,34.37,20.8,detected,0
229.0,229.0,1145,789,person,0.4206,1679,40,55,147,1706.5,113.5,8085,62.59,62.59,20.4,detected,0
229.0,229.0,1145,802,person,0.8454,936,230,73,196,972.5,328.0,14308,68.65,68.65,16.4,detected,0
229.0,229.0,1145,807,person,0.5667,1544,76,56,132,1572.0,142.0,7392,37.74,37.74,15.0,detected,0
229.0,229.0,1145,809,person,0.4905,1344,19,51,131,1369.5,84.5,6681,51.07,51.07,14.8,detected,0
229.0,229.0,1145,818,person,0.8269,127,383,78,196,166.0,481.0,15288,120.31,120.31,13.8,detected,0
229.0,229.0,1145,824,person,0.8069,1360,219,64,178,1392.0,308.0,11392,50.3,50.3,12.8,detected,0
229.0,229.0,1145,825,person,0.2702,712,100,66,150,745.0,175.0,9900,42.16,42.16,12.8,detected,0
229.0,229.0,1145,831,person,0.3088,1435,232,62,171,1466.0,317.5,10602,49.15,49.15,10.8,detected,0
229.0,229.0,1145,838,person,0.654,1005,137,65,163,1037.5,218.5,10595,81.81,81.81,9.6,detected,0
229.0,229.0,1145,839,person,0.7982,732,303,76,182,770.0,394.0,13832,67.37,67.37,9.4,detected,0
229.0,229.0,1145,845,person,0.8092,606,344,91,202,651.5,445.0,18382,85.91,85.91,7.2,detected,0
229.0,229.0,1145,847,person,0.1676,36,319,82,182,77.0,410.0,14924,63.66,63.66,7.0,detected,0
229.0,229.0,1145,849,person,0.9067,1691,389,102,249,1742.0,513.5,25398,71.78,71.78,6.4,detected,0
229.0,229.0,1145,851,person,0.2021,1888,864,31,177,1903.5,952.5,5487,3.5,3.5,5.0,detected,0
229.0,229.0,1145,854,person,0.8725,722,540,110,242,777.0,661.0,26620,189.8,189.8,4.4,detected,0
229.0,229.0,1145,855,person,0.5869,342,226,73,162,378.5,307.0,11826,87.0,87.0,4.2,detected,0
229.0,229.0,1145,860,person,0.19,877,32,56,149,905.0,106.5,8344,16.38,16.38,3.6,predicted,1
229.0,229.0,1145,866,person,0.8736,1583,722,124,315,1645.0,879.5,39060,102.19,102.19,2.6,detected,0
229.0,229.0,1145,870,person,0.8313,609,789,127,289,672.5,933.5,36703,183.37,183.37,1.4,detected,0
229.0,229.0,1145,873,person,0.6505,1664,871,93,130,1710.5,936.0,12090,119.9,119.9,1.0,detected,0
230.0,230.0,1150,578,person,0.894,1147,423,73,230,1183.5,538.0,16790,0.5,0.5,75.6,detected,0
230.0,230.0,1150,732,person,0.858,256,626,136,296,324.0,774.0,40256,189.37,189.37,35.4,detected,0
230.0,230.0,1150,742,person,0.5439,943,85,51,142,968.5,156.0,7242,30.73,30.73,33.0,detected,0
230.0,230.0,1150,752,person,0.4701,1235,38,42,125,1256.0,100.5,5250,21.22,21.22,29.4,detected,0
230.0,230.0,1150,755,person,0.5778,1119,32,44,118,1141.0,91.0,5192,49.66,49.66,28.6,detected,0
230.0,230.0,1150,757,person,0.7737,994,562,96,232,1042.0,678.0,22272,183.64,183.64,27.6,detected,0
230.0,230.0,1150,774,person,0.5443,1274,28,44,132,1296.0,94.0,5808,29.54,29.54,24.0,detected,0
230.0,230.0,1150,787,person,0.2975,1689,29,53,131,1715.5,94.5,6943,58.05,58.05,22.0,detected,0
230.0,230.0,1150,788,person,0.3254,901,79,47,128,924.5,143.0,6016,34.47,34.47,21.8,detected,0
230.0,230.0,1150,802,person,0.878,876,271,77,200,914.5,371.0,15400,72.2,72.2,17.4,detected,0
230.0,230.0,1150,807,person,0.5981,1514,54,50,126,1539.0,117.0,6300,41.4,41.4,16.0,detected,0
230.0,230.0,1150,809,person,0.6709,1389,0,48,125,1413.0,62.5,6000,48.75,48.75,15.8,detected,0
230.0,230.0,1150,818,person,0.6008,2,448,56,206,30.0,551.0,11536,152.96,152.96,14.8,detected,0
230.0,230.0,1150,824,person,0.8882,1324,252,69,189,1358.5,346.5,13041,51.03,51.03,13.8,detected,0
230.0,230.0,1150,825,person,0.5381,725,79,61,145,755.5,151.5,8845,25.74,25.74,13.8,detected,0
230.0,230.0,1150,831,person,0.8272,1401,267,66,178,1434.0,356.0,11748,50.06,50.06,11.8,detected,0
230.0,230.0,1150,838,person,0.7182,1063,104,63,163,1094.5,185.5,10269,65.86,65.86,10.6,detected,0
230.0,230.0,1150,839,person,0.7167,785,281,73,180,821.5,371.0,13140,56.4,56.4,10.4,detected,0
230.0,230.0,1150,845,person,0.7911,671,301,87,209,714.5,405.5,18183,74.36,74.36,8.2,detected,0
230.0,230.0,1150,847,person,0.2009,8,273,82,161,49.0,353.5,13202,63.06,63.06,8.0,detected,0
230.0,230.0,1150,849,person,0.8846,1728,335,94,234,1775.0,452.0,21996,69.79,69.79,7.4,detected,0
230.0,230.0,1150,850,person,0.1594,123,298,72,170,159.0,383.0,12240,35.36,17.68,7.2,detected,0
230.0,230.0,1150,851,person,0.1669,1888,864,32,176,1904.0,952.0,5632,0.71,0.71,6.0,predicted,1
230.0,230.0,1150,854,person,0.8612,898,510,117,235,956.5,627.5,27495,182.6,182.6,5.4,detected,0
230.0,230.0,1150,855,person,0.63,424,200,62,152,455.0,276.0,9424,82.54,82.54,5.2,detected,0
230.0,230.0,1150,860,person,0.2897,864,47,52,149,890.0,121.5,7748,21.21,21.21,4.6,detected,0
230.0,230.0,1150,866,person,0.9064,1638,631,120,290,1698.0,776.0,34800,116.28,116.28,3.6,detected,0
230.0,230.0,1150,870,person,0.8613,737,644,99,286,786.5,787.0,28314,185.63,185.63,2.4,detected,0
230.0,230.0,1150,877,person,0.4253,157,305,76,186,195.0,398.0,14136,0.0,0.0,0.0,detected,0
230.0,230.0,1150,878,person,0.575,1333,0,55,127,1360.5,63.5,6985,0.0,0.0,0.0,detected,0
231.0,231.0,1155,578,person,0.635,1145,423,74,214,1182.0,530.0,15836,8.14,8.14,76.6,detected,0
231.0,231.0,1155,732,person,0.8749,79,744,153,318,155.5,903.0,48654,212.21,212.21,36.4,detected,0
231.0,231.0,1155,742,person,0.6446,915,97,53,144,941.5,169.0,7632,29.97,29.97,34.0,detected,0
231.0,231.0,1155,752,person,0.4377,1224,23,41,122,1244.5,84.0,5002,20.11,20.11,30.4,detected,0
231.0,231.0,1155,755,person,0.5603,1080,53,46,112,1103.0,109.0,5152,42.05,42.05,29.6,detected,0
231.0,231.0,1155,757,person,0.8481,1165,523,100,224,1215.0,635.0,22400,178.26,178.26,28.6,detected,0
231.0,231.0,1155,774,person,0.6102,1259,14,43,128,1280.5,78.0,5504,22.28,22.28,25.0,detected,0
231.0,231.0,1155,788,person,0.1867,872,89,46,131,895.0,154.5,6026,31.66,31.66,22.8,detected,0
231.0,231.0,1155,802,person,0.7457,840,278,70,188,875.0,372.0,13160,39.51,39.51,18.4,detected,0
231.0,231.0,1155,807,person,0.6041,1485,35,49,122,1509.5,96.0,5978,36.21,36.21,17.0,detected,0
231.0,231.0,1155,809,person,0.3321,1422,0,47,103,1445.5,51.5,4841,34.31,34.31,16.8,detected,0
231.0,231.0,1155,818,person,0.9003,48,422,109,232,102.5,538.0,25288,73.66,73.66,15.8,detected,0
231.0,231.0,1155,824,person,0.8812,1288,289,70,198,1323.0,388.0,13860,54.61,54.61,14.8,detected,0
231.0,231.0,1155,825,person,0.2915,779,62,55,138,806.5,131.0,7590,54.97,54.97,14.8,detected,0
231.0,231.0,1155,831,person,0.8551,1370,305,73,187,1406.5,398.5,13651,50.62,50.62,12.8,detected,0
231.0,231.0,1155,838,person,0.7429,1105,76,60,156,1135.0,154.0,9360,51.31,51.31,11.6,detected,0
231.0,231.0,1155,839,person,0.8583,829,289,75,202,866.5,390.0,15150,48.85,48.85,11.4,detected,0
231.0,231.0,1155,845,person,0.7808,739,277,78,197,778.0,375.5,15366,70.23,70.23,9.2,detected,0
231.0,231.0,1155,847,person,0.2621,8,276,86,160,51.0,356.0,13760,3.2,3.2,9.0,detected,0
231.0,231.0,1155,849,person,0.8169,1754,284,86,221,1797.0,394.5,19006,61.57,61.57,8.4,detected,0
231.0,231.0,1155,850,person,0.2331,112,287,60,132,142.0,353.0,7920,34.48,34.48,8.2,detected,0
231.0,231.0,1155,854,person,0.7777,1069,482,109,232,1123.5,598.0,25288,169.59,169.59,6.4,detected,0
231.0,231.0,1155,855,person,0.6462,497,174,66,146,530.0,247.0,9636,80.41,80.41,6.2,detected,0
231.0,231.0,1155,860,person,0.4986,837,60,49,156,861.5,138.0,7644,32.93,32.93,5.6,predicted,1
231.0,231.0,1155,866,person,0.8834,1678,554,111,267,1733.5,687.5,29637,95.35,95.35,4.6,detected,0
231.0,231.0,1155,870,person,0.9406,834,534,95,254,881.5,661.0,24130,157.8,157.8,3.4,detected,0
231.0,231.0,1155,877,person,0.3479,237,269,69,182,271.5,360.0,12558,85.42,85.42,1.0,detected,0
231.0,231.0,1155,878,person,0.6888,1316,10,59,137,1345.5,78.5,8083,21.21,21.21,1.0,detected,0
232.0,232.0,1160,578,person,0.8817,1151,420,71,233,1186.5,536.5,16543,7.91,7.91,77.6,detected,0
232.0,232.0,1160,732,person,0.5183,-37,909,64,200,-5.0,1009.0,12800,192.34,192.34,37.4,predicted,1
232.0,232.0,1160,742,person,0.5485,887,109,55,153,914.5,185.5,8415,31.64,31.64,35.0,detected,0
232.0,232.0,1160,752,person,0.4347,1225,9,37,120,1243.5,69.0,4440,15.03,15.03,31.4,detected,0
232.0,232.0,1160,755,person,0.7864,1040,79,49,130,1064.5,144.0,6370,52.03,52.03,30.6,detected,0
232.0,232.0,1160,757,person,0.7816,1311,478,98,169,1360.0,562.5,16562,162.11,162.11,29.6,detected,0
232.0,232.0,1160,788,person,0.2658,835,99,58,137,864.0,167.5,7946,33.62,33.62,23.8,detected,0
232.0,232.0,1160,802,person,0.9032,726,344,80,218,766.0,453.0,17440,135.8,135.8,19.4,detected,0
232.0,232.0,1160,807,person,0.41,1451,14,48,121,1475.0,74.5,5808,40.65,40.65,18.0,detected,0
232.0,232.0,1160,818,person,0.9067,185,370,110,229,240.0,484.5,25190,147.54,147.54,16.8,detected,0
232.0,232.0,1160,824,person,0.4028,1240,328,75,201,1277.5,428.5,15075,60.91,60.91,15.8,detected,0
232.0,232.0,1160,831,person,0.8294,1339,343,74,162,1376.0,424.0,11988,39.76,39.76,13.8,detected,0
232.0,232.0,1160,838,person,0.74,1136,52,58,148,1165.0,126.0,8584,41.04,41.04,12.6,detected,0
232.0,232.0,1160,839,person,0.8638,912,240,74,169,949.0,324.5,12506,105.34,105.34,12.4,detected,0
232.0,232.0,1160,845,person,0.4956,815,264,77,183,853.5,355.5,14091,78.1,78.1,10.2,detected,0
232.0,232.0,1160,847,person,0.2621,6,275,85,161,48.5,355.5,13685,2.55,2.55,10.0,detected,0
232.0,232.0,1160,849,person,0.7779,1782,240,88,204,1826.0,342.0,17952,59.98,59.98,9.4,detected,0
232.0,232.0,1160,850,person,0.2513,111,286,60,132,141.0,352.0,7920,1.41,1.41,9.2,detected,0
232.0,232.0,1160,854,person,0.8428,1221,445,102,230,1272.0,560.0,23460,153.28,153.28,7.4,detected,0
232.0,232.0,1160,855,person,0.5052,556,147,68,143,590.0,218.5,9724,66.42,66.42,7.2,detected,0
232.0,232.0,1160,860,person,0.1934,796,70,57,154,824.5,147.0,8778,38.08,38.08,6.6,detected,0
232.0,232.0,1160,866,person,0.9018,1715,486,103,249,1766.5,610.5,25647,83.77,83.77,5.6,detected,0
232.0,232.0,1160,870,person,0.8872,938,439,86,226,981.0,552.0,19436,147.58,147.58,4.4,detected,0
232.0,232.0,1160,877,person,0.5566,305,238,74,174,342.0,325.0,12876,78.71,78.71,2.0,detected,0
232.0,232.0,1160,878,person,0.6912,1274,27,62,135,1305.0,94.5,8370,43.55,43.55,2.0,detected,0
233.0,233.0,1165,578,person,0.876,1153,418,72,237,1189.0,536.5,17064,2.5,2.5,78.6,detected,0
233.0,233.0,1165,742,person,0.6079,852,126,54,151,879.0,201.5,8154,38.94,38.94,36.0,detected,0
233.0,233.0,1165,752,person,0.2021,1232,0,37,78,1250.5,39.0,2886,30.81,30.81,32.4,detected,0
233.0,233.0,1165,755,person,0.7541,989,106,50,129,1014.0,170.5,6450,57.03,57.03,31.6,detected,0
233.0,233.0,1165,757,person,0.8401,1428,435,93,213,1474.5,541.5,19809,116.41,116.41,30.6,detected,0
233.0,233.0,1165,774,person,0.2548,1266,0,43,105,1287.5,52.5,4515,26.44,13.22,27.0,detected,0
233.0,233.0,1165,788,person,0.4701,812,112,47,139,835.5,181.5,6533,31.75,31.75,24.8,detected,0
233.0,233.0,1165,802,person,0.8925,622,396,84,224,664.0,508.0,18816,115.88,115.88,20.4,detected,0
233.0,233.0,1165,807,person,0.3241,1420,0,43,115,1441.5,57.5,4945,37.57,37.57,19.0,detected,0
233.0,233.0,1165,818,person,0.7881,291,323,99,219,340.5,432.5,21681,113.16,113.16,17.8,detected,0
233.0,233.0,1165,824,person,0.6552,1185,366,66,206,1218.0,469.0,13596,71.98,71.98,16.8,detected,0
233.0,233.0,1165,831,person,0.8746,1277,384,79,201,1316.5,484.5,15879,84.86,84.86,14.8,detected,0
233.0,233.0,1165,838,person,0.494,1162,30,55,141,1189.5,100.5,7755,35.36,35.36,13.6,detected,0
233.0,233.0,1165,839,person,0.8175,964,220,69,169,998.5,304.5,11661,53.39,53.39,13.4,detected,0
233.0,233.0,1165,845,person,0.692,891,243,67,183,924.5,334.5,12261,74.04,74.04,11.2,detected,0
233.0,233.0,1165,847,person,0.2513,6,274,84,162,48.0,355.0,13608,0.71,0.71,11.0,detected,0
233.0,233.0,1165,849,person,0.7059,1809,202,75,140,1846.5,272.0,10500,72.94,72.94,10.4,detected,0
233.0,233.0,1165,850,person,0.1601,111,286,61,131,141.5,351.5,7991,0.71,0.71,10.2,detected,0
233.0,233.0,1165,854,person,0.8986,1346,407,97,219,1394.5,516.5,21243,129.99,129.99,8.4,detected,0
233.0,233.0,1165,855,person,0.4238,610,122,68,141,644.0,192.5,9588,59.93,59.93,8.2,detected,0
233.0,233.0,1165,860,person,0.3261,769,87,53,149,795.5,161.5,7897,32.42,32.42,7.6,detected,0
233.0,233.0,1165,866,person,0.8762,1756,427,96,234,1804.0,544.0,22464,76.34,76.34,6.6,detected,0
233.0,233.0,1165,870,person,0.8968,1035,361,88,214,1079.0,468.0,18832,129.07,129.07,5.4,detected,0
233.0,233.0,1165,877,person,0.5392,371,210,77,168,409.5,294.0,12936,74.28,74.28,3.0,detected,0
233.0,233.0,1165,878,person,0.5968,1217,47,62,146,1248.0,120.0,9052,62.44,62.44,3.0,detected,0
234.0,234.0,1170,578,person,0.899,1149,418,71,236,1184.5,536.0,16756,4.53,4.53,79.6,detected,0
234.0,234.0,1170,742,person,0.453,808,141,51,152,833.5,217.0,7752,48.07,48.07,37.0,detected,0
234.0,234.0,1170,752,person,0.2839,1251,0,34,92,1268.0,46.0,3128,18.85,18.85,33.4,detected,0
234.0,234.0,1170,755,person,0.8266,933,133,53,138,959.5,202.0,7314,62.95,62.95,32.6,detected,0
234.0,234.0,1170,757,person,0.8113,1542,397,90,204,1587.0,499.0,18360,120.26,120.26,31.6,detected,0
234.0,234.0,1170,774,person,0.4144,1282,-1,42,97,1303.0,47.5,4074,16.29,16.29,28.0,predicted,1
234.0,234.0,1170,802,person,0.9141,515,444,92,249,561.0,568.5,22908,119.45,119.45,21.4,detected,0
234.0,234.0,1170,807,person,0.4256,1377,0,46,98,1400.0,49.0,4508,42.36,42.36,20.0,detected,0
234.0,234.0,1170,809,person,0.2235,1499,-1,32,48,1515.0,23.0,1536,75.12,25.04,19.8,predicted,1
234.0,234.0,1170,818,person,0.8464,365,279,92,212,411.0,385.0,19504,85.01,85.01,18.8,detected,0
234.0,234.0,1170,824,person,0.9011,1075,406,76,215,1113.0,513.5,16340,114.04,114.04,17.8,detected,0
234.0,234.0,1170,831,person,0.9081,1232,437,86,204,1275.0,539.0,17544,68.5,68.5,15.8,detected,0
234.0,234.0,1170,838,person,0.4768,1189,9,55,128,1216.5,73.0,7040,38.54,38.54,14.6,detected,0
234.0,234.0,1170,839,person,0.8025,1017,200,62,162,1048.0,281.0,10044,54.8,54.8,14.4,detected,0
234.0,234.0,1170,845,person,0.8289,961,225,66,180,994.0,315.0,11880,72.18,72.18,12.2,detected,0
234.0,234.0,1170,847,person,0.2353,9,274,82,163,50.0,355.5,13366,2.06,2.06,12.0,detected,0
234.0,234.0,1170,849,person,0.3673,1833,168,59,170,1862.5,253.0,10030,24.84,24.84,11.4,detected,0
234.0,234.0,1170,850,person,0.1913,111,286,61,131,141.5,351.5,7991,0.0,0.0,11.2,detected,0
234.0,234.0,1170,854,person,0.8365,1458,369,95,213,1505.5,475.5,20235,118.33,118.33,9.4,detected,0
234.0,234.0,1170,855,person,0.3864,676,103,52,135,702.0,170.5,7020,62.03,62.03,9.2,detected,0
234.0,234.0,1170,860,person,0.3363,726,97,59,142,755.5,168.0,8378,40.52,40.52,8.6,detected,0
234.0,234.0,1170,866,person,0.2888,1772,464,87,180,1815.5,554.0,15660,15.24,15.24,7.6,detected,0
234.0,234.0,1170,870,person,0.7542,1134,299,80,151,1174.0,374.5,12080,133.29,133.29,6.4,detected,0
234.0,234.0,1170,877,person,0.6498,455,189,60,158,485.0,268.0,9480,79.85,79.85,4.0,detected,0
234.0,234.0,1170,878,person,0.6416,1152,71,59,140,1181.5,141.0,8260,69.74,69.74,4.0,detected,0
235.0,235.0,1175,578,person,0.5393,1148,422,71,189,1183.5,516.5,13419,19.53,19.53,80.6,detected,0
235.0,235.0,1175,752,person,0.314,1268,0,32,78,1284.0,39.0,2496,17.46,17.46,34.4,detected,0
235.0,235.0,1175,755,person,0.8725,877,166,56,145,905.0,238.5,8120,65.59,65.59,33.6,detected,0
235.0,235.0,1175,757,person,0.8319,1644,360,90,198,1689.0,459.0,17820,109.56,109.56,32.6,detected,0
235.0,235.0,1175,774,person,0.2822,1295,0,38,76,1314.0,38.0,2888,14.53,14.53,29.0,detected,0
235.0,235.0,1175,788,person,0.2634,741,144,53,112,767.5,200.0,5936,70.47,35.24,26.8,detected,0
235.0,235.0,1175,802,person,0.9227,402,497,98,258,451.0,626.0,25284,124.12,124.12,22.4,detected,0
235.0,235.0,1175,807,person,0.2325,1337,-2,47,87,1360.5,41.5,4089,40.21,40.21,21.0,predicted,1
235.0,235.0,1175,818,person,0.8765,416,242,86,201,459.0,342.5,17286,64.11,64.11,19.8,detected,0
235.0,235.0,1175,824,person,0.9178,1005,461,92,230,1051.0,576.0,21160,88.04,88.04,18.8,detected,0
235.0,235.0,1175,831,person,0.794,1171,490,81,228,1211.5,604.0,18468,90.87,90.87,16.8,detected,0
235.0,235.0,1175,838,person,0.5378,1215,0,51,123,1240.5,61.5,6273,26.61,26.61,15.6,detected,0
235.0,235.0,1175,839,person,0.7646,1067,187,60,163,1097.0,268.5,9780,50.57,50.57,15.4,detected,0
235.0,235.0,1175,845,person,0.8265,1021,207,63,174,1052.5,294.0,10962,62.16,62.16,13.2,detected,0
235.0,235.0,1175,847,person,0.845,2,314,85,175,44.5,401.5,14875,46.33,46.33,13.0,detected,0
235.0,235.0,1175,849,person,0.2488,1851,138,47,165,1874.5,220.5,7755,34.64,34.64,12.4,detected,0
235.0,235.0,1175,850,person,0.1976,112,286,59,131,141.5,351.5,7729,0.0,0.0,12.2,predicted,1
235.0,235.0,1175,854,person,0.7466,1550,325,101,212,1600.5,431.0,21412,104.91,104.91,10.4,detected,0
235.0,235.0,1175,855,person,0.558,701,104,67,155,734.5,181.5,10385,34.31,34.31,10.2,detected,0
235.0,235.0,1175,860,person,0.3401,723,92,63,130,754.5,157.0,8190,11.05,11.05,9.6,detected,0
235.0,235.0,1175,866,person,0.9098,1685,592,94,251,1732.0,717.5,23594,183.59,183.59,8.6,detected,0
235.0,235.0,1175,870,person,0.8158,1227,248,71,184,1262.5,340.0,13064,94.99,94.99,7.4,detected,0
235.0,235.0,1175,877,person,0.6014,513,159,55,157,540.5,237.5,8635,63.33,63.33,5.0,detected,0
235.0,235.0,1175,878,person,0.7459,1084,95,65,146,1116.5,168.0,9490,70.38,70.38,5.0,detected,0
235.0,235.0,1175,879,person,0.3476,993,-3,50,122,1018.0,58.0,6100,0.0,0.0,1.6,predicted,1
235.0,235.0,1175,885,person,0.1692,1404,0,38,78,1423.0,39.0,2964,0.0,0.0,1.4,detected,0
235.0,235.0,1175,891,person,0.1759,1887,865,33,180,1903.5,955.0,5940,0.0,0.0,0.0,detected,0
236.0,236.0,1180,578,person,0.9008,1148,422,73,227,1184.5,535.5,16571,19.03,19.03,81.6,detected,0
236.0,236.0,1180,742,person,0.58,782,71,59,123,811.5,132.5,7257,87.32,43.66,39.0,detected,0
236.0,236.0,1180,755,person,0.8979,815,203,57,153,843.5,279.5,8721,73.91,73.91,34.6,detected,0
236.0,236.0,1180,757,person,0.8879,1730,327,87,192,1773.5,423.0,16704,91.85,91.85,33.6,detected,0
236.0,236.0,1180,774,person,0.3925,1309,0,30,73,1324.0,36.5,2190,10.11,10.11,30.0,detected,0
236.0,236.0,1180,802,person,0.9236,268,557,108,272,322.0,693.0,29376,145.36,145.36,23.4,detected,0
236.0,236.0,1180,807,person,0.2635,1335,0,51,98,1360.5,49.0,4998,7.5,7.5,22.0,detected,0
236.0,236.0,1180,818,person,0.8176,447,203,74,190,484.0,298.0,14060,51.04,51.04,20.8,detected,0
236.0,236.0,1180,824,person,0.9258,950,524,96,244,998.0,646.0,23424,87.8,87.8,19.8,detected,0
236.0,236.0,1180,831,person,0.8944,1075,556,96,233,1123.0,672.5,22368,111.91,111.91,17.8,detected,0
236.0,236.0,1180,838,person,0.4063,1230,0,51,100,1255.5,50.0,5100,18.9,18.9,16.6,detected,0
236.0,236.0,1180,839,person,0.7225,1117,170,46,158,1140.0,249.0,7268,47.21,47.21,16.4,detected,0
236.0,236.0,1180,845,person,0.8434,1074,188,68,172,1108.0,274.0,11696,58.99,58.99,14.2,detected,0
236.0,236.0,1180,847,person,0.3871,15,287,79,164,54.5,369.0,12956,34.0,34.0,14.0,detected,0
236.0,236.0,1180,850,person,0.813,98,295,71,183,133.5,386.5,12993,35.9,35.9,13.2,detected,0
236.0,236.0,1180,854,person,0.8635,1631,297,96,197,1679.0,395.5,18912,86.15,86.15,11.4,detected,0
236.0,236.0,1180,855,person,0.5584,688,148,70,131,723.0,213.5,9170,34.0,34.0,11.2,detected,0
236.0,236.0,1180,866,person,0.8811,1565,661,99,263,1614.5,792.5,26037,139.4,139.4,9.6,detected,0
236.0,236.0,1180,870,person,0.8469,1297,201,65,177,1329.5,289.5,11505,83.9,83.9,8.4,detected,0
236.0,236.0,1180,877,person,0.5456,568,134,54,153,595.0,210.5,8262,60.82,60.82,6.0,detected,0
236.0,236.0,1180,878,person,0.5232,1024,121,67,143,1057.5,192.5,9581,63.88,63.88,6.0,detected,0
236.0,236.0,1180,879,person,0.2012,1032,-2,51,103,1057.5,49.5,5253,40.4,40.4,2.6,predicted,1
236.0,236.0,1180,885,person,0.2429,1380,0,41,95,1400.5,47.5,3895,24.05,24.05,2.4,detected,0
236.0,236.0,1180,891,person,0.2229,1886,866,33,211,1902.5,971.5,6963,16.53,16.53,1.0,detected,0
236.0,236.0,1180,892,person,0.8415,1618,788,122,280,1679.0,928.0,34160,0.0,0.0,0.8,detected,0
236.0,236.0,1180,894,person,0.3857,1562,1035,71,45,1597.5,1057.5,3195,0.0,0.0,0.8,detected,0
237.0,237.0,1185,578,person,0.9039,1149,423,73,233,1185.5,539.5,17009,4.12,4.12,82.6,detected,0
237.0,237.0,1185,742,person,0.2549,850,50,49,123,874.5,111.5,6027,66.41,66.41,40.0,detected,0
237.0,237.0,1185,755,person,0.858,742,236,64,168,774.0,320.0,10752,80.44,80.44,35.6,detected,0
237.0,237.0,1185,757,person,0.7906,1785,294,71,185,1820.5,386.5,13135,59.51,59.51,34.6,detected,0
237.0,237.0,1185,788,person,0.4695,627,171,63,121,658.5,231.5,7623,113.46,56.73,28.8,detected,0
237.0,237.0,1185,802,person,0.9284,112,628,128,288,176.0,772.0,36864,166.0,166.0,24.4,detected,0
237.0,237.0,1185,807,person,0.6826,1304,0,49,116,1328.5,58.0,5684,33.24,33.24,23.0,detected,0
237.0,237.0,1185,818,person,0.8233,484,170,68,181,518.0,260.5,12308,50.62,50.62,21.8,detected,0
237.0,237.0,1185,824,person,0.9372,880,599,97,256,928.5,727.0,24832,106.73,106.73,20.8,detected,0
237.0,237.0,1185,831,person,0.921,987,624,109,253,1041.5,750.5,27577,112.81,112.81,18.8,detected,0
237.0,237.0,1185,838,person,0.3608,1249,0,45,80,1271.5,40.0,3600,18.87,18.87,17.6,detected,0
237.0,237.0,1185,839,person,0.2652,1158,154,39,149,1177.5,228.5,5811,42.74,42.74,17.4,detected,0
237.0,237.0,1185,845,person,0.7684,1121,171,67,166,1154.5,254.0,11122,50.62,50.62,15.2,detected,0
237.0,237.0,1185,847,person,0.3599,12,276,79,159,51.5,355.5,12561,13.83,13.83,15.0,detected,0
237.0,237.0,1185,850,person,0.4497,113,288,61,137,143.5,356.5,8357,31.62,31.62,14.2,detected,0
237.0,237.0,1185,854,person,0.881,1693,265,89,192,1737.5,361.0,17088,67.92,67.92,12.4,detected,0
237.0,237.0,1185,855,person,0.4757,652,173,63,120,683.5,233.0,7560,44.05,44.05,12.2,detected,0
237.0,237.0,1185,866,person,0.9058,1441,743,112,281,1497.0,883.5,31472,148.62,148.62,10.6,detected,0
237.0,237.0,1185,870,person,0.8285,1351,159,60,165,1381.0,241.5,9900,70.4,70.4,9.4,detected,0
237.0,237.0,1185,877,person,0.1815,631,121,49,120,655.5,181.0,5880,67.31,67.31,7.0,detected,0
237.0,237.0,1185,878,person,0.827,969,150,71,173,1004.5,236.5,12283,68.88,68.88,7.0,detected,0
237.0,237.0,1185,879,person,0.3857,1051,0,52,81,1077.0,40.5,4212,21.48,21.48,3.6,detected,0
237.0,237.0,1185,885,person,0.5963,1346,1,43,112,1367.5,57.0,4816,34.34,34.34,3.4,detected,0
237.0,237.0,1185,890,person,0.7808,180,276,83,181,221.5,366.5,15023,0.0,0.0,2.2,detected,0
237.0,237.0,1185,891,person,0.2491,1889,865,30,178,1904.0,954.0,5340,17.56,17.56,2.0,detected,0
237.0,237.0,1185,892,person,0.7548,1649,672,127,268,1712.5,806.0,34036,126.52,126.52,1.8,detected,0
237.0,237.0,1185,893,person,0.37,1640,678,131,318,1705.5,837.0,41658,0.0,0.0,1.8,detected,0
237.0,237.0,1185,894,person,0.8267,1572,997,104,83,1624.0,1038.5,8632,32.61,32.61,1.8,detected,0
238.0,238.0,1190,578,person,0.9075,1150,424,72,231,1186.0,539.5,16632,0.5,0.5,83.6,detected,0
238.0,238.0,1190,742,person,0.4058,901,34,54,120,928.0,94.0,6480,56.29,56.29,41.0,detected,0
238.0,238.0,1190,755,person,0.8259,644,284,63,170,675.5,369.0,10710,110.01,110.01,36.6,detected,0
238.0,238.0,1190,757,person,0.2228,1822,266,58,78,1851.0,305.0,4524,87.02,87.02,35.6,detected,0
238.0,238.0,1190,788,person,0.5669,574,207,56,164,602.0,289.0,9184,80.61,80.61,29.8,detected,0
238.0,238.0,1190,802,person,0.8056,1,733,84,255,43.0,860.5,21420,159.75,159.75,25.4,detected,0
238.0,238.0,1190,807,person,0.8158,1268,2,51,132,1293.5,68.0,6732,36.4,36.4,24.0,detected,0
238.0,238.0,1190,818,person,0.6302,538,143,58,175,567.0,230.5,10150,57.45,57.45,22.8,detected,0
238.0,238.0,1190,824,person,0.9375,790,684,102,271,841.0,819.5,27642,127.33,127.33,21.8,detected,0
238.0,238.0,1190,831,person,0.9336,902,707,120,272,962.0,843.0,32640,121.97,121.97,19.8,detected,0
238.0,238.0,1190,839,person,0.822,1160,139,76,180,1198.0,229.0,13680,20.51,20.51,18.4,detected,0
238.0,238.0,1190,847,person,0.3966,10,275,81,160,50.5,355.0,12960,1.12,1.12,16.0,detected,0
238.0,238.0,1190,850,person,0.354,112,286,60,133,142.0,352.5,7980,4.27,4.27,15.2,detected,0
238.0,238.0,1190,854,person,0.8242,1734,243,83,187,1775.5,336.5,15521,45.21,45.21,13.4,detected,0
238.0,238.0,1190,855,person,0.51,631,182,55,121,658.5,242.5,6655,26.74,26.74,13.2,detected,0
238.0,238.0,1190,866,person,0.7495,1342,851,121,229,1402.5,965.5,27709,125.12,125.12,11.6,detected,0
238.0,238.0,1190,870,person,0.8527,1396,125,63,157,1427.5,203.5,9891,60.05,60.05,10.4,detected,0
238.0,238.0,1190,877,person,0.6481,677,98,54,138,704.0,167.0,7452,50.48,50.48,8.0,detected,0
238.0,238.0,1190,878,person,0.8529,915,180,74,182,952.0,271.0,13468,62.82,62.82,8.0,detected,0
238.0,238.0,1190,879,person,0.2739,1083,0,42,65,1104.0,32.5,2730,28.16,28.16,4.6,detected,0
238.0,238.0,1190,885,person,0.6783,1315,16,42,116,1336.0,74.0,4872,35.79,35.79,4.4,detected,0
238.0,238.0,1190,890,person,0.8145,270,248,72,170,306.0,333.0,12240,90.9,90.9,3.2,detected,0
238.0,238.0,1190,892,person,0.9114,1670,576,114,271,1727.0,711.5,30894,95.61,95.61,2.8,detected,0
238.0,238.0,1190,894,person,0.2144,1637,970,83,106,1678.5,1023.0,8798,56.66,56.66,2.8,predicted,1
239.0,239.0,1195,578,person,0.9082,1149,423,72,230,1185.0,538.0,16560,1.8,1.8,84.6,detected,0
239.0,239.0,1195,742,person,0.5075,943,16,48,119,967.0,75.5,5712,43.17,43.17,42.0,detected,0
239.0,239.0,1195,755,person,0.8915,528,324,66,183,561.0,415.5,12078,123.58,123.58,37.6,detected,0
239.0,239.0,1195,757,person,0.3871,1857,250,34,84,1874.0,292.0,2856,26.42,26.42,36.6,predicted,1
239.0,239.0,1195,788,person,0.7908,530,228,59,138,559.5,297.0,8142,43.25,43.25,30.8,detected,0
239.0,239.0,1195,807,person,0.7549,1236,18,54,135,1263.0,85.5,7290,35.16,35.16,25.0,detected,0
239.0,239.0,1195,818,person,0.6959,613,115,64,134,645.0,182.0,8576,91.85,91.85,23.8,detected,0
239.0,239.0,1195,824,person,0.9422,688,780,110,289,743.0,924.5,31790,143.63,143.63,22.8,detected,0
239.0,239.0,1195,831,person,0.9316,807,808,125,268,869.5,942.0,33500,135.49,135.49,20.8,detected,0
239.0,239.0,1195,839,person,0.663,1200,125,75,177,1237.5,213.5,13275,42.43,42.43,19.4,detected,0
239.0,239.0,1195,847,person,0.418,5,273,86,163,48.0,354.5,14018,2.55,2.55,17.0,detected,0
239.0,239.0,1195,850,person,0.2792,111,286,61,133,141.5,352.5,8113,0.5,0.5,16.2,detected,0
239.0,239.0,1195,854,person,0.7594,1776,219,80,183,1816.0,310.5,14640,48.13,48.13,14.4,detected,0
239.0,239.0,1195,855,person,0.5429,594,198,62,127,625.0,261.5,7874,38.51,38.51,14.2,detected,0
239.0,239.0,1195,866,person,0.4212,1250,986,123,94,1311.5,1033.0,11562,113.3,113.3,12.6,detected,0
239.0,239.0,1195,870,person,0.8591,1433,90,60,148,1463.0,164.0,8880,53.11,53.11,11.4,detected,0
239.0,239.0,1195,877,person,0.7614,738,80,49,139,762.5,149.5,6811,61.06,61.06,9.0,detected,0
239.0,239.0,1195,878,person,0.7349,849,215,78,188,888.0,309.0,14664,74.43,74.43,9.0,detected,0
239.0,239.0,1195,879,person,0.1814,1117,0,34,48,1134.0,24.0,1632,31.18,31.18,5.6,detected,0
239.0,239.0,1195,885,person,0.2665,1286,32,42,120,1307.0,92.0,5040,34.13,34.13,5.4,detected,0
239.0,239.0,1195,890,person,0.8028,349,217,72,166,385.0,300.0,11952,85.62,85.62,4.2,detected,0
239.0,239.0,1195,891,person,0.3179,1886,866,33,214,1902.5,973.0,7062,19.06,9.53,4.0,detected,0
239.0,239.0,1195,892,person,0.8802,1675,496,109,215,1729.5,603.5,23435,108.03,108.03,3.8,detected,0
239.0,239.0,1195,893,person,0.1576,1689,620,118,302,1748.0,771.0,35636,78.5,39.25,3.8,detected,0
239.0,239.0,1195,902,person,0.4496,560,154,66,148,593.0,228.0,9768,0.0,0.0,0.6,detected,0
239.0,239.0,1195,904,person,0.7018,1685,621,122,233,1746.0,737.5,28426,0.0,0.0,0.2,detected,0
240.0,240.0,1200,578,person,0.9086,1149,423,74,230,1186.0,538.0,17020,1.0,1.0,85.6,detected,0
240.0,240.0,1200,742,person,0.5471,985,3,45,113,1007.5,59.5,5085,43.55,43.55,43.0,detected,0
240.0,240.0,1200,755,person,0.9069,396,380,69,188,430.5,474.0,12972,143.01,143.01,38.6,detected,0
240.0,240.0,1200,788,person,0.6532,512,177,56,115,540.0,234.5,6440,65.47,65.47,31.8,detected,0
240.0,240.0,1200,807,person,0.5584,1201,35,54,130,1228.0,100.0,7020,37.88,37.88,26.0,detected,0
240.0,240.0,1200,818,person,0.7358,687,95,62,167,718.0,178.5,10354,73.08,73.08,24.8,detected,0
240.0,240.0,1200,824,person,0.8954,582,897,115,183,639.5,988.5,21045,121.69,121.69,23.8,detected,0
240.0,240.0,1200,831,person,0.8836,708,927,131,153,773.5,1003.5,20043,114.01,114.01,21.8,detected,0
240.0,240.0,1200,839,person,0.8203,1259,122,66,159,1292.0,201.5,10494,55.81,55.81,20.4,detected,0
240.0,240.0,1200,847,person,0.3502,5,274,86,162,48.0,355.0,13932,0.5,0.5,18.0,detected,0
240.0,240.0,1200,850,person,0.2,112,287,60,131,142.0,352.5,7860,0.5,0.5,17.2,detected,0
240.0,240.0,1200,854,person,0.3961,1834,184,54,162,1861.0,265.0,8748,63.99,63.99,15.4,detected,0
240.0,240.0,1200,855,person,0.7223,563,217,56,156,591.0,295.0,8736,47.73,47.73,15.2,detected,0
240.0,240.0,1200,870,person,0.7222,1464,57,54,148,1491.0,131.0,7992,43.28,43.28,12.4,detected,0
240.0,240.0,1200,877,person,0.7295,797,65,47,134,820.5,132.0,6298,60.58,60.58,10.0,detected,0
240.0,240.0,1200,878,person,0.8931,772,252,79,200,811.5,352.0,15800,87.76,87.76,10.0,detected,0
240.0,240.0,1200,885,person,0.3462,1252,52,48,96,1276.0,100.0,4608,32.02,32.02,6.4,detected,0
240.0,240.0,1200,890,person,0.8197,429,190,67,158,462.5,269.0,10586,83.47,83.47,5.2,detected,0
240.0,240.0,1200,891,person,0.3325,1886,865,34,215,1903.0,972.5,7310,0.71,0.71,5.0,detected,0
240.0,240.0,1200,892,person,0.6908,1688,429,95,158,1735.5,508.0,15010,95.69,95.69,4.8,detected,0
240.0,240.0,1200,903,person,0.8429,499,252,75,185,536.5,344.5,13875,0.0,0.0,1.4,detected,0
240.0,240.0,1200,904,person,0.8932,1661,542,122,291,1722.0,687.5,35502,55.46,55.46,1.2,detected,0
240.0,240.0,1200,908,person,0.3239,1697,0,43,74,1718.5,37.0,3182,0.0,0.0,0.8,detected,0
240.0,240.0,1200,910,person,0.2316,1399,0,23,43,1410.5,21.5,989,0.0,0.0,0.8,detected,0
240.0,240.0,1200,911,person,0.7223,1226,113,51,143,1251.5,184.5,7293,0.0,0.0,0.4,detected,0
240.0,240.0,1200,912,person,0.8807,272,971,128,109,336.0,1025.5,13952,0.0,0.0,0.4,detected,0
241.0,241.0,1205,578,person,0.9038,1152,420,71,233,1187.5,536.5,16543,2.12,2.12,86.6,detected,0
241.0,241.0,1205,742,person,0.538,1020,0,44,101,1042.0,50.5,4444,35.65,35.65,44.0,detected,0
241.0,241.0,1205,755,person,0.9082,262,440,77,201,300.5,540.5,15477,146.02,146.02,39.6,detected,0
241.0,241.0,1205,788,person,0.7806,449,196,80,161,489.0,276.5,12880,66.07,66.07,32.8,detected,0
241.0,241.0,1205,807,person,0.7937,1163,53,56,142,1191.0,124.0,7952,44.1,44.1,27.0,detected,0
241.0,241.0,1205,818,person,0.7549,768,76,64,163,800.0,157.5,10432,84.65,84.65,25.8,detected,0
241.0,241.0,1205,824,person,0.8784,440,864,123,212,501.5,970.0,26076,139.23,139.23,24.8,detected,0
241.0,241.0,1205,831,person,0.3167,580,1065,79,35,619.5,1082.5,2765,173.08,173.08,22.8,predicted,1
241.0,241.0,1205,839,person,0.838,1308,113,64,154,1340.0,190.0,9856,49.36,49.36,21.4,detected,0
241.0,241.0,1205,847,person,0.3364,11,276,81,160,51.5,356.0,12960,3.64,3.64,19.0,detected,0
241.0,241.0,1205,850,person,0.191,111,287,61,131,141.5,352.5,7991,0.5,0.5,18.2,detected,0
241.0,241.0,1205,870,person,0.7274,1502,32,51,137,1527.5,100.5,6987,47.57,47.57,13.4,detected,0
241.0,241.0,1205,877,person,0.6447,846,49,44,129,868.0,113.5,5676,50.98,50.98,11.0,detected,0
241.0,241.0,1205,878,person,0.8851,689,291,84,213,731.0,397.5,17892,92.47,92.47,11.0,detected,0
241.0,241.0,1205,885,person,0.7509,1213,75,49,121,1237.5,135.5,5929,52.37,52.37,7.4,detected,0
241.0,241.0,1205,890,person,0.3748,512,172,67,141,545.5,242.5,9447,87.13,87.13,6.2,detected,0
241.0,241.0,1205,891,person,0.178,1888,865,31,201,1903.5,965.5,6231,7.02,7.02,6.0,detected,0
241.0,241.0,1205,892,person,0.8122,1695,367,79,144,1734.5,439.0,11376,69.01,69.01,5.8,detected,0
241.0,241.0,1205,903,person,0.7227,482,275,75,187,519.5,368.5,14025,29.41,29.41,2.4,detected,0
241.0,241.0,1205,904,person,0.9283,1646,470,111,270,1701.5,605.0,29970,85.01,85.01,2.2,detected,0
241.0,241.0,1205,908,person,0.5286,1674,1,49,92,1698.5,47.0,4508,22.36,22.36,1.8,detected,0
241.0,241.0,1205,910,person,0.1679,1357,1,29,59,1371.5,30.5,1711,40.02,40.02,1.8,detected,0
241.0,241.0,1205,911,person,0.7922,1252,98,58,142,1281.0,169.0,8236,33.32,33.32,1.4,detected,0
241.0,241.0,1205,912,person,0.3239,458,1000,94,80,505.0,1040.0,7520,169.62,169.62,1.4,detected,0
242.0,242.0,1210,578,person,0.9105,1157,415,71,236,1192.5,533.0,16756,6.1,6.1,87.6,detected,0
242.0,242.0,1210,742,person,0.2014,1043,0,49,85,1067.5,42.5,4165,26.73,26.73,45.0,detected,0
242.0,242.0,1210,755,person,0.9137,114,511,98,211,163.0,616.5,20678,157.11,157.11,40.6,detected,0
242.0,242.0,1210,788,person,0.8484,394,216,85,197,436.5,314.5,16745,64.81,64.81,33.8,detected,0
242.0,242.0,1210,807,person,0.8567,1130,73,54,145,1157.0,145.5,7830,40.23,40.23,28.0,detected,0
242.0,242.0,1210,818,person,0.6604,831,57,65,153,863.5,133.5,9945,67.88,67.88,26.8,detected,0
242.0,242.0,1210,824,person,0.9231,575,744,119,309,634.5,898.5,36771,151.0,151.0,25.8,detected,0
242.0,242.0,1210,839,person,0.8635,1344,98,65,151,1376.5,173.5,9815,40.06,40.06,22.4,detected,0
242.0,242.0,1210,847,person,0.3184,9,277,82,159,50.0,356.5,13038,1.58,1.58,20.0,detected,0
242.0,242.0,1210,850,person,0.16,111,287,61,131,141.5,352.5,7991,0.0,0.0,19.2,predicted,1
242.0,242.0,1210,855,person,0.4322,470,266,54,183,497.0,357.5,9882,112.88,56.44,17.2,detected,0
242.0,242.0,1210,870,person,0.7162,1543,9,46,129,1566.0,73.5,5934,47.02,47.02,14.4,detected,0
242.0,242.0,1210,877,person,0.3303,877,28,49,130,901.5,93.0,6370,39.27,39.27,12.0,detected,0
242.0,242.0,1210,878,person,0.9097,601,341,90,220,646.0,451.0,19800,100.44,100.44,12.0,detected,0
242.0,242.0,1210,885,person,0.8469,1177,91,48,129,1201.0,155.5,6192,41.62,41.62,8.4,detected,0
242.0,242.0,1210,890,person,0.7613,600,154,61,149,630.5,228.5,9089,86.15,86.15,7.2,detected,0
242.0,242.0,1210,892,person,0.8515,1713,314,79,190,1752.5,409.0,15010,34.99,34.99,6.8,detected,0
242.0,242.0,1210,903,person,0.8277,462,300,70,194,497.0,397.0,13580,36.31,36.31,3.4,detected,0
242.0,242.0,1210,904,person,0.9312,1639,403,107,248,1692.5,527.0,26536,78.52,78.52,3.2,detected,0
242.0,242.0,1210,908,person,0.7581,1650,0,50,112,1675.0,56.0,5600,25.16,25.16,2.8,detected,0
242.0,242.0,1210,910,person,0.2405,1317,0,42,80,1338.0,40.0,3360,34.82,34.82,2.8,detected,0
242.0,242.0,1210,911,person,0.8226,1288,89,57,136,1316.5,157.0,7752,37.47,37.47,2.4,detected,0
242.0,242.0,1210,917,person,0.5814,1794,385,72,200,1830.0,485.0,14400,0.0,0.0,0.2,detected,0
243.0,243.0,1215,578,person,0.8965,1133,424,80,237,1173.0,542.5,18960,21.69,21.69,88.6,detected,0
243.0,243.0,1215,742,person,0.5638,1076,0,41,70,1096.5,35.0,2870,29.95,29.95,46.0,detected,0
243.0,243.0,1215,755,person,0.7202,1,623,58,176,30.0,711.0,10208,163.15,163.15,41.6,detected,0
243.0,243.0,1215,788,person,0.8317,355,238,79,199,394.5,337.5,15721,47.89,47.89,34.8,detected,0
243.0,243.0,1215,807,person,0.8614,1096,95,56,149,1124.0,169.5,8344,40.8,40.8,29.0,detected,0
243.0,243.0,1215,818,person,0.7074,903,40,58,148,932.0,114.0,8584,71.22,71.22,27.8,detected,0
243.0,243.0,1215,824,person,0.9165,712,654,116,290,770.0,799.0,33640,168.11,168.11,26.8,detected,0
243.0,243.0,1215,839,person,0.7706,1373,82,63,149,1404.5,156.5,9387,32.76,32.76,23.4,detected,0
243.0,243.0,1215,847,person,0.3439,8,274,83,162,49.5,355.0,13446,1.58,1.58,21.0,detected,0
243.0,243.0,1215,850,person,0.2716,111,287,60,132,141.0,353.0,7920,0.71,0.71,20.2,detected,0
243.0,243.0,1215,855,person,0.343,447,297,50,205,472.0,399.5,10250,48.88,48.88,18.2,detected,0
243.0,243.0,1215,870,person,0.5811,1577,0,49,113,1601.5,56.5,5537,39.36,39.36,15.4,detected,0
243.0,243.0,1215,878,person,0.8817,499,393,96,230,547.0,508.0,22080,114.24,114.24,13.0,detected,0
243.0,243.0,1215,885,person,0.8272,1147,111,51,133,1172.5,177.5,6783,36.0,36.0,9.4,detected,0
243.0,243.0,1215,890,person,0.7461,669,131,56,147,697.0,204.5,8232,70.7,70.7,8.2,detected,0
243.0,243.0,1215,892,person,0.8228,1748,266,68,184,1782.0,358.0,12512,58.92,58.92,7.8,detected,0
243.0,243.0,1215,902,person,0.4248,426,276,50,133,451.0,342.5,6650,182.41,45.6,4.6,detected,0
243.0,243.0,1215,903,person,0.2359,426,292,74,213,463.0,398.5,15762,34.03,34.03,4.4,detected,0
243.0,243.0,1215,904,person,0.8879,1639,346,100,234,1689.0,463.0,23400,64.1,64.1,4.2,detected,0
243.0,243.0,1215,908,person,0.8028,1625,2,54,132,1652.0,68.0,7128,25.94,25.94,3.8,detected,0
243.0,243.0,1215,910,person,0.6119,1282,0,44,100,1304.0,50.0,4400,35.44,35.44,3.8,detected,0
243.0,243.0,1215,911,person,0.7559,1327,75,51,138,1352.5,144.0,7038,38.28,38.28,3.4,detected,0
243.0,243.0,1215,917,person,0.8706,1719,417,99,223,1768.5,528.5,22077,75.33,75.33,1.2,detected,0
243.0,243.0,1215,919,person,0.8918,1765,478,89,238,1809.5,597.0,21182,0.0,0.0,0.8,detected,0
244.0,244.0,1220,578,person,0.9033,1017,444,99,228,1066.5,558.0,22572,107.62,107.62,89.6,detected,0
244.0,244.0,1220,742,person,0.2859,1101,0,35,55,1118.5,27.5,1925,23.24,23.24,47.0,detected,0
244.0,244.0,1220,788,person,0.6014,292,259,83,207,333.5,362.5,17181,65.92,65.92,35.8,detected,0
244.0,244.0,1220,807,person,0.8462,1058,117,59,155,1087.5,194.5,9145,44.24,44.24,30.0,detected,0
244.0,244.0,1220,818,person,0.5703,962,26,52,138,988.0,95.0,7176,59.14,59.14,28.8,detected,0
244.0,244.0,1220,824,person,0.921,829,576,103,270,880.5,711.0,27810,141.26,141.26,27.8,detected,0
244.0,244.0,1220,839,person,0.7959,1399,70,57,146,1427.5,143.0,8322,26.67,26.67,24.4,detected,0
244.0,244.0,1220,847,person,0.8442,10,321,90,194,55.0,418.0,17460,63.24,63.24,22.0,detected,0
244.0,244.0,1220,850,person,0.1743,112,287,60,131,142.0,352.5,7860,1.12,1.12,21.2,detected,0
244.0,244.0,1220,878,person,0.8857,378,452,103,245,429.5,574.5,25235,135.01,135.01,14.0,detected,0
244.0,244.0,1220,885,person,0.8216,1110,134,54,139,1137.0,203.5,7506,44.0,44.0,10.4,detected,0
244.0,244.0,1220,890,person,0.6887,733,109,49,140,757.5,179.0,6860,65.65,65.65,9.2,detected,0
244.0,244.0,1220,891,person,0.1531,1887,865,32,185,1903.0,957.5,5920,8.02,2.67,9.0,detected,0
244.0,244.0,1220,892,person,0.7285,1789,225,66,183,1822.0,316.5,12078,57.64,57.64,8.8,detected,0
244.0,244.0,1220,902,person,0.7548,377,295,66,167,410.0,378.5,11022,54.56,54.56,5.6,detected,0
244.0,244.0,1220,903,person,0.8683,433,310,68,193,467.0,406.5,13124,8.94,8.94,5.4,detected,0
244.0,244.0,1220,904,person,0.911,1649,295,94,207,1696.0,398.5,19458,64.88,64.88,5.2,detected,0
244.0,244.0,1220,908,person,0.5999,1601,20,59,138,1630.5,89.0,8142,30.05,30.05,4.8,detected,0
244.0,244.0,1220,910,person,0.7008,1245,1,47,120,1268.5,61.0,5640,37.17,37.17,4.8,detected,0
244.0,244.0,1220,911,person,0.6949,1361,63,46,135,1384.0,130.5,6210,34.27,34.27,4.4,detected,0
244.0,244.0,1220,917,person,0.9329,1596,471,103,237,1647.5,589.5,24411,135.51,135.51,2.2,detected,0
244.0,244.0,1220,919,person,0.9276,1697,544,100,253,1747.0,670.5,25300,96.48,96.48,1.8,detected,0
244.0,244.0,1220,925,person,0.9202,1086,920,122,160,1147.0,1000.0,19520,0.0,0.0,0.6,detected,0
245.0,245.0,1225,578,person,0.8269,878,459,92,223,924.0,570.5,20516,143.05,143.05,90.6,detected,0
245.0,245.0,1225,742,person,0.2952,1121,0,27,41,1134.5,20.5,1107,17.46,17.46,48.0,detected,0
245.0,245.0,1225,788,person,0.8784,236,284,90,215,281.0,391.5,19350,59.98,59.98,36.8,detected,0
245.0,245.0,1225,807,person,0.8439,1011,141,62,160,1042.0,221.0,9920,52.65,52.65,31.0,detected,0
245.0,245.0,1225,818,person,0.7634,1013,10,52,135,1039.0,77.5,7020,53.92,53.92,29.8,detected,0
245.0,245.0,1225,824,person,0.9152,940,513,99,254,989.5,640.0,25146,130.08,130.08,28.8,detected,0
245.0,245.0,1225,839,person,0.6832,1422,59,57,145,1450.5,131.5,8265,25.71,25.71,25.4,detected,0
245.0,245.0,1225,847,person,0.3835,17,284,80,161,57.0,364.5,12880,53.54,53.54,23.0,detected,0
245.0,245.0,1225,850,person,0.7484,114,296,84,198,156.0,395.0,16632,44.75,44.75,22.2,detected,0
245.0,245.0,1225,870,person,0.3759,1644,0,41,67,1664.5,33.5,2747,67.07,33.53,17.4,detected,0
245.0,245.0,1225,878,person,0.9203,241,522,112,261,297.0,652.5,29232,153.75,153.75,15.0,detected,0
245.0,245.0,1225,885,person,0.805,1065,159,58,143,1094.0,230.5,8294,50.77,50.77,11.4,detected,0
245.0,245.0,1225,890,person,0.6853,794,90,55,137,821.5,158.5,7535,67.2,67.2,10.2,detected,0
245.0,245.0,1225,891,person,0.2053,1890,865,29,174,1904.5,952.0,5046,5.7,5.7,10.0,detected,0
245.0,245.0,1225,892,person,0.7246,1824,191,62,149,1855.0,265.5,9238,60.75,60.75,9.8,detected,0
245.0,245.0,1225,902,person,0.8721,332,318,70,182,367.0,409.0,12740,52.72,52.72,6.6,detected,0
245.0,245.0,1225,903,person,0.8631,398,326,71,193,433.5,422.5,13703,37.12,37.12,6.4,detected,0
245.0,245.0,1225,904,person,0.8849,1656,251,89,208,1700.5,355.0,18512,43.73,43.73,6.2,detected,0
245.0,245.0,1225,908,person,0.7912,1573,40,60,143,1603.0,111.5,8580,35.53,35.53,5.8,detected,0
245.0,245.0,1225,910,person,0.6949,1207,19,49,122,1231.5,80.0,5978,41.59,41.59,5.8,detected,0
245.0,245.0,1225,911,person,0.6308,1381,54,52,134,1407.0,121.0,6968,24.88,24.88,5.4,detected,0
245.0,245.0,1225,917,person,0.9129,1538,509,99,255,1587.5,636.5,25245,76.22,76.22,3.2,detected,0
245.0,245.0,1225,919,person,0.9203,1656,618,108,271,1710.0,753.5,29268,90.87,90.87,2.8,detected,0
245.0,245.0,1225,925,person,0.9306,1051,775,111,286,1106.5,918.0,31746,91.46,91.46,1.6,detected,0
246.0,246.0,1230,578,person,0.9202,722,484,104,241,774.0,604.5,25064,153.81,153.81,91.6,detected,0
246.0,246.0,1230,742,person,0.1602,1147,-1,30,30,1162.0,14.0,900,28.26,28.26,49.0,detected,0
246.0,246.0,1230,788,person,0.8538,175,303,95,216,222.5,411.0,20520,61.66,61.66,37.8,detected,0
246.0,246.0,1230,807,person,0.8662,962,167,61,167,992.5,250.5,10187,57.62,57.62,32.0,detected,0
246.0,246.0,1230,818,person,0.5778,1069,0,49,125,1093.5,62.5,6125,56.53,56.53,30.8,detected,0
246.0,246.0,1230,824,person,0.9098,1035,457,92,229,1081.0,571.5,21068,114.3,114.3,29.8,detected,0
246.0,246.0,1230,839,person,0.8323,1452,49,59,140,1481.5,119.0,8260,33.43,33.43,26.4,detected,0
246.0,246.0,1230,847,person,0.2881,13,279,77,156,51.5,357.0,12012,9.3,9.3,24.0,detected,0
246.0,246.0,1230,850,person,0.1837,112,286,61,138,142.5,355.0,8418,42.22,42.22,23.2,detected,0
246.0,246.0,1230,870,person,0.1632,1669,0,31,46,1684.5,23.0,1426,22.59,22.59,18.4,detected,0
246.0,246.0,1230,878,person,0.9164,92,600,122,278,153.0,739.0,33916,167.98,167.98,16.0,detected,0
246.0,246.0,1230,885,person,0.8503,1015,185,61,147,1045.5,258.5,8967,56.0,56.0,12.4,detected,0
246.0,246.0,1230,890,person,0.6102,841,73,51,133,866.5,139.5,6783,48.85,48.85,11.2,detected,0
246.0,246.0,1230,891,person,0.1502,1890,865,29,174,1904.5,952.0,5046,0.0,0.0,11.0,detected,0
246.0,246.0,1230,892,person,0.2217,1866,155,31,135,1881.5,222.5,4185,50.51,50.51,10.8,predicted,1
246.0,246.0,1230,902,person,0.8456,276,341,79,185,315.5,433.5,14615,57.03,57.03,7.6,detected,0
246.0,246.0,1230,903,person,0.872,342,351,76,200,380.0,451.0,15200,60.62,60.62,7.4,detected,0
246.0,246.0,1230,904,person,0.893,1664,214,85,202,1706.5,315.0,17170,40.45,40.45,7.2,detected,0
246.0,246.0,1230,908,person,0.83,1539,66,56,142,1567.0,137.0,7952,44.12,44.12,6.8,detected,0
246.0,246.0,1230,910,person,0.8363,1173,40,48,126,1197.0,103.0,6048,41.46,41.46,6.8,detected,0
246.0,246.0,1230,911,person,0.787,1400,43,53,131,1426.5,108.5,6943,23.16,23.16,6.4,detected,0
246.0,246.0,1230,917,person,0.9283,1541,559,83,253,1582.5,685.5,20999,49.25,49.25,4.2,detected,0
246.0,246.0,1230,919,person,0.915,1623,707,115,288,1680.5,851.0,33120,101.87,101.87,3.8,detected,0
246.0,246.0,1230,925,person,0.906,1014,660,102,277,1065.0,798.5,28254,126.5,126.5,2.6,detected,0
246.0,246.0,1230,927,person,0.1511,237,267,78,149,276.0,341.5,11622,0.0,0.0,2.4,detected,0
247.0,247.0,1235,578,person,0.9109,572,522,92,248,618.0,646.0,22816,161.43,161.43,92.6,detected,0
247.0,247.0,1235,742,person,0.1711,1182,1,34,33,1199.0,17.5,1122,37.17,37.17,50.0,predicted,1
247.0,247.0,1235,788,person,0.8764,114,332,91,222,159.5,443.0,20202,70.66,70.66,38.8,detected,0
247.0,247.0,1235,807,person,0.8922,904,196,64,173,936.0,282.5,11072,64.93,64.93,33.0,detected,0
247.0,247.0,1235,818,person,0.3293,1118,-2,54,112,1145.0,54.0,6048,52.2,52.2,31.8,predicted,1
247.0,247.0,1235,824,person,0.909,1123,407,87,222,1166.5,518.0,19314,100.86,100.86,30.8,detected,0
247.0,247.0,1235,839,person,0.4676,1487,38,56,125,1515.0,100.5,7000,38.27,38.27,27.4,detected,0
247.0,247.0,1235,847,person,0.2926,14,281,76,155,52.0,358.5,11780,1.58,1.58,25.0,detected,0
247.0,247.0,1235,870,person,0.1535,1689,-2,26,28,1702.0,12.0,728,20.67,20.67,19.4,detected,0
247.0,247.0,1235,878,person,0.768,0,718,59,264,29.5,850.0,15576,166.05,166.05,17.0,detected,0
247.0,247.0,1235,885,person,0.8634,962,212,61,157,992.5,290.5,9577,61.91,61.91,13.4,detected,0
247.0,247.0,1235,890,person,0.6263,871,49,49,134,895.5,116.0,6566,37.33,37.33,12.2,detected,0
247.0,247.0,1235,891,person,0.2003,1890,866,29,174,1904.5,953.0,5046,1.0,1.0,12.0,detected,0
247.0,247.0,1235,902,person,0.887,226,368,72,188,262.0,462.0,13536,60.62,60.62,8.6,detected,0
247.0,247.0,1235,903,person,0.9019,281,380,74,207,318.0,483.5,15318,70.0,70.0,8.4,detected,0
247.0,247.0,1235,904,person,0.8661,1673,180,81,192,1713.5,276.0,15552,39.62,39.62,8.2,detected,0
247.0,247.0,1235,908,person,0.8735,1495,88,57,150,1523.5,163.0,8550,50.68,50.68,7.8,detected,0
247.0,247.0,1235,910,person,0.7999,1139,61,51,131,1164.5,126.5,6681,40.11,40.11,7.8,detected,0
247.0,247.0,1235,911,person,0.7146,1428,34,56,130,1456.0,99.0,7280,30.99,30.99,7.4,detected,0
247.0,247.0,1235,917,person,0.9361,1414,630,122,274,1475.0,767.0,33428,134.9,134.9,5.2,detected,0
247.0,247.0,1235,919,person,0.9354,1575,814,124,266,1637.0,947.0,32984,105.4,105.4,4.8,detected,0
247.0,247.0,1235,925,person,0.9165,1044,566,96,252,1092.0,692.0,24192,109.87,109.87,3.6,detected,0
247.0,247.0,1235,927,person,0.7314,348,227,83,182,389.5,318.0,15106,115.91,115.91,3.4,detected,0
248.0,248.0,1240,578,person,0.9077,397,561,110,264,452.0,693.0,29040,172.53,172.53,93.6,detected,0
248.0,248.0,1240,788,person,0.8942,38,361,106,229,91.0,475.5,24274,75.82,75.82,39.8,detected,0
248.0,248.0,1240,807,person,0.872,842,226,65,180,874.5,316.0,11700,70.03,70.03,34.0,detected,0
248.0,248.0,1240,818,person,0.2506,1161,0,40,88,1181.0,44.0,3520,37.36,37.36,32.8,detected,0
248.0,248.0,1240,824,person,0.4044,1205,362,86,217,1248.0,470.5,18662,94.33,94.33,31.8,detected,0
248.0,248.0,1240,839,person,0.6665,1522,30,54,134,1549.0,97.0,7236,34.18,34.18,28.4,detected,0
248.0,248.0,1240,850,person,0.1531,114,292,60,132,144.0,358.0,7920,3.35,1.68,25.2,predicted,1
248.0,248.0,1240,885,person,0.8574,898,244,62,161,929.0,324.5,9982,72.03,72.03,14.4,detected,0
248.0,248.0,1240,890,person,0.5396,906,35,48,125,930.0,97.5,6000,39.15,39.15,13.2,detected,0
248.0,248.0,1240,891,person,0.1708,1888,865,31,187,1903.5,958.5,5797,5.59,5.59,13.0,detected,0
248.0,248.0,1240,902,person,0.8707,160,391,76,197,198.0,489.5,14972,69.66,69.66,9.6,detected,0
248.0,248.0,1240,903,person,0.8827,221,415,77,214,259.5,522.0,16478,70.03,70.03,9.4,detected,0
248.0,248.0,1240,904,person,0.8387,1656,148,75,184,1693.5,240.0,13800,41.18,41.18,9.2,detected,0
248.0,248.0,1240,908,person,0.8645,1436,109,62,158,1467.0,188.0,9796,61.78,61.78,8.8,detected,0
248.0,248.0,1240,910,person,0.2095,1106,85,52,134,1132.0,152.0,6968,41.31,41.31,8.8,detected,0
248.0,248.0,1240,911,person,0.7262,1462,28,53,115,1488.5,85.5,6095,35.19,35.19,8.4,detected,0
248.0,248.0,1240,917,person,0.9162,1264,717,131,303,1329.5,868.5,39693,177.4,177.4,6.2,detected,0
248.0,248.0,1240,919,person,0.9103,1521,937,130,143,1586.0,1008.5,18590,79.9,79.9,5.8,detected,0
248.0,248.0,1240,925,person,0.9236,1085,484,84,232,1127.0,600.0,19488,98.43,98.43,4.6,detected,0
248.0,248.0,1240,927,person,0.8637,453,201,76,175,491.0,288.5,13300,105.7,105.7,4.4,detected,0
249.0,249.0,1245,578,person,0.8853,208,610,125,274,270.5,747.0,34250,189.36,189.36,94.6,detected,0
249.0,249.0,1245,807,person,0.897,771,258,69,186,805.5,351.0,12834,77.37,77.37,35.0,detected,0
249.0,249.0,1245,818,person,0.1527,1212,0,43,73,1233.5,36.5,3139,53.03,53.03,33.8,detected,0
249.0,249.0,1245,824,person,0.9097,1269,318,82,207,1310.0,421.5,16974,79.03,79.03,32.8,detected,0
249.0,249.0,1245,839,person,0.7571,1556,23,55,133,1583.5,89.5,7315,35.31,35.31,29.4,detected,0
249.0,249.0,1245,847,person,0.9108,6,363,97,215,54.5,470.5,20855,112.03,56.01,27.0,detected,0
249.0,249.0,1245,850,person,0.2919,111,287,61,131,141.5,352.5,7991,6.04,6.04,26.2,detected,0
249.0,249.0,1245,885,person,0.8707,833,277,66,168,866.0,361.0,11088,72.81,72.81,15.4,detected,0
249.0,249.0,1245,890,person,0.5597,955,18,53,124,981.5,80.0,6572,54.39,54.39,14.2,detected,0
249.0,249.0,1245,902,person,0.8751,98,424,72,202,134.0,525.0,14544,73.19,73.19,10.6,detected,0
249.0,249.0,1245,903,person,0.8711,162,450,79,198,201.5,549.0,15642,63.98,63.98,10.4,detected,0
249.0,249.0,1245,904,person,0.8516,1628,120,75,172,1665.5,206.0,12900,44.05,44.05,10.2,detected,0
249.0,249.0,1245,908,person,0.8842,1379,137,65,164,1411.5,219.0,10660,63.57,63.57,9.8,detected,0
249.0,249.0,1245,910,person,0.8498,1074,109,53,141,1100.5,179.5,7473,41.82,41.82,9.8,detected,0
249.0,249.0,1245,911,person,0.7114,1488,23,48,125,1512.0,85.5,6000,23.5,23.5,9.4,detected,0
249.0,249.0,1245,917,person,0.9228,1109,826,143,254,1180.5,953.0,36322,171.29,171.29,7.2,detected,0
249.0,249.0,1245,925,person,0.8174,1117,412,80,207,1157.0,515.5,16560,89.67,89.67,5.6,detected,0
249.0,249.0,1245,927,person,0.7227,546,167,71,168,581.5,251.0,11928,97.96,97.96,5.4,detected,0
249.0,249.0,1245,929,person,0.4526,1116,0,42,68,1137.0,34.0,2856,0.0,0.0,1.6,detected,0
249.0,249.0,1245,934,person,0.6749,1836,147,56,176,1864.0,235.0,9856,0.0,0.0,0.8,detected,0
249.0,249.0,1245,938,person,0.2958,9,363,75,183,46.5,454.5,13725,0.0,0.0,0.2,detected,0
250.0,250.0,1250,578,person,0.9157,9,663,121,283,69.5,804.5,34243,209.06,209.06,95.6,detected,0
250.0,250.0,1250,807,person,0.8646,702,288,72,198,738.0,387.0,14256,76.5,76.5,36.0,detected,0
250.0,250.0,1250,818,person,0.189,1267,-1,30,59,1282.0,28.5,1770,49.16,49.16,34.8,detected,0
250.0,250.0,1250,824,person,0.8841,1318,275,78,200,1357.0,375.0,15600,66.12,66.12,33.8,detected,0
250.0,250.0,1250,839,person,0.599,1579,14,57,130,1607.5,79.0,7410,26.2,26.2,30.4,detected,0
250.0,250.0,1250,847,person,0.6549,94,322,90,179,139.0,411.5,16110,103.06,103.06,28.0,detected,0
250.0,250.0,1250,885,person,0.8461,767,313,70,176,802.0,401.0,12320,75.47,75.47,16.4,detected,0
250.0,250.0,1250,890,person,0.6847,1023,6,49,120,1047.5,66.0,5880,67.47,67.47,15.2,detected,0
250.0,250.0,1250,891,person,0.1978,1886,866,33,203,1902.5,967.5,6699,9.06,4.53,15.0,detected,0
250.0,250.0,1250,902,person,0.8454,28,454,87,209,71.5,558.5,18183,70.91,70.91,11.6,detected,0
250.0,250.0,1250,903,person,0.8392,99,486,91,225,144.5,598.5,20475,75.49,75.49,11.4,detected,0
250.0,250.0,1250,904,person,0.828,1607,93,70,168,1642.0,177.0,11760,37.33,37.33,11.2,detected,0
250.0,250.0,1250,908,person,0.7883,1329,172,67,146,1362.5,245.0,9782,55.47,55.47,10.8,detected,0
250.0,250.0,1250,910,person,0.8351,1029,136,56,147,1057.0,209.5,8232,52.84,52.84,10.8,detected,0
250.0,250.0,1250,911,person,0.6972,1491,25,51,123,1516.5,86.5,6273,4.61,4.61,10.4,detected,0
250.0,250.0,1250,917,person,0.893,985,969,142,111,1056.0,1024.5,15762,143.57,143.57,8.2,detected,0
250.0,250.0,1250,925,person,0.8749,1180,355,74,197,1217.0,453.5,14578,86.28,86.28,6.6,detected,0
250.0,250.0,1250,927,person,0.6991,631,140,60,164,661.0,222.0,9840,84.62,84.62,6.4,detected,0
250.0,250.0,1250,929,person,0.3028,1072,0,46,82,1095.0,41.0,3772,42.58,42.58,2.6,detected,0
250.0,250.0,1250,934,person,0.6571,1819,171,68,173,1853.0,257.5,11764,25.04,25.04,1.8,detected,0
250.0,250.0,1250,938,person,0.2675,0,509,31,139,15.5,578.5,4309,127.82,127.82,1.2,detected,0
251.0,251.0,1255,807,person,0.8702,629,327,77,211,667.5,432.5,16247,83.91,83.91,37.0,detected,0
251.0,251.0,1255,824,person,0.8964,1363,241,73,189,1399.5,335.5,13797,58.02,58.02,34.8,detected,0
251.0,251.0,1255,839,person,0.4876,1581,12,55,135,1608.5,79.5,7425,1.12,1.12,31.4,detected,0
251.0,251.0,1255,847,person,0.7592,187,287,68,189,221.0,381.5,12852,87.32,87.32,29.0,detected,0
251.0,251.0,1255,850,person,0.3706,16,282,72,154,52.0,359.0,11088,89.74,44.87,28.2,detected,0
251.0,251.0,1255,885,person,0.8669,699,358,72,184,735.0,450.0,13248,83.01,83.01,17.4,detected,0
251.0,251.0,1255,890,person,0.5611,1080,0,44,111,1102.0,55.5,4884,55.5,55.5,16.2,detected,0
251.0,251.0,1255,903,person,0.8875,23,516,78,233,62.0,632.5,18174,89.23,89.23,12.4,detected,0
251.0,251.0,1255,904,person,0.7303,1596,70,65,161,1628.5,150.5,10465,29.74,29.74,12.2,detected,0
251.0,251.0,1255,908,person,0.8832,1276,206,70,170,1311.0,291.0,11900,69.05,69.05,11.8,detected,0
251.0,251.0,1255,910,person,0.8684,977,165,57,152,1005.5,241.0,8664,60.37,60.37,11.8,detected,0
251.0,251.0,1255,911,person,0.7184,1490,28,51,120,1515.5,88.0,6120,1.8,1.8,11.4,detected,0
251.0,251.0,1255,925,person,0.8658,1244,305,70,187,1279.0,398.5,13090,82.88,82.88,7.6,detected,0
251.0,251.0,1255,927,person,0.5335,705,121,59,145,734.5,193.5,8555,78.83,78.83,7.4,detected,0
251.0,251.0,1255,929,person,0.2518,1034,0,45,96,1056.5,48.0,4320,39.13,39.13,3.6,detected,0
251.0,251.0,1255,934,person,0.669,1815,218,68,126,1849.0,281.0,8568,23.84,23.84,2.8,detected,0
251.0,251.0,1255,938,person,0.6882,-5,521,33,187,11.5,614.5,6171,36.22,36.22,2.2,detected,0
251.0,251.0,1255,939,person,0.4701,112,286,59,133,141.5,352.5,7847,0.0,0.0,0.4,detected,0
252.0,252.0,1260,807,person,0.8726,546,377,80,216,586.0,485.0,17280,96.95,96.95,38.0,detected,0
252.0,252.0,1260,824,person,0.9102,1404,208,71,183,1439.5,299.5,12993,53.81,53.81,35.8,detected,0
252.0,252.0,1260,839,person,0.5724,1583,14,51,111,1608.5,69.5,5661,10.0,10.0,32.4,detected,0
252.0,252.0,1260,847,person,0.741,269,258,61,181,299.5,348.5,11041,85.15,85.15,30.0,detected,0
252.0,252.0,1260,850,person,0.7201,28,350,84,200,70.0,450.0,16800,92.76,92.76,29.2,detected,0
252.0,252.0,1260,885,person,0.8634,616,404,84,191,658.0,499.5,16044,91.54,91.54,18.4,detected,0
252.0,252.0,1260,890,person,0.6248,1130,0,46,94,1153.0,47.0,4324,51.7,51.7,17.2,detected,0
252.0,252.0,1260,903,person,0.7092,0,591,38,198,19.0,690.0,7524,71.8,71.8,13.4,detected,0
252.0,252.0,1260,904,person,0.7173,1544,51,73,153,1580.5,127.5,11169,53.23,53.23,13.2,detected,0
252.0,252.0,1260,908,person,0.8879,1220,239,73,187,1256.5,332.5,13651,68.5,68.5,12.8,detected,0
252.0,252.0,1260,910,person,0.8966,917,196,61,158,947.5,275.0,9638,67.23,67.23,12.8,detected,0
252.0,252.0,1260,911,person,0.7359,1489,28,53,122,1515.5,89.0,6466,1.0,1.0,12.4,detected,0
252.0,252.0,1260,925,person,0.9061,1291,262,68,178,1325.0,351.0,12104,66.12,66.12,8.6,detected,0
252.0,252.0,1260,927,person,0.7856,781,96,60,138,811.0,165.0,8280,81.64,81.64,8.4,detected,0
252.0,252.0,1260,929,person,0.7198,991,6,51,109,1016.5,60.5,5559,41.91,41.91,4.6,detected,0
252.0,252.0,1260,939,person,0.2547,112,287,59,131,141.5,352.5,7729,0.0,0.0,1.4,detected,0
252.0,252.0,1260,941,person,0.4816,1799,254,80,118,1839.0,313.0,9440,0.0,0.0,0.6,detected,0
253.0,253.0,1265,807,person,0.8907,451,426,85,225,493.5,538.5,19125,106.86,106.86,39.0,detected,0
253.0,253.0,1265,824,person,0.8914,1437,178,70,175,1472.0,265.5,12250,47.03,47.03,36.8,detected,0
253.0,253.0,1265,839,person,0.725,1575,12,58,134,1604.0,79.0,7772,10.51,10.51,33.4,detected,0
253.0,253.0,1265,847,person,0.785,343,224,65,180,375.5,314.0,11700,83.46,83.46,31.0,detected,0
253.0,253.0,1265,850,person,0.404,17,283,77,157,55.5,361.5,12089,89.68,89.68,30.2,detected,0
253.0,253.0,1265,885,person,0.8817,526,452,88,201,570.0,552.5,17688,102.73,102.73,19.4,detected,0
253.0,253.0,1265,890,person,0.4486,1175,0,42,81,1196.0,40.5,3402,43.49,43.49,18.2,detected,0
253.0,253.0,1265,908,person,0.9037,1168,281,80,202,1208.0,382.0,16160,69.3,69.3,13.8,detected,0
253.0,253.0,1265,910,person,0.9006,846,230,63,164,877.5,312.0,10332,79.18,79.18,13.8,detected,0
253.0,253.0,1265,911,person,0.8115,1478,27,64,141,1510.0,97.5,9024,10.12,10.12,13.4,detected,0
253.0,253.0,1265,925,person,0.8893,1326,220,70,169,1361.0,304.5,11830,58.81,58.81,9.6,detected,0
253.0,253.0,1265,927,person,0.8121,849,72,58,146,878.0,145.0,8468,69.92,69.92,9.4,detected,0
253.0,253.0,1265,929,person,0.5361,951,16,39,116,970.5,74.0,4524,47.94,47.94,5.6,detected,0
253.0,253.0,1265,939,person,0.3554,116,295,65,146,148.5,368.0,9490,17.01,17.01,2.4,detected,0
253.0,253.0,1265,941,person,0.8017,1779,305,86,200,1822.0,405.0,17200,93.56,93.56,1.6,detected,0
253.0,253.0,1265,950,person,0.4112,1088,1,36,67,1106.0,34.5,2412,0.0,0.0,0.4,detected,0
253.0,253.0,1265,951,person,0.6471,191,312,71,196,226.5,410.0,13916,0.0,0.0,0.0,detected,0
254.0,254.0,1270,807,person,0.8933,348,482,88,234,392.0,599.0,20592,118.16,118.16,40.0,detected,0
254.0,254.0,1270,824,person,0.8994,1462,150,68,170,1496.0,235.0,11560,38.81,38.81,37.8,detected,0
254.0,254.0,1270,839,person,0.7881,1573,12,59,133,1602.5,78.5,7847,1.58,1.58,34.4,detected,0
254.0,254.0,1270,847,person,0.6829,400,200,67,169,433.5,284.5,11323,65.07,65.07,32.0,detected,0
254.0,254.0,1270,850,person,0.4001,16,281,76,155,54.0,358.5,11780,3.35,3.35,31.2,detected,0
254.0,254.0,1270,885,person,0.8576,423,507,85,210,465.5,612.0,17850,120.25,120.25,20.4,detected,0
254.0,254.0,1270,890,person,0.1546,1215,0,33,63,1231.5,31.5,2079,36.62,36.62,19.2,detected,0
254.0,254.0,1270,904,person,0.8433,1427,9,61,145,1457.5,81.5,8845,131.32,65.66,15.2,detected,0
254.0,254.0,1270,908,person,0.9147,1123,336,84,208,1165.0,440.0,17472,72.2,72.2,14.8,detected,0
254.0,254.0,1270,910,person,0.8705,766,265,69,175,800.5,352.5,12075,87.0,87.0,14.8,detected,0
254.0,254.0,1270,911,person,0.8447,1489,28,52,121,1515.0,88.5,6292,10.3,10.3,14.4,detected,0
254.0,254.0,1270,925,person,0.8761,1341,182,69,161,1375.5,262.5,11109,44.43,44.43,10.6,detected,0
254.0,254.0,1270,927,person,0.6926,913,50,55,144,940.5,122.0,7920,66.6,66.6,10.4,detected,0
254.0,254.0,1270,939,person,0.2789,111,287,60,131,141.0,352.5,7860,17.22,17.22,3.4,detected,0
254.0,254.0,1270,941,person,0.886,1759,345,82,214,1800.0,452.0,17548,51.89,51.89,2.6,detected,0
254.0,254.0,1270,950,person,0.3781,1059,2,36,82,1077.0,43.0,2952,30.22,30.22,1.4,detected,0
254.0,254.0,1270,951,person,0.8043,321,250,79,207,360.5,353.5,16353,145.42,145.42,1.0,detected,0
254.0,254.0,1270,952,person,0.3449,1885,866,34,214,1902.0,973.0,7276,0.0,0.0,0.6,detected,0
254.0,254.0,1270,954,person,0.7151,1631,852,118,226,1690.0,965.0,26668,0.0,0.0,0.2,detected,0
254.0,254.0,1270,955,person,0.7368,1,401,76,184,39.0,493.0,13984,0.0,0.0,0.0,detected,0
255.0,255.0,1275,807,person,0.8933,215,541,99,248,264.5,665.0,24552,143.57,143.57,41.0,detected,0
255.0,255.0,1275,824,person,0.871,1486,133,64,155,1518.0,210.5,9920,32.93,32.93,38.8,detected,0
255.0,255.0,1275,839,person,0.7983,1575,13,58,132,1604.0,79.0,7656,1.58,1.58,35.4,detected,0
255.0,255.0,1275,847,person,0.687,481,177,59,163,510.5,258.5,9617,81.27,81.27,33.0,detected,0
255.0,255.0,1275,850,person,0.477,16,286,77,161,54.5,366.5,12397,8.02,8.02,32.2,detected,0
255.0,255.0,1275,885,person,0.8727,299,568,98,220,348.0,678.0,21560,134.77,134.77,21.4,detected,0
255.0,255.0,1275,890,person,0.2221,1130,0,41,75,1150.5,37.5,3075,81.22,81.22,20.2,detected,0
255.0,255.0,1275,904,person,0.7047,1402,0,57,132,1430.5,66.0,7524,31.13,31.13,16.2,detected,0
255.0,255.0,1275,908,person,0.9218,1065,390,86,221,1108.0,500.5,19006,83.12,83.12,15.8,detected,0
255.0,255.0,1275,910,person,0.3335,684,305,72,184,720.0,397.0,13248,91.98,91.98,15.8,detected,0
255.0,255.0,1275,911,person,0.803,1488,28,53,122,1514.5,89.0,6466,0.71,0.71,15.4,detected,0
255.0,255.0,1275,925,person,0.8778,1335,147,61,154,1365.5,224.0,9394,39.78,39.78,11.6,detected,0
255.0,255.0,1275,927,person,0.6993,970,38,54,135,997.0,105.5,7290,58.86,58.86,11.4,detected,0
255.0,255.0,1275,929,person,0.4796,847,57,49,114,871.5,114.0,5586,106.78,53.39,7.6,detected,0
255.0,255.0,1275,939,person,0.8708,129,312,84,189,171.0,406.5,15876,61.77,61.77,4.4,detected,0
255.0,255.0,1275,941,person,0.9251,1739,394,96,231,1787.0,509.5,22176,58.95,58.95,3.6,detected,0
255.0,255.0,1275,950,person,0.3754,1020,0,45,101,1042.5,50.5,4545,35.31,35.31,2.4,detected,0
255.0,255.0,1275,951,person,0.8691,448,223,70,184,483.0,315.0,12880,128.41,128.41,2.0,detected,0
255.0,255.0,1275,952,person,0.2447,1887,866,32,208,1903.0,970.0,6656,3.16,3.16,1.6,detected,0
255.0,255.0,1275,954,person,0.8919,1626,739,127,300,1689.5,889.0,38100,76.0,76.0,1.2,detected,0
256.0,256.0,1280,807,person,0.8868,65,610,110,262,120.0,741.0,28820,163.27,163.27,42.0,detected,0
256.0,256.0,1280,824,person,0.8731,1517,102,62,158,1548.0,181.0,9796,42.07,42.07,39.8,detected,0
256.0,256.0,1280,839,person,0.7901,1577,13,58,131,1606.0,78.5,7598,2.06,2.06,36.4,detected,0
256.0,256.0,1280,850,person,0.4458,15,281,75,156,52.5,359.0,11700,7.76,7.76,33.2,detected,0
256.0,256.0,1280,885,person,0.6354,155,635,111,235,210.5,752.5,26085,156.39,156.39,22.4,detected,0
256.0,256.0,1280,890,person,0.1982,1092,0,46,88,1115.0,44.0,4048,36.09,36.09,21.2,detected,0
256.0,256.0,1280,904,person,0.6619,1392,0,54,112,1419.0,56.0,6048,15.24,15.24,17.2,detected,0
256.0,256.0,1280,908,person,0.9304,986,454,95,237,1033.5,572.5,22515,103.61,103.61,16.8,detected,0
256.0,256.0,1280,910,person,0.9102,599,356,74,191,636.0,451.5,14134,100.13,100.13,16.8,detected,0
256.0,256.0,1280,911,person,0.819,1494,22,52,125,1520.0,84.5,6500,7.11,7.11,16.4,detected,0
256.0,256.0,1280,925,person,0.8695,1334,115,57,148,1362.5,189.0,8436,35.13,35.13,12.6,detected,0
256.0,256.0,1280,927,person,0.6785,1024,19,54,128,1051.0,83.0,6912,58.5,58.5,12.4,detected,0
256.0,256.0,1280,929,person,0.2264,792,72,54,120,819.0,132.0,6480,55.5,55.5,8.6,detected,0
256.0,256.0,1280,939,person,0.212,112,287,60,134,142.0,354.0,8040,59.98,59.98,5.4,detected,0
256.0,256.0,1280,941,person,0.9263,1663,445,108,244,1717.0,567.0,26352,90.59,90.59,4.6,detected,0
256.0,256.0,1280,950,person,0.4915,979,2,49,119,1003.5,61.5,5831,40.52,40.52,3.4,detected,0
256.0,256.0,1280,951,person,0.6635,552,184,62,178,583.0,273.0,11036,108.46,108.46,3.0,detected,0
256.0,256.0,1280,952,person,0.1779,1886,867,33,209,1902.5,971.5,6897,1.58,1.58,2.6,predicted,1
256.0,256.0,1280,954,person,0.942,1624,650,120,311,1684.0,805.5,37320,83.68,83.68,2.2,detected,0
256.0,256.0,1280,955,person,0.889,275,285,89,212,319.5,391.0,18868,298.47,149.23,2.0,detected,0
256.0,256.0,1280,956,person,0.1896,1180,0,30,51,1195.0,25.5,1530,0.0,0.0,1.4,detected,0
256.0,256.0,1280,965,person,0.1888,1248,0,24,35,1260.0,17.5,840,0.0,0.0,0.0,detected,0
257.0,257.0,1285,807,person,0.662,-28,713,56,228,0.0,827.0,12768,147.63,147.63,43.0,predicted,1
257.0,257.0,1285,824,person,0.7991,1554,81,61,154,1584.5,158.0,9394,43.14,43.14,40.8,detected,0
257.0,257.0,1285,839,person,0.6632,1577,14,58,129,1606.0,78.5,7482,0.0,0.0,37.4,detected,0
257.0,257.0,1285,847,person,0.7868,616,141,61,152,646.5,217.0,9272,142.19,71.1,35.0,detected,0
257.0,257.0,1285,850,person,0.393,16,281,74,156,53.0,359.0,11544,0.5,0.5,34.2,detected,0
257.0,257.0,1285,885,person,0.8999,6,716,105,247,58.5,839.5,25935,175.14,175.14,23.4,detected,0
257.0,257.0,1285,904,person,0.5694,1385,0,53,91,1411.5,45.5,4823,12.9,12.9,18.2,detected,0
257.0,257.0,1285,908,person,0.9243,902,532,98,251,951.0,657.5,24598,118.45,118.45,17.8,detected,0
257.0,257.0,1285,910,person,0.8979,492,406,81,202,532.5,507.0,16362,117.44,117.44,17.8,detected,0
257.0,257.0,1285,911,person,0.8222,1508,18,49,125,1532.5,80.5,6125,13.12,13.12,17.4,detected,0
257.0,257.0,1285,925,person,0.8738,1343,88,53,139,1369.5,157.5,7367,32.27,32.27,13.6,detected,0
257.0,257.0,1285,927,person,0.6232,1070,2,54,129,1097.0,66.5,6966,48.87,48.87,13.4,detected,0
257.0,257.0,1285,929,person,0.7967,728,88,63,126,759.5,151.0,7938,62.46,62.46,9.6,detected,0
257.0,257.0,1285,939,person,0.3758,111,287,60,132,141.0,353.0,7920,1.41,1.41,6.4,detected,0
257.0,257.0,1285,941,person,0.8956,1597,501,108,243,1651.0,622.5,26244,86.23,86.23,5.6,detected,0
257.0,257.0,1285,950,person,0.8446,926,9,54,130,953.0,74.0,7020,52.02,52.02,4.4,detected,0
257.0,257.0,1285,951,person,0.7143,656,160,59,128,685.5,224.0,7552,113.61,113.61,4.0,detected,0
257.0,257.0,1285,952,person,0.1811,1887,866,32,195,1903.0,963.5,6240,8.02,8.02,3.6,detected,0
257.0,257.0,1285,954,person,0.9354,1648,579,109,289,1702.5,723.5,31501,84.06,84.06,3.2,detected,0
257.0,257.0,1285,955,person,0.8892,407,235,79,202,446.5,336.0,15958,138.4,138.4,3.0,detected,0
257.0,257.0,1285,956,person,0.351,1144,0,43,66,1165.5,33.0,2838,30.44,30.44,2.4,detected,0
257.0,257.0,1285,964,person,0.375,1113,0,33,63,1129.5,31.5,2079,0.0,0.0,1.4,detected,0
257.0,257.0,1285,966,person,0.9211,1146,885,164,194,1228.0,982.0,31816,0.0,0.0,0.8,detected,0
257.0,257.0,1285,967,person,0.2918,1757,3,42,34,1778.0,20.0,1428,0.0,0.0,0.8,detected,0
258.0,258.0,1290,824,person,0.7579,1598,77,56,134,1626.0,144.0,7504,43.8,43.8,41.8,detected,0
258.0,258.0,1290,839,person,0.804,1574,14,62,144,1605.0,86.0,8928,7.57,7.57,38.4,detected,0
258.0,258.0,1290,847,person,0.8071,680,121,60,150,710.0,196.0,9000,66.88,66.88,36.0,detected,0
258.0,258.0,1290,850,person,0.3224,15,281,75,155,52.5,358.5,11625,0.71,0.71,35.2,detected,0
258.0,258.0,1290,890,person,0.7986,1021,1,49,119,1045.5,60.5,5831,71.43,35.72,23.2,detected,0
258.0,258.0,1290,904,person,0.5076,1385,0,51,72,1410.5,36.0,3672,9.55,9.55,19.2,detected,0
258.0,258.0,1290,908,person,0.9202,804,622,105,265,856.5,754.5,27825,135.42,135.42,18.8,detected,0
258.0,258.0,1290,910,person,0.8895,357,461,84,210,399.0,566.0,17640,145.96,145.96,18.8,detected,0
258.0,258.0,1290,911,person,0.8134,1527,15,48,123,1551.0,76.5,5904,18.93,18.93,18.4,detected,0
258.0,258.0,1290,925,person,0.8792,1351,62,50,133,1376.0,128.5,6650,29.72,29.72,14.6,detected,0
258.0,258.0,1290,927,person,0.7188,1107,0,52,110,1133.0,55.0,5720,37.79,37.79,14.4,detected,0
258.0,258.0,1290,939,person,0.2359,111,287,60,131,141.0,352.5,7860,0.5,0.5,7.4,detected,0
258.0,258.0,1290,941,person,0.9302,1559,569,119,273,1618.5,705.5,32487,89.14,89.14,6.6,detected,0
258.0,258.0,1290,950,person,0.8337,877,24,51,132,902.5,90.0,6732,52.97,52.97,5.4,detected,0
258.0,258.0,1290,951,person,0.7372,763,130,64,126,795.0,193.0,8064,113.8,113.8,5.0,detected,0
258.0,258.0,1290,952,person,0.1596,1887,863,32,192,1903.0,959.0,6144,4.5,4.5,4.6,predicted,1
258.0,258.0,1290,954,person,0.9369,1691,506,106,276,1744.0,644.0,29256,89.68,89.68,4.2,detected,0
258.0,258.0,1290,955,person,0.8393,515,193,71,190,550.5,288.0,13490,114.54,114.54,4.0,detected,0
258.0,258.0,1290,964,person,0.3984,1090,-2,40,75,1110.0,35.5,3000,19.91,19.91,2.4,detected,0
258.0,258.0,1290,966,person,0.9086,1125,727,148,326,1199.0,890.0,48248,96.46,96.46,1.8,detected,0
258.0,258.0,1290,967,person,0.172,1749,13,38,28,1768.0,27.0,1064,12.21,12.21,1.8,predicted,1
259.0,259.0,1295,824,person,0.8599,1627,42,59,144,1656.5,114.0,8496,42.78,42.78,42.8,detected,0
259.0,259.0,1295,839,person,0.7859,1578,14,56,130,1606.0,79.0,7280,7.07,7.07,39.4,detected,0
259.0,259.0,1295,847,person,0.6523,743,103,51,138,768.5,172.0,7038,63.23,63.23,37.0,detected,0
259.0,259.0,1295,850,person,0.3022,15,281,74,155,52.0,358.5,11470,0.5,0.5,36.2,detected,0
259.0,259.0,1295,890,person,0.7417,993,11,45,126,1015.5,74.0,5670,32.9,32.9,24.2,detected,0
259.0,259.0,1295,904,person,0.4076,1393,0,34,58,1410.0,29.0,1972,7.02,7.02,20.2,detected,0
259.0,259.0,1295,908,person,0.9367,693,726,114,285,750.0,868.5,32490,156.01,156.01,19.8,detected,0
259.0,259.0,1295,910,person,0.9004,203,524,97,219,251.5,633.5,21243,162.21,162.21,19.8,detected,0
259.0,259.0,1295,911,person,0.7824,1531,14,51,122,1556.5,75.0,6222,5.7,5.7,19.4,detected,0
259.0,259.0,1295,925,person,0.8657,1358,39,48,126,1382.0,102.0,6048,27.17,27.17,15.6,detected,0
259.0,259.0,1295,927,person,0.6189,1151,0,51,92,1176.5,46.0,4692,44.42,44.42,15.4,detected,0
259.0,259.0,1295,929,person,0.1779,616,129,70,150,651.0,204.0,10500,120.75,60.38,11.6,detected,0
259.0,259.0,1295,939,person,0.2987,111,287,59,132,140.5,353.0,7788,0.71,0.71,8.4,detected,0
259.0,259.0,1295,941,person,0.9352,1547,650,126,294,1610.0,797.0,37044,91.89,91.89,7.6,detected,0
259.0,259.0,1295,950,person,0.8215,826,45,47,124,849.5,107.0,5828,55.66,55.66,6.4,detected,0
259.0,259.0,1295,951,person,0.3032,855,87,58,175,884.0,174.5,10150,90.9,90.9,6.0,detected,0
259.0,259.0,1295,952,person,0.2178,1888,867,31,186,1903.5,960.0,5766,1.12,1.12,5.6,detected,0
259.0,259.0,1295,954,person,0.9402,1706,435,100,258,1756.0,564.0,25800,80.89,80.89,5.2,detected,0
259.0,259.0,1295,955,person,0.4501,619,175,60,141,649.0,245.5,8460,107.28,107.28,5.0,detected,0
259.0,259.0,1295,956,person,0.7075,1097,1,45,92,1119.5,47.0,4140,48.08,24.04,4.4,detected,0
259.0,259.0,1295,964,person,0.8061,1050,0,44,88,1072.0,44.0,3872,38.94,38.94,3.4,detected,0
259.0,259.0,1295,966,person,0.9328,1113,606,136,307,1181.0,759.5,41752,131.74,131.74,2.8,detected,0
259.0,259.0,1295,974,person,0.5698,852,103,58,134,881.0,170.0,7772,0.0,0.0,0.0,detected,0
260.0,260.0,1300,824,person,0.8262,1659,26,54,137,1686.0,94.5,7398,35.36,35.36,43.8,detected,0
260.0,260.0,1300,839,person,0.8287,1579,17,55,126,1606.5,80.0,6930,1.12,1.12,40.4,detected,0
260.0,260.0,1300,847,person,0.8192,805,88,47,138,828.5,157.0,6486,61.85,61.85,38.0,detected,0
260.0,260.0,1300,850,person,0.3175,14,281,76,156,52.0,359.0,11856,0.5,0.5,37.2,detected,0
260.0,260.0,1300,890,person,0.1845,944,22,56,167,972.0,105.5,9352,53.71,53.71,25.2,detected,0
260.0,260.0,1300,904,person,0.2912,1379,-3,29,40,1393.5,17.0,1160,20.4,20.4,21.2,predicted,1
260.0,260.0,1300,908,person,0.9232,572,855,125,225,634.5,967.5,28125,152.12,152.12,20.8,detected,0
260.0,260.0,1300,910,person,0.9359,15,591,109,232,69.5,707.0,25288,196.28,196.28,20.8,detected,0
260.0,260.0,1300,911,person,0.7822,1532,12,50,124,1557.0,74.0,6200,1.12,1.12,20.4,detected,0
260.0,260.0,1300,925,person,0.7778,1372,22,45,119,1394.5,81.5,5355,24.01,24.01,16.6,detected,0
260.0,260.0,1300,927,person,0.6043,1189,0,41,74,1209.5,37.0,3034,34.21,34.21,16.4,detected,0
260.0,260.0,1300,929,person,0.7927,559,151,67,143,592.5,222.5,9581,61.36,61.36,12.6,detected,0
260.0,260.0,1300,939,person,0.2414,111,286,59,132,140.5,352.0,7788,1.0,1.0,9.4,detected,0
260.0,260.0,1300,941,person,0.4144,1534,747,139,309,1603.5,901.5,42951,104.7,104.7,8.6,detected,0
260.0,260.0,1300,950,person,0.738,771,61,46,130,794.0,126.0,5980,58.66,58.66,7.4,detected,0
260.0,260.0,1300,951,person,0.5563,929,78,57,150,957.5,153.0,8550,76.58,76.58,7.0,detected,0
260.0,260.0,1300,952,person,0.2409,1887,866,32,194,1903.0,963.0,6208,3.04,3.04,6.6,detected,0
260.0,260.0,1300,954,person,0.9258,1715,373,93,238,1761.5,492.0,22134,72.21,72.21,6.2,detected,0
260.0,260.0,1300,955,person,0.706,716,126,61,131,746.5,191.5,7991,111.46,111.46,6.0,detected,0
260.0,260.0,1300,956,person,0.6189,1068,0,55,109,1095.5,54.5,5995,25.14,25.14,5.4,detected,0
260.0,260.0,1300,964,person,0.6047,1022,0,44,102,1044.0,51.0,4488,28.86,28.86,4.4,detected,0
260.0,260.0,1300,966,person,0.9092,1141,525,116,279,1199.0,664.5,32364,96.69,96.69,3.8,detected,0
260.0,260.0,1300,978,person,0.5634,1665,684,122,247,1726.0,807.5,30134,0.0,0.0,0.6,detected,0
260.0,260.0,1300,979,person,0.1981,1709,41,38,145,1728.0,113.5,5510,0.0,0.0,0.2,detected,0
261.0,261.0,1305,824,person,0.8563,1663,50,60,142,1693.0,121.0,8520,27.41,27.41,44.8,detected,0
261.0,261.0,1305,839,person,0.6793,1592,15,65,125,1624.5,77.5,8125,18.17,18.17,41.4,detected,0
261.0,261.0,1305,847,person,0.6849,863,69,46,142,886.0,140.0,6532,59.96,59.96,39.0,detected,0
261.0,261.0,1305,850,person,0.2834,14,281,77,156,52.5,359.0,12012,0.5,0.5,38.2,detected,0
261.0,261.0,1305,890,person,0.8188,901,39,52,128,927.0,103.0,6656,45.07,45.07,26.2,detected,0
261.0,261.0,1305,908,person,0.8011,424,1004,122,76,485.0,1042.0,9272,167.03,167.03,21.8,detected,0
261.0,261.0,1305,911,person,0.7871,1538,8,50,124,1563.0,70.0,6200,7.21,7.21,21.4,detected,0
261.0,261.0,1305,925,person,0.6999,1375,1,47,118,1398.5,60.0,5546,21.87,21.87,17.6,detected,0
261.0,261.0,1305,927,person,0.3551,1220,0,40,57,1240.0,28.5,2280,31.66,31.66,17.4,detected,0
261.0,261.0,1305,929,person,0.8759,502,179,78,143,541.0,250.5,11154,58.62,58.62,13.6,detected,0
261.0,261.0,1305,939,person,0.2167,111,286,60,132,141.0,352.0,7920,0.5,0.5,10.4,detected,0
261.0,261.0,1305,941,person,0.7505,1589,863,161,217,1669.5,971.5,34937,96.21,96.21,9.6,detected,0
261.0,261.0,1305,950,person,0.8016,717,78,53,145,743.5,150.5,7685,56.13,56.13,8.4,detected,0
261.0,261.0,1305,951,person,0.775,992,52,56,144,1020.0,124.0,8064,68.9,68.9,8.0,detected,0
261.0,261.0,1305,952,person,0.3258,1885,866,35,212,1902.5,972.0,7420,9.01,9.01,7.6,detected,0
261.0,261.0,1305,954,person,0.9207,1730,322,87,224,1773.5,434.0,19488,59.23,59.23,7.2,detected,0
261.0,261.0,1305,955,person,0.7581,810,100,67,159,843.5,179.5,10653,97.74,97.74,7.0,detected,0
261.0,261.0,1305,956,person,0.7358,1040,1,46,123,1063.0,62.5,5658,33.47,33.47,6.4,detected,0
261.0,261.0,1305,966,person,0.9064,1184,458,106,261,1237.0,588.5,27666,84.97,84.97,4.8,detected,0
261.0,261.0,1305,974,person,0.7294,889,55,52,125,915.0,117.5,6500,62.55,31.27,2.0,detected,0
261.0,261.0,1305,975,person,0.9121,1629,584,130,286,1694.0,727.0,37180,0.0,0.0,1.8,detected,0
261.0,261.0,1305,979,person,0.2051,1706,18,45,158,1728.5,97.0,7110,16.51,16.51,1.2,detected,0
261.0,261.0,1305,981,person,0.8955,827,967,118,113,886.0,1023.5,13334,0.0,0.0,0.6,detected,0
261.0,261.0,1305,982,person,0.5329,1080,0,42,91,1101.0,45.5,3822,0.0,0.0,0.6,detected,0
261.0,261.0,1305,984,person,0.8245,962,1020,79,60,1001.5,1050.0,4740,0.0,0.0,0.2,detected,0
262.0,262.0,1310,824,person,0.8651,1622,68,65,147,1654.5,141.5,9555,43.62,43.62,45.8,detected,0
262.0,262.0,1310,839,person,0.5736,1609,9,64,106,1641.0,62.0,6784,22.64,22.64,42.4,detected,0
262.0,262.0,1310,847,person,0.8373,863,53,55,137,890.5,121.5,7535,19.04,19.04,40.0,detected,0
262.0,262.0,1310,850,person,0.2772,16,282,75,155,53.5,359.5,11625,1.12,1.12,39.2,detected,0
262.0,262.0,1310,911,person,0.7906,1556,1,53,120,1582.5,61.0,6360,21.48,21.48,22.4,detected,0
262.0,262.0,1310,925,person,0.8001,1378,0,46,95,1401.0,47.5,4370,12.75,12.75,18.6,detected,0
262.0,262.0,1310,929,person,0.8941,444,200,79,153,483.5,276.5,12087,63.11,63.11,14.6,detected,0
262.0,262.0,1310,939,person,0.2433,112,287,60,131,142.0,352.5,7860,1.12,1.12,11.4,detected,0
262.0,262.0,1310,950,person,0.8725,660,100,58,149,689.0,174.5,8642,59.55,59.55,9.4,detected,0
262.0,262.0,1310,951,person,0.7435,1056,9,46,157,1079.0,87.5,7222,69.38,69.38,9.0,detected,0
262.0,262.0,1310,952,person,0.1673,1886,866,33,211,1902.5,971.5,6963,0.5,0.5,8.6,predicted,1
262.0,262.0,1310,954,person,0.916,1730,276,83,212,1771.5,382.0,17596,52.04,52.04,8.2,detected,0
262.0,262.0,1310,955,person,0.7613,901,76,59,157,930.5,154.5,9263,90.52,90.52,8.0,detected,0
262.0,262.0,1310,964,person,0.7321,1021,4,43,126,1042.5,67.0,5418,16.07,8.04,6.4,detected,0
262.0,262.0,1310,966,person,0.9191,1218,390,102,243,1269.0,511.5,24786,83.38,83.38,5.8,detected,0
262.0,262.0,1310,975,person,0.9225,1625,498,117,280,1683.5,638.0,32760,89.62,89.62,2.8,detected,0
262.0,262.0,1310,981,person,0.9101,947,877,116,201,1005.0,977.5,23316,127.58,127.58,1.6,detected,0
262.0,262.0,1310,984,person,0.8936,1036,926,126,153,1099.0,1002.5,19278,108.46,108.46,1.2,detected,0
262.0,262.0,1310,986,person,0.153,1141,0,28,52,1155.0,26.0,1456,0.0,0.0,0.8,detected,0
263.0,263.0,1315,824,person,0.701,1597,77,64,157,1629.0,155.5,10048,29.09,29.09,46.8,detected,0
263.0,263.0,1315,839,person,0.5602,1626,2,64,122,1658.0,63.0,7808,17.03,17.03,43.4,detected,0
263.0,263.0,1315,847,person,0.8313,814,71,54,134,841.0,138.0,7236,52.18,52.18,41.0,detected,0
263.0,263.0,1315,850,person,0.4634,16,281,75,155,53.5,358.5,11625,1.0,1.0,40.2,detected,0
263.0,263.0,1315,911,person,0.6785,1579,0,51,108,1604.5,54.0,5508,23.09,23.09,23.4,detected,0
263.0,263.0,1315,925,person,0.5237,1384,-1,44,77,1406.0,37.5,3388,11.18,11.18,19.6,detected,0
263.0,263.0,1315,927,person,0.1561,1265,-2,29,30,1279.5,13.0,870,42.43,21.22,19.4,predicted,1
263.0,263.0,1315,929,person,0.8473,386,227,73,156,422.5,305.0,11388,67.33,67.33,15.6,detected,0
263.0,263.0,1315,939,person,0.2715,112,286,60,131,142.0,351.5,7860,1.0,1.0,12.4,detected,0
263.0,263.0,1315,950,person,0.89,597,123,63,156,628.5,201.0,9828,66.05,66.05,10.4,detected,0
263.0,263.0,1315,951,person,0.8017,1105,7,45,134,1127.5,74.0,6030,50.34,50.34,10.0,detected,0
263.0,263.0,1315,954,person,0.8888,1736,236,79,198,1775.5,335.0,15642,47.17,47.17,9.2,detected,0
263.0,263.0,1315,955,person,0.769,984,56,58,147,1013.0,129.5,8526,86.2,86.2,9.0,detected,0
263.0,263.0,1315,966,person,0.9288,1232,327,97,229,1280.5,441.5,22213,70.94,70.94,6.8,detected,0
263.0,263.0,1315,974,person,0.649,963,45,50,145,988.0,117.5,7250,73.0,36.5,4.0,detected,0
263.0,263.0,1315,975,person,0.9201,1624,426,107,257,1677.5,554.5,27499,83.72,83.72,3.8,detected,0
263.0,263.0,1315,981,person,0.9259,1052,792,115,286,1109.5,935.0,32890,112.81,112.81,2.6,detected,0
263.0,263.0,1315,982,person,0.7842,1047,1,45,123,1069.5,62.5,5535,35.79,17.9,2.6,detected,0
263.0,263.0,1315,984,person,0.9295,1133,839,137,239,1201.5,958.5,32743,111.54,111.54,2.2,detected,0
263.0,263.0,1315,990,person,0.374,1348,0,23,45,1359.5,22.5,1035,0.0,0.0,0.4,detected,0
264.0,264.0,1320,824,person,0.8462,1578,108,65,146,1610.5,181.0,9490,31.5,31.5,47.8,detected,0
264.0,264.0,1320,839,person,0.6954,1648,0,55,112,1675.5,56.0,6160,18.85,18.85,44.4,detected,0
264.0,264.0,1320,847,person,0.7419,766,93,55,130,793.5,158.0,7150,51.54,51.54,42.0,detected,0
264.0,264.0,1320,850,person,0.4286,17,283,74,154,54.0,360.0,11396,1.58,1.58,41.2,detected,0
264.0,264.0,1320,911,person,0.7213,1600,0,50,97,1625.0,48.5,4850,21.22,21.22,24.4,detected,0
264.0,264.0,1320,925,person,0.6878,1394,0,30,58,1409.0,29.0,1740,9.01,9.01,20.6,detected,0
264.0,264.0,1320,927,person,0.3664,1289,-2,34,57,1306.0,26.5,1938,29.74,29.74,20.4,detected,0
264.0,264.0,1320,929,person,0.7597,320,262,73,158,356.5,341.0,11534,75.18,75.18,16.6,detected,0
264.0,264.0,1320,939,person,0.2912,112,286,61,132,142.5,352.0,8052,0.71,0.71,13.4,detected,0
264.0,264.0,1320,950,person,0.8606,531,149,65,162,563.5,230.0,10530,71.18,71.18,11.4,detected,0
264.0,264.0,1320,951,person,0.6804,1149,0,43,119,1170.5,59.5,5117,45.38,45.38,11.0,detected,0
264.0,264.0,1320,952,person,0.1569,1886,866,33,198,1902.5,965.0,6534,6.5,3.25,10.6,detected,0
264.0,264.0,1320,954,person,0.8664,1762,196,74,191,1799.0,291.5,14134,49.44,49.44,10.2,detected,0
264.0,264.0,1320,955,person,0.8945,1063,24,53,145,1089.5,96.5,7685,83.31,83.31,10.0,detected,0
264.0,264.0,1320,956,person,0.1795,997,2,46,125,1020.0,64.5,5750,43.05,14.35,9.4,detected,0
264.0,264.0,1320,966,person,0.923,1229,268,92,213,1275.0,374.5,19596,67.23,67.23,7.8,detected,0
264.0,264.0,1320,974,person,0.7538,1016,30,45,131,1038.5,95.5,5895,55.08,55.08,5.0,detected,0
264.0,264.0,1320,975,person,0.924,1626,366,100,241,1676.0,486.5,24100,68.02,68.02,4.8,detected,0
264.0,264.0,1320,981,person,0.9228,1146,722,113,300,1202.5,872.0,33900,112.33,112.33,3.6,detected,0
264.0,264.0,1320,984,person,0.926,1237,767,151,287,1312.5,910.5,43337,120.93,120.93,3.2,detected,0
264.0,264.0,1320,996,person,0.5233,707,967,139,113,776.5,1023.5,15707,0.0,0.0,0.0,detected,0
265.0,265.0,1325,824,person,0.8122,1559,126,68,139,1593.0,195.5,9452,22.73,22.73,48.8,detected,0
265.0,265.0,1325,839,person,0.5349,1667,0,50,102,1692.0,51.0,5100,17.24,17.24,45.4,detected,0
265.0,265.0,1325,847,person,0.8035,714,105,59,149,743.5,179.5,8791,54.43,54.43,43.0,detected,0
265.0,265.0,1325,850,person,0.3893,17,282,74,155,54.0,359.5,11470,0.5,0.5,42.2,detected,0
265.0,265.0,1325,911,person,0.4891,1620,0,52,87,1646.0,43.5,4524,21.59,21.59,25.4,detected,0
265.0,265.0,1325,925,person,0.308,1400,0,22,39,1411.0,19.5,858,9.71,9.71,21.6,detected,0
265.0,265.0,1325,939,person,0.4036,112,287,60,131,142.0,352.5,7860,0.71,0.71,14.4,detected,0
265.0,265.0,1325,950,person,0.8469,457,173,66,167,490.0,256.5,11022,78.13,78.13,12.4,detected,0
265.0,265.0,1325,951,person,0.6073,1188,0,42,95,1209.0,47.5,3990,40.33,40.33,12.0,detected,0
265.0,265.0,1325,954,person,0.7908,1789,161,71,184,1824.5,253.0,13064,46.18,46.18,11.2,detected,0
265.0,265.0,1325,955,person,0.8341,1124,4,50,140,1149.0,74.0,7000,63.61,63.61,11.0,detected,0
265.0,265.0,1325,956,person,0.7563,1001,2,47,125,1024.5,64.5,5875,4.5,4.5,10.4,detected,0
265.0,265.0,1325,966,person,0.9175,1232,218,85,196,1274.5,316.0,16660,58.5,58.5,8.8,detected,0
265.0,265.0,1325,974,person,0.7457,1065,16,46,124,1088.0,78.0,5704,52.5,52.5,6.0,detected,0
265.0,265.0,1325,975,person,0.9268,1638,312,96,224,1686.0,424.0,21504,63.29,63.29,5.8,detected,0
265.0,265.0,1325,981,person,0.8715,1234,658,115,278,1291.5,797.0,31970,116.39,116.39,4.6,detected,0
265.0,265.0,1325,982,person,0.7386,950,40,50,121,975.0,100.5,6050,101.85,50.93,4.6,detected,0
265.0,265.0,1325,984,person,0.9138,1327,695,121,278,1387.5,834.0,33638,107.13,107.13,4.2,detected,0
265.0,265.0,1325,990,person,0.6109,1264,0,36,82,1282.0,41.0,2952,79.68,39.84,2.4,detected,0
265.0,265.0,1325,994,person,0.8218,222,314,89,164,266.5,396.0,14596,0.0,0.0,1.6,detected,0
265.0,265.0,1325,996,person,0.882,821,854,159,225,900.5,966.5,35775,136.47,136.47,1.0,detected,0
266.0,266.0,1330,824,person,0.7409,1530,142,60,138,1560.0,211.0,8280,36.46,36.46,49.8,detected,0
266.0,266.0,1330,839,person,0.3326,1677,0,51,89,1702.5,44.5,4539,12.35,12.35,46.4,detected,0
266.0,266.0,1330,847,person,0.8817,656,129,62,152,687.0,205.0,9424,61.99,61.99,44.0,detected,0
266.0,266.0,1330,850,person,0.5494,17,283,73,153,53.5,359.5,11169,0.5,0.5,43.2,detected,0
266.0,266.0,1330,950,person,0.8442,383,201,75,171,420.5,286.5,12825,75.7,75.7,13.4,detected,0
266.0,266.0,1330,951,person,0.8154,1238,0,42,101,1259.0,50.5,4242,50.09,50.09,13.0,detected,0
266.0,266.0,1330,954,person,0.3336,1809,143,62,164,1840.0,225.0,10168,32.0,32.0,12.2,detected,0
266.0,266.0,1330,955,person,0.6177,1164,0,49,118,1188.5,59.0,5782,42.25,42.25,12.0,detected,0
266.0,266.0,1330,956,person,0.6955,983,2,49,128,1007.5,66.0,6272,17.07,17.07,11.4,detected,0
266.0,266.0,1330,966,person,0.914,1231,175,79,185,1270.5,267.5,14615,48.66,48.66,9.8,detected,0
266.0,266.0,1330,974,person,0.8505,1106,2,43,123,1127.5,63.5,5289,42.08,42.08,7.0,detected,0
266.0,266.0,1330,975,person,0.9231,1661,269,91,214,1706.5,376.0,19474,52.19,52.19,6.8,detected,0
266.0,266.0,1330,981,person,0.9215,1327,600,99,266,1376.5,733.0,26334,106.4,106.4,5.6,detected,0
266.0,266.0,1330,982,person,0.834,904,62,49,124,928.5,124.0,6076,52.1,52.1,5.6,detected,0
266.0,266.0,1330,984,person,0.9244,1407,629,115,269,1464.5,763.5,30935,104.4,104.4,5.2,detected,0
266.0,266.0,1330,986,person,0.8789,1043,1,43,136,1064.5,69.0,5848,100.2,25.05,4.8,detected,0
266.0,266.0,1330,994,person,0.8595,124,334,85,174,166.5,421.0,14790,103.08,103.08,2.6,detected,0
266.0,266.0,1330,996,person,0.8862,929,741,148,323,1003.0,902.5,47804,120.84,120.84,2.0,detected,0
267.0,267.0,1335,824,person,0.8319,1453,156,63,165,1484.5,238.5,10395,80.35,80.35,50.8,detected,0
267.0,267.0,1335,847,person,0.8938,594,154,63,159,625.5,233.5,10017,67.78,67.78,45.0,detected,0
267.0,267.0,1335,911,person,0.2477,1657,0,38,65,1676.0,32.5,2470,31.95,15.98,27.4,detected,0
267.0,267.0,1335,929,person,0.8631,15,368,82,181,56.0,458.5,14842,322.66,107.55,19.6,detected,0
267.0,267.0,1335,939,person,0.3775,113,287,59,132,142.5,353.0,7788,0.71,0.35,16.4,detected,0
267.0,267.0,1335,950,person,0.8668,307,234,80,178,347.0,323.0,14240,82.06,82.06,14.4,detected,0
267.0,267.0,1335,951,person,0.4214,1279,0,25,57,1291.5,28.5,1425,39.25,39.25,14.0,detected,0
267.0,267.0,1335,954,person,0.527,1852,109,44,164,1874.0,191.0,7216,48.08,48.08,13.2,detected,0
267.0,267.0,1335,966,person,0.9129,1235,137,76,176,1273.0,225.0,13376,42.57,42.57,10.8,detected,0
267.0,267.0,1335,974,person,0.7032,1136,0,43,108,1157.5,54.0,4644,31.47,31.47,8.0,detected,0
267.0,267.0,1335,975,person,0.9172,1689,229,87,203,1732.5,330.5,17661,52.4,52.4,7.8,detected,0
267.0,267.0,1335,981,person,0.9317,1406,550,93,257,1452.5,678.5,23901,93.52,93.52,6.6,detected,0
267.0,267.0,1335,982,person,0.8577,860,84,50,130,885.0,149.0,6500,50.17,50.17,6.6,detected,0
267.0,267.0,1335,984,person,0.9345,1479,572,113,254,1535.5,699.0,28702,95.92,95.92,6.2,detected,0
267.0,267.0,1335,986,person,0.7939,995,21,43,142,1016.5,92.0,6106,53.23,53.23,5.8,detected,0
267.0,267.0,1335,990,person,0.8362,1195,2,40,121,1215.0,62.5,4840,70.37,35.18,4.4,detected,0
267.0,267.0,1335,996,person,0.9406,1015,648,128,315,1079.0,805.5,40320,123.23,123.23,3.0,detected,0
267.0,267.0,1335,1001,person,0.7834,948,7,40,125,968.0,69.5,5000,0.0,0.0,0.6,detected,0
268.0,268.0,1340,824,person,0.8725,1360,167,76,164,1398.0,249.0,12464,87.13,87.13,51.8,detected,0
268.0,268.0,1340,847,person,0.8832,535,176,63,164,566.5,258.0,10332,63.88,63.88,46.0,detected,0
268.0,268.0,1340,850,person,0.5119,16,280,73,157,52.5,358.5,11461,1.41,0.71,45.2,detected,0
268.0,268.0,1340,911,person,0.3086,1671,0,41,55,1691.5,27.5,2255,16.29,16.29,28.4,detected,0
268.0,268.0,1340,939,person,0.3818,112,287,61,131,142.5,352.5,7991,0.5,0.5,17.4,detected,0
268.0,268.0,1340,950,person,0.8817,227,255,77,200,265.5,355.0,15400,87.56,87.56,15.4,detected,0
268.0,268.0,1340,951,person,0.1962,1314,0,24,38,1326.0,19.0,912,35.78,35.78,15.0,detected,0
268.0,268.0,1340,955,person,0.4701,1215,0,41,70,1235.5,35.0,2870,52.77,26.39,14.0,detected,0
268.0,268.0,1340,956,person,0.7399,958,18,44,130,980.0,83.0,5720,32.33,16.17,13.4,detected,0
268.0,268.0,1340,966,person,0.9013,1239,99,71,169,1274.5,183.5,11999,41.53,41.53,11.8,detected,0
268.0,268.0,1340,974,person,0.7749,1159,23,40,122,1179.0,84.0,4880,36.91,36.91,9.0,detected,0
268.0,268.0,1340,975,person,0.9029,1722,191,83,195,1763.5,288.5,16185,52.2,52.2,8.8,detected,0
268.0,268.0,1340,981,person,0.9274,1439,499,101,242,1489.5,620.0,24442,69.22,69.22,7.6,detected,0
268.0,268.0,1340,982,person,0.8511,815,107,51,134,840.5,174.0,6834,51.04,51.04,7.6,detected,0
268.0,268.0,1340,984,person,0.9208,1525,518,108,243,1579.0,639.5,26244,73.71,73.71,7.2,detected,0
268.0,268.0,1340,986,person,0.8244,916,35,44,128,938.0,99.0,5632,78.81,78.81,6.8,detected,0
268.0,268.0,1340,990,person,0.3046,1125,0,32,62,1141.0,31.0,1984,80.43,80.43,5.4,detected,0
268.0,268.0,1340,996,person,0.9259,1085,571,112,287,1141.0,714.5,32144,110.11,110.11,4.0,detected,0
268.0,268.0,1340,1005,person,0.1975,1653,0,24,33,1665.0,16.5,792,0.0,0.0,0.0,detected,0
269.0,269.0,1345,824,person,0.8873,1290,182,69,166,1324.5,265.0,11454,75.22,75.22,52.8,detected,0
269.0,269.0,1345,847,person,0.8995,477,206,66,165,510.0,288.5,10890,64.21,64.21,47.0,detected,0
269.0,269.0,1345,850,person,0.4465,14,278,76,158,52.0,357.0,12008,1.58,1.58,46.2,detected,0
269.0,269.0,1345,911,person,0.1911,1681,0,41,47,1701.5,23.5,1927,10.77,10.77,29.4,detected,0
269.0,269.0,1345,950,person,0.8677,127,300,79,200,166.5,400.0,15800,108.75,108.75,16.4,detected,0
269.0,269.0,1345,951,person,0.2433,1356,0,31,22,1371.5,11.0,682,46.2,46.2,16.0,detected,0
269.0,269.0,1345,955,person,0.269,1241,0,31,50,1256.5,25.0,1550,23.26,23.26,15.0,detected,0
269.0,269.0,1345,956,person,0.6718,931,22,49,136,955.5,90.0,6664,25.48,25.48,14.4,detected,0
269.0,269.0,1345,966,person,0.8951,1238,71,66,159,1271.0,150.5,10494,33.19,33.19,12.8,detected,0
269.0,269.0,1345,974,person,0.6638,1181,1,35,75,1198.5,38.5,2625,49.5,49.5,10.0,detected,0
269.0,269.0,1345,975,person,0.8896,1734,156,78,187,1773.0,249.5,14586,40.14,40.14,9.8,detected,0
269.0,269.0,1345,981,person,0.9239,1464,452,94,231,1511.0,567.5,21714,56.73,56.73,8.6,detected,0
269.0,269.0,1345,982,person,0.7872,759,131,60,116,789.0,189.0,6960,53.64,53.64,8.6,detected,0
269.0,269.0,1345,984,person,0.9187,1564,470,104,233,1616.0,586.5,24232,64.64,64.64,8.2,detected,0
269.0,269.0,1345,986,person,0.8539,840,62,49,150,864.5,137.0,7350,82.74,82.74,7.8,detected,0
269.0,269.0,1345,990,person,0.3014,1094,0,37,50,1112.5,25.0,1850,29.12,29.12,6.4,detected,0
269.0,269.0,1345,996,person,0.8829,1138,493,109,267,1192.5,626.5,29103,101.96,101.96,5.0,predicted,1
269.0,269.0,1345,1001,person,0.7318,882,29,52,127,908.0,92.5,6604,64.26,32.13,2.6,detected,0
269.0,269.0,1345,1005,person,0.4166,1625,0,30,43,1640.0,21.5,1290,25.5,25.5,1.0,detected,0
269.0,269.0,1345,1007,person,0.8252,1096,43,39,131,1115.5,108.5,5109,0.0,0.0,0.8,detected,0
269.0,269.0,1345,1009,person,0.7297,1781,451,80,188,1821.0,545.0,15040,0.0,0.0,0.4,detected,0
269.0,269.0,1345,1010,person,0.2664,1488,0,30,34,1503.0,17.0,1020,0.0,0.0,0.0,detected,0
269.0,269.0,1345,1011,person,0.2323,1438,0,31,31,1453.5,15.5,961,0.0,0.0,0.0,detected,0
270.0,270.0,1350,824,person,0.8591,1207,200,77,171,1245.5,285.5,13167,81.62,81.62,53.8,detected,0
270.0,270.0,1350,847,person,0.8031,401,235,78,172,440.0,321.0,13416,77.18,77.18,48.0,detected,0
270.0,270.0,1350,939,person,0.2211,113,287,59,132,142.5,353.0,7788,0.5,0.25,19.4,detected,0
270.0,270.0,1350,950,person,0.8855,22,344,85,205,64.5,446.5,17425,112.1,112.1,17.4,detected,0
270.0,270.0,1350,955,person,0.1839,1268,0,27,30,1281.5,15.0,810,26.93,26.93,16.0,detected,0
270.0,270.0,1350,956,person,0.705,909,44,51,132,934.5,110.0,6732,29.0,29.0,15.4,detected,0
270.0,270.0,1350,966,person,0.8476,1232,44,62,150,1263.0,119.0,9300,32.5,32.5,13.8,detected,0
270.0,270.0,1350,974,person,0.5497,1197,0,35,61,1214.5,30.5,2135,17.89,17.89,11.0,detected,0
270.0,270.0,1350,975,person,0.8437,1714,125,73,177,1750.5,213.5,12921,42.45,42.45,10.8,detected,0
270.0,270.0,1350,981,person,0.9239,1487,407,103,226,1538.5,520.0,23278,54.89,54.89,9.6,detected,0
270.0,270.0,1350,982,person,0.8011,699,159,61,101,729.5,209.5,6161,62.93,62.93,9.6,detected,0
270.0,270.0,1350,984,person,0.919,1599,425,103,219,1650.5,534.5,22557,62.4,62.4,9.2,detected,0
270.0,270.0,1350,986,person,0.8058,769,85,50,141,794.0,155.5,7050,72.89,72.89,8.8,detected,0
270.0,270.0,1350,990,person,0.6316,1056,0,45,91,1078.5,45.5,4095,39.7,39.7,7.4,detected,0
270.0,270.0,1350,996,person,0.9241,1197,441,107,242,1250.5,562.0,25894,86.74,86.74,6.0,detected,0
270.0,270.0,1350,1001,person,0.7791,865,45,48,127,889.0,108.5,6096,24.84,24.84,3.6,detected,0
270.0,270.0,1350,1005,person,0.5547,1600,0,39,62,1619.5,31.0,2418,22.59,22.59,2.0,detected,0
270.0,270.0,1350,1007,person,0.8179,1024,64,40,135,1044.0,131.5,5400,75.11,75.11,1.8,detected,0
270.0,270.0,1350,1009,person,0.8837,1753,485,103,223,1804.5,596.5,22969,54.08,54.08,1.4,detected,0
270.0,270.0,1350,1010,person,0.3097,1461,0,31,50,1476.5,25.0,1550,27.68,27.68,1.0,detected,0
270.0,270.0,1350,1011,person,0.353,1420,0,29,48,1434.5,24.0,1392,20.81,20.81,1.0,detected,0
270.0,270.0,1350,1015,person,0.9145,1323,960,133,120,1389.5,1020.0,15960,0.0,0.0,0.2,detected,0
270.0,270.0,1350,1016,person,0.2126,1693,0,99,100,1742.5,50.0,9900,0.0,0.0,0.0,detected,0
271.0,271.0,1355,824,person,0.8891,1131,221,78,175,1170.0,308.5,13650,78.93,78.93,54.8,detected,0
271.0,271.0,1355,847,person,0.866,318,260,74,182,355.0,351.0,13468,90.14,90.14,49.0,detected,0
271.0,271.0,1355,850,person,0.3226,17,282,74,154,54.0,359.0,11396,2.83,1.41,48.2,detected,0
271.0,271.0,1355,911,person,0.3832,1686,0,44,84,1708.0,42.0,3696,19.61,9.8,31.4,detected,0
271.0,271.0,1355,939,person,0.3834,113,287,59,131,142.5,352.5,7729,0.5,0.5,20.4,detected,0
271.0,271.0,1355,950,person,0.3506,-17,479,28,126,-3.0,542.0,3528,116.95,116.95,18.4,predicted,1
271.0,271.0,1355,956,person,0.7117,882,61,53,134,908.5,128.0,7102,31.62,31.62,16.4,detected,0
271.0,271.0,1355,966,person,0.8393,1224,22,61,146,1254.5,95.0,8906,25.46,25.46,14.8,detected,0
271.0,271.0,1355,974,person,0.3094,1219,0,28,47,1233.0,23.5,1316,19.78,19.78,12.0,detected,0
271.0,271.0,1355,975,person,0.8357,1683,94,70,171,1718.0,179.5,11970,47.03,47.03,11.8,detected,0
271.0,271.0,1355,981,person,0.9098,1530,369,92,214,1576.0,476.0,19688,57.81,57.81,10.6,detected,0
271.0,271.0,1355,982,person,0.7396,625,190,72,106,661.0,243.0,7632,76.25,76.25,10.6,detected,0
271.0,271.0,1355,984,person,0.9211,1616,386,101,213,1666.5,492.5,21513,44.94,44.94,10.2,detected,0
271.0,271.0,1355,986,person,0.7704,694,112,51,155,719.5,189.5,7905,81.89,81.89,9.8,detected,0
271.0,271.0,1355,990,person,0.5595,1015,0,47,110,1038.5,55.0,5170,41.11,41.11,8.4,detected,0
271.0,271.0,1355,996,person,0.889,1268,390,99,229,1317.5,504.5,22671,88.29,88.29,7.0,detected,0
271.0,271.0,1355,1001,person,0.8248,841,59,47,133,864.5,125.5,6251,29.82,29.82,4.6,detected,0
271.0,271.0,1355,1005,person,0.4062,1569,0,46,81,1592.0,40.5,3726,29.09,29.09,3.0,detected,0
271.0,271.0,1355,1007,person,0.8038,934,85,49,139,958.5,154.5,6811,88.54,88.54,2.8,detected,0
271.0,271.0,1355,1009,person,0.9087,1718,552,121,235,1778.5,669.5,28435,77.49,77.49,2.4,detected,0
271.0,271.0,1355,1010,person,0.395,1428,0,36,71,1446.0,35.5,2556,32.26,32.26,2.0,detected,0
271.0,271.0,1355,1011,person,0.3928,1396,0,31,67,1411.5,33.5,2077,24.88,24.88,2.0,detected,0
271.0,271.0,1355,1015,person,0.9348,1396,806,125,272,1458.5,942.0,34000,104.14,104.14,1.2,detected,0
271.0,271.0,1355,1017,person,0.5381,1826,230,60,114,1856.0,287.0,6840,0.0,0.0,0.8,detected,0
272.0,272.0,1360,824,person,0.8925,1053,240,73,180,1089.5,330.0,13140,83.32,83.32,55.8,detected,0
272.0,272.0,1360,847,person,0.8694,230,289,75,191,267.5,384.5,14325,93.69,93.69,50.0,detected,0
272.0,272.0,1360,850,person,0.3586,16,282,75,155,53.5,359.5,11625,0.71,0.71,49.2,detected,0
272.0,272.0,1360,911,person,0.3688,1640,0,38,64,1659.0,32.0,2432,50.01,50.01,32.4,detected,0
272.0,272.0,1360,939,person,0.4449,113,287,59,131,142.5,352.5,7729,0.0,0.0,21.4,detected,0
272.0,272.0,1360,966,person,0.8377,1222,0,59,141,1251.5,70.5,8319,24.68,24.68,15.8,detected,0
272.0,272.0,1360,975,person,0.8807,1654,71,66,161,1687.0,151.5,10626,41.77,41.77,12.8,detected,0
272.0,272.0,1360,981,person,0.9078,1565,334,84,210,1607.0,439.0,17640,48.27,48.27,11.6,detected,0
272.0,272.0,1360,982,person,0.8109,537,215,70,162,572.0,296.0,11340,103.59,103.59,11.6,detected,0
272.0,272.0,1360,984,person,0.8799,1633,352,81,206,1673.5,455.0,16686,38.15,38.15,11.2,detected,0
272.0,272.0,1360,986,person,0.806,611,145,57,163,639.5,226.5,9291,88.14,88.14,10.8,detected,0
272.0,272.0,1360,990,person,0.7443,965,2,53,127,991.5,65.5,6731,48.16,48.16,9.4,detected,0
272.0,272.0,1360,996,person,0.9056,1330,346,91,221,1375.5,456.5,20111,75.29,75.29,8.0,detected,0
272.0,272.0,1360,1001,person,0.7585,803,77,55,133,830.5,143.5,7315,38.47,38.47,5.6,detected,0
272.0,272.0,1360,1005,person,0.7872,1548,0,47,102,1571.5,51.0,4794,23.03,23.03,4.0,detected,0
272.0,272.0,1360,1007,person,0.8699,850,104,51,145,875.5,176.5,7395,85.87,85.87,3.8,detected,0
272.0,272.0,1360,1009,person,0.4089,1705,630,115,223,1762.5,741.5,25645,73.76,73.76,3.4,detected,0
272.0,272.0,1360,1010,person,0.1691,1382,0,39,89,1401.5,44.5,3471,45.4,45.4,3.0,detected,0
272.0,272.0,1360,1011,person,0.2624,1368,0,49,87,1392.5,43.5,4263,21.47,21.47,3.0,detected,0
272.0,272.0,1360,1015,person,0.9289,1469,682,112,311,1525.0,837.5,34832,123.86,123.86,2.2,detected,0
272.0,272.0,1360,1020,person,0.7086,1802,260,75,178,1839.5,349.0,13350,0.0,0.0,0.6,detected,0
272.0,272.0,1360,1022,person,0.3688,1650,628,170,219,1735.0,737.5,37230,0.0,0.0,0.4,detected,0
273.0,273.0,1365,824,person,0.8552,978,263,70,187,1013.0,356.5,13090,80.96,80.96,56.8,detected,0
273.0,273.0,1365,847,person,0.8486,127,328,81,198,167.5,427.0,16038,108.66,108.66,51.0,detected,0
273.0,273.0,1365,850,person,0.3034,16,284,74,153,53.0,360.5,11322,1.12,1.12,50.2,detected,0
273.0,273.0,1365,911,person,0.231,1602,0,25,44,1614.5,22.0,1100,45.61,45.61,33.4,detected,0
273.0,273.0,1365,956,person,0.6513,805,89,55,144,832.5,161.0,7920,82.86,41.43,18.4,detected,0
273.0,273.0,1365,966,person,0.7949,1221,0,57,115,1249.5,57.5,6555,13.15,13.15,16.8,detected,0
273.0,273.0,1365,975,person,0.7216,1634,47,64,155,1666.0,124.5,9920,34.21,34.21,13.8,detected,0
273.0,273.0,1365,981,person,0.9016,1584,299,81,201,1624.5,399.5,16281,43.2,43.2,12.6,detected,0
273.0,273.0,1365,982,person,0.7731,442,250,71,167,477.5,333.5,11857,101.67,101.67,12.6,detected,0
273.0,273.0,1365,984,person,0.8712,1644,320,80,198,1684.0,419.0,15840,37.5,37.5,12.2,detected,0
273.0,273.0,1365,986,person,0.7806,521,172,63,174,552.5,259.0,10962,92.87,92.87,11.8,detected,0
273.0,273.0,1365,990,person,0.6497,917,16,53,135,943.5,83.5,7155,51.26,51.26,10.4,detected,0
273.0,273.0,1365,996,person,0.8984,1370,301,89,212,1414.5,407.0,18868,63.02,63.02,9.0,detected,0
273.0,273.0,1365,1001,person,0.3389,757,87,44,86,779.0,130.0,3784,53.24,53.24,6.6,detected,0
273.0,273.0,1365,1005,person,0.8008,1530,2,48,122,1554.0,63.0,5856,21.22,21.22,5.0,detected,0
273.0,273.0,1365,1007,person,0.295,753,129,51,120,778.5,189.0,6120,97.8,97.8,4.8,detected,0
273.0,273.0,1365,1011,person,0.8102,1337,0,41,109,1357.5,54.5,4469,36.69,36.69,4.0,detected,0
273.0,273.0,1365,1015,person,0.9295,1536,580,105,283,1588.5,721.5,29715,132.24,132.24,3.2,detected,0
273.0,273.0,1365,1020,person,0.8088,1786,295,79,189,1825.5,389.5,14931,42.85,42.85,1.6,detected,0
273.0,273.0,1365,1022,person,0.845,1642,721,153,282,1718.5,862.0,43146,125.59,125.59,1.4,detected,0
273.0,273.0,1365,1023,person,0.7652,1374,0,40,109,1394.0,54.5,4360,0.0,0.0,0.4,detected,0
273.0,273.0,1365,1025,person,0.3444,1698,47,44,121,1720.0,107.5,5324,0.0,0.0,0.2,detected,0
274.0,274.0,1370,824,person,0.8644,888,287,82,194,929.0,384.0,15908,88.39,88.39,57.8,detected,0
274.0,274.0,1370,847,person,0.8171,6,453,91,210,51.5,558.0,19110,174.98,174.98,52.0,detected,0
274.0,274.0,1370,850,person,0.832,21,353,86,188,64.0,447.0,16168,87.2,87.2,51.2,detected,0
274.0,274.0,1370,939,person,0.2594,112,287,60,131,142.0,352.5,7860,0.5,0.25,23.4,detected,0
274.0,274.0,1370,956,person,0.4778,756,106,55,119,783.5,165.5,6545,49.21,49.21,19.4,detected,0
274.0,274.0,1370,966,person,0.4233,1223,0,55,92,1250.5,46.0,5060,11.54,11.54,17.8,detected,0
274.0,274.0,1370,975,person,0.6275,1630,26,64,150,1662.0,101.0,9600,23.84,23.84,14.8,detected,0
274.0,274.0,1370,981,person,0.8715,1598,274,80,194,1638.0,371.0,15520,31.54,31.54,13.6,detected,0
274.0,274.0,1370,982,person,0.8479,344,282,72,175,380.0,369.5,12600,103.93,103.93,13.6,detected,0
274.0,274.0,1370,984,person,0.8562,1659,293,77,194,1697.5,390.0,14938,31.99,31.99,13.2,detected,0
274.0,274.0,1370,986,person,0.816,416,206,68,182,450.0,297.0,12376,109.32,109.32,12.8,detected,0
274.0,274.0,1370,990,person,0.5111,867,40,53,132,893.5,106.0,6996,54.83,54.83,11.4,detected,0
274.0,274.0,1370,996,person,0.8834,1405,254,81,203,1445.5,355.5,16443,60.11,60.11,10.0,detected,0
274.0,274.0,1370,1001,person,0.7954,704,102,54,151,731.0,177.5,8154,67.53,67.53,7.6,detected,0
274.0,274.0,1370,1005,person,0.6909,1511,22,50,124,1536.0,84.0,6200,27.66,27.66,6.0,detected,0
274.0,274.0,1370,1007,person,0.7695,648,152,58,142,677.0,223.0,8236,107.04,107.04,5.8,detected,0
274.0,274.0,1370,1011,person,0.7721,1298,2,42,129,1319.0,66.5,5418,40.33,40.33,5.0,detected,0
274.0,274.0,1370,1015,person,0.9203,1591,496,99,255,1640.5,623.5,25245,110.94,110.94,4.2,detected,0
274.0,274.0,1370,1017,person,0.476,1830,221,56,126,1858.0,284.0,7056,3.61,1.2,3.8,detected,0
274.0,274.0,1370,1020,person,0.8392,1754,327,80,199,1794.0,426.5,15920,48.59,48.59,2.6,detected,0
274.0,274.0,1370,1023,person,0.7491,1343,10,41,126,1363.5,73.0,5166,35.67,35.67,1.4,detected,0
274.0,274.0,1370,1025,person,0.6199,1681,60,54,132,1708.0,126.0,7128,22.05,22.05,1.2,detected,0
275.0,275.0,1375,824,person,0.7717,800,312,77,198,838.5,411.0,15246,94.44,94.44,58.8,detected,0
275.0,275.0,1375,847,person,0.1732,-14,444,33,154,2.5,521.0,5082,61.4,61.4,53.0,predicted,1
275.0,275.0,1375,850,person,0.268,15,281,77,156,53.5,359.0,12012,88.62,88.62,52.2,detected,0
275.0,275.0,1375,939,person,0.2842,112,286,60,132,142.0,352.0,7920,0.5,0.5,24.4,detected,0
275.0,275.0,1375,956,person,0.7372,706,124,55,135,733.5,191.5,7425,56.36,56.36,20.4,detected,0
275.0,275.0,1375,975,person,0.4069,1639,7,62,113,1670.0,63.5,7006,38.34,38.34,15.8,detected,0
275.0,275.0,1375,981,person,0.8763,1613,248,74,183,1650.0,339.5,13542,33.71,33.71,14.6,detected,0
275.0,275.0,1375,982,person,0.8006,234,319,82,182,275.0,410.0,14924,112.54,112.54,14.6,detected,0
275.0,275.0,1375,984,person,0.8331,1671,268,77,186,1709.5,361.0,14322,31.38,31.38,14.2,detected,0
275.0,275.0,1375,986,person,0.7937,301,244,80,187,341.0,337.5,14960,116.28,116.28,13.8,detected,0
275.0,275.0,1375,990,person,0.6151,817,58,56,137,845.0,126.5,7672,52.65,52.65,12.4,detected,0
275.0,275.0,1375,996,person,0.8695,1431,219,74,191,1468.0,314.5,14134,46.77,46.77,11.0,detected,0
275.0,275.0,1375,1001,person,0.8575,645,125,63,152,676.5,201.0,9576,59.35,59.35,8.6,detected,0
275.0,275.0,1375,1005,person,0.7238,1480,42,50,129,1505.0,106.5,6450,38.3,38.3,7.0,detected,0
275.0,275.0,1375,1007,person,0.8151,543,183,66,160,576.0,263.0,10560,108.63,108.63,6.8,detected,0
275.0,275.0,1375,1011,person,0.5779,1255,22,46,132,1278.0,88.0,6072,46.3,46.3,6.0,detected,0
275.0,275.0,1375,1015,person,0.9103,1616,422,92,235,1662.0,539.5,21620,86.71,86.71,5.2,detected,0
275.0,275.0,1375,1017,person,0.6456,1802,254,73,169,1838.5,338.5,12337,57.88,57.88,4.8,detected,0
275.0,275.0,1375,1020,person,0.8919,1717,366,86,204,1760.0,468.0,17544,53.65,53.65,3.6,detected,0
275.0,275.0,1375,1023,person,0.6978,1303,29,43,126,1324.5,92.0,5418,43.38,43.38,2.4,detected,0
275.0,275.0,1375,1025,person,0.7049,1639,72,47,138,1662.5,141.0,6486,47.91,47.91,2.2,detected,0
275.0,275.0,1375,1028,person,0.8812,111,428,92,199,157.0,527.5,18308,0.0,0.0,0.6,detected,0
275.0,275.0,1375,1029,person,0.7681,1115,1005,100,75,1165.0,1042.5,7500,0.0,0.0,0.2,detected,0
276.0,276.0,1380,824,person,0.885,694,348,89,196,738.5,446.0,17444,105.95,105.95,59.8,detected,0
276.0,276.0,1380,850,person,0.2926,16,284,76,153,54.0,360.5,11628,1.58,1.58,53.2,detected,0
276.0,276.0,1380,956,person,0.7716,655,147,58,141,684.0,217.5,8178,55.91,55.91,21.4,detected,0
276.0,276.0,1380,975,person,0.5462,1654,0,58,135,1683.0,67.5,7830,13.6,13.6,16.8,detected,0
276.0,276.0,1380,981,person,0.7526,1634,227,73,156,1670.5,305.0,11388,40.13,40.13,15.6,detected,0
276.0,276.0,1380,982,person,0.8677,125,364,73,187,161.5,457.5,13651,123.04,123.04,15.6,detected,0
276.0,276.0,1380,984,person,0.7544,1693,243,78,179,1732.0,332.5,13962,36.31,36.31,15.2,detected,0
276.0,276.0,1380,986,person,0.5614,194,279,68,186,228.0,372.0,12648,118.15,118.15,14.8,detected,0
276.0,276.0,1380,990,person,0.6885,768,75,57,144,796.5,147.0,8208,52.65,52.65,13.4,detected,0
276.0,276.0,1380,996,person,0.7389,1467,190,68,176,1501.0,278.0,11968,49.21,49.21,12.0,detected,0
276.0,276.0,1380,1001,person,0.7427,593,152,60,153,623.0,228.5,9180,60.15,60.15,9.6,detected,0
276.0,276.0,1380,1005,person,0.7039,1440,63,50,136,1465.0,131.0,6800,46.91,46.91,8.0,detected,0
276.0,276.0,1380,1007,person,0.7613,434,215,68,172,468.0,301.0,11696,114.49,114.49,7.8,detected,0
276.0,276.0,1380,1011,person,0.7194,1212,43,47,138,1235.5,112.0,6486,48.81,48.81,7.0,detected,0
276.0,276.0,1380,1015,person,0.878,1622,355,85,225,1664.5,467.5,19125,72.04,72.04,6.2,detected,0
276.0,276.0,1380,1017,person,0.6091,1785,295,77,196,1823.5,393.0,15092,56.53,56.53,5.8,detected,0
276.0,276.0,1380,1020,person,0.8826,1694,412,86,212,1737.0,518.0,18232,55.04,55.04,4.6,detected,0
276.0,276.0,1380,1023,person,0.6097,1259,51,46,131,1282.0,116.5,6026,49.06,49.06,3.4,detected,0
276.0,276.0,1380,1025,person,0.7407,1570,82,58,139,1599.0,151.5,8062,64.36,64.36,3.2,detected,0
276.0,276.0,1380,1028,person,0.8535,230,373,85,198,272.5,472.0,16830,128.14,128.14,1.6,detected,0
276.0,276.0,1380,1029,person,0.9258,1201,887,140,193,1271.0,983.5,27020,121.31,121.31,1.2,detected,0
276.0,276.0,1380,1031,person,0.9069,1348,931,118,149,1407.0,1005.5,17582,0.0,0.0,0.8,detected,0
277.0,277.0,1385,824,person,0.8819,602,384,89,204,646.5,486.0,18156,100.32,100.32,60.8,detected,0
277.0,277.0,1385,850,person,0.7981,5,366,73,177,41.5,454.5,12921,94.83,94.83,54.2,detected,0
277.0,277.0,1385,939,person,0.2144,112,287,59,132,141.5,353.0,7788,1.12,0.56,26.4,detected,0
277.0,277.0,1385,956,person,0.7845,592,171,60,150,622.0,246.0,9000,68.24,68.24,22.4,detected,0
277.0,277.0,1385,966,person,0.1778,1268,0,25,31,1280.5,15.5,775,42.78,14.26,20.8,detected,0
277.0,277.0,1385,975,person,0.1856,1664,0,58,108,1693.0,54.0,6264,16.8,16.8,17.8,detected,0
277.0,277.0,1385,981,person,0.5544,1654,204,76,129,1692.0,268.5,9804,42.36,42.36,16.6,detected,0
277.0,277.0,1385,982,person,0.4149,5,481,55,185,32.5,573.5,10175,173.48,173.48,16.6,detected,0
277.0,277.0,1385,984,person,0.7074,1719,217,84,177,1761.0,305.5,14868,39.62,39.62,16.2,detected,0
277.0,277.0,1385,986,person,0.7585,77,326,83,211,118.5,431.5,17513,124.62,124.62,15.8,detected,0
277.0,277.0,1385,990,person,0.7152,711,93,60,154,741.0,170.0,9240,60.08,60.08,14.4,detected,0
277.0,277.0,1385,996,person,0.585,1516,164,62,143,1547.0,235.5,8866,62.63,62.63,13.0,detected,0
277.0,277.0,1385,1001,person,0.758,524,172,67,160,557.5,252.0,10720,69.59,69.59,10.6,detected,0
277.0,277.0,1385,1005,person,0.8647,1403,87,53,140,1429.5,157.0,7420,44.0,44.0,9.0,detected,0
277.0,277.0,1385,1007,person,0.3349,313,253,73,144,349.5,325.0,10512,120.91,120.91,8.8,detected,0
277.0,277.0,1385,1011,person,0.7975,1161,69,49,139,1185.5,138.5,6811,56.59,56.59,8.0,detected,0
277.0,277.0,1385,1015,person,0.8602,1647,302,80,206,1687.0,405.0,16480,66.43,66.43,7.2,detected,0
277.0,277.0,1385,1017,person,0.819,1765,337,73,206,1801.5,440.0,15038,51.89,51.89,6.8,detected,0
277.0,277.0,1385,1020,person,0.8872,1660,460,90,220,1705.0,570.0,19800,61.06,61.06,5.6,detected,0
277.0,277.0,1385,1023,person,0.8349,1221,76,46,135,1244.0,143.5,6210,46.62,46.62,4.4,detected,0
277.0,277.0,1385,1025,person,0.667,1488,83,54,129,1515.0,147.5,6966,84.1,84.1,4.2,detected,0
277.0,277.0,1385,1028,person,0.8542,322,333,84,185,364.0,425.5,15540,102.64,102.64,2.6,detected,0
277.0,277.0,1385,1029,person,0.9236,1289,776,131,304,1354.5,928.0,39824,100.26,100.26,2.2,detected,0
277.0,277.0,1385,1031,person,0.9157,1424,818,114,262,1481.0,949.0,29868,93.1,93.1,1.8,detected,0
278.0,278.0,1390,824,person,0.8851,522,414,86,215,565.0,521.5,18490,88.9,88.9,61.8,detected,0
278.0,278.0,1390,850,person,0.2314,10,337,66,174,43.0,424.0,11484,30.54,30.54,55.2,detected,0
278.0,278.0,1390,939,person,0.3255,112,287,60,132,142.0,353.0,7920,0.5,0.5,27.4,detected,0
278.0,278.0,1390,956,person,0.859,517,195,68,172,551.0,281.0,11696,79.16,79.16,23.4,detected,0
278.0,278.0,1390,981,person,0.6045,1663,183,78,156,1702.0,261.0,12168,12.5,12.5,17.6,detected,0
278.0,278.0,1390,982,person,0.8852,43,461,91,221,88.5,571.5,20111,56.04,56.04,17.6,detected,0
278.0,278.0,1390,984,person,0.2314,1781,276,76,133,1819.0,342.5,10108,68.8,68.8,17.2,detected,0
278.0,278.0,1390,990,person,0.7121,648,116,63,160,679.5,196.0,10080,66.77,66.77,15.4,detected,0
278.0,278.0,1390,996,person,0.6286,1562,131,61,130,1592.5,196.0,7930,60.25,60.25,14.0,detected,0
278.0,278.0,1390,1001,person,0.741,457,192,61,165,487.5,274.5,10065,73.53,73.53,11.6,detected,0
278.0,278.0,1390,1005,person,0.7764,1368,114,55,144,1395.5,186.0,7920,44.69,44.69,10.0,detected,0
278.0,278.0,1390,1007,person,0.7607,198,297,81,188,238.5,391.0,15228,129.14,129.14,9.8,detected,0
278.0,278.0,1390,1011,person,0.8022,1115,94,50,147,1140.0,167.5,7350,53.96,53.96,9.0,detected,0
278.0,278.0,1390,1015,person,0.8534,1701,237,74,190,1738.0,332.0,14060,89.05,89.05,8.2,detected,0
278.0,278.0,1390,1017,person,0.8214,1748,384,81,219,1788.5,493.5,17739,55.06,55.06,7.8,detected,0
278.0,278.0,1390,1020,person,0.8948,1627,509,95,234,1674.5,626.0,22230,63.77,63.77,6.6,detected,0
278.0,278.0,1390,1023,person,0.8541,1170,101,48,141,1194.0,171.5,6768,57.31,57.31,5.4,detected,0
278.0,278.0,1390,1025,person,0.7425,1407,87,47,134,1430.5,154.0,6298,84.75,84.75,5.2,detected,0
278.0,278.0,1390,1028,person,0.8243,401,301,78,173,440.0,387.5,13494,84.97,84.97,3.6,detected,0
278.0,278.0,1390,1029,person,0.9222,1350,682,131,304,1415.5,834.0,39824,112.06,112.06,3.2,detected,0
278.0,278.0,1390,1031,person,0.7987,1495,727,105,289,1547.5,871.5,30345,102.12,102.12,2.8,detected,0
278.0,278.0,1390,1034,person,0.7252,1715,228,75,182,1752.5,319.0,13650,0.0,0.0,0.2,detected,0
278.0,278.0,1390,1036,person,0.5013,1312,1006,103,74,1363.5,1043.0,7622,0.0,0.0,0.0,detected,0
279.0,279.0,1395,824,person,0.8857,437,456,89,227,481.5,569.5,20203,96.31,96.31,62.8,detected,0
279.0,279.0,1395,939,person,0.1649,112,287,60,132,142.0,353.0,7920,0.0,0.0,28.4,detected,0
279.0,279.0,1395,956,person,0.7901,441,219,62,156,472.0,297.0,9672,80.6,80.6,24.4,detected,0
279.0,279.0,1395,975,person,0.2066,1610,1,41,81,1630.5,41.5,3321,63.74,31.87,19.8,detected,0
279.0,279.0,1395,981,person,0.742,1664,162,76,167,1702.0,245.5,12692,15.5,15.5,18.6,detected,0
279.0,279.0,1395,982,person,0.8301,175,401,85,209,217.5,505.5,17765,144.9,144.9,18.6,detected,0
279.0,279.0,1395,984,person,0.6286,1760,332,78,158,1799.0,411.0,12324,71.36,71.36,18.2,detected,0
279.0,279.0,1395,990,person,0.645,579,143,63,161,610.5,223.5,10143,74.28,74.28,16.4,detected,0
279.0,279.0,1395,996,person,0.6233,1602,105,60,140,1632.0,175.0,8400,44.74,44.74,15.0,detected,0
279.0,279.0,1395,1001,person,0.7899,370,219,63,167,401.5,302.5,10521,90.44,90.44,12.6,detected,0
279.0,279.0,1395,1005,person,0.8211,1325,143,65,152,1357.5,219.0,9880,50.33,50.33,11.0,detected,0
279.0,279.0,1395,1007,person,0.702,58,342,81,194,98.5,439.0,15714,148.0,148.0,10.8,detected,0
279.0,279.0,1395,1011,person,0.8269,1062,119,52,151,1088.0,194.5,7852,58.59,58.59,10.0,detected,0
279.0,279.0,1395,1015,person,0.7289,1728,218,70,189,1763.0,312.5,13230,31.71,31.71,9.2,detected,0
279.0,279.0,1395,1020,person,0.8998,1622,567,105,248,1674.5,691.0,26040,65.0,65.0,7.6,detected,0
279.0,279.0,1395,1023,person,0.851,1111,129,50,149,1136.0,203.5,7450,66.24,66.24,6.4,detected,0
279.0,279.0,1395,1025,person,0.5056,1314,94,51,109,1339.5,148.5,5559,91.17,91.17,6.2,detected,0
279.0,279.0,1395,1028,person,0.8262,467,264,77,167,505.5,347.5,12859,76.75,76.75,4.6,detected,0
279.0,279.0,1395,1029,person,0.9157,1396,603,121,278,1456.5,742.0,33638,100.72,100.72,4.2,detected,0
279.0,279.0,1395,1031,person,0.8933,1548,650,99,270,1597.5,785.0,26730,99.91,99.91,3.8,detected,0
279.0,279.0,1395,1034,person,0.2375,1761,167,65,142,1793.5,238.0,9230,90.79,90.79,1.2,detected,0
279.0,279.0,1395,1036,person,0.8936,1403,887,119,193,1462.5,983.5,22967,115.5,115.5,1.0,detected,0
279.0,279.0,1395,1037,person,0.8469,1720,450,87,234,1763.5,567.0,20358,0.0,0.0,0.8,detected,0
279.0,279.0,1395,1041,person,0.6547,0,533,31,180,15.5,623.0,5580,0.0,0.0,0.0,detected,0
280.0,280.0,1400,824,person,0.883,327,505,104,237,379.0,623.5,24648,115.85,115.85,63.8,detected,0
280.0,280.0,1400,850,person,0.1881,16,281,76,155,54.0,358.5,11780,66.42,33.21,57.2,detected,0
280.0,280.0,1400,939,person,0.1582,112,287,60,132,142.0,353.0,7920,0.0,0.0,29.4,detected,0
280.0,280.0,1400,956,person,0.7579,355,248,79,182,394.5,339.0,14378,88.15,88.15,25.4,detected,0
280.0,280.0,1400,975,person,0.3994,1568,0,45,102,1590.5,51.0,4590,41.11,41.11,20.8,detected,0
280.0,280.0,1400,981,person,0.5084,1663,143,74,162,1700.0,224.0,11988,21.59,21.59,19.6,detected,0
280.0,280.0,1400,982,person,0.6916,275,350,72,195,311.0,447.5,14040,110.03,110.03,19.6,detected,0
280.0,280.0,1400,984,person,0.7165,1739,382,93,169,1785.5,466.5,15717,57.12,57.12,19.2,detected,0
280.0,280.0,1400,990,person,0.5277,504,167,64,153,536.0,243.5,9792,77.14,77.14,17.4,detected,0
280.0,280.0,1400,996,person,0.3249,1644,88,59,148,1673.5,162.0,8732,43.49,43.49,16.0,detected,0
280.0,280.0,1400,1001,person,0.4968,289,243,71,154,324.5,320.0,10934,78.96,78.96,13.6,detected,0
280.0,280.0,1400,1005,person,0.831,1287,178,63,159,1318.5,257.5,10017,54.8,54.8,12.0,detected,0
280.0,280.0,1400,1007,person,0.6948,21,478,95,199,68.5,577.5,18905,141.71,141.71,11.8,detected,0
280.0,280.0,1400,1011,person,0.8369,1000,148,55,159,1027.5,227.5,8745,68.91,68.91,11.0,detected,0
280.0,280.0,1400,1015,person,0.4866,1784,183,67,179,1817.5,272.5,11993,67.6,67.6,10.2,detected,0
280.0,280.0,1400,1020,person,0.847,1651,632,106,266,1704.0,765.0,28196,79.66,79.66,8.6,detected,0
280.0,280.0,1400,1023,person,0.8004,1060,159,52,156,1086.0,237.0,8112,60.19,60.19,7.4,detected,0
280.0,280.0,1400,1025,person,0.7129,1228,108,60,143,1258.0,179.5,8580,87.2,87.2,7.2,detected,0
280.0,280.0,1400,1028,person,0.6431,537,230,67,163,570.5,311.5,10921,74.3,74.3,5.6,detected,0
280.0,280.0,1400,1029,person,0.8997,1434,540,106,255,1487.0,667.5,27030,80.5,80.5,5.2,detected,0
280.0,280.0,1400,1031,person,0.8884,1542,584,93,242,1588.5,705.0,22506,80.5,80.5,4.8,detected,0
280.0,280.0,1400,1034,person,0.4303,1753,162,62,139,1784.0,231.5,8618,11.51,11.51,2.2,detected,0
280.0,280.0,1400,1036,person,0.8893,1467,768,111,293,1522.5,914.5,32523,91.44,91.44,2.0,detected,0
280.0,280.0,1400,1037,person,0.7894,1693,515,96,213,1741.0,621.5,20448,58.96,58.96,1.8,detected,0
280.0,280.0,1400,1041,person,0.6162,0,454,56,197,28.0,552.5,11032,71.6,71.6,1.0,detected,0
280.0,280.0,1400,1042,person,0.207,1827,269,53,77,1853.5,307.5,4081,0.0,0.0,0.6,detected,0
281.0,281.0,1405,824,person,0.8222,200,555,110,244,255.0,677.0,26840,135.05,135.05,64.8,detected,0
281.0,281.0,1405,850,person,0.1621,15,283,77,155,53.5,360.5,11935,2.06,2.06,58.2,detected,0
281.0,281.0,1405,939,person,0.1578,112,287,60,133,142.0,353.5,7980,0.5,0.5,30.4,detected,0
281.0,281.0,1405,956,person,0.5542,275,280,86,179,318.0,369.5,15394,82.36,82.36,26.4,detected,0
281.0,281.0,1405,975,person,0.5357,1544,2,45,121,1566.5,62.5,5445,26.61,26.61,21.8,detected,0
281.0,281.0,1405,981,person,0.54,1649,122,73,158,1685.5,201.0,11534,27.19,27.19,20.6,detected,0
281.0,281.0,1405,982,person,0.4407,357,303,65,182,389.5,394.0,11830,95.0,95.0,20.6,detected,0
281.0,281.0,1405,984,person,0.6978,1703,435,103,169,1754.5,519.5,17407,61.4,61.4,20.2,detected,0
281.0,281.0,1405,990,person,0.7033,427,197,65,181,459.5,287.5,11765,88.25,88.25,18.4,detected,0
281.0,281.0,1405,996,person,0.1857,1689,57,53,109,1715.5,111.5,5777,65.68,65.68,17.0,predicted,1
281.0,281.0,1405,1001,person,0.5267,204,270,79,179,243.5,359.5,14141,90.12,90.12,14.6,detected,0
281.0,281.0,1405,1005,person,0.7823,1240,213,68,173,1274.0,299.5,11764,61.19,61.19,13.0,detected,0
281.0,281.0,1405,1007,person,0.765,117,444,76,198,155.0,543.0,15048,93.13,93.13,12.8,detected,0
281.0,281.0,1405,1011,person,0.7388,935,181,57,168,963.5,265.0,9576,74.18,74.18,12.0,detected,0
281.0,281.0,1405,1015,person,0.274,1836,148,56,172,1864.0,234.0,9632,60.37,60.37,11.2,detected,0
281.0,281.0,1405,1020,person,0.7793,1633,706,115,260,1690.5,836.0,29900,72.27,72.27,9.6,detected,0
281.0,281.0,1405,1023,person,0.8094,992,192,54,162,1019.0,273.0,8748,76.06,76.06,8.4,detected,0
281.0,281.0,1405,1025,person,0.7852,1153,126,60,144,1183.0,198.0,8640,77.25,77.25,8.2,detected,0
281.0,281.0,1405,1028,person,0.6371,604,200,67,124,637.5,262.0,8308,83.3,83.3,6.6,detected,0
281.0,281.0,1405,1029,person,0.8851,1444,480,108,249,1498.0,604.5,26892,63.95,63.95,6.2,detected,0
281.0,281.0,1405,1031,person,0.8102,1560,519,91,218,1605.5,628.0,19838,78.85,78.85,5.8,detected,0
281.0,281.0,1405,1034,person,0.3454,1728,133,63,153,1759.5,209.5,9639,32.93,32.93,3.2,detected,0
281.0,281.0,1405,1036,person,0.8538,1515,666,101,280,1565.5,806.0,28280,116.71,116.71,3.0,detected,0
281.0,281.0,1405,1037,person,0.8402,1683,575,98,218,1732.0,684.0,21364,63.14,63.14,2.8,detected,0
281.0,281.0,1405,1041,person,0.6391,44,439,90,193,89.0,535.5,17370,63.32,63.32,2.0,detected,0
281.0,281.0,1405,1042,person,0.4181,1776,318,72,194,1812.0,415.0,13968,115.23,115.23,1.6,detected,0
281.0,281.0,1405,1048,person,0.1993,1116,0,37,73,1134.5,36.5,2701,0.0,0.0,0.0,detected,0
282.0,282.0,1410,824,person,0.8831,70,614,121,248,130.5,738.0,30008,138.64,138.64,65.8,detected,0
282.0,282.0,1410,850,person,0.2084,17,283,75,154,54.5,360.0,11550,1.12,1.12,59.2,detected,0
282.0,282.0,1410,956,person,0.2805,191,317,74,155,228.0,394.5,11470,93.41,93.41,27.4,detected,0
282.0,282.0,1410,975,person,0.7304,1528,19,50,127,1553.0,82.5,6350,24.13,24.13,22.8,detected,0
282.0,282.0,1410,981,person,0.6996,1627,103,68,153,1661.0,179.5,10404,32.6,32.6,21.6,detected,0
282.0,282.0,1410,982,person,0.8024,442,256,63,178,473.5,345.0,11214,97.25,97.25,21.6,detected,0
282.0,282.0,1410,984,person,0.5867,1709,427,85,192,1751.5,523.0,16320,4.61,4.61,21.2,detected,0
282.0,282.0,1410,990,person,0.8046,345,230,71,188,380.5,324.0,13348,87.02,87.02,19.4,detected,0
282.0,282.0,1410,1001,person,0.3917,123,302,73,147,159.5,375.5,10731,85.51,85.51,15.6,detected,0
282.0,282.0,1410,1005,person,0.883,1185,252,72,177,1221.0,340.5,12744,67.01,67.01,14.0,detected,0
282.0,282.0,1410,1007,person,0.757,195,406,82,187,236.0,499.5,15334,91.94,91.94,13.8,detected,0
282.0,282.0,1410,1011,person,0.833,872,218,53,174,898.5,305.0,9222,76.32,76.32,13.0,detected,0
282.0,282.0,1410,1020,person,0.8359,1614,793,120,283,1674.0,934.5,33960,99.87,99.87,10.6,detected,0
282.0,282.0,1410,1023,person,0.827,917,226,59,168,946.5,310.0,9912,81.4,81.4,9.4,detected,0
282.0,282.0,1410,1025,person,0.8545,1076,147,62,149,1107.0,221.5,9238,79.55,79.55,9.2,detected,0
282.0,282.0,1410,1028,person,0.6159,664,173,66,109,697.0,227.5,7194,68.78,68.78,7.6,detected,0
282.0,282.0,1410,1029,person,0.8651,1462,427,109,233,1516.5,543.5,25397,63.74,63.74,7.2,detected,0
282.0,282.0,1410,1031,person,0.8055,1578,461,84,203,1620.0,562.5,17052,67.09,67.09,6.8,detected,0
282.0,282.0,1410,1034,person,0.3348,1695,106,70,155,1730.0,183.5,10850,39.32,39.32,4.2,detected,0
282.0,282.0,1410,1036,person,0.8665,1546,589,92,250,1592.0,714.0,23000,95.74,95.74,4.0,detected,0
282.0,282.0,1410,1037,person,0.8516,1642,649,106,202,1695.0,750.0,21412,75.66,75.66,3.8,detected,0
282.0,282.0,1410,1041,person,0.6919,123,406,88,183,167.0,497.5,16104,86.76,86.76,3.0,detected,0
282.0,282.0,1410,1042,person,0.2132,1770,403,72,225,1806.0,515.5,16200,100.68,100.68,2.6,detected,0
282.0,282.0,1410,1048,person,0.1876,1082,1,41,90,1102.5,46.0,3690,33.38,33.38,1.0,detected,0
282.0,282.0,1410,1049,person,0.2944,1133,0,38,61,1152.0,30.5,2318,0.0,0.0,0.4,detected,0
282.0,282.0,1410,1050,person,0.8535,1663,496,111,201,1718.5,596.5,22311,0.0,0.0,0.0,detected,0
283.0,283.0,1415,824,person,0.6252,0,717,59,186,29.5,810.0,10974,124.04,124.04,66.8,detected,0
283.0,283.0,1415,850,person,0.6258,51,331,92,187,97.0,424.5,17204,77.24,77.24,60.2,detected,0
283.0,283.0,1415,939,person,0.242,112,287,60,133,142.0,353.5,7980,0.0,0.0,32.4,detected,0
283.0,283.0,1415,956,person,0.6636,78,346,89,210,122.5,451.0,18690,119.68,119.68,28.4,detected,0
283.0,283.0,1415,975,person,0.6091,1514,43,50,131,1539.0,108.5,6550,29.53,29.53,23.8,detected,0
283.0,283.0,1415,981,person,0.6852,1608,86,67,148,1641.5,160.0,9916,27.58,27.58,22.6,detected,0
283.0,283.0,1415,982,person,0.7053,528,220,58,172,557.0,306.0,9976,92.16,92.16,22.6,detected,0
283.0,283.0,1415,984,person,0.8682,1645,549,97,240,1693.5,669.0,23280,157.1,157.1,22.2,detected,0
283.0,283.0,1415,990,person,0.3593,262,268,77,151,300.5,343.5,11627,82.34,82.34,20.4,detected,0
283.0,283.0,1415,1001,person,0.4594,46,340,59,199,75.5,439.5,11741,105.6,105.6,16.6,detected,0
283.0,283.0,1415,1005,person,0.8985,1130,296,76,187,1168.0,389.5,14212,72.18,72.18,15.0,detected,0
283.0,283.0,1415,1007,person,0.8253,264,373,75,183,301.5,464.5,13725,74.26,74.26,14.8,detected,0
283.0,283.0,1415,1011,person,0.8298,788,255,63,185,819.5,347.5,11655,89.71,89.71,14.0,detected,0
283.0,283.0,1415,1020,person,0.8591,1584,894,130,186,1649.0,987.0,24180,58.15,58.15,11.6,detected,0
283.0,283.0,1415,1023,person,0.8469,849,268,62,177,880.0,356.5,10974,81.14,81.14,10.4,detected,0
283.0,283.0,1415,1025,person,0.838,1009,167,64,156,1041.0,245.0,9984,70.06,70.06,10.2,detected,0
283.0,283.0,1415,1028,person,0.4649,724,149,59,105,753.5,201.5,6195,62.2,62.2,8.6,detected,0
283.0,283.0,1415,1029,person,0.8485,1507,379,92,219,1553.0,488.5,20148,66.01,66.01,8.2,detected,0
283.0,283.0,1415,1031,person,0.7052,1591,407,81,184,1631.5,499.0,14904,64.53,64.53,7.8,detected,0
283.0,283.0,1415,1034,person,0.6768,1672,91,57,148,1700.5,165.0,8436,34.82,34.82,5.2,detected,0
283.0,283.0,1415,1036,person,0.8148,1571,525,83,234,1612.5,642.0,19422,74.86,74.86,5.0,detected,0
283.0,283.0,1415,1037,person,0.8374,1598,734,112,197,1654.0,832.5,22064,92.13,92.13,4.8,detected,0
283.0,283.0,1415,1041,person,0.7531,197,381,77,170,235.5,466.0,13090,75.4,75.4,4.0,detected,0
283.0,283.0,1415,1042,person,0.5644,1727,432,79,215,1766.5,539.5,16985,46.22,46.22,3.6,detected,0
283.0,283.0,1415,1048,person,0.5103,1043,0,43,111,1064.5,55.5,4773,39.17,39.17,2.0,detected,0
283.0,283.0,1415,1049,person,0.1718,1108,0,43,78,1129.5,39.0,3354,24.05,24.05,1.4,detected,0
283.0,283.0,1415,1050,person,0.509,1763,469,87,201,1806.5,569.5,17487,92.05,92.05,1.0,detected,0
284.0,284.0,1420,939,person,0.191,112,287,60,131,142.0,352.5,7860,1.0,1.0,33.4,predicted,1
284.0,284.0,1420,956,person,0.6075,2,360,71,193,37.5,456.5,13703,85.18,85.18,29.4,detected,0
284.0,284.0,1420,975,person,0.7385,1495,64,51,137,1520.5,132.5,6987,30.3,30.3,24.8,detected,0
284.0,284.0,1420,981,person,0.591,1618,68,61,141,1648.5,138.5,8601,22.61,22.61,23.6,detected,0
284.0,284.0,1420,982,person,0.5094,604,187,51,139,629.5,256.5,7089,87.79,87.79,23.6,detected,0
284.0,284.0,1420,984,person,0.8566,1616,627,106,273,1669.0,763.5,28938,97.62,97.62,23.2,detected,0
284.0,284.0,1420,990,person,0.7669,160,305,83,207,201.5,408.5,17181,118.43,118.43,21.4,detected,0
284.0,284.0,1420,1001,person,0.6003,0,451,49,199,24.5,550.5,9751,122.16,122.16,17.6,detected,0
284.0,284.0,1420,1005,person,0.8908,1070,344,82,194,1111.0,441.0,15908,76.82,76.82,16.0,detected,0
284.0,284.0,1420,1007,person,0.8047,329,341,73,176,365.5,429.0,12848,73.19,73.19,15.8,detected,0
284.0,284.0,1420,1011,person,0.8018,695,293,67,195,728.5,390.5,13065,100.65,100.65,15.0,detected,0
284.0,284.0,1420,1020,person,0.495,1546,1006,118,74,1605.0,1043.0,8732,71.22,71.22,12.6,detected,0
284.0,284.0,1420,1023,person,0.846,769,310,66,188,802.0,404.0,12408,91.32,91.32,11.4,detected,0
284.0,284.0,1420,1025,person,0.8467,942,190,63,160,973.5,270.0,10080,71.98,71.98,11.2,detected,0
284.0,284.0,1420,1028,person,0.6006,784,124,56,122,812.0,185.0,6832,60.78,60.78,9.6,detected,0
284.0,284.0,1420,1029,person,0.8173,1542,336,87,209,1585.5,440.5,18183,57.97,57.97,9.2,detected,0
284.0,284.0,1420,1031,person,0.7544,1632,363,76,194,1670.0,460.0,14744,54.8,54.8,8.8,detected,0
284.0,284.0,1420,1034,person,0.52,1675,74,58,143,1704.0,145.5,8294,19.81,19.81,6.2,detected,0
284.0,284.0,1420,1036,person,0.7416,1586,498,72,239,1622.0,617.5,17208,26.28,26.28,6.0,detected,0
284.0,284.0,1420,1037,person,0.7399,1552,831,113,209,1608.5,935.5,23617,112.6,112.6,5.8,detected,0
284.0,284.0,1420,1041,person,0.7719,268,349,69,167,302.5,432.5,11523,74.91,74.91,5.0,detected,0
284.0,284.0,1420,1042,person,0.7721,1701,530,95,244,1748.5,652.0,23180,113.93,113.93,4.6,detected,0
284.0,284.0,1420,1048,person,0.6153,1005,10,43,122,1026.5,71.0,5246,41.04,41.04,3.0,detected,0
284.0,284.0,1420,1049,person,0.4963,1082,1,44,94,1104.0,48.0,4136,27.04,27.04,2.4,detected,0
284.0,284.0,1420,1055,person,0.8075,1307,882,108,197,1361.0,980.5,21276,0.0,0.0,0.6,detected,0
284.0,284.0,1420,1057,person,0.47,1689,490,81,116,1729.5,548.0,9396,0.0,0.0,0.4,detected,0
284.0,284.0,1420,1059,person,0.4131,1815,311,61,173,1845.5,397.5,10553,0.0,0.0,0.4,detected,0
285.0,285.0,1425,956,person,0.7673,0,398,84,222,42.0,509.0,18648,52.69,52.69,30.4,detected,0
285.0,285.0,1425,975,person,0.8179,1471,90,54,141,1498.0,160.5,7614,35.92,35.92,25.8,detected,0
285.0,285.0,1425,981,person,0.5933,1647,54,57,141,1675.5,124.5,8037,30.41,30.41,24.6,detected,0
285.0,285.0,1425,982,person,0.3119,669,169,50,113,694.0,225.5,5650,71.56,71.56,24.6,detected,0
285.0,285.0,1425,984,person,0.8948,1620,722,118,299,1679.0,871.5,35282,108.46,108.46,24.2,detected,0
285.0,285.0,1425,990,person,0.3798,61,342,87,162,104.5,423.0,14094,98.08,98.08,22.4,detected,0
285.0,285.0,1425,1001,person,0.8664,36,450,96,246,84.0,573.0,23616,63.61,63.61,18.6,detected,0
285.0,285.0,1425,1005,person,0.9004,1007,401,87,210,1050.5,506.0,18270,88.8,88.8,17.0,detected,0
285.0,285.0,1425,1007,person,0.7612,389,312,65,171,421.5,397.5,11115,64.25,64.25,16.8,detected,0
285.0,285.0,1425,1011,person,0.875,603,342,73,207,639.5,445.5,15111,104.62,104.62,16.0,detected,0
285.0,285.0,1425,1023,person,0.8764,675,361,70,195,710.0,458.5,13650,106.93,106.93,12.4,detected,0
285.0,285.0,1425,1025,person,0.86,871,216,65,165,903.5,298.5,10725,75.58,75.58,12.2,detected,0
285.0,285.0,1425,1028,person,0.745,837,103,56,137,865.0,171.5,7672,54.69,54.69,10.6,detected,0
285.0,285.0,1425,1029,person,0.8766,1581,298,86,202,1624.0,399.0,17372,56.61,56.61,10.2,detected,0
285.0,285.0,1425,1031,person,0.832,1674,323,71,193,1709.5,419.5,13703,56.57,56.57,9.8,detected,0
285.0,285.0,1425,1036,person,0.6994,1583,503,69,218,1617.5,612.0,15042,7.11,7.11,7.0,detected,0
285.0,285.0,1425,1037,person,0.8846,1464,944,132,136,1530.0,1012.0,17952,109.61,109.61,6.8,detected,0
285.0,285.0,1425,1041,person,0.824,330,311,65,170,362.5,396.0,11050,70.23,70.23,6.0,detected,0
285.0,285.0,1425,1042,person,0.6174,1678,602,90,212,1723.0,708.0,19080,61.53,61.53,5.6,detected,0
285.0,285.0,1425,1048,person,0.3342,948,29,46,125,971.0,91.5,5750,59.17,59.17,4.0,detected,0
285.0,285.0,1425,1049,person,0.5309,1056,1,44,115,1078.0,58.5,5060,28.04,28.04,3.4,detected,0
285.0,285.0,1425,1050,person,0.8404,1624,562,84,202,1666.0,663.0,16968,168.77,84.38,3.0,detected,0
285.0,285.0,1425,1055,person,0.8218,1333,754,98,295,1382.0,901.5,28910,81.74,81.74,1.6,detected,0
285.0,285.0,1425,1059,person,0.7179,1770,358,85,277,1812.5,496.5,23545,104.36,104.36,1.4,detected,0
286.0,286.0,1430,939,person,0.6747,101,365,79,229,140.5,479.5,18091,127.01,63.5,35.4,detected,0
286.0,286.0,1430,956,person,0.287,17,339,76,185,55.0,431.5,14060,78.58,78.58,31.4,detected,0
286.0,286.0,1430,975,person,0.8245,1442,119,56,146,1470.0,192.0,8176,42.15,42.15,26.8,detected,0
286.0,286.0,1430,981,person,0.408,1598,0,51,121,1623.5,60.5,6171,82.46,82.46,25.6,detected,0
286.0,286.0,1430,982,person,0.4588,741,136,46,110,764.0,191.0,5060,78.04,78.04,25.6,detected,0
286.0,286.0,1430,984,person,0.4993,1651,840,100,217,1701.0,948.5,21700,80.08,80.08,25.2,detected,0
286.0,286.0,1430,1001,person,0.7913,151,400,88,240,195.0,520.0,21120,123.0,123.0,19.6,detected,0
286.0,286.0,1430,1005,person,0.9176,926,465,93,222,972.5,576.0,20646,104.8,104.8,18.0,detected,0
286.0,286.0,1430,1007,person,0.7445,441,283,63,163,472.5,364.5,10269,60.75,60.75,17.8,detected,0
286.0,286.0,1430,1011,person,0.888,501,405,77,214,539.5,512.0,16478,120.09,120.09,17.0,detected,0
286.0,286.0,1430,1023,person,0.8589,570,420,76,209,608.0,524.5,15884,121.49,121.49,13.4,detected,0
286.0,286.0,1430,1025,person,0.8363,802,243,65,172,834.5,329.0,11180,75.44,75.44,13.2,detected,0
286.0,286.0,1430,1028,person,0.6578,890,84,55,133,917.5,150.5,7315,56.54,56.54,11.6,detected,0
286.0,286.0,1430,1029,person,0.8511,1623,266,83,195,1664.5,363.5,16185,53.86,53.86,11.2,detected,0
286.0,286.0,1430,1031,person,0.6978,1705,288,69,185,1739.5,380.5,12765,49.2,49.2,10.8,detected,0
286.0,286.0,1430,1034,person,0.5321,1678,39,58,138,1707.0,108.0,8004,37.62,18.81,8.2,detected,0
286.0,286.0,1430,1036,person,0.9045,1622,473,83,215,1663.5,580.5,17845,55.75,55.75,8.0,detected,0
286.0,286.0,1430,1041,person,0.7632,387,284,60,162,417.0,365.0,9720,62.7,62.7,7.0,detected,0
286.0,286.0,1430,1042,person,0.8994,1644,728,112,198,1700.0,827.0,22176,121.2,121.2,6.6,detected,0
286.0,286.0,1430,1049,person,0.4714,1019,19,49,119,1043.5,78.5,5831,39.88,39.88,4.4,detected,0
286.0,286.0,1430,1050,person,0.9037,1534,648,105,260,1586.5,778.0,27300,139.8,139.8,4.0,detected,0
286.0,286.0,1430,1053,person,0.2213,1890,866,29,177,1904.5,954.5,5133,0.0,0.0,3.6,detected,0
286.0,286.0,1430,1055,person,0.9147,1383,651,89,271,1427.5,786.5,24119,123.67,123.67,2.6,detected,0
286.0,286.0,1430,1059,person,0.9077,1735,410,104,273,1787.0,546.5,28392,56.13,56.13,2.4,detected,0
286.0,286.0,1430,1066,person,0.2936,1432,0,33,54,1448.5,27.0,1782,0.0,0.0,0.8,detected,0
287.0,287.0,1435,939,person,0.1687,114,292,60,138,144.0,361.0,8280,118.55,118.55,36.4,detected,0
287.0,287.0,1435,956,person,0.2186,14,280,76,155,52.0,357.5,11780,74.06,74.06,32.4,detected,0
287.0,287.0,1435,975,person,0.8208,1409,147,59,153,1438.5,223.5,9027,44.55,44.55,27.8,detected,0
287.0,287.0,1435,981,person,0.6829,1504,7,52,139,1530.0,76.5,7228,94.86,94.86,26.6,detected,0
287.0,287.0,1435,982,person,0.6112,812,125,48,133,836.0,191.5,6384,72.0,72.0,26.6,detected,0
287.0,287.0,1435,1001,person,0.8046,235,351,83,226,276.5,464.0,18758,98.89,98.89,20.6,detected,0
287.0,287.0,1435,1005,person,0.9121,827,535,100,234,877.0,652.0,23400,122.05,122.05,19.0,detected,0
287.0,287.0,1435,1007,person,0.783,491,259,63,157,522.5,337.5,9891,56.82,56.82,18.8,detected,0
287.0,287.0,1435,1011,person,0.8468,399,468,83,227,440.5,581.5,18841,120.96,120.96,18.0,detected,0
287.0,287.0,1435,1023,person,0.8646,460,485,78,221,499.0,595.5,17238,130.08,130.08,14.4,detected,0
287.0,287.0,1435,1025,person,0.8016,730,273,65,180,762.5,363.0,11700,79.62,79.62,14.2,detected,0
287.0,287.0,1435,1028,person,0.5682,945,68,52,129,971.0,132.5,6708,56.45,56.45,12.6,detected,0
287.0,287.0,1435,1029,person,0.8407,1653,234,80,188,1693.0,328.0,15040,45.52,45.52,12.2,detected,0
287.0,287.0,1435,1031,person,0.7535,1748,253,65,178,1780.5,342.0,11570,56.24,56.24,11.8,detected,0
287.0,287.0,1435,1034,person,0.2982,1696,29,51,133,1721.5,95.5,6783,19.14,19.14,9.2,detected,0
287.0,287.0,1435,1036,person,0.8134,1678,424,74,218,1715.0,533.0,16132,70.06,70.06,9.0,detected,0
287.0,287.0,1435,1041,person,0.7805,434,258,62,155,465.0,335.5,9610,56.34,56.34,8.0,detected,0
287.0,287.0,1435,1042,person,0.8674,1610,776,122,286,1671.0,919.0,34892,96.46,96.46,7.6,detected,0
287.0,287.0,1435,1049,person,0.251,979,41,41,115,999.5,98.5,4715,48.33,48.33,5.4,detected,0
287.0,287.0,1435,1050,person,0.8983,1429,752,114,275,1486.0,889.5,31350,150.11,150.11,5.0,detected,0
287.0,287.0,1435,1053,person,0.2098,1886,866,33,206,1902.5,969.0,6798,14.64,14.64,4.6,detected,0
287.0,287.0,1435,1055,person,0.8761,1445,569,81,224,1485.5,681.0,18144,120.39,120.39,3.6,detected,0
287.0,287.0,1435,1059,person,0.848,1711,469,108,276,1765.0,607.0,29808,64.38,64.38,3.4,detected,0
287.0,287.0,1435,1066,person,0.2948,1394,0,42,74,1415.0,37.0,3108,34.96,34.96,1.8,detected,0
287.0,287.0,1435,1071,person,0.3563,191,333,72,220,227.0,443.0,15840,0.0,0.0,0.4,detected,0
288.0,288.0,1440,939,person,0.238,111,280,60,131,141.0,345.5,7860,15.79,15.79,37.4,predicted,1
288.0,288.0,1440,956,person,0.4054,14,280,77,156,52.5,358.0,12012,0.71,0.71,33.4,detected,0
288.0,288.0,1440,975,person,0.8317,1377,182,61,161,1407.5,262.5,9821,49.82,49.82,28.8,detected,0
288.0,288.0,1440,981,person,0.7664,1408,31,60,143,1438.0,102.5,8580,95.6,95.6,27.6,detected,0
288.0,288.0,1440,982,person,0.4763,876,98,48,137,900.0,166.5,6576,68.71,68.71,27.6,detected,0
288.0,288.0,1440,1001,person,0.8463,317,308,83,213,358.5,414.5,17679,95.78,95.78,21.6,detected,0
288.0,288.0,1440,1005,person,0.9255,712,615,105,248,764.5,739.0,26040,142.22,142.22,20.0,detected,0
288.0,288.0,1440,1007,person,0.7125,537,234,64,154,569.0,311.0,9856,53.52,53.52,19.8,detected,0
288.0,288.0,1440,1011,person,0.9264,278,541,94,243,325.0,662.5,22842,141.07,141.07,19.0,detected,0
288.0,288.0,1440,1023,person,0.8849,351,559,86,239,394.0,678.5,20554,133.84,133.84,15.4,detected,0
288.0,288.0,1440,1025,person,0.8571,646,304,72,178,682.0,393.0,12816,85.91,85.91,15.2,detected,0
288.0,288.0,1440,1028,person,0.6938,992,53,52,121,1018.0,113.5,6292,50.7,50.7,13.6,detected,0
288.0,288.0,1440,1029,person,0.8601,1684,204,78,178,1723.0,293.0,13884,46.1,46.1,13.2,detected,0
288.0,288.0,1440,1031,person,0.472,1782,222,59,141,1811.5,292.5,8319,58.41,58.41,12.8,detected,0
288.0,288.0,1440,1034,person,0.3276,1707,6,45,100,1729.5,56.0,4500,40.3,40.3,10.2,detected,0
288.0,288.0,1440,1036,person,0.8628,1734,376,70,187,1769.0,469.5,13090,83.36,83.36,10.0,detected,0
288.0,288.0,1440,1041,person,0.8053,488,233,58,152,517.0,309.0,8816,58.36,58.36,9.0,detected,0
288.0,288.0,1440,1042,person,0.9218,1551,879,132,201,1617.0,979.5,26532,81.09,81.09,8.6,detected,0
288.0,288.0,1440,1048,person,0.6659,772,91,50,131,797.0,156.5,6550,185.74,61.91,7.0,detected,0
288.0,288.0,1440,1049,person,0.6002,916,64,52,119,942.0,123.5,6188,62.7,62.7,6.4,detected,0
288.0,288.0,1440,1050,person,0.9058,1321,871,124,209,1383.0,975.5,25916,134.18,134.18,6.0,detected,0
288.0,288.0,1440,1053,person,0.3038,1886,866,33,214,1902.5,973.0,7062,4.0,4.0,5.6,detected,0
288.0,288.0,1440,1055,person,0.8913,1502,499,78,234,1541.0,616.0,18252,85.47,85.47,4.6,detected,0
288.0,288.0,1440,1059,person,0.9338,1673,534,114,276,1730.0,672.0,31464,73.82,73.82,4.4,detected,0
288.0,288.0,1440,1066,person,0.6618,1351,0,47,98,1374.5,49.0,4606,42.24,42.24,2.8,detected,0
288.0,288.0,1440,1070,person,0.3345,1132,0,39,64,1151.5,32.0,2496,0.0,0.0,1.6,detected,0
288.0,288.0,1440,1071,person,0.5662,271,293,75,213,308.5,399.5,15975,92.38,92.38,1.4,detected,0
288.0,288.0,1440,1072,person,0.5002,1800,299,72,212,1836.0,405.0,15264,0.0,0.0,0.8,detected,0
289.0,289.0,1445,939,person,0.2648,112,287,60,130,142.0,352.0,7800,6.58,6.58,38.4,detected,0
289.0,289.0,1445,956,person,0.3372,16,281,75,155,53.5,358.5,11625,1.12,1.12,34.4,detected,0
289.0,289.0,1445,975,person,0.2532,1339,218,65,168,1371.5,302.0,10920,53.44,53.44,29.8,detected,0
289.0,289.0,1445,981,person,0.7976,1315,58,63,152,1346.5,134.0,9576,96.77,96.77,28.6,detected,0
289.0,289.0,1445,982,person,0.8119,927,77,47,130,950.5,142.0,6110,56.13,56.13,28.6,detected,0
289.0,289.0,1445,1001,person,0.8644,398,272,77,205,436.5,374.5,15785,87.66,87.66,22.6,detected,0
289.0,289.0,1445,1005,person,0.9299,596,711,113,265,652.5,843.5,29945,153.18,153.18,21.0,detected,0
289.0,289.0,1445,1007,person,0.7093,587,216,63,125,618.5,278.5,7875,59.22,59.22,20.8,detected,0
289.0,289.0,1445,1011,person,0.8799,132,626,106,256,185.0,754.0,27136,167.25,167.25,20.0,detected,0
289.0,289.0,1445,1023,person,0.8983,218,646,97,251,266.5,771.5,24347,157.81,157.81,16.4,detected,0
289.0,289.0,1445,1025,person,0.838,546,333,74,190,583.0,428.0,14060,105.0,105.0,16.2,detected,0
289.0,289.0,1445,1028,person,0.6369,1028,34,51,119,1053.5,93.5,6069,40.75,40.75,14.6,detected,0
289.0,289.0,1445,1029,person,0.6599,1714,175,74,175,1751.0,262.5,12950,41.4,41.4,14.2,detected,0
289.0,289.0,1445,1031,person,0.4545,1809,194,61,139,1839.5,263.5,8479,40.31,40.31,13.8,detected,0
289.0,289.0,1445,1034,person,0.7092,1685,0,49,98,1709.5,49.0,4802,21.19,21.19,11.2,detected,0
289.0,289.0,1445,1036,person,0.6491,1781,333,60,200,1811.0,433.0,12000,55.64,55.64,11.0,detected,0
289.0,289.0,1445,1041,person,0.6265,539,215,55,134,566.5,282.0,7370,56.38,56.38,10.0,detected,0
289.0,289.0,1445,1042,person,0.879,1505,996,110,84,1560.0,1038.0,9240,81.68,81.68,9.6,detected,0
289.0,289.0,1445,1048,person,0.6837,700,111,54,148,727.0,185.0,7992,75.58,75.58,8.0,detected,0
289.0,289.0,1445,1049,person,0.7423,843,83,57,128,871.5,147.0,7296,74.31,74.31,7.4,detected,0
289.0,289.0,1445,1050,person,0.744,1215,1015,96,65,1263.0,1047.5,6240,139.94,139.94,7.0,detected,0
289.0,289.0,1445,1053,person,0.2146,1888,865,31,202,1903.5,966.0,6262,7.07,7.07,6.6,detected,0
289.0,289.0,1445,1055,person,0.8792,1569,439,73,220,1605.5,549.0,16060,93.0,93.0,5.6,detected,0
289.0,289.0,1445,1059,person,0.9324,1653,611,120,292,1713.0,757.0,35040,86.68,86.68,5.4,detected,0
289.0,289.0,1445,1066,person,0.526,1308,0,48,103,1332.0,51.5,4944,42.57,42.57,3.8,detected,0
289.0,289.0,1445,1070,person,0.2533,1160,3,38,72,1179.0,39.0,2736,28.38,28.38,2.6,predicted,1
289.0,289.0,1445,1071,person,0.6322,350,251,66,210,383.0,356.0,13860,86.27,86.27,2.4,detected,0
289.0,289.0,1445,1074,person,0.5792,1758,237,77,187,1796.5,330.5,14399,0.0,0.0,1.6,detected,0
289.0,289.0,1445,1076,person,0.3114,1621,0,51,93,1646.5,46.5,4743,0.0,0.0,0.8,detected,0
290.0,290.0,1450,939,person,0.2429,112,287,60,131,142.0,352.5,7860,0.5,0.5,39.4,detected,0
290.0,290.0,1450,956,person,0.2637,14,280,76,154,52.0,357.0,11704,2.12,2.12,35.4,detected,0
290.0,290.0,1450,975,person,0.91,1296,256,65,177,1328.5,344.5,11505,60.46,60.46,30.8,detected,0
290.0,290.0,1450,981,person,0.8701,1215,92,65,154,1247.5,169.0,10010,105.0,105.0,29.6,detected,0
290.0,290.0,1450,982,person,0.6496,959,50,45,133,981.5,116.5,5985,40.14,40.14,29.6,detected,0
290.0,290.0,1450,1001,person,0.7889,445,243,78,187,484.0,336.5,14586,60.83,60.83,23.6,detected,0
290.0,290.0,1450,1005,person,0.9071,473,828,123,250,534.5,953.0,30750,160.98,160.98,22.0,detected,0
290.0,290.0,1450,1007,person,0.7392,642,191,62,107,673.0,244.5,6634,64.24,64.24,21.8,detected,0
290.0,290.0,1450,1011,person,0.707,1,742,65,258,33.5,871.0,16770,191.42,191.42,21.0,detected,0
290.0,290.0,1450,1023,person,0.9166,38,753,120,273,98.0,889.5,32760,205.71,205.71,17.4,detected,0
290.0,290.0,1450,1025,person,0.8358,443,367,79,196,482.5,465.0,15484,107.09,107.09,17.2,detected,0
290.0,290.0,1450,1028,person,0.7221,1061,17,50,117,1086.0,75.5,5850,37.15,37.15,15.6,detected,0
290.0,290.0,1450,1029,person,0.4738,1748,153,69,144,1782.5,225.0,9936,48.97,48.97,15.2,detected,0
290.0,290.0,1450,1031,person,0.477,1831,167,52,149,1857.0,241.5,7748,28.11,28.11,14.8,detected,0
290.0,290.0,1450,1034,person,0.7472,1665,0,49,116,1689.5,58.0,5684,21.93,21.93,12.2,detected,0
290.0,290.0,1450,1036,person,0.8074,1729,200,73,208,1765.5,304.0,15184,136.79,136.79,12.0,detected,0
290.0,290.0,1450,1041,person,0.7136,589,197,57,127,617.5,260.5,7239,55.35,55.35,11.0,detected,0
290.0,290.0,1450,1048,person,0.1508,619,141,47,106,642.5,194.0,4982,84.98,84.98,9.0,detected,0
290.0,290.0,1450,1049,person,0.7387,770,101,55,129,797.5,165.5,7095,76.28,76.28,8.4,detected,0
290.0,290.0,1450,1053,person,0.186,1887,866,33,192,1903.5,962.0,6336,4.0,4.0,7.6,detected,0
290.0,290.0,1450,1055,person,0.8629,1640,386,68,210,1674.0,491.0,14280,89.76,89.76,6.6,detected,0
290.0,290.0,1450,1059,person,0.9085,1649,697,124,314,1711.0,854.0,38936,97.02,97.02,6.4,detected,0
290.0,290.0,1450,1066,person,0.7105,1262,15,50,127,1287.0,78.5,6350,52.48,52.48,4.8,detected,0
290.0,290.0,1450,1071,person,0.4822,425,223,49,174,449.5,310.0,8526,80.86,80.86,3.4,detected,0
290.0,290.0,1450,1074,person,0.2308,1746,174,68,185,1780.0,266.5,12580,66.09,66.09,2.6,detected,0
290.0,290.0,1450,1076,person,0.2478,1600,1,51,87,1625.5,44.5,4437,21.1,21.1,1.8,detected,0
290.0,290.0,1450,1080,person,0.9133,25,437,103,222,76.5,548.0,22866,0.0,0.0,0.8,detected,0
290.0,290.0,1450,1084,person,0.7032,9,421,56,216,37.0,529.0,12096,0.0,0.0,0.2,detected,0
290.0,290.0,1450,1086,person,0.3053,1227,4,33,79,1243.5,43.5,2607,0.0,0.0,0.0,detected,0
291.0,291.0,1455,939,person,0.5275,114,330,53,166,140.5,413.0,8798,60.52,60.52,40.4,detected,0
291.0,291.0,1455,956,person,0.4455,16,282,76,156,54.0,360.0,11856,3.61,3.61,36.4,detected,0
291.0,291.0,1455,975,person,0.8733,1237,297,68,183,1271.0,388.5,12444,72.4,72.4,31.8,detected,0
291.0,291.0,1455,981,person,0.8542,1110,123,62,163,1141.0,204.5,10106,112.26,112.26,30.6,detected,0
291.0,291.0,1455,982,person,0.7571,986,31,42,129,1007.0,95.5,5418,33.03,33.03,30.6,detected,0
291.0,291.0,1455,1001,person,0.8665,488,214,79,195,527.5,311.5,15405,50.17,50.17,24.6,detected,0
291.0,291.0,1455,1005,person,0.8915,336,965,129,115,400.5,1022.5,14835,150.95,150.95,23.0,detected,0
291.0,291.0,1455,1007,person,0.4683,694,167,54,106,721.0,220.0,5724,53.89,53.89,22.8,detected,0
291.0,291.0,1455,1025,person,0.9034,335,409,83,202,376.5,510.0,16766,115.16,115.16,18.2,detected,0
291.0,291.0,1455,1028,person,0.537,1088,2,51,114,1113.5,59.0,5814,32.07,32.07,16.6,detected,0
291.0,291.0,1455,1029,person,0.3889,1805,192,58,128,1834.0,256.0,7424,60.11,60.11,16.2,detected,0
291.0,291.0,1455,1031,person,0.4645,1855,142,39,135,1874.5,209.5,5265,36.47,36.47,15.8,detected,0
291.0,291.0,1455,1034,person,0.8102,1646,7,52,132,1672.0,73.0,6864,23.05,23.05,13.2,detected,0
291.0,291.0,1455,1036,person,0.7997,1705,166,75,198,1742.5,265.0,14850,45.28,45.28,13.0,detected,0
291.0,291.0,1455,1048,person,0.4872,530,170,64,148,562.0,244.0,9472,94.76,94.76,10.0,detected,0
291.0,291.0,1455,1049,person,0.3824,673,135,58,142,702.0,206.0,8236,103.73,103.73,9.4,detected,0
291.0,291.0,1455,1053,person,0.215,1890,865,30,180,1905.0,955.0,5400,7.16,7.16,8.6,detected,0
291.0,291.0,1455,1055,person,0.8537,1678,337,67,198,1711.5,436.0,13266,66.57,66.57,7.6,detected,0
291.0,291.0,1455,1059,person,0.8233,1661,801,100,224,1711.0,913.0,22400,59.0,59.0,7.4,detected,0
291.0,291.0,1455,1066,person,0.8861,1211,36,57,136,1239.5,104.0,7752,53.91,53.91,5.8,detected,0
291.0,291.0,1455,1072,person,0.1992,1843,199,42,104,1864.0,251.0,4368,156.52,52.17,3.8,detected,0
291.0,291.0,1455,1074,person,0.7985,1773,120,68,170,1807.0,205.0,11560,67.17,67.17,3.6,detected,0
291.0,291.0,1455,1076,person,0.5658,1568,4,49,128,1592.5,68.0,6272,40.51,40.51,2.8,detected,0
291.0,291.0,1455,1080,person,0.2072,119,384,104,222,171.0,495.0,23088,108.35,108.35,1.8,detected,0
291.0,291.0,1455,1084,person,0.6751,116,383,77,211,154.5,488.5,16247,124.28,124.28,1.2,detected,0
291.0,291.0,1455,1086,person,0.2572,1292,10,40,84,1312.0,52.0,3360,69.03,69.03,1.0,detected,0
291.0,291.0,1455,1089,person,0.2436,1373,0,41,70,1393.5,35.0,2870,0.0,0.0,0.8,detected,0
292.0,292.0,1460,939,person,0.2723,112,292,60,131,142.0,357.5,7860,55.52,55.52,41.4,detected,0
292.0,292.0,1460,956,person,0.3912,16,281,75,156,53.5,359.0,11700,1.12,1.12,37.4,detected,0
292.0,292.0,1460,975,person,0.8611,1157,335,70,191,1192.0,430.5,13370,89.47,89.47,32.8,detected,0
292.0,292.0,1460,981,person,0.8457,990,157,67,175,1023.5,244.5,11725,124.12,124.12,31.6,detected,0
292.0,292.0,1460,982,person,0.7111,1021,13,40,124,1041.0,75.0,4960,39.7,39.7,31.6,detected,0
292.0,292.0,1460,1001,person,0.7125,548,192,67,185,581.5,284.5,12395,60.37,60.37,25.6,detected,0
292.0,292.0,1460,1007,person,0.2645,743,158,52,87,769.0,201.5,4524,51.44,51.44,23.8,detected,0
292.0,292.0,1460,1025,person,0.8944,201,452,98,210,250.0,557.0,20580,134.95,134.95,19.2,detected,0
292.0,292.0,1460,1028,person,0.6564,1113,0,49,100,1137.5,50.0,4900,25.63,25.63,17.6,detected,0
292.0,292.0,1460,1029,person,0.5154,1818,117,64,160,1850.0,197.0,10240,61.13,61.13,17.2,detected,0
292.0,292.0,1460,1034,person,0.8162,1624,27,53,137,1650.5,95.5,7261,31.12,31.12,14.2,detected,0
292.0,292.0,1460,1036,person,0.6903,1688,138,70,180,1723.0,228.0,12600,41.82,41.82,14.0,detected,0
292.0,292.0,1460,1041,person,0.6991,698,156,52,109,724.0,210.5,5668,117.65,58.83,13.0,detected,0
292.0,292.0,1460,1048,person,0.8563,433,197,62,164,464.0,279.0,10168,104.06,104.06,11.0,detected,0
292.0,292.0,1460,1055,person,0.8847,1692,293,64,185,1724.0,385.5,11840,52.02,52.02,8.6,detected,0
292.0,292.0,1460,1066,person,0.7926,1168,56,59,139,1197.5,125.5,8201,47.18,47.18,6.8,detected,0
292.0,292.0,1460,1071,person,0.4222,589,184,62,144,620.0,256.0,8928,178.85,89.42,5.4,detected,0
292.0,292.0,1460,1072,person,0.212,1835,212,47,128,1858.5,276.0,6016,25.6,25.6,4.8,detected,0
292.0,292.0,1460,1076,person,0.6503,1541,23,54,136,1568.0,91.0,7344,33.6,33.6,3.8,detected,0
292.0,292.0,1460,1080,person,0.3208,213,344,101,202,263.5,445.0,20402,105.15,105.15,2.8,detected,0
292.0,292.0,1460,1084,person,0.5623,209,341,74,201,246.0,441.5,14874,102.87,102.87,2.2,detected,0
292.0,292.0,1460,1086,person,0.2288,1315,-2,41,82,1335.5,39.0,3362,26.86,26.86,2.0,detected,0
292.0,292.0,1460,1089,person,0.2129,1373,0,40,98,1393.0,49.0,3920,14.01,14.01,1.8,detected,0
292.0,292.0,1460,1095,person,0.894,594,875,137,205,662.5,977.5,28085,0.0,0.0,0.8,detected,0
292.0,292.0,1460,1096,person,0.9296,735,930,144,150,807.0,1005.0,21600,0.0,0.0,0.8,detected,0
292.0,292.0,1460,1100,person,0.7491,1798,501,61,167,1828.5,584.5,10187,0.0,0.0,0.4,detected,0
293.0,293.0,1465,939,person,0.2287,112,288,60,130,142.0,353.0,7800,4.5,4.5,42.4,detected,0
293.0,293.0,1465,956,person,0.409,16,283,75,154,53.5,360.0,11550,1.0,1.0,38.4,detected,0
293.0,293.0,1465,975,person,0.8848,1042,372,71,198,1077.5,471.0,14058,121.45,121.45,33.8,detected,0
293.0,293.0,1465,981,person,0.8434,858,200,72,185,894.0,292.5,13320,138.11,138.11,32.6,detected,0
293.0,293.0,1465,982,person,0.4151,1062,0,40,117,1082.0,58.5,4680,44.2,44.2,32.6,detected,0
293.0,293.0,1465,1001,person,0.7387,620,171,63,136,651.5,239.0,8568,83.49,83.49,26.6,detected,0
293.0,293.0,1465,1007,person,0.7145,792,141,52,132,818.0,207.0,6864,49.31,49.31,24.8,detected,0
293.0,293.0,1465,1025,person,0.9212,51,497,108,216,105.0,605.0,23328,152.74,152.74,20.2,detected,0
293.0,293.0,1465,1028,person,0.3465,1136,0,45,85,1158.5,42.5,3825,22.3,22.3,18.6,detected,0
293.0,293.0,1465,1034,person,0.7689,1606,47,56,141,1634.0,117.5,7896,27.5,27.5,15.2,detected,0
293.0,293.0,1465,1036,person,0.6447,1672,114,63,168,1703.5,198.0,10584,35.78,35.78,15.0,detected,0
293.0,293.0,1465,1041,person,0.5379,743,140,51,96,768.5,188.0,4896,49.86,49.86,14.0,detected,0
293.0,293.0,1465,1049,person,0.766,521,184,57,151,549.5,259.5,8607,161.61,80.81,11.4,detected,0
293.0,293.0,1465,1055,person,0.8581,1703,252,61,177,1733.5,340.5,10797,45.99,45.99,9.6,detected,0
293.0,293.0,1465,1066,person,0.8283,1135,78,57,144,1163.5,150.0,8208,41.91,41.91,7.8,detected,0
293.0,293.0,1465,1071,person,0.3325,669,149,68,135,703.0,216.5,9180,91.92,91.92,6.4,detected,0
293.0,293.0,1465,1072,person,0.4379,1846,181,43,162,1867.5,262.0,6966,16.64,16.64,5.8,detected,0
293.0,293.0,1465,1076,person,0.614,1526,38,60,134,1556.0,105.0,8040,18.44,18.44,4.8,detected,0
293.0,293.0,1465,1080,person,0.8705,305,308,92,204,351.0,410.0,18768,94.24,94.24,3.8,detected,0
293.0,293.0,1465,1084,person,0.4952,274,299,65,189,306.5,393.5,12285,77.23,77.23,3.2,detected,0
293.0,293.0,1465,1086,person,0.7184,1297,0,54,105,1324.0,52.5,5670,17.73,17.73,3.0,detected,0
293.0,293.0,1465,1089,person,0.2167,1445,0,46,104,1468.0,52.0,4784,75.06,75.06,2.8,detected,0
293.0,293.0,1465,1095,person,0.9073,686,767,130,298,751.0,916.0,38740,107.77,107.77,1.8,predicted,1
293.0,293.0,1465,1096,person,0.9288,845,811,135,266,912.5,944.0,35910,121.87,121.87,1.8,detected,0
293.0,293.0,1465,1100,person,0.7403,1780,571,67,193,1813.5,667.5,12931,84.34,84.34,1.4,detected,0
293.0,293.0,1465,1104,person,0.2395,1190,0,35,81,1207.5,40.5,2835,0.0,0.0,0.8,detected,0
293.0,293.0,1465,1105,person,0.2781,1230,0,44,86,1252.0,43.0,3784,0.0,0.0,0.4,detected,0
294.0,294.0,1470,939,person,0.4076,112,288,61,131,142.5,353.5,7991,0.71,0.71,43.4,detected,0
294.0,294.0,1470,956,person,0.4095,15,282,76,155,53.0,359.5,11780,0.71,0.71,39.4,detected,0
294.0,294.0,1470,975,person,0.9054,885,408,78,204,924.0,510.0,15912,158.38,158.38,34.8,detected,0
294.0,294.0,1470,981,person,0.8359,710,250,82,189,751.0,344.5,15498,152.16,152.16,33.6,detected,0
294.0,294.0,1470,982,person,0.15,1104,0,38,100,1123.0,50.0,3800,41.87,41.87,33.6,detected,0
294.0,294.0,1470,1001,person,0.6036,697,149,60,117,727.0,207.5,7020,81.81,81.81,27.6,detected,0
294.0,294.0,1470,1007,person,0.6888,834,121,53,136,860.5,189.0,7208,46.15,46.15,25.8,detected,0
294.0,294.0,1470,1025,person,0.4733,-27,530,30,221,-12.0,640.5,6630,122.27,122.27,21.2,predicted,1
294.0,294.0,1470,1028,person,0.165,1116,-1,37,94,1134.5,46.0,3478,24.25,24.25,19.6,detected,0
294.0,294.0,1470,1034,person,0.8684,1596,69,58,145,1625.0,141.5,8410,25.63,25.63,16.2,detected,0
294.0,294.0,1470,1036,person,0.7875,1661,88,65,172,1693.5,174.0,11180,26.0,26.0,16.0,detected,0
294.0,294.0,1470,1041,person,0.5247,788,122,51,124,813.5,184.0,6324,45.18,45.18,15.0,detected,0
294.0,294.0,1470,1048,person,0.642,240,272,69,178,274.5,361.0,12282,206.48,103.24,13.0,detected,0
294.0,294.0,1470,1049,person,0.8111,438,215,65,159,470.5,294.5,10335,86.41,86.41,12.4,detected,0
294.0,294.0,1470,1055,person,0.8331,1727,218,59,169,1756.5,302.5,9971,44.42,44.42,10.6,detected,0
294.0,294.0,1470,1066,person,0.7977,1090,103,58,149,1119.0,177.5,8642,52.31,52.31,8.8,detected,0
294.0,294.0,1470,1071,person,0.3381,742,129,60,114,772.0,186.0,6840,75.44,75.44,7.4,detected,0
294.0,294.0,1470,1076,person,0.5459,1500,56,62,121,1531.0,116.5,7502,27.52,27.52,5.8,detected,0
294.0,294.0,1470,1080,person,0.8357,374,269,88,198,418.0,368.0,17424,79.08,79.08,4.8,detected,0
294.0,294.0,1470,1086,person,0.786,1271,1,54,126,1298.0,64.0,6804,28.43,28.43,4.0,detected,0
294.0,294.0,1470,1089,person,0.1628,1533,0,41,111,1553.5,55.5,4551,85.57,85.57,3.8,detected,0
294.0,294.0,1470,1095,person,0.9051,769,666,119,308,828.5,820.0,36652,123.38,123.38,2.8,detected,0
294.0,294.0,1470,1096,person,0.9203,921,710,123,282,982.5,851.0,34686,116.4,116.4,2.8,detected,0
294.0,294.0,1470,1104,person,0.5648,1143,0,46,101,1166.0,50.5,4646,42.69,42.69,1.8,detected,0
294.0,294.0,1470,1105,person,0.5912,1193,0,44,106,1215.0,53.0,4664,38.33,38.33,1.4,detected,0
295.0,295.0,1475,956,person,0.3329,16,282,74,155,53.0,359.5,11470,0.0,0.0,40.4,detected,0
295.0,295.0,1475,975,person,0.9257,703,434,95,208,750.5,538.0,19760,175.74,175.74,35.8,detected,0
295.0,295.0,1475,981,person,0.8781,539,294,96,206,587.0,397.0,19776,172.2,172.2,34.6,detected,0
295.0,295.0,1475,1007,person,0.6541,873,105,53,132,899.5,171.0,6996,42.95,42.95,26.8,detected,0
295.0,295.0,1475,1034,person,0.8382,1579,92,59,149,1608.5,166.5,8791,29.95,29.95,17.2,detected,0
295.0,295.0,1475,1036,person,0.7395,1664,66,60,167,1694.0,149.5,10020,24.51,24.51,17.0,detected,0
295.0,295.0,1475,1041,person,0.2366,842,108,41,123,862.5,169.5,5043,51.1,51.1,16.0,predicted,1
295.0,295.0,1475,1048,person,0.6446,121,318,88,181,165.0,408.5,15928,119.36,119.36,14.0,detected,0
295.0,295.0,1475,1049,person,0.8094,334,252,68,164,368.0,334.0,11152,109.85,109.85,13.4,detected,0
295.0,295.0,1475,1055,person,0.7928,1763,189,55,163,1790.5,270.5,8965,46.69,46.69,11.6,detected,0
295.0,295.0,1475,1066,person,0.812,1031,130,59,156,1060.5,208.0,9204,65.97,65.97,9.8,detected,0
295.0,295.0,1475,1071,person,0.5433,789,125,61,157,819.5,203.5,9577,50.62,50.62,8.4,detected,0
295.0,295.0,1475,1076,person,0.5456,1474,78,64,125,1506.0,140.5,8000,34.66,34.66,6.8,detected,0
295.0,295.0,1475,1080,person,0.8551,451,239,81,184,491.5,331.0,14904,82.29,82.29,5.8,detected,0
295.0,295.0,1475,1084,person,0.6275,433,230,46,158,456.0,309.0,7268,171.73,85.86,5.2,detected,0
295.0,295.0,1475,1086,person,0.8134,1246,20,57,130,1274.5,85.0,7410,31.52,31.52,5.0,detected,0
295.0,295.0,1475,1089,person,0.3253,1613,0,45,116,1635.5,58.0,5220,82.04,82.04,4.8,detected,0
295.0,295.0,1475,1095,person,0.8992,845,587,112,296,901.0,735.0,33152,111.72,111.72,3.8,detected,0
295.0,295.0,1475,1096,person,0.9316,968,623,114,261,1025.0,753.5,29754,106.36,106.36,3.8,detected,0
295.0,295.0,1475,1104,person,0.8184,1090,8,45,114,1112.5,65.0,5130,55.43,55.43,2.8,detected,0
295.0,295.0,1475,1105,person,0.7295,1150,0,49,128,1174.5,64.0,6272,41.97,41.97,2.4,detected,0
295.0,295.0,1475,1113,person,0.8079,47,406,83,179,88.5,495.5,14857,0.0,0.0,0.8,detected,0
296.0,296.0,1480,939,person,0.1914,113,288,57,127,141.5,351.5,7239,2.24,1.12,45.4,detected,0
296.0,296.0,1480,975,person,0.9242,518,454,104,209,570.0,558.5,21736,181.66,181.66,36.8,detected,0
296.0,296.0,1480,981,person,0.908,355,349,101,217,405.5,457.5,21917,191.32,191.32,35.6,detected,0
296.0,296.0,1480,1001,person,0.596,846,117,64,167,878.0,200.5,10688,151.16,75.58,29.6,detected,0
296.0,296.0,1480,1007,person,0.6138,905,91,54,128,932.0,155.0,6912,36.22,36.22,27.8,detected,0
296.0,296.0,1480,1034,person,0.8137,1555,118,60,146,1585.0,191.0,8760,33.95,33.95,18.2,detected,0
296.0,296.0,1480,1036,person,0.7726,1660,43,58,160,1689.0,123.0,9280,26.97,26.97,18.0,detected,0
296.0,296.0,1480,1048,person,0.8207,5,362,81,197,45.5,460.5,15957,130.32,130.32,15.0,detected,0
296.0,296.0,1480,1049,person,0.7386,235,288,72,181,271.0,378.5,13032,106.72,106.72,14.4,detected,0
296.0,296.0,1480,1055,person,0.6032,1796,160,54,157,1823.0,238.5,8478,45.61,45.61,12.6,detected,0
296.0,296.0,1480,1066,person,0.8291,961,161,59,161,990.5,241.5,9499,77.6,77.6,10.8,detected,0
296.0,296.0,1480,1076,person,0.59,1445,120,62,118,1476.0,179.0,7316,48.81,48.81,7.8,detected,0
296.0,296.0,1480,1080,person,0.8514,520,208,81,177,560.5,296.5,14337,77.14,77.14,6.8,detected,0
296.0,296.0,1480,1084,person,0.3475,502,201,46,154,525.0,278.0,7084,75.64,75.64,6.2,detected,0
296.0,296.0,1480,1086,person,0.8064,1215,37,59,137,1244.5,105.5,8083,36.34,36.34,6.0,detected,0
296.0,296.0,1480,1095,person,0.9241,904,517,103,276,955.5,655.0,28428,96.8,96.8,4.8,detected,0
296.0,296.0,1480,1096,person,0.9191,1009,548,105,244,1061.5,670.0,25620,91.13,91.13,4.8,detected,0
296.0,296.0,1480,1104,person,0.6832,1006,23,49,119,1030.5,82.5,5831,83.85,83.85,3.8,detected,0
296.0,296.0,1480,1105,person,0.5933,1082,16,54,132,1109.0,82.0,7128,67.93,67.93,3.4,detected,0
296.0,296.0,1480,1113,person,0.8739,154,372,82,176,195.0,460.0,14432,112.26,112.26,1.8,detected,0
296.0,296.0,1480,1116,person,0.1693,1428,0,30,52,1443.0,26.0,1560,0.0,0.0,0.8,detected,0
297.0,297.0,1485,956,person,0.316,16,283,77,154,54.5,360.0,11858,1.58,0.79,42.4,detected,0
297.0,297.0,1485,975,person,0.9319,331,470,105,207,383.5,573.5,21735,187.1,187.1,37.8,detected,0
297.0,297.0,1485,981,person,0.9014,147,407,100,238,197.0,526.0,23800,219.46,219.46,36.6,detected,0
297.0,297.0,1485,1001,person,0.7067,905,136,68,162,939.0,217.0,11016,63.19,63.19,30.6,detected,0
297.0,297.0,1485,1007,person,0.3071,950,79,46,120,973.0,139.0,5520,44.01,44.01,28.8,detected,0
297.0,297.0,1485,1034,person,0.8532,1521,145,63,158,1552.5,224.0,9954,46.32,46.32,19.2,detected,0
297.0,297.0,1485,1036,person,0.7055,1654,24,58,156,1683.0,102.0,9048,21.84,21.84,19.0,detected,0
297.0,297.0,1485,1049,person,0.2745,130,337,64,150,162.0,412.0,9600,114.03,114.03,15.4,detected,0
297.0,297.0,1485,1055,person,0.1518,1844,137,44,143,1866.0,208.5,6292,52.43,52.43,13.6,detected,0
297.0,297.0,1485,1066,person,0.8553,879,196,69,171,913.5,281.5,11799,86.77,86.77,11.8,detected,0
297.0,297.0,1485,1076,person,0.5186,1405,127,66,143,1438.0,198.5,9438,42.71,42.71,8.8,detected,0
297.0,297.0,1485,1080,person,0.6567,592,182,70,158,627.0,261.0,11060,75.38,75.38,7.8,detected,0
297.0,297.0,1485,1084,person,0.587,564,176,48,161,588.0,256.5,7728,66.57,66.57,7.2,detected,0
297.0,297.0,1485,1086,person,0.8799,1176,61,61,137,1206.5,129.5,8357,44.94,44.94,7.0,detected,0
297.0,297.0,1485,1095,person,0.8669,939,452,98,257,988.0,580.5,25186,81.28,81.28,5.8,detected,0
297.0,297.0,1485,1096,person,0.9235,1042,485,98,230,1091.0,600.0,22540,75.96,75.96,5.8,detected,0
297.0,297.0,1485,1104,person,0.1887,926,43,42,74,947.0,80.0,3108,83.54,83.54,4.8,detected,0
297.0,297.0,1485,1113,person,0.8384,237,340,80,171,277.0,425.5,13680,88.96,88.96,2.8,detected,0
297.0,297.0,1485,1116,person,0.5115,1397,0,34,69,1414.0,34.5,2346,30.22,30.22,1.8,detected,0
297.0,297.0,1485,1119,person,0.1695,1211,-2,32,57,1227.0,26.5,1824,0.0,0.0,1.6,predicted,1
297.0,297.0,1485,1126,person,0.665,1790,248,79,157,1829.5,326.5,12403,0.0,0.0,0.4,detected,0
297.0,297.0,1485,1127,person,0.2992,1651,820,112,175,1707.0,907.5,19600,0.0,0.0,0.2,detected,0
298.0,298.0,1490,939,person,0.2668,112,287,59,131,141.5,352.5,7729,1.0,0.5,47.4,detected,0
298.0,298.0,1490,956,person,0.2336,14,282,75,152,51.5,358.0,11400,3.61,3.61,43.4,detected,0
298.0,298.0,1490,975,person,0.9231,140,483,110,207,195.0,586.5,22770,188.95,188.95,38.8,detected,0
298.0,298.0,1490,982,person,0.2714,1180,3,41,73,1200.5,39.5,2993,78.21,19.55,37.6,detected,0
298.0,298.0,1490,1001,person,0.5964,964,97,74,167,1001.0,180.5,12358,71.95,71.95,31.6,detected,0
298.0,298.0,1490,1034,person,0.8804,1471,174,66,170,1504.0,259.0,11220,59.81,59.81,20.2,detected,0
298.0,298.0,1490,1036,person,0.5171,1650,6,56,153,1678.0,82.5,8568,20.13,20.13,20.0,detected,0
298.0,298.0,1490,1049,person,0.877,17,390,82,196,58.0,488.0,16072,128.81,128.81,16.4,detected,0
298.0,298.0,1490,1066,person,0.7713,798,237,67,180,831.5,327.0,12060,93.78,93.78,12.8,detected,0
298.0,298.0,1490,1076,person,0.4285,1367,160,70,142,1402.0,231.0,9940,48.5,48.5,9.8,detected,0
298.0,298.0,1490,1080,person,0.5813,661,159,61,126,691.5,222.0,7686,75.37,75.37,8.8,detected,0
298.0,298.0,1490,1084,person,0.5951,632,154,43,151,653.5,229.5,6493,70.85,70.85,8.2,detected,0
298.0,298.0,1490,1086,person,0.8234,1130,84,63,143,1161.5,155.5,9009,51.97,51.97,8.0,detected,0
298.0,298.0,1490,1095,person,0.8956,960,396,91,243,1005.5,517.5,22113,65.39,65.39,6.8,detected,0
298.0,298.0,1490,1096,person,0.9059,1058,425,94,218,1105.0,534.0,20492,67.47,67.47,6.8,detected,0
298.0,298.0,1490,1104,person,0.4641,838,62,51,126,863.5,125.0,6426,94.85,94.85,5.8,detected,0
298.0,298.0,1490,1105,person,0.5308,882,52,54,137,909.0,120.5,7398,203.67,101.84,5.4,detected,0
298.0,298.0,1490,1113,person,0.7894,304,307,80,165,344.0,389.5,13200,76.06,76.06,3.8,detected,0
298.0,298.0,1490,1116,person,0.4299,1363,2,36,84,1381.0,44.0,3024,34.34,34.34,2.8,predicted,1
298.0,298.0,1490,1125,person,0.2922,1683,719,117,275,1741.5,856.5,32175,0.0,0.0,1.6,detected,0
298.0,298.0,1490,1126,person,0.8669,1725,291,76,193,1763.0,387.5,14668,90.24,90.24,1.4,detected,0
298.0,298.0,1490,1127,person,0.4381,1686,717,114,207,1743.0,820.5,23598,94.15,94.15,1.2,detected,0
298.0,298.0,1490,1129,person,0.317,1106,1,32,88,1122.0,45.0,2816,0.0,0.0,0.8,detected,0
299.0,299.0,1495,939,person,0.2922,112,287,60,132,142.0,353.0,7920,0.71,0.71,48.4,detected,0
299.0,299.0,1495,956,person,0.301,16,283,76,155,54.0,360.5,11780,3.54,3.54,44.4,detected,0
299.0,299.0,1495,975,person,0.827,1,514,62,198,32.0,613.0,12276,165.14,165.14,39.8,detected,0
299.0,299.0,1495,982,person,0.2477,1135,0,42,82,1156.0,41.0,3444,44.53,44.53,38.6,detected,0
299.0,299.0,1495,1001,person,0.6083,1032,97,66,159,1065.0,176.5,10494,64.12,64.12,32.6,detected,0
299.0,299.0,1495,1007,person,0.2085,1026,53,40,104,1046.0,105.0,4160,80.53,40.26,30.8,detected,0
299.0,299.0,1495,1034,person,0.9109,1424,204,70,176,1459.0,292.0,12320,55.8,55.8,21.2,detected,0
299.0,299.0,1495,1036,person,0.6024,1653,0,54,135,1680.0,67.5,7290,15.13,15.13,21.0,detected,0
299.0,299.0,1495,1066,person,0.8313,692,283,75,181,729.5,373.5,13575,112.1,112.1,13.8,detected,0
299.0,299.0,1495,1071,person,0.2849,989,50,44,118,1011.0,109.0,5192,213.55,53.39,12.4,detected,0
299.0,299.0,1495,1076,person,0.5794,1330,188,65,138,1362.5,257.0,8970,47.29,47.29,10.8,detected,0
299.0,299.0,1495,1080,person,0.4675,722,138,64,119,754.0,197.5,7616,67.13,67.13,9.8,detected,0
299.0,299.0,1495,1084,person,0.5291,700,130,41,137,720.5,198.5,5617,73.82,73.82,9.2,detected,0
299.0,299.0,1495,1086,person,0.6831,1092,108,59,149,1121.5,182.5,8791,48.26,48.26,9.0,detected,0
299.0,299.0,1495,1095,person,0.8792,969,344,87,232,1012.5,460.0,20184,57.92,57.92,7.8,detected,0
299.0,299.0,1495,1096,person,0.9054,1073,370,81,207,1113.5,473.5,16767,61.09,61.09,7.8,detected,0
299.0,299.0,1495,1104,person,0.6021,760,84,52,126,786.0,147.0,6552,80.56,80.56,6.8,detected,0
299.0,299.0,1495,1105,person,0.6752,806,72,56,142,834.0,143.0,7952,78.3,78.3,6.4,detected,0
299.0,299.0,1495,1113,person,0.8157,376,273,74,160,413.0,353.0,11840,78.06,78.06,4.8,detected,0
299.0,299.0,1495,1116,person,0.568,1332,1,39,105,1351.5,53.5,4095,30.99,30.99,3.8,detected,0
299.0,299.0,1495,1118,person,0.1768,1886,867,34,213,1903.0,973.5,7242,0.0,0.0,3.6,detected,0
299.0,299.0,1495,1126,person,0.9048,1653,335,78,201,1692.0,435.5,15678,85.7,85.7,2.4,detected,0
299.0,299.0,1495,1127,person,0.2946,1726,640,102,168,1777.0,724.0,17136,102.31,102.31,2.2,detected,0
299.0,299.0,1495,1129,person,0.1967,1080,1,33,97,1096.5,49.5,3201,25.89,25.89,1.8,detected,0
299.0,299.0,1495,1136,person,0.6796,1803,347,68,203,1837.0,448.5,13804,0.0,0.0,1.4,detected,0
299.0,299.0,1495,1137,person,0.9151,788,912,153,167,864.5,995.5,25551,0.0,0.0,0.6,detected,0
