sample_second,zone_id,zone,current_count,projected_count,previous_count,count_delta,inflow,outflow,projected_inflow,projected_outflow,new_entries,disappeared,mean_confidence,mean_speed,mean_velocity_x,mean_velocity_y,predicted_ratio,mean_bbox_area,target_second,target_next_count,data_split
0.0,0,left_sidewalk,5.0,5.0,0.0,5.0,0.0,0.0,0.0,0.0,5.0,0.0,0.67944,0.0,0.0,0.0,0.0,10074.6,1.0,5,train
0.0,1,center_walkway,9.0,9.0,0.0,9.0,0.0,0.0,0.0,0.0,9.0,0.0,0.746278,0.0,0.0,0.0,0.0,12954.444444,1.0,9,train
0.0,2,right_sidewalk,4.0,4.0,0.0,4.0,0.0,0.0,0.0,0.0,4.0,0.0,0.8765,0.0,0.0,0.0,0.0,18985.5,1.0,3,train
1.0,0,left_sidewalk,5.0,4.0,5.0,0.0,0.0,0.0,0.0,1.0,1.0,1.0,0.73582,43.67,-8.0,5.4,0.0,11295.8,2.0,5,train
1.0,1,center_walkway,9.0,10.0,9.0,0.0,0.0,0.0,1.0,0.0,0.0,0.0,0.765389,75.468889,7.388889,-5.333333,0.0,12339.888889,2.0,8,train
1.0,2,right_sidewalk,3.0,3.0,4.0,-1.0,0.0,0.0,0.0,0.0,1.0,2.0,0.8615,39.713333,4.5,24.333333,0.0,18722.0,2.0,5,train
2.0,0,left_sidewalk,5.0,6.0,5.0,0.0,0.0,1.0,1.0,0.0,1.0,0.0,0.71444,59.054,-6.9,1.8,0.0,10708.8,3.0,4,train
2.0,1,center_walkway,8.0,6.0,9.0,-1.0,1.0,0.0,0.0,2.0,0.0,2.0,0.778025,70.55875,24.75,-9.0,0.0,13861.625,3.0,6,train
2.0,2,right_sidewalk,5.0,6.0,3.0,2.0,0.0,0.0,1.0,0.0,2.0,0.0,0.63008,42.048,-6.3,14.8,0.0,10260.6,3.0,5,train
3.0,0,left_sidewalk,4.0,4.0,5.0,-1.0,0.0,0.0,0.0,0.0,0.0,1.0,0.644975,28.13,25.875,-12.25,0.0,8722.0,4.0,4,train
3.0,1,center_walkway,6.0,6.0,8.0,-2.0,0.0,0.0,0.0,0.0,0.0,2.0,0.83885,87.355,32.5,-19.666667,0.0,17050.666667,4.0,5,train
3.0,2,right_sidewalk,5.0,5.0,5.0,0.0,0.0,0.0,0.0,0.0,1.0,1.0,0.5608,46.868,-17.3,40.6,0.0,13313.2,4.0,5,train
4.0,0,left_sidewalk,4.0,4.0,4.0,0.0,0.0,0.0,0.0,0.0,1.0,1.0,0.557775,32.6325,17.75,-8.5,0.0,8495.5,5.0,5,train
4.0,1,center_walkway,5.0,5.0,6.0,-1.0,0.0,0.0,0.0,0.0,0.0,1.0,0.8866,96.172,25.3,-14.2,0.0,18730.8,5.0,7,train
4.0,2,right_sidewalk,5.0,5.0,5.0,0.0,0.0,0.0,0.0,0.0,1.0,1.0,0.71076,51.484,-13.4,10.6,0.0,11846.4,5.0,5,train
5.0,0,left_sidewalk,5.0,5.0,4.0,1.0,0.0,0.0,0.0,0.0,1.0,0.0,0.74214,25.552,4.5,0.8,0.0,10814.0,6.0,6,train
5.0,1,center_walkway,7.0,7.0,5.0,2.0,0.0,0.0,0.0,0.0,2.0,0.0,0.7184,72.028571,8.285714,-11.428571,0.0,16142.285714,6.0,7,train
5.0,2,right_sidewalk,5.0,5.0,5.0,0.0,0.0,0.0,0.0,0.0,1.0,1.0,0.62256,33.312,3.5,8.2,0.0,10203.0,6.0,4,train
6.0,0,left_sidewalk,6.0,6.0,5.0,1.0,0.0,0.0,0.0,0.0,1.0,0.0,0.701617,42.915,21.333333,-12.5,0.0,10802.666667,7.0,5,train
6.0,1,center_walkway,7.0,6.0,7.0,0.0,1.0,0.0,0.0,1.0,0.0,1.0,0.681043,73.965714,-4.285714,-11.285714,0.0,8649.857143,7.0,4,train
6.0,2,right_sidewalk,4.0,5.0,5.0,-1.0,0.0,1.0,1.0,0.0,0.0,0.0,0.5129,35.645,1.25,11.5,0.0,12427.5,7.0,6,train
7.0,0,left_sidewalk,5.0,5.0,6.0,-1.0,0.0,0.0,0.0,0.0,0.0,1.0,0.70618,53.902,25.2,-14.6,0.0,11734.2,8.0,7,train
7.0,1,center_walkway,4.0,4.0,7.0,-3.0,0.0,1.0,0.0,0.0,0.0,2.0,0.737825,42.71,11.5,-15.75,0.0,4556.5,8.0,3,train
7.0,2,right_sidewalk,6.0,6.0,4.0,2.0,1.0,0.0,0.0,0.0,1.0,0.0,0.562633,36.756667,11.916667,-9.833333,0.0,11508.166667,8.0,4,train
8.0,0,left_sidewalk,7.0,7.0,5.0,2.0,0.0,0.0,0.0,0.0,2.0,0.0,0.617243,37.465714,11.5,-12.571429,0.0,10097.428571,9.0,7,train
8.0,1,center_walkway,3.0,3.0,4.0,-1.0,0.0,0.0,0.0,0.0,0.0,1.0,0.8665,42.58,14.0,-12.0,0.0,5852.333333,9.0,3,train
8.0,2,right_sidewalk,4.0,4.0,6.0,-2.0,0.0,0.0,0.0,0.0,0.0,2.0,0.6979,64.1425,11.375,11.5,0.0,18215.0,9.0,4,train
9.0,0,left_sidewalk,7.0,7.0,7.0,0.0,0.0,0.0,0.0,0.0,1.0,1.0,0.6569,52.83,22.714286,-15.142857,0.0,9508.285714,10.0,9,train
9.0,1,center_walkway,3.0,3.0,3.0,0.0,0.0,0.0,0.0,0.0,0.0,0.0,0.889833,36.263333,18.5,-8.666667,0.0,5962.0,10.0,3,train
9.0,2,right_sidewalk,4.0,4.0,4.0,0.0,0.0,0.0,0.0,0.0,0.0,0.0,0.7022,58.3625,2.375,-11.75,0.0,15908.25,10.0,4,train
10.0,0,left_sidewalk,9.0,8.0,7.0,2.0,0.0,0.0,0.0,1.0,2.0,0.0,0.661256,43.823333,13.611111,-3.111111,0.0,9846.111111,11.0,9,train
10.0,1,center_walkway,3.0,4.0,3.0,0.0,0.0,0.0,1.0,0.0,0.0,0.0,0.832567,37.52,20.333333,-9.333333,0.0,5556.333333,11.0,4,train
10.0,2,right_sidewalk,4.0,4.0,4.0,0.0,0.0,0.0,0.0,0.0,1.0,1.0,0.748175,44.3125,25.0,-40.25,0.0,16835.75,11.0,6,train
11.0,0,left_sidewalk,9.0,8.0,9.0,0.0,0.0,1.0,0.0,1.0,1.0,0.0,0.601556,42.993333,15.111111,-9.444444,0.0,12160.888889,12.0,7,train
11.0,1,center_walkway,4.0,5.0,3.0,1.0,1.0,0.0,1.0,0.0,0.0,0.0,0.5073,35.345,3.875,-10.0,0.0,3709.75,12.0,7,train
11.0,2,right_sidewalk,6.0,6.0,4.0,2.0,0.0,0.0,0.0,0.0,2.0,0.0,0.558983,65.426667,53.5,-19.833333,0.0,16413.333333,12.0,8,train
12.0,0,left_sidewalk,7.0,7.0,9.0,-2.0,0.0,1.0,0.0,0.0,0.0,1.0,0.709686,66.674286,24.571429,-13.571429,0.0,10782.571429,13.0,9,train
12.0,1,center_walkway,7.0,7.0,4.0,3.0,1.0,0.0,0.0,0.0,2.0,0.0,0.681343,48.237143,30.285714,-2.857143,0.0,8388.714286,13.0,7,train
12.0,2,right_sidewalk,8.0,8.0,6.0,2.0,0.0,0.0,0.0,0.0,2.0,0.0,0.599475,72.0375,19.5,-1.875,0.0,15608.0,13.0,8,train
13.0,0,left_sidewalk,9.0,9.0,7.0,2.0,1.0,0.0,1.0,1.0,1.0,0.0,0.570067,59.45,11.722222,-14.333333,0.0,8179.555556,14.0,9,train
13.0,1,center_walkway,7.0,7.0,7.0,0.0,0.0,1.0,1.0,1.0,1.0,0.0,0.704471,59.365714,29.071429,-16.142857,0.0,17116.142857,14.0,7,train
13.0,2,right_sidewalk,8.0,8.0,8.0,0.0,0.0,0.0,0.0,0.0,0.0,0.0,0.611062,65.46625,27.5,-20.5,0.0,16659.25,14.0,9,train
14.0,0,left_sidewalk,9.0,9.0,9.0,0.0,1.0,0.0,0.0,0.0,0.0,1.0,0.593478,50.326667,6.666667,-9.777778,0.0,7707.555556,15.0,8,train
14.0,1,center_walkway,7.0,7.0,7.0,0.0,0.0,1.0,0.0,0.0,1.0,0.0,0.651729,90.395714,67.571429,-40.285714,0.0,14216.571429,15.0,7,train
14.0,2,right_sidewalk,9.0,9.0,8.0,1.0,0.0,0.0,0.0,0.0,1.0,0.0,0.600211,52.6,15.111111,-24.888889,0.0,15596.111111,15.0,7,train
15.0,0,left_sidewalk,8.0,7.0,9.0,-1.0,0.0,0.0,0.0,1.0,0.0,1.0,0.615337,54.22875,4.75,-8.0,0.125,7092.25,16.0,8,train
15.0,1,center_walkway,7.0,8.0,7.0,0.0,0.0,0.0,1.0,0.0,0.0,0.0,0.596029,85.43,59.142857,-34.714286,0.0,12380.714286,16.0,6,train
15.0,2,right_sidewalk,7.0,7.0,9.0,-2.0,0.0,0.0,0.0,0.0,0.0,2.0,0.708743,80.85,32.071429,-36.714286,0.0,18128.285714,16.0,5,train
16.0,0,left_sidewalk,8.0,7.0,8.0,0.0,0.0,1.0,0.0,1.0,3.0,2.0,0.58085,32.36375,18.3125,-5.5,0.0,10332.25,17.0,10,train
16.0,1,center_walkway,6.0,7.0,7.0,-1.0,1.0,0.0,1.0,0.0,0.0,2.0,0.784583,82.545,47.25,-26.5,0.0,13811.833333,17.0,5,train
16.0,2,right_sidewalk,5.0,5.0,7.0,-2.0,0.0,0.0,0.0,0.0,1.0,3.0,0.82664,88.564,49.5,-59.6,0.0,20157.0,17.0,6,train
17.0,0,left_sidewalk,10.0,9.0,8.0,2.0,1.0,0.0,0.0,1.0,1.0,0.0,0.63531,57.414,21.5,-28.6,0.0,11485.6,18.0,10,train
17.0,1,center_walkway,5.0,6.0,6.0,-1.0,0.0,1.0,1.0,0.0,0.0,0.0,0.83454,82.464,51.2,-34.0,0.0,14629.6,18.0,6,train
17.0,2,right_sidewalk,6.0,6.0,5.0,1.0,0.0,0.0,0.0,0.0,1.0,0.0,0.70565,88.748333,32.083333,-46.666667,0.166667,16121.166667,18.0,7,train
18.0,0,left_sidewalk,10.0,10.0,10.0,0.0,0.0,1.0,0.0,0.0,1.0,0.0,0.63687,68.614,26.2,-13.7,0.0,12045.4,19.0,8,train
18.0,1,center_walkway,6.0,6.0,5.0,1.0,1.0,0.0,0.0,0.0,0.0,0.0,0.820183,85.54,59.583333,-23.166667,0.0,12970.0,19.0,7,train
18.0,2,right_sidewalk,7.0,7.0,6.0,1.0,0.0,0.0,0.0,0.0,1.0,0.0,0.615714,71.191429,13.285714,-14.857143,0.0,15239.857143,19.0,5,train
19.0,0,left_sidewalk,8.0,6.0,10.0,-2.0,0.0,0.0,0.0,2.0,0.0,2.0,0.748888,87.23125,61.375,-33.5,0.0,12671.75,20.0,8,train
19.0,1,center_walkway,7.0,9.0,6.0,1.0,0.0,0.0,2.0,0.0,1.0,0.0,0.736757,73.034286,52.857143,-14.714286,0.0,11118.714286,20.0,9,train
19.0,2,right_sidewalk,5.0,5.0,7.0,-2.0,0.0,0.0,0.0,0.0,0.0,2.0,0.71286,76.204,-0.3,-1.0,0.2,15710.0,20.0,7,train
20.0,0,left_sidewalk,8.0,8.0,8.0,0.0,0.0,2.0,1.0,1.0,2.0,0.0,0.684025,72.57875,40.5,-19.0,0.0,10786.125,21.0,9,train
20.0,1,center_walkway,9.0,9.0,7.0,2.0,2.0,0.0,1.0,1.0,0.0,0.0,0.731722,77.576667,50.777778,-18.444444,0.0,10906.666667,21.0,8,train
20.0,2,right_sidewalk,7.0,7.0,5.0,2.0,0.0,0.0,0.0,0.0,3.0,1.0,0.543214,47.942857,4.214286,-10.714286,0.0,11370.571429,21.0,6,train
21.0,0,left_sidewalk,9.0,9.0,8.0,1.0,1.0,0.0,0.0,0.0,1.0,1.0,0.616433,59.33,28.277778,-17.444444,0.0,10182.222222,22.0,9,train
21.0,1,center_walkway,8.0,8.0,9.0,-1.0,0.0,1.0,0.0,0.0,0.0,0.0,0.83395,73.87,54.0625,-20.0,0.0,10944.875,22.0,9,train
21.0,2,right_sidewalk,6.0,6.0,7.0,-1.0,0.0,0.0,0.0,0.0,1.0,2.0,0.554967,39.458333,-7.0,15.666667,0.0,9862.833333,22.0,4,train
22.0,0,left_sidewalk,9.0,9.0,9.0,0.0,0.0,1.0,0.0,0.0,1.0,0.0,0.6101,52.03,19.166667,-9.222222,0.0,9767.777778,23.0,9,train
22.0,1,center_walkway,9.0,7.0,8.0,1.0,1.0,0.0,0.0,2.0,0.0,0.0,0.779556,70.696667,48.222222,-15.111111,0.0,10580.222222,23.0,7,train
22.0,2,right_sidewalk,4.0,6.0,6.0,-2.0,0.0,0.0,2.0,0.0,0.0,2.0,0.7311,58.4275,3.25,26.75,0.0,13376.25,23.0,6,train
23.0,0,left_sidewalk,9.0,9.0,9.0,0.0,0.0,0.0,0.0,0.0,0.0,0.0,0.655011,52.723333,10.611111,-6.333333,0.0,9352.333333,24.0,9,train
23.0,1,center_walkway,7.0,7.0,9.0,-2.0,0.0,2.0,0.0,0.0,0.0,0.0,0.753671,66.687143,36.5,-23.571429,0.0,10502.0,24.0,6,train
23.0,2,right_sidewalk,6.0,6.0,4.0,2.0,2.0,0.0,0.0,0.0,1.0,1.0,0.704683,56.621667,27.416667,11.666667,0.166667,11509.833333,24.0,5,train
24.0,0,left_sidewalk,9.0,10.0,9.0,0.0,0.0,0.0,1.0,0.0,0.0,0.0,0.622033,56.346667,9.666667,-10.0,0.0,8514.666667,25.0,9,train
24.0,1,center_walkway,6.0,6.0,7.0,-1.0,0.0,0.0,1.0,1.0,0.0,1.0,0.822317,74.008333,29.166667,-22.833333,0.0,10993.833333,25.0,5,train
24.0,2,right_sidewalk,5.0,4.0,6.0,-1.0,0.0,0.0,0.0,1.0,1.0,2.0,0.57148,56.848,18.0,-19.8,0.0,6732.0,25.0,4,train
25.0,0,left_sidewalk,9.0,9.0,9.0,0.0,1.0,0.0,0.0,0.0,0.0,1.0,0.687478,65.79,-18.888889,8.888889,0.0,9171.111111,26.0,10,train
25.0,1,center_walkway,5.0,5.0,6.0,-1.0,0.0,1.0,0.0,0.0,0.0,0.0,0.77996,57.73,50.7,-31.6,0.0,8889.6,26.0,6,train
25.0,2,right_sidewalk,4.0,4.0,5.0,-1.0,0.0,0.0,0.0,0.0,0.0,1.0,0.821075,65.56,14.25,28.75,0.0,9470.0,26.0,5,train
26.0,0,left_sidewalk,10.0,10.0,9.0,1.0,0.0,0.0,0.0,0.0,1.0,0.0,0.70249,63.591,-12.4,2.5,0.0,9131.3,27.0,9,train
26.0,1,center_walkway,6.0,6.0,5.0,1.0,0.0,0.0,0.0,0.0,1.0,0.0,0.78275,45.916667,40.833333,-21.833333,0.0,9932.5,27.0,6,train
26.0,2,right_sidewalk,5.0,5.0,4.0,1.0,0.0,0.0,0.0,0.0,1.0,0.0,0.64638,46.696,5.7,9.6,0.2,9483.4,27.0,4,train
27.0,0,left_sidewalk,9.0,8.0,10.0,-1.0,0.0,0.0,0.0,1.0,0.0,1.0,0.711133,57.27,-1.166667,1.111111,0.0,9674.111111,28.0,10,train
27.0,1,center_walkway,6.0,6.0,6.0,0.0,0.0,0.0,1.0,1.0,0.0,0.0,0.679417,84.113333,75.25,-28.666667,0.0,12010.333333,28.0,4,train
27.0,2,right_sidewalk,4.0,5.0,5.0,-1.0,0.0,0.0,1.0,0.0,1.0,2.0,0.741625,39.775,19.75,14.5,0.0,9379.25,28.0,5,train
28.0,0,left_sidewalk,10.0,9.0,9.0,1.0,0.0,0.0,0.0,1.0,1.0,0.0,0.6376,63.209,-2.05,9.8,0.0,9905.5,29.0,9,train
28.0,1,center_walkway,4.0,5.0,6.0,-2.0,0.0,2.0,1.0,0.0,0.0,0.0,0.6568,52.8125,47.25,-26.75,0.0,7547.75,29.0,5,train
28.0,2,right_sidewalk,5.0,5.0,4.0,1.0,2.0,0.0,0.0,0.0,0.0,1.0,0.7944,64.638,32.9,0.4,0.0,14270.2,29.0,8,train
29.0,0,left_sidewalk,9.0,7.0,10.0,-1.0,0.0,1.0,0.0,2.0,0.0,0.0,0.591611,64.453333,-14.722222,19.777778,0.0,9750.111111,30.0,7,train
29.0,1,center_walkway,5.0,7.0,4.0,1.0,1.0,0.0,2.0,0.0,0.0,0.0,0.60452,51.676,47.0,-21.6,0.0,6721.0,30.0,6,train
29.0,2,right_sidewalk,8.0,8.0,5.0,3.0,0.0,0.0,0.0,0.0,3.0,0.0,0.597625,44.68,16.625,-12.875,0.0,10938.75,30.0,7,train
30.0,0,left_sidewalk,7.0,6.0,9.0,-2.0,0.0,1.0,0.0,1.0,1.0,2.0,0.661386,49.707143,-27.214286,21.428571,0.142857,10101.857143,31.0,8,train
30.0,1,center_walkway,6.0,7.0,5.0,1.0,1.0,0.0,1.0,0.0,0.0,0.0,0.6394,50.788333,46.75,-21.0,0.0,6732.5,31.0,7,train
30.0,2,right_sidewalk,7.0,7.0,8.0,-1.0,0.0,0.0,0.0,0.0,0.0,1.0,0.699257,61.271429,4.857143,8.857143,0.0,11813.0,31.0,6,train
31.0,0,left_sidewalk,8.0,7.0,7.0,1.0,0.0,0.0,0.0,1.0,1.0,0.0,0.609237,69.65,-36.875,21.75,0.125,9760.75,32.0,6,train
31.0,1,center_walkway,7.0,8.0,6.0,1.0,1.0,0.0,2.0,1.0,0.0,0.0,0.712686,49.424286,29.285714,-13.571429,0.142857,7261.714286,32.0,8,train
31.0,2,right_sidewalk,6.0,6.0,7.0,-1.0,0.0,1.0,1.0,1.0,0.0,0.0,0.62725,64.806667,11.583333,-8.333333,0.0,9722.0,32.0,6,train
32.0,0,left_sidewalk,6.0,7.0,8.0,-2.0,0.0,0.0,1.0,0.0,0.0,2.0,0.556567,72.321667,-34.833333,12.833333,0.0,10665.166667,33.0,7,train
32.0,1,center_walkway,8.0,6.0,7.0,1.0,1.0,1.0,0.0,2.0,1.0,0.0,0.577875,36.90125,23.5625,-20.75,0.125,5774.125,33.0,7,train
32.0,2,right_sidewalk,6.0,7.0,6.0,0.0,1.0,1.0,1.0,0.0,1.0,1.0,0.615967,80.57,-1.916667,41.666667,0.0,12360.666667,33.0,10,train
33.0,0,left_sidewalk,7.0,6.0,6.0,1.0,0.0,0.0,0.0,1.0,1.0,0.0,0.543871,53.021429,-38.142857,22.857143,0.0,8999.0,34.0,6,train
33.0,1,center_walkway,7.0,8.0,8.0,-1.0,0.0,1.0,1.0,0.0,0.0,0.0,0.566486,31.022857,23.285714,-20.142857,0.0,5161.428571,34.0,7,train
33.0,2,right_sidewalk,10.0,10.0,6.0,4.0,1.0,0.0,0.0,0.0,3.0,0.0,0.47187,49.293,1.7,10.8,0.1,9785.8,34.0,7,train
34.0,0,left_sidewalk,6.0,6.0,7.0,-1.0,0.0,1.0,0.0,0.0,1.0,1.0,0.519417,49.948333,-44.666667,24.0,0.0,9720.666667,35.0,6,train
34.0,1,center_walkway,7.0,7.0,7.0,0.0,1.0,0.0,0.0,0.0,1.0,2.0,0.618571,25.9,16.928571,-10.571429,0.0,4304.0,35.0,7,train
34.0,2,right_sidewalk,7.0,7.0,10.0,-3.0,0.0,0.0,0.0,0.0,1.0,4.0,0.6693,70.667143,-20.785714,41.857143,0.0,15381.0,35.0,7,train
35.0,0,left_sidewalk,6.0,6.0,6.0,0.0,1.0,0.0,0.0,0.0,0.0,1.0,0.593333,48.38,-44.583333,19.0,0.0,7251.833333,36.0,5,train
35.0,1,center_walkway,7.0,7.0,7.0,0.0,0.0,1.0,0.0,0.0,2.0,1.0,0.637329,25.575714,18.714286,-7.571429,0.0,4894.857143,36.0,8,train
35.0,2,right_sidewalk,7.0,7.0,7.0,0.0,0.0,0.0,0.0,0.0,1.0,1.0,0.736957,91.607143,-40.285714,24.285714,0.142857,15208.0,36.0,6,train
36.0,0,left_sidewalk,5.0,5.0,6.0,-1.0,0.0,0.0,0.0,0.0,0.0,1.0,0.65156,46.018,-42.7,19.4,0.0,9197.6,37.0,7,train
36.0,1,center_walkway,8.0,9.0,7.0,1.0,0.0,0.0,1.0,0.0,1.0,0.0,0.679075,25.00125,22.75,-14.25,0.0,6925.25,37.0,8,train
36.0,2,right_sidewalk,6.0,5.0,7.0,-1.0,0.0,0.0,0.0,1.0,0.0,1.0,0.6596,79.09,-39.083333,17.833333,0.0,17147.666667,37.0,5,train
37.0,0,left_sidewalk,7.0,7.0,5.0,2.0,1.0,0.0,0.0,0.0,1.0,0.0,0.615,74.335714,-31.785714,14.428571,0.0,11490.857143,38.0,7,train
37.0,1,center_walkway,8.0,8.0,8.0,0.0,1.0,1.0,0.0,0.0,1.0,1.0,0.6602,46.4375,-7.4375,-2.75,0.0,7220.25,38.0,9,train
37.0,2,right_sidewalk,5.0,5.0,6.0,-1.0,0.0,1.0,0.0,0.0,1.0,1.0,0.69574,42.744,7.7,29.2,0.0,20070.0,38.0,5,train
38.0,0,left_sidewalk,7.0,8.0,7.0,0.0,0.0,0.0,1.0,0.0,0.0,0.0,0.697857,59.23,-34.785714,-2.714286,0.0,12007.857143,39.0,7,train
38.0,1,center_walkway,9.0,8.0,8.0,1.0,0.0,0.0,0.0,1.0,2.0,1.0,0.546789,88.006667,-39.833333,-4.666667,0.0,7415.666667,39.0,8,train
38.0,2,right_sidewalk,5.0,5.0,5.0,0.0,0.0,0.0,0.0,0.0,0.0,0.0,0.7383,45.996,-5.4,13.0,0.0,21380.4,39.0,5,train
39.0,0,left_sidewalk,7.0,7.0,7.0,0.0,0.0,0.0,0.0,0.0,0.0,0.0,0.7268,50.218571,-17.142857,15.0,0.0,12314.857143,40.0,7,train
39.0,1,center_walkway,8.0,8.0,9.0,-1.0,0.0,0.0,0.0,0.0,0.0,1.0,0.50125,105.0175,-70.5625,-0.5,0.0,7773.125,40.0,8,train
39.0,2,right_sidewalk,5.0,5.0,5.0,0.0,0.0,0.0,0.0,0.0,0.0,0.0,0.71604,51.598,-21.3,-3.6,0.2,16874.2,40.0,3,train
40.0,0,left_sidewalk,7.0,10.0,7.0,0.0,0.0,0.0,3.0,0.0,0.0,0.0,0.739229,74.68,0.642857,-5.0,0.0,12384.285714,41.0,10,train
40.0,1,center_walkway,8.0,5.0,8.0,0.0,0.0,0.0,0.0,3.0,0.0,0.0,0.432613,107.7425,-74.0,-8.125,0.375,6623.0,41.0,3,train
40.0,2,right_sidewalk,3.0,3.0,5.0,-2.0,0.0,0.0,0.0,0.0,1.0,3.0,0.757,21.72,-0.166667,-22.0,0.0,19185.666667,41.0,2,train
41.0,0,left_sidewalk,10.0,10.0,7.0,3.0,2.0,0.0,0.0,0.0,1.0,0.0,0.70677,99.214,-55.15,0.2,0.0,12848.1,42.0,9,train
41.0,1,center_walkway,3.0,3.0,8.0,-5.0,0.0,2.0,0.0,0.0,0.0,3.0,0.442133,18.12,16.833333,-12.333333,0.333333,2549.0,42.0,3,train
41.0,2,right_sidewalk,2.0,2.0,3.0,-1.0,0.0,0.0,0.0,0.0,0.0,1.0,0.88925,32.095,14.25,-32.0,0.0,20998.5,42.0,2,train
42.0,0,left_sidewalk,9.0,9.0,10.0,-1.0,0.0,0.0,0.0,0.0,1.0,2.0,0.696044,84.157778,-39.722222,2.0,0.0,9686.111111,43.0,10,train
42.0,1,center_walkway,3.0,3.0,3.0,0.0,0.0,0.0,0.0,0.0,1.0,1.0,0.5032,12.05,10.833333,-9.666667,0.0,2416.0,43.0,2,train
42.0,2,right_sidewalk,2.0,2.0,2.0,0.0,0.0,0.0,0.0,0.0,0.0,0.0,0.89075,28.28,10.0,-29.0,0.0,19449.5,43.0,5,train
43.0,0,left_sidewalk,10.0,10.0,9.0,1.0,0.0,0.0,0.0,0.0,3.0,2.0,0.60794,56.353,-17.45,8.7,0.1,10702.4,44.0,8,train
43.0,1,center_walkway,2.0,2.0,3.0,-1.0,0.0,0.0,0.0,0.0,0.0,1.0,0.47495,26.32,25.5,-14.0,0.0,1531.5,44.0,2,train
43.0,2,right_sidewalk,5.0,5.0,2.0,3.0,0.0,0.0,0.0,0.0,3.0,0.0,0.79582,10.196,3.0,-10.2,0.0,18550.8,44.0,10,train
44.0,0,left_sidewalk,8.0,8.0,10.0,-2.0,0.0,0.0,0.0,0.0,0.0,2.0,0.737838,52.63125,12.8125,-17.25,0.0,9502.625,45.0,9,train
44.0,1,center_walkway,2.0,2.0,2.0,0.0,0.0,0.0,0.0,0.0,0.0,0.0,0.32835,14.095,12.75,-12.0,0.0,846.0,45.0,2,train
44.0,2,right_sidewalk,10.0,10.0,5.0,5.0,0.0,0.0,0.0,0.0,5.0,0.0,0.72949,27.201,8.65,-6.7,0.1,14517.3,45.0,10,train
45.0,0,left_sidewalk,9.0,9.0,8.0,1.0,0.0,0.0,0.0,0.0,1.0,0.0,0.785522,37.851111,4.111111,-0.333333,0.0,10628.111111,46.0,10,train
45.0,1,center_walkway,2.0,2.0,2.0,0.0,0.0,0.0,0.0,0.0,0.0,0.0,0.18875,13.085,11.75,-11.5,0.0,482.0,46.0,0,train
45.0,2,right_sidewalk,10.0,10.0,10.0,0.0,0.0,0.0,0.0,0.0,1.0,1.0,0.61918,51.002,15.95,-17.6,0.0,16587.8,46.0,11,train
46.0,0,left_sidewalk,10.0,9.0,9.0,1.0,0.0,0.0,0.0,1.0,1.0,0.0,0.79927,41.649,7.6,-7.5,0.0,12683.8,47.0,10,train
46.0,1,center_walkway,0.0,1.0,2.0,-2.0,0.0,0.0,1.0,0.0,0.0,2.0,0.0,0.0,0.0,0.0,0.0,0.0,47.0,0,train
46.0,2,right_sidewalk,11.0,11.0,10.0,1.0,0.0,0.0,0.0,0.0,2.0,1.0,0.678727,52.165455,5.636364,-19.727273,0.0,14699.181818,47.0,8,train
47.0,0,left_sidewalk,10.0,10.0,10.0,0.0,0.0,0.0,0.0,0.0,1.0,1.0,0.73432,55.565,25.35,-24.2,0.0,12879.9,48.0,12,train
47.0,1,center_walkway,0.0,0.0,0.0,0.0,0.0,0.0,0.0,0.0,0.0,0.0,0.0,0.0,0.0,0.0,0.0,0.0,48.0,0,train
47.0,2,right_sidewalk,8.0,8.0,11.0,-3.0,0.0,0.0,0.0,0.0,1.0,4.0,0.842875,48.62375,8.375,-12.5,0.0,18945.0,48.0,9,train
48.0,0,left_sidewalk,12.0,11.0,10.0,2.0,0.0,0.0,0.0,1.0,2.0,0.0,0.725383,53.1075,18.0,-13.333333,0.0,12329.416667,49.0,12,train
48.0,1,center_walkway,0.0,1.0,0.0,0.0,0.0,0.0,1.0,0.0,0.0,0.0,0.0,0.0,0.0,0.0,0.0,0.0,49.0,1,train
48.0,2,right_sidewalk,9.0,9.0,8.0,1.0,0.0,0.0,0.0,0.0,1.0,0.0,0.810033,63.75,12.333333,-26.333333,0.0,20262.222222,49.0,10,train
49.0,0,left_sidewalk,12.0,12.0,12.0,0.0,0.0,1.0,0.0,0.0,1.0,0.0,0.636025,59.389167,20.125,-18.333333,0.0,12351.916667,50.0,10,train
49.0,1,center_walkway,1.0,1.0,0.0,1.0,1.0,0.0,0.0,0.0,0.0,0.0,0.797,54.83,48.0,-27.0,0.0,7072.0,50.0,1,train
49.0,2,right_sidewalk,10.0,10.0,9.0,1.0,0.0,0.0,0.0,0.0,1.0,0.0,0.7675,65.292,-15.55,-11.9,0.0,18557.6,50.0,10,train
50.0,0,left_sidewalk,10.0,9.0,12.0,-2.0,0.0,0.0,0.0,1.0,0.0,2.0,0.69076,69.37,21.5,-16.4,0.0,11687.6,51.0,11,train
50.0,1,center_walkway,1.0,2.0,1.0,0.0,0.0,0.0,1.0,0.0,0.0,0.0,0.7925,44.05,39.5,-27.0,0.0,5929.0,51.0,4,train
50.0,2,right_sidewalk,10.0,10.0,10.0,0.0,0.0,0.0,0.0,0.0,0.0,0.0,0.74146,67.306,-17.35,-8.2,0.0,17285.4,51.0,10,train
51.0,0,left_sidewalk,11.0,11.0,10.0,1.0,0.0,1.0,0.0,0.0,2.0,0.0,0.576164,53.734545,8.227273,-7.818182,0.0,11567.727273,52.0,12,train
51.0,1,center_walkway,4.0,5.0,1.0,3.0,1.0,0.0,1.0,0.0,2.0,0.0,0.4658,36.9575,34.25,-17.75,0.0,13324.5,52.0,4,train
51.0,2,right_sidewalk,10.0,9.0,10.0,0.0,0.0,0.0,0.0,1.0,0.0,0.0,0.71469,76.977,-12.75,1.3,0.0,16021.8,52.0,10,train
52.0,0,left_sidewalk,12.0,11.0,11.0,1.0,0.0,0.0,0.0,1.0,1.0,0.0,0.574675,69.805833,21.791667,-14.25,0.0,11200.25,53.0,9,train
52.0,1,center_walkway,4.0,5.0,4.0,0.0,1.0,0.0,1.0,0.0,1.0,2.0,0.636225,93.8575,-30.875,-15.75,0.0,19806.75,53.0,6,train
52.0,2,right_sidewalk,10.0,10.0,10.0,0.0,0.0,1.0,0.0,0.0,1.0,0.0,0.61938,59.869,-0.1,-10.2,0.0,13755.0,53.0,10,train
53.0,0,left_sidewalk,9.0,9.0,12.0,-3.0,0.0,1.0,0.0,0.0,0.0,2.0,0.589767,75.19,18.777778,0.222222,0.0,12318.111111,54.0,10,train
53.0,1,center_walkway,6.0,6.0,4.0,2.0,1.0,0.0,0.0,0.0,1.0,0.0,0.707867,108.516667,20.583333,-32.666667,0.0,13862.833333,54.0,6,train
53.0,2,right_sidewalk,10.0,10.0,10.0,0.0,0.0,0.0,0.0,0.0,1.0,1.0,0.55301,37.74,-12.15,3.2,0.0,14281.9,54.0,10,train
54.0,0,left_sidewalk,10.0,10.0,9.0,1.0,0.0,0.0,0.0,0.0,2.0,1.0,0.55018,81.268,11.7,-19.0,0.1,11099.1,55.0,10,train
54.0,1,center_walkway,6.0,6.0,6.0,0.0,0.0,0.0,0.0,0.0,0.0,0.0,0.730167,107.211667,-9.5,-24.5,0.0,12725.833333,55.0,6,train
54.0,2,right_sidewalk,10.0,10.0,10.0,0.0,0.0,0.0,0.0,0.0,1.0,1.0,0.57783,52.645,-14.4,32.6,0.0,14028.4,55.0,13,train
55.0,0,left_sidewalk,10.0,10.0,10.0,0.0,0.0,0.0,1.0,1.0,0.0,0.0,0.48805,75.422,15.4,-12.2,0.0,9759.3,56.0,10,train
55.0,1,center_walkway,6.0,6.0,6.0,0.0,0.0,0.0,1.0,1.0,0.0,0.0,0.691167,108.525,-14.583333,-26.666667,0.166667,11347.5,56.0,5,train
55.0,2,right_sidewalk,13.0,13.0,10.0,3.0,0.0,0.0,0.0,0.0,4.0,1.0,0.579277,54.231538,-12.0,47.0,0.0,16248.692308,56.0,14,train
56.0,0,left_sidewalk,10.0,10.0,10.0,0.0,1.0,1.0,0.0,0.0,2.0,2.0,0.54789,61.426,2.55,-2.5,0.0,9276.9,57.0,8,train
56.0,1,center_walkway,5.0,5.0,6.0,-1.0,1.0,1.0,0.0,0.0,0.0,1.0,0.7892,62.732,42.7,-21.6,0.0,10967.8,57.0,5,train
56.0,2,right_sidewalk,14.0,14.0,13.0,1.0,0.0,0.0,0.0,0.0,2.0,1.0,0.621571,71.692857,-8.535714,21.214286,0.0,15360.071429,57.0,15,train
57.0,0,left_sidewalk,8.0,7.0,10.0,-2.0,0.0,0.0,0.0,1.0,0.0,2.0,0.459788,78.36125,1.0625,2.875,0.0,10595.125,58.0,10,train
57.0,1,center_walkway,5.0,6.0,5.0,0.0,0.0,0.0,1.0,0.0,0.0,0.0,0.69428,58.362,38.1,-25.4,0.0,10311.0,58.0,6,train
57.0,2,right_sidewalk,15.0,15.0,14.0,1.0,0.0,0.0,0.0,0.0,2.0,1.0,0.639213,55.244,1.866667,14.266667,0.0,16349.733333,58.0,12,train
58.0,0,left_sidewalk,10.0,10.0,8.0,2.0,0.0,0.0,0.0,0.0,3.0,1.0,0.49932,56.095,12.0,-12.5,0.3,8687.9,59.0,10,train
58.0,1,center_walkway,6.0,6.0,5.0,1.0,1.0,0.0,0.0,0.0,0.0,0.0,0.787483,59.031667,19.083333,-23.166667,0.0,13602.666667,59.0,6,train
58.0,2,right_sidewalk,12.0,12.0,15.0,-3.0,0.0,1.0,0.0,0.0,1.0,3.0,0.700175,61.4025,-10.25,15.333333,0.0,18054.583333,59.0,13,train
59.0,0,left_sidewalk,10.0,9.0,10.0,0.0,0.0,0.0,0.0,1.0,0.0,0.0,0.43643,55.235,7.5,1.7,0.0,7927.4,60.0,7,train
59.0,1,center_walkway,6.0,7.0,6.0,0.0,0.0,0.0,1.0,0.0,0.0,0.0,0.7495,56.805,22.0,-26.166667,0.0,13249.5,60.0,8,train
59.0,2,right_sidewalk,13.0,13.0,12.0,1.0,0.0,0.0,0.0,0.0,2.0,1.0,0.710862,66.159231,-12.692308,23.076923,0.0,17648.230769,60.0,14,train
60.0,0,left_sidewalk,7.0,8.0,10.0,-3.0,0.0,1.0,1.0,0.0,0.0,2.0,0.454571,45.488571,21.642857,-17.714286,0.0,8286.142857,61.0,8,train
60.0,1,center_walkway,8.0,7.0,6.0,2.0,1.0,0.0,0.0,1.0,1.0,0.0,0.6325,56.28875,20.1875,-39.5,0.0,10315.5,61.0,9,train
60.0,2,right_sidewalk,14.0,14.0,13.0,1.0,0.0,0.0,0.0,0.0,1.0,0.0,0.704421,65.899286,-10.75,22.5,0.071429,16415.142857,61.0,12,train
61.0,0,left_sidewalk,8.0,8.0,7.0,1.0,0.0,0.0,0.0,0.0,1.0,0.0,0.484362,43.055,16.3125,4.75,0.0,7719.25,62.0,8,train
61.0,1,center_walkway,9.0,9.0,8.0,1.0,0.0,0.0,0.0,0.0,2.0,1.0,0.5387,42.77,21.222222,-11.666667,0.111111,13089.666667,62.0,8,train
61.0,2,right_sidewalk,12.0,12.0,14.0,-2.0,0.0,0.0,0.0,0.0,0.0,2.0,0.648033,65.585,-27.833333,21.333333,0.0,16699.416667,62.0,13,train
62.0,0,left_sidewalk,8.0,7.0,8.0,0.0,1.0,0.0,0.0,1.0,1.0,2.0,0.573775,83.85625,17.0625,-50.125,0.0,11139.25,63.0,10,train
62.0,1,center_walkway,8.0,10.0,9.0,-1.0,0.0,1.0,2.0,0.0,0.0,0.0,0.662863,69.385,35.6875,-34.0,0.0,13757.125,63.0,9,train
62.0,2,right_sidewalk,13.0,12.0,12.0,1.0,0.0,0.0,0.0,1.0,1.0,0.0,0.681554,72.019231,-32.346154,4.846154,0.0,13069.076923,63.0,10,train
63.0,0,left_sidewalk,10.0,9.0,8.0,2.0,0.0,0.0,0.0,1.0,4.0,2.0,0.51934,68.453,32.15,-13.6,0.0,10418.9,64.0,9,train
63.0,1,center_walkway,9.0,10.0,8.0,1.0,1.0,0.0,1.0,0.0,0.0,0.0,0.645244,62.47,27.222222,-20.333333,0.0,11872.111111,64.0,9,train
63.0,2,right_sidewalk,10.0,10.0,13.0,-3.0,0.0,1.0,0.0,0.0,0.0,2.0,0.57041,53.891,-23.95,3.3,0.3,11566.4,64.0,8,train
64.0,0,left_sidewalk,9.0,9.0,10.0,-1.0,0.0,1.0,0.0,0.0,1.0,1.0,0.640378,68.975556,13.055556,-10.222222,0.0,10904.0,65.0,9,train
64.0,1,center_walkway,9.0,10.0,9.0,0.0,1.0,0.0,1.0,0.0,0.0,1.0,0.673322,61.906667,28.611111,-21.111111,0.0,11051.777778,65.0,12,train
64.0,2,right_sidewalk,8.0,7.0,10.0,-2.0,0.0,0.0,0.0,1.0,0.0,2.0,0.676325,57.56,-30.5625,-9.75,0.0,10694.125,65.0,6,train
65.0,0,left_sidewalk,9.0,8.0,9.0,0.0,0.0,1.0,0.0,1.0,2.0,1.0,0.528456,71.346667,-1.0,4.333333,0.0,10858.888889,66.0,8,train
65.0,1,center_walkway,12.0,13.0,9.0,3.0,3.0,0.0,1.0,0.0,0.0,0.0,0.621317,54.966667,16.375,-24.083333,0.0,8960.833333,66.0,12,train
65.0,2,right_sidewalk,6.0,6.0,8.0,-2.0,0.0,2.0,0.0,0.0,0.0,0.0,0.605083,52.446667,-16.75,21.833333,0.166667,12129.0,66.0,6,train
66.0,0,left_sidewalk,8.0,8.0,9.0,-1.0,1.0,2.0,0.0,0.0,2.0,2.0,0.490887,48.44,-32.25,8.75,0.125,9814.875,67.0,8,train
66.0,1,center_walkway,12.0,14.0,12.0,0.0,2.0,1.0,2.0,0.0,0.0,1.0,0.646467,59.25,12.291667,-9.083333,0.0,9019.166667,67.0,11,train
66.0,2,right_sidewalk,6.0,4.0,6.0,0.0,0.0,0.0,0.0,2.0,0.0,0.0,0.660133,55.45,-20.583333,5.0,0.333333,12203.333333,67.0,4,train
67.0,0,left_sidewalk,8.0,8.0,8.0,0.0,1.0,1.0,0.0,0.0,2.0,2.0,0.549887,76.72875,-35.9375,13.0,0.125,9851.0,68.0,9,train
67.0,1,center_walkway,11.0,12.0,12.0,-1.0,2.0,1.0,1.0,0.0,0.0,2.0,0.646745,60.907273,17.363636,-12.909091,0.090909,9155.272727,68.0,14,train
67.0,2,right_sidewalk,4.0,3.0,6.0,-2.0,0.0,1.0,0.0,1.0,1.0,2.0,0.65165,31.6,-16.5,17.5,0.0,10571.75,68.0,3,train
68.0,0,left_sidewalk,9.0,9.0,8.0,1.0,0.0,0.0,0.0,0.0,2.0,1.0,0.4357,66.856667,-31.388889,16.777778,0.111111,9013.777778,69.0,11,train
68.0,1,center_walkway,14.0,14.0,11.0,3.0,1.0,0.0,0.0,0.0,2.0,0.0,0.590307,47.207143,6.035714,-13.714286,0.142857,7718.214286,69.0,12,train
68.0,2,right_sidewalk,3.0,3.0,4.0,-1.0,0.0,1.0,0.0,0.0,0.0,0.0,0.590433,38.66,-21.666667,25.333333,0.0,11596.0,69.0,3,train
69.0,0,left_sidewalk,11.0,11.0,9.0,2.0,0.0,0.0,0.0,0.0,4.0,2.0,0.413927,40.949091,-23.454545,9.090909,0.0,9308.727273,70.0,11,train
69.0,1,center_walkway,12.0,12.0,14.0,-2.0,0.0,0.0,0.0,0.0,0.0,2.0,0.586,46.9275,1.5,-12.75,0.166667,7821.75,70.0,10,train
69.0,2,right_sidewalk,3.0,3.0,3.0,0.0,0.0,0.0,0.0,0.0,0.0,0.0,0.6444,47.69,-24.333333,42.666667,0.0,13488.0,70.0,3,train
70.0,0,left_sidewalk,11.0,10.0,11.0,0.0,0.0,0.0,0.0,1.0,2.0,2.0,0.446982,93.216364,-12.090909,9.545455,0.090909,12451.363636,71.0,11,train
70.0,1,center_walkway,10.0,11.0,12.0,-2.0,0.0,0.0,1.0,0.0,0.0,2.0,0.6393,50.9,-5.5,-8.7,0.0,9069.1,71.0,9,train
70.0,2,right_sidewalk,3.0,3.0,3.0,0.0,0.0,0.0,0.0,0.0,0.0,0.0,0.682967,53.023333,-22.0,54.333333,0.0,15493.0,71.0,4,train
71.0,0,left_sidewalk,11.0,11.0,11.0,0.0,0.0,0.0,0.0,0.0,1.0,1.0,0.489309,78.818182,9.272727,-21.0,0.0,10148.090909,72.0,11,train
71.0,1,center_walkway,9.0,9.0,10.0,-1.0,0.0,0.0,0.0,0.0,2.0,3.0,0.8012,45.293333,-15.666667,1.555556,0.0,12909.666667,72.0,10,train
71.0,2,right_sidewalk,4.0,4.0,3.0,1.0,0.0,0.0,0.0,0.0,1.0,0.0,0.67775,45.0475,-20.625,45.75,0.0,14420.75,72.0,5,train
72.0,0,left_sidewalk,11.0,8.0,11.0,0.0,0.0,0.0,0.0,3.0,0.0,0.0,0.528982,80.757273,21.318182,11.636364,0.0,11810.090909,73.0,11,train
72.0,1,center_walkway,10.0,13.0,9.0,1.0,0.0,0.0,3.0,0.0,1.0,0.0,0.67897,76.453,12.1,4.1,0.1,15320.5,73.0,11,train
72.0,2,right_sidewalk,5.0,5.0,4.0,1.0,0.0,0.0,0.0,0.0,1.0,0.0,0.61264,38.834,-18.9,38.8,0.0,13741.2,73.0,5,train
73.0,0,left_sidewalk,11.0,10.0,11.0,0.0,0.0,1.0,0.0,1.0,1.0,0.0,0.571018,67.571818,7.363636,-15.272727,0.0,11677.727273,74.0,10,train
73.0,1,center_walkway,11.0,12.0,10.0,1.0,1.0,0.0,1.0,0.0,1.0,1.0,0.697145,74.977273,4.227273,-9.727273,0.090909,15238.181818,74.0,10,train
73.0,2,right_sidewalk,5.0,5.0,5.0,0.0,0.0,0.0,0.0,0.0,0.0,0.0,0.677,48.35,-25.3,44.2,0.0,14985.4,74.0,4,train
74.0,0,left_sidewalk,10.0,10.0,11.0,-1.0,0.0,1.0,0.0,0.0,1.0,1.0,0.53777,71.352,10.8,-7.0,0.0,11058.9,75.0,7,train
74.0,1,center_walkway,10.0,11.0,11.0,-1.0,1.0,0.0,1.0,0.0,1.0,3.0,0.66865,79.868,28.15,-28.3,0.1,14657.8,75.0,11,train
74.0,2,right_sidewalk,4.0,3.0,5.0,-1.0,0.0,0.0,0.0,1.0,0.0,1.0,0.849075,57.1875,-32.875,38.25,0.0,17172.75,75.0,4,train
75.0,0,left_sidewalk,7.0,6.0,10.0,-3.0,0.0,0.0,0.0,1.0,0.0,3.0,0.612614,77.87,19.428571,-9.571429,0.0,12003.428571,76.0,7,train
75.0,1,center_walkway,11.0,12.0,10.0,1.0,1.0,0.0,1.0,0.0,1.0,1.0,0.721618,74.775455,17.136364,-22.818182,0.090909,13255.454545,76.0,11,train
75.0,2,right_sidewalk,4.0,4.0,4.0,0.0,0.0,1.0,0.0,0.0,1.0,0.0,0.675025,48.615,-19.0,28.75,0.0,13482.25,76.0,3,train
76.0,0,left_sidewalk,7.0,7.0,7.0,0.0,0.0,1.0,0.0,0.0,2.0,1.0,0.659643,49.484286,9.142857,-10.0,0.0,10022.857143,77.0,6,train
76.0,1,center_walkway,11.0,11.0,11.0,0.0,1.0,0.0,0.0,0.0,0.0,1.0,0.743455,81.928182,24.863636,-25.454545,0.090909,13548.818182,77.0,10,train
76.0,2,right_sidewalk,3.0,3.0,4.0,-1.0,0.0,0.0,0.0,0.0,0.0,1.0,0.567867,36.576667,-6.666667,26.333333,0.333333,13166.666667,77.0,1,train
77.0,0,left_sidewalk,6.0,7.0,7.0,-1.0,0.0,0.0,1.0,0.0,0.0,1.0,0.7044,56.435,-4.333333,5.666667,0.0,11246.666667,78.0,7,train
77.0,1,center_walkway,10.0,9.0,11.0,-1.0,0.0,0.0,0.0,1.0,1.0,2.0,0.74034,53.177,33.95,-30.8,0.0,10346.6,78.0,8,train
77.0,2,right_sidewalk,1.0,1.0,3.0,-2.0,0.0,0.0,0.0,0.0,0.0,2.0,0.8813,38.83,-32.0,24.0,0.0,10336.0,78.0,2,train
78.0,0,left_sidewalk,7.0,7.0,6.0,1.0,1.0,0.0,0.0,0.0,1.0,1.0,0.658586,62.198571,-7.714286,-0.428571,0.0,10484.428571,79.0,7,train
78.0,1,center_walkway,8.0,9.0,10.0,-2.0,0.0,1.0,1.0,0.0,0.0,1.0,0.690288,61.0225,42.5,-33.125,0.0,11146.125,79.0,9,train
78.0,2,right_sidewalk,2.0,1.0,1.0,1.0,0.0,0.0,0.0,1.0,1.0,0.0,0.57835,22.95,-19.25,14.0,0.0,11460.5,79.0,1,train
79.0,0,left_sidewalk,7.0,7.0,7.0,0.0,0.0,0.0,0.0,0.0,0.0,0.0,0.5485,87.245714,-24.142857,29.857143,0.0,10738.571429,80.0,6,train
79.0,1,center_walkway,9.0,8.0,8.0,1.0,1.0,0.0,0.0,1.0,1.0,1.0,0.746956,48.921111,22.888889,-20.555556,0.0,12682.444444,80.0,10,train
79.0,2,right_sidewalk,1.0,2.0,2.0,-1.0,0.0,1.0,1.0,0.0,0.0,0.0,0.7189,25.71,-11.5,-13.0,0.0,11592.0,80.0,2,train
80.0,0,left_sidewalk,6.0,6.0,7.0,-1.0,0.0,0.0,0.0,0.0,1.0,2.0,0.653683,65.47,16.25,17.666667,0.0,10603.5,81.0,5,train
80.0,1,center_walkway,10.0,10.0,9.0,1.0,0.0,1.0,0.0,0.0,2.0,0.0,0.64317,62.285,40.0,-27.3,0.1,10296.2,81.0,10,train
80.0,2,right_sidewalk,2.0,2.0,1.0,1.0,1.0,0.0,0.0,0.0,0.0,0.0,0.8691,45.195,-19.75,11.0,0.0,12777.0,81.0,3,train
81.0,0,left_sidewalk,5.0,5.0,6.0,-1.0,0.0,1.0,0.0,0.0,1.0,1.0,0.73322,87.192,32.9,-10.4,0.0,11099.4,82.0,5,train
81.0,1,center_walkway,10.0,9.0,10.0,0.0,1.0,0.0,0.0,1.0,0.0,1.0,0.68939,60.517,39.4,-20.5,0.1,9745.4,82.0,9,train
81.0,2,right_sidewalk,3.0,4.0,2.0,1.0,0.0,0.0,1.0,0.0,1.0,0.0,0.660933,33.13,-18.666667,6.333333,0.0,8885.333333,82.0,4,train
82.0,0,left_sidewalk,5.0,5.0,5.0,0.0,0.0,0.0,1.0,1.0,1.0,1.0,0.61282,59.56,45.1,-20.8,0.0,10125.8,83.0,5,train
82.0,1,center_walkway,9.0,9.0,10.0,-1.0,0.0,0.0,1.0,1.0,0.0,1.0,0.692667,63.29,39.166667,-24.666667,0.0,9729.444444,83.0,8,train
82.0,2,right_sidewalk,4.0,4.0,3.0,1.0,0.0,0.0,0.0,0.0,1.0,0.0,0.72035,39.8675,-5.0,7.25,0.0,9861.5,83.0,4,train
83.0,0,left_sidewalk,5.0,5.0,5.0,0.0,1.0,1.0,0.0,0.0,0.0,0.0,0.5145,26.038,6.5,-17.0,0.0,7189.6,84.0,4,train
83.0,1,center_walkway,8.0,9.0,9.0,-1.0,1.0,1.0,1.0,0.0,0.0,1.0,0.672937,76.61875,57.4375,-21.5,0.0,11688.75,84.0,12,train
83.0,2,right_sidewalk,4.0,3.0,4.0,0.0,0.0,0.0,0.0,1.0,1.0,1.0,0.8529,55.43,-45.0,9.0,0.0,12632.5,84.0,3,train
84.0,0,left_sidewalk,4.0,4.0,5.0,-1.0,0.0,1.0,0.0,0.0,0.0,0.0,0.6002,16.225,5.75,-9.75,0.0,8330.75,85.0,3,train
84.0,1,center_walkway,12.0,12.0,8.0,4.0,2.0,0.0,0.0,0.0,2.0,0.0,0.651067,63.609167,21.25,-12.416667,0.0,9202.25,85.0,10,train
84.0,2,right_sidewalk,3.0,3.0,4.0,-1.0,0.0,1.0,0.0,0.0,0.0,0.0,0.834,58.496667,-43.666667,6.666667,0.0,13704.0,85.0,5,train
85.0,0,left_sidewalk,3.0,3.0,4.0,-1.0,0.0,0.0,0.0,0.0,0.0,1.0,0.430867,14.786667,12.333333,-7.0,0.666667,8943.333333,86.0,5,train
85.0,1,center_walkway,10.0,10.0,12.0,-2.0,0.0,0.0,0.0,0.0,0.0,2.0,0.637,64.103,18.75,-13.1,0.0,9501.8,86.0,7,train
85.0,2,right_sidewalk,5.0,5.0,3.0,2.0,0.0,0.0,0.0,0.0,2.0,0.0,0.64232,34.198,-23.8,8.6,0.0,10385.4,86.0,5,train
86.0,0,left_sidewalk,5.0,5.0,3.0,2.0,1.0,0.0,0.0,0.0,1.0,0.0,0.6009,19.964,-4.8,1.2,0.0,11958.0,87.0,4,train
86.0,1,center_walkway,7.0,8.0,10.0,-3.0,0.0,1.0,1.0,0.0,0.0,2.0,0.861229,72.112857,19.0,-7.714286,0.0,11869.0,87.0,11,train
86.0,2,right_sidewalk,5.0,4.0,5.0,0.0,0.0,0.0,0.0,1.0,0.0,0.0,0.66102,47.276,-35.3,15.0,0.0,10946.6,87.0,5,train
87.0,0,left_sidewalk,4.0,4.0,5.0,-1.0,0.0,1.0,0.0,0.0,0.0,0.0,0.404825,26.5475,-9.0,0.5,0.0,8192.5,88.0,4,train
87.0,1,center_walkway,11.0,12.0,7.0,4.0,1.0,0.0,1.0,0.0,3.0,0.0,0.710109,66.209091,22.545455,-17.636364,0.0,9778.545455,88.0,11,train
87.0,2,right_sidewalk,5.0,4.0,5.0,0.0,0.0,0.0,0.0,1.0,0.0,0.0,0.8451,55.09,-34.6,31.0,0.0,12667.2,88.0,6,train
88.0,0,left_sidewalk,4.0,4.0,4.0,0.0,0.0,0.0,0.0,0.0,0.0,0.0,0.52,27.5575,-8.625,2.25,0.0,8022.75,89.0,4,train
88.0,1,center_walkway,11.0,11.0,11.0,0.0,1.0,0.0,0.0,0.0,0.0,1.0,0.758336,77.556364,0.636364,3.181818,0.0,12402.727273,89.0,11,train
88.0,2,right_sidewalk,6.0,6.0,5.0,1.0,0.0,1.0,0.0,0.0,2.0,0.0,0.691217,20.703333,-9.0,9.833333,0.0,8915.166667,89.0,6,train
89.0,0,left_sidewalk,4.0,5.0,4.0,0.0,0.0,0.0,1.0,0.0,0.0,0.0,0.477925,26.36,-10.5,-3.5,0.0,7459.75,90.0,5,train
89.0,1,center_walkway,11.0,10.0,11.0,0.0,0.0,0.0,0.0,1.0,0.0,0.0,0.789627,74.58,-5.0,-5.272727,0.0,11460.181818,90.0,10,train
89.0,2,right_sidewalk,6.0,6.0,6.0,0.0,0.0,0.0,0.0,0.0,0.0,0.0,0.691017,34.368333,6.0,5.333333,0.0,12121.166667,90.0,7,train
90.0,0,left_sidewalk,5.0,5.0,4.0,1.0,1.0,1.0,0.0,0.0,1.0,0.0,0.65142,38.008,-35.3,12.8,0.0,11378.2,91.0,5,train
90.0,1,center_walkway,10.0,8.0,11.0,-1.0,1.0,1.0,0.0,2.0,0.0,1.0,0.65138,57.773,21.1,-7.4,0.1,10238.8,91.0,9,train
90.0,2,right_sidewalk,7.0,9.0,6.0,1.0,0.0,0.0,2.0,0.0,1.0,0.0,0.674657,34.045714,15.714286,7.571429,0.0,13483.571429,91.0,8,train
91.0,0,left_sidewalk,5.0,5.0,5.0,0.0,0.0,0.0,0.0,0.0,0.0,0.0,0.62038,65.778,-11.1,-11.0,0.0,11570.4,92.0,5,train
91.0,1,center_walkway,9.0,8.0,10.0,-1.0,0.0,1.0,0.0,1.0,1.0,1.0,0.679044,49.774444,4.222222,1.555556,0.0,13793.333333,92.0,8,train
91.0,2,right_sidewalk,8.0,9.0,7.0,1.0,1.0,0.0,1.0,0.0,0.0,0.0,0.7261,50.24875,19.8125,0.5,0.0,13192.875,92.0,8,train
92.0,0,left_sidewalk,5.0,5.0,5.0,0.0,0.0,0.0,0.0,0.0,0.0,0.0,0.65422,68.1,-11.5,2.6,0.0,10829.6,93.0,5,train
92.0,1,center_walkway,8.0,8.0,9.0,-1.0,0.0,0.0,0.0,0.0,0.0,1.0,0.7435,70.8225,6.5,-12.125,0.0,15573.5,93.0,8,train
92.0,2,right_sidewalk,8.0,8.0,8.0,0.0,0.0,0.0,0.0,0.0,1.0,1.0,0.673113,47.7125,13.5,6.5,0.0,13000.75,93.0,9,train
93.0,0,left_sidewalk,5.0,5.0,5.0,0.0,0.0,0.0,0.0,0.0,0.0,0.0,0.59924,64.506,-16.5,9.2,0.0,11779.8,94.0,5,train
93.0,1,center_walkway,8.0,8.0,8.0,0.0,0.0,0.0,0.0,0.0,0.0,0.0,0.746387,68.0875,5.25,-22.375,0.0,11005.25,94.0,5,train
93.0,2,right_sidewalk,9.0,9.0,8.0,1.0,0.0,0.0,0.0,0.0,1.0,0.0,0.6919,48.261111,-2.111111,2.111111,0.0,11714.111111,94.0,9,train
94.0,0,left_sidewalk,5.0,5.0,5.0,0.0,0.0,0.0,0.0,0.0,0.0,0.0,0.62448,60.59,-20.6,11.2,0.0,11297.2,95.0,5,train
94.0,1,center_walkway,5.0,5.0,8.0,-3.0,0.0,0.0,0.0,0.0,0.0,3.0,0.83822,65.092,33.2,-23.4,0.0,11760.0,95.0,5,train
94.0,2,right_sidewalk,9.0,9.0,9.0,0.0,0.0,0.0,0.0,0.0,1.0,1.0,0.710989,53.513333,-6.944444,1.555556,0.0,10651.222222,95.0,11,train
95.0,0,left_sidewalk,5.0,5.0,5.0,0.0,0.0,0.0,0.0,0.0,0.0,0.0,0.7075,56.97,-23.3,14.0,0.0,11934.6,96.0,4,train
95.0,1,center_walkway,5.0,5.0,5.0,0.0,0.0,0.0,0.0,0.0,0.0,0.0,0.81678,63.044,30.1,-21.4,0.0,10244.2,96.0,7,train
95.0,2,right_sidewalk,11.0,11.0,9.0,2.0,0.0,0.0,0.0,0.0,3.0,1.0,0.688473,38.388182,-7.636364,19.909091,0.090909,11818.545455,96.0,10,train
96.0,0,left_sidewalk,4.0,4.0,5.0,-1.0,0.0,0.0,0.0,0.0,0.0,1.0,0.73485,75.33,-29.5,7.5,0.0,13412.25,97.0,5,train
96.0,1,center_walkway,7.0,7.0,5.0,2.0,0.0,0.0,0.0,0.0,2.0,0.0,0.555471,44.43,17.428571,-21.857143,0.0,6260.285714,97.0,5,train
96.0,2,right_sidewalk,10.0,10.0,11.0,-1.0,0.0,0.0,0.0,0.0,0.0,1.0,0.76026,53.508,1.4,26.8,0.0,15175.2,97.0,9,train
97.0,0,left_sidewalk,5.0,5.0,4.0,1.0,0.0,0.0,0.0,0.0,1.0,0.0,0.71594,66.3,-27.9,9.2,0.0,12291.8,98.0,5,train
97.0,1,center_walkway,5.0,5.0,7.0,-2.0,0.0,0.0,0.0,0.0,0.0,2.0,0.7996,58.046,-0.6,4.8,0.0,8284.8,98.0,5,train
97.0,2,right_sidewalk,9.0,9.0,10.0,-1.0,0.0,0.0,0.0,0.0,0.0,1.0,0.751678,65.643333,-4.611111,27.555556,0.0,17274.555556,98.0,10,train
98.0,0,left_sidewalk,5.0,5.0,5.0,0.0,0.0,0.0,0.0,0.0,1.0,1.0,0.60716,51.038,-8.4,3.6,0.0,9603.8,99.0,4,train
98.0,1,center_walkway,5.0,6.0,5.0,0.0,0.0,0.0,1.0,0.0,0.0,0.0,0.81976,50.414,-4.6,-2.6,0.0,8376.6,99.0,5,train
98.0,2,right_sidewalk,10.0,9.0,9.0,1.0,0.0,0.0,0.0,1.0,1.0,0.0,0.80419,58.655,-11.95,6.4,0.0,14909.5,99.0,11,train
99.0,0,left_sidewalk,4.0,3.0,5.0,-1.0,0.0,0.0,0.0,1.0,0.0,1.0,0.653975,29.425,12.0,9.75,0.0,9007.25,100.0,4,train
99.0,1,center_walkway,5.0,6.0,5.0,0.0,0.0,0.0,1.0,0.0,0.0,0.0,0.73046,51.16,-0.1,-1.2,0.0,8494.8,100.0,5,train
99.0,2,right_sidewalk,11.0,11.0,10.0,1.0,0.0,0.0,0.0,0.0,3.0,2.0,0.696473,42.206364,-15.318182,1.636364,0.0,13135.0,100.0,7,train
100.0,0,left_sidewalk,4.0,4.0,4.0,0.0,0.0,0.0,0.0,0.0,0.0,0.0,0.582825,36.6175,0.5,-1.5,0.0,9404.75,101.0,4,train
100.0,1,center_walkway,5.0,5.0,5.0,0.0,0.0,0.0,0.0,0.0,0.0,0.0,0.82722,54.386,-0.5,3.6,0.0,8594.4,101.0,6,train
100.0,2,right_sidewalk,7.0,7.0,11.0,-4.0,0.0,0.0,0.0,0.0,0.0,4.0,0.810657,69.411429,-19.285714,21.714286,0.0,16402.714286,101.0,8,train
101.0,0,left_sidewalk,4.0,3.0,4.0,0.0,0.0,0.0,0.0,1.0,0.0,0.0,0.66355,36.7475,-3.625,3.25,0.0,9345.25,102.0,3,train
101.0,1,center_walkway,6.0,8.0,5.0,1.0,0.0,0.0,2.0,0.0,1.0,0.0,0.637117,43.721667,-5.25,-5.166667,0.0,8168.166667,102.0,8,train
101.0,2,right_sidewalk,8.0,7.0,7.0,1.0,0.0,0.0,0.0,1.0,2.0,1.0,0.756162,48.61125,-28.75,22.375,0.0,13699.125,102.0,6,train
102.0,0,left_sidewalk,3.0,3.0,4.0,-1.0,0.0,1.0,0.0,0.0,0.0,0.0,0.639533,28.976667,-26.166667,12.333333,0.0,10258.0,103.0,3,train
102.0,1,center_walkway,8.0,8.0,6.0,2.0,3.0,0.0,0.0,0.0,0.0,1.0,0.821275,56.11125,-12.3125,17.0,0.0,8426.25,103.0,9,train
102.0,2,right_sidewalk,6.0,6.0,8.0,-2.0,0.0,2.0,0.0,0.0,1.0,1.0,0.75705,67.041667,-46.333333,23.166667,0.0,18633.833333,103.0,6,train
103.0,0,left_sidewalk,3.0,3.0,3.0,0.0,0.0,0.0,0.0,0.0,0.0,0.0,0.578,32.223333,-30.0,11.333333,0.0,10539.666667,104.0,4,train
103.0,1,center_walkway,9.0,9.0,8.0,1.0,1.0,0.0,0.0,0.0,0.0,0.0,0.7431,73.94,-40.888889,10.666667,0.0,9247.111111,104.0,8,train
103.0,2,right_sidewalk,6.0,6.0,6.0,0.0,0.0,1.0,0.0,0.0,1.0,0.0,0.67595,38.183333,-19.166667,9.0,0.0,19459.666667,104.0,7,train
104.0,0,left_sidewalk,4.0,4.0,3.0,1.0,1.0,0.0,0.0,0.0,0.0,0.0,0.601975,38.5,-13.875,1.0,0.0,9314.25,105.0,4,train
104.0,1,center_walkway,8.0,8.0,9.0,-1.0,0.0,1.0,0.0,0.0,0.0,0.0,0.680038,87.1275,-57.3125,16.25,0.125,8853.875,105.0,8,train
104.0,2,right_sidewalk,7.0,7.0,6.0,1.0,0.0,0.0,0.0,0.0,1.0,0.0,0.566157,53.215714,-8.0,2.142857,0.0,16228.714286,105.0,8,train
105.0,0,left_sidewalk,4.0,4.0,4.0,0.0,0.0,1.0,0.0,0.0,1.0,0.0,0.596025,27.225,-24.125,12.75,0.0,13564.25,106.0,4,train
105.0,1,center_walkway,8.0,9.0,8.0,0.0,1.0,0.0,1.0,0.0,0.0,1.0,0.722187,65.0525,-26.4375,21.875,0.125,9658.25,106.0,8,train
105.0,2,right_sidewalk,8.0,7.0,7.0,1.0,0.0,0.0,0.0,1.0,2.0,1.0,0.618675,48.03875,-11.4375,-7.5,0.0,15635.875,106.0,7,train
106.0,0,left_sidewalk,4.0,5.0,4.0,0.0,0.0,0.0,1.0,0.0,0.0,0.0,0.4302,67.5225,6.25,-8.75,0.25,14853.0,107.0,4,train
106.0,1,center_walkway,8.0,7.0,8.0,0.0,1.0,0.0,0.0,1.0,0.0,1.0,0.69605,69.325,-40.5,32.5,0.0,12267.125,107.0,7,train
106.0,2,right_sidewalk,7.0,7.0,8.0,-1.0,0.0,1.0,0.0,0.0,1.0,1.0,0.759743,66.967143,-5.928571,15.857143,0.0,14245.857143,107.0,8,train
107.0,0,left_sidewalk,4.0,4.0,4.0,0.0,1.0,0.0,0.0,0.0,0.0,1.0,0.690775,84.4475,-26.25,13.75,0.0,14529.25,108.0,5,train
107.0,1,center_walkway,7.0,7.0,8.0,-1.0,0.0,1.0,0.0,0.0,0.0,0.0,0.768843,75.081429,-42.142857,35.857143,0.0,12591.714286,108.0,7,train
107.0,2,right_sidewalk,8.0,8.0,7.0,1.0,0.0,0.0,0.0,0.0,1.0,0.0,0.71175,61.9025,-16.25,38.375,0.0,15801.125,108.0,7,train
108.0,0,left_sidewalk,5.0,5.0,4.0,1.0,0.0,0.0,0.0,0.0,1.0,0.0,0.51254,68.036,-20.3,8.6,0.2,11425.8,109.0,4,train
108.0,1,center_walkway,7.0,7.0,7.0,0.0,0.0,0.0,0.0,0.0,0.0,0.0,0.7405,82.232857,-44.428571,42.285714,0.0,14496.714286,109.0,7,train
108.0,2,right_sidewalk,7.0,7.0,8.0,-1.0,0.0,0.0,0.0,0.0,0.0,1.0,0.8683,66.731429,-19.642857,31.285714,0.0,17488.428571,109.0,8,train
109.0,0,left_sidewalk,4.0,4.0,5.0,-1.0,0.0,0.0,0.0,0.0,0.0,1.0,0.422,50.955,-8.25,6.75,0.0,13534.0,110.0,4,train
109.0,1,center_walkway,7.0,7.0,7.0,0.0,0.0,0.0,0.0,0.0,0.0,0.0,0.771614,87.02,-50.642857,49.285714,0.0,16871.285714,110.0,6,train
109.0,2,right_sidewalk,8.0,8.0,7.0,1.0,0.0,0.0,0.0,0.0,1.0,0.0,0.747487,56.96125,-15.5,38.125,0.0,19264.5,110.0,7,train
110.0,0,left_sidewalk,4.0,4.0,4.0,0.0,0.0,0.0,0.0,0.0,0.0,0.0,0.612675,57.3675,-13.25,6.75,0.0,14035.5,111.0,4,train
110.0,1,center_walkway,6.0,6.0,7.0,-1.0,0.0,0.0,0.0,0.0,0.0,1.0,0.741433,106.691667,-71.833333,71.0,0.0,22897.166667,111.0,7,train
110.0,2,right_sidewalk,7.0,7.0,8.0,-1.0,0.0,0.0,0.0,0.0,0.0,1.0,0.8614,73.947143,-15.714286,48.428571,0.0,21184.714286,111.0,8,train
111.0,0,left_sidewalk,4.0,4.0,4.0,0.0,0.0,0.0,0.0,0.0,0.0,0.0,0.620775,52.36,-9.125,4.5,0.0,10852.25,112.0,3,train
111.0,1,center_walkway,7.0,7.0,6.0,1.0,0.0,0.0,0.0,0.0,1.0,0.0,0.783986,98.411429,-71.142857,58.428571,0.0,21483.285714,112.0,6,train
111.0,2,right_sidewalk,8.0,8.0,7.0,1.0,0.0,0.0,0.0,0.0,1.0,0.0,0.74345,69.8475,-5.25,44.375,0.0,21400.0,112.0,9,train
112.0,0,left_sidewalk,3.0,4.0,4.0,-1.0,0.0,0.0,1.0,0.0,0.0,1.0,0.6485,27.85,24.0,-16.333333,0.0,9585.0,113.0,4,train
112.0,1,center_walkway,6.0,5.0,7.0,-1.0,0.0,0.0,0.0,1.0,0.0,1.0,0.8281,95.77,-74.583333,26.833333,0.0,15039.0,113.0,4,train
112.0,2,right_sidewalk,9.0,9.0,8.0,1.0,0.0,0.0,0.0,0.0,1.0,0.0,0.709622,74.234444,-10.777778,34.444444,0.0,20717.555556,113.0,7,train
113.0,0,left_sidewalk,4.0,4.0,3.0,1.0,1.0,0.0,0.0,0.0,0.0,0.0,0.724375,56.7675,-9.125,6.0,0.0,13990.5,114.0,5,train
113.0,1,center_walkway,4.0,5.0,6.0,-2.0,0.0,1.0,1.0,0.0,1.0,2.0,0.7045,51.0875,-27.875,27.75,0.0,10768.25,114.0,3,train
113.0,2,right_sidewalk,7.0,6.0,9.0,-2.0,0.0,0.0,0.0,1.0,0.0,2.0,0.772229,84.341429,-39.285714,29.285714,0.0,18618.142857,114.0,7,train
114.0,0,left_sidewalk,5.0,5.0,4.0,1.0,0.0,0.0,0.0,0.0,1.0,0.0,0.57328,47.778,-20.5,4.4,0.0,11437.0,115.0,5,train
114.0,1,center_walkway,3.0,4.0,4.0,-1.0,0.0,0.0,1.0,0.0,0.0,1.0,0.769933,72.523333,-43.833333,28.333333,0.0,12573.666667,115.0,6,train
114.0,2,right_sidewalk,7.0,6.0,7.0,0.0,0.0,0.0,0.0,1.0,0.0,0.0,0.793186,74.047143,-51.857143,4.428571,0.0,12747.714286,115.0,2,train
115.0,0,left_sidewalk,5.0,5.0,5.0,0.0,0.0,0.0,0.0,0.0,0.0,0.0,0.56672,60.508,-33.2,17.6,0.0,11462.0,116.0,6,train
115.0,1,center_walkway,6.0,6.0,3.0,3.0,1.0,0.0,0.0,0.0,3.0,1.0,0.579817,61.743333,-57.916667,9.333333,0.0,7850.5,116.0,5,train
115.0,2,right_sidewalk,2.0,2.0,7.0,-5.0,0.0,1.0,0.0,0.0,0.0,4.0,0.8951,34.71,-10.5,-34.5,0.0,12299.0,116.0,2,train
116.0,0,left_sidewalk,6.0,6.0,5.0,1.0,0.0,0.0,0.0,0.0,1.0,0.0,0.519183,51.37,7.0,-36.333333,0.0,8282.833333,117.0,6,train
116.0,1,center_walkway,5.0,5.0,6.0,-1.0,0.0,0.0,0.0,0.0,0.0,1.0,0.71592,54.708,-42.8,13.4,0.0,7577.0,117.0,5,train
116.0,2,right_sidewalk,2.0,2.0,2.0,0.0,0.0,0.0,0.0,0.0,0.0,0.0,0.89225,32.42,-23.75,-21.5,0.0,12137.0,117.0,2,train
117.0,0,left_sidewalk,6.0,6.0,6.0,0.0,0.0,0.0,0.0,0.0,2.0,2.0,0.567,23.866667,13.166667,-7.666667,0.0,8612.166667,118.0,5,train
117.0,1,center_walkway,5.0,5.0,5.0,0.0,0.0,0.0,0.0,0.0,0.0,0.0,0.75434,57.042,-47.1,16.4,0.0,8325.6,118.0,5,train
117.0,2,right_sidewalk,2.0,2.0,2.0,0.0,0.0,0.0,0.0,0.0,0.0,0.0,0.9091,27.36,-7.5,-24.0,0.0,11758.5,118.0,4,train
118.0,0,left_sidewalk,5.0,5.0,6.0,-1.0,0.0,0.0,0.0,0.0,1.0,2.0,0.71592,38.292,9.9,-4.8,0.0,9206.0,119.0,5,train
118.0,1,center_walkway,5.0,5.0,5.0,0.0,0.0,0.0,0.0,0.0,0.0,0.0,0.64948,63.044,-57.2,17.4,0.0,9043.6,119.0,4,train
118.0,2,right_sidewalk,4.0,4.0,2.0,2.0,0.0,0.0,0.0,0.0,2.0,0.0,0.62845,11.1025,1.75,-12.0,0.0,10500.5,119.0,6,train
119.0,0,left_sidewalk,5.0,4.0,5.0,0.0,0.0,0.0,0.0,1.0,1.0,1.0,0.69412,29.134,26.9,-11.4,0.0,9647.6,120.0,6,train
119.0,1,center_walkway,4.0,5.0,5.0,-1.0,0.0,0.0,1.0,0.0,0.0,1.0,0.5727,86.2425,-82.375,29.5,0.0,11567.0,120.0,6,train
119.0,2,right_sidewalk,6.0,6.0,4.0,2.0,0.0,0.0,0.0,0.0,2.0,0.0,0.641983,23.738333,15.833333,-7.0,0.0,18213.166667,120.0,5,train
120.0,0,left_sidewalk,6.0,5.0,5.0,1.0,0.0,0.0,0.0,1.0,1.0,0.0,0.6731,30.981667,12.083333,-6.333333,0.0,8087.333333,121.0,4,train
120.0,1,center_walkway,6.0,7.0,4.0,2.0,0.0,0.0,1.0,0.0,2.0,0.0,0.624333,53.575,-51.083333,18.5,0.0,10121.333333,121.0,6,train
120.0,2,right_sidewalk,5.0,5.0,6.0,-1.0,0.0,0.0,0.0,0.0,0.0,1.0,0.75874,47.382,17.7,-31.2,0.0,16972.4,121.0,5,train
121.0,0,left_sidewalk,4.0,4.0,6.0,-2.0,0.0,2.0,0.0,0.0,0.0,0.0,0.7246,30.205,7.125,-2.5,0.0,10400.5,122.0,4,train
121.0,1,center_walkway,6.0,6.0,6.0,0.0,2.0,0.0,0.0,0.0,0.0,2.0,0.660933,26.451667,-8.416667,13.166667,0.0,4276.333333,122.0,6,train
121.0,2,right_sidewalk,5.0,5.0,5.0,0.0,0.0,0.0,0.0,0.0,0.0,0.0,0.7024,48.352,21.0,-45.6,0.0,15147.2,122.0,4,train
122.0,0,left_sidewalk,4.0,4.0,4.0,0.0,0.0,0.0,0.0,0.0,0.0,0.0,0.744225,32.1,2.75,-0.75,0.0,9916.25,123.0,5,train
122.0,1,center_walkway,6.0,6.0,6.0,0.0,0.0,0.0,0.0,0.0,1.0,1.0,0.6391,20.173333,-6.583333,14.833333,0.0,4641.0,123.0,5,train
122.0,2,right_sidewalk,4.0,4.0,5.0,-1.0,0.0,0.0,0.0,0.0,0.0,1.0,0.73325,64.775,27.5,-75.0,0.25,14491.0,123.0,4,train
123.0,0,left_sidewalk,5.0,5.0,4.0,1.0,0.0,0.0,0.0,0.0,1.0,0.0,0.63936,33.796,-0.1,-4.8,0.0,8007.8,124.0,5,train
123.0,1,center_walkway,5.0,5.0,6.0,-1.0,0.0,0.0,0.0,0.0,0.0,1.0,0.77962,40.094,-36.0,22.6,0.0,6349.2,124.0,5,train
123.0,2,right_sidewalk,4.0,4.0,4.0,0.0,0.0,0.0,0.0,0.0,1.0,1.0,0.6774,38.8575,16.0,-41.25,0.0,13201.0,124.0,3,train
124.0,0,left_sidewalk,5.0,5.0,5.0,0.0,0.0,0.0,0.0,0.0,0.0,0.0,0.67246,32.144,-5.0,-2.0,0.0,7938.8,125.0,5,train
124.0,1,center_walkway,5.0,5.0,5.0,0.0,0.0,0.0,0.0,0.0,0.0,0.0,0.82216,45.972,-40.0,23.8,0.0,6778.0,125.0,4,train
124.0,2,right_sidewalk,3.0,3.0,4.0,-1.0,0.0,0.0,0.0,0.0,1.0,2.0,0.869833,30.61,13.333333,-30.666667,0.0,12768.333333,125.0,5,train
125.0,0,left_sidewalk,5.0,4.0,5.0,0.0,0.0,0.0,0.0,1.0,0.0,0.0,0.63014,34.298,-6.1,1.4,0.0,7937.0,126.0,5,train
125.0,1,center_walkway,4.0,5.0,5.0,-1.0,0.0,0.0,1.0,0.0,0.0,1.0,0.7969,51.945,-44.75,28.25,0.0,8713.5,126.0,5,train
125.0,2,right_sidewalk,5.0,5.0,3.0,2.0,0.0,0.0,0.0,0.0,2.0,0.0,0.64636,27.542,3.2,-8.8,0.0,9014.0,126.0,5,train
126.0,0,left_sidewalk,5.0,6.0,5.0,0.0,0.0,0.0,1.0,0.0,0.0,0.0,0.57916,38.97,-11.7,16.4,0.0,8944.8,127.0,8,train
126.0,1,center_walkway,5.0,4.0,4.0,1.0,0.0,0.0,0.0,1.0,1.0,0.0,0.65886,54.15,-40.0,18.0,0.0,8067.2,127.0,4,train
126.0,2,right_sidewalk,5.0,5.0,5.0,0.0,0.0,0.0,0.0,0.0,0.0,0.0,0.68494,32.236,0.2,-6.8,0.0,8901.2,127.0,6,train
127.0,0,left_sidewalk,8.0,9.0,5.0,3.0,2.0,0.0,1.0,0.0,1.0,0.0,0.489237,39.93375,-19.6875,4.25,0.0,7327.25,128.0,11,train
127.0,1,center_walkway,4.0,3.0,5.0,-1.0,0.0,2.0,0.0,1.0,1.0,0.0,0.789025,49.4275,-44.0,25.25,0.0,12127.75,128.0,2,train
127.0,2,right_sidewalk,6.0,6.0,5.0,1.0,0.0,0.0,0.0,0.0,1.0,0.0,0.5825,23.261667,3.833333,-1.5,0.0,8324.5,128.0,6,train
128.0,0,left_sidewalk,11.0,12.0,8.0,3.0,1.0,0.0,1.0,0.0,3.0,1.0,0.490964,31.329091,-20.454545,7.727273,0.0,8575.454545,129.0,12,train
128.0,1,center_walkway,2.0,1.0,4.0,-2.0,0.0,2.0,0.0,1.0,0.0,0.0,0.84965,83.84,-73.5,39.0,0.0,11062.0,129.0,3,train
128.0,2,right_sidewalk,6.0,6.0,6.0,0.0,1.0,0.0,0.0,0.0,0.0,1.0,0.742833,84.436667,57.25,-1.166667,0.0,14351.833333,129.0,6,train
129.0,0,left_sidewalk,12.0,12.0,11.0,1.0,1.0,1.0,0.0,0.0,2.0,1.0,0.519158,63.198333,-35.666667,9.333333,0.0,8606.083333,130.0,12,train
129.0,1,center_walkway,3.0,3.0,2.0,1.0,1.0,1.0,0.0,0.0,1.0,0.0,0.832833,57.173333,1.666667,15.666667,0.0,15184.333333,130.0,3,train
129.0,2,right_sidewalk,6.0,6.0,6.0,0.0,0.0,0.0,0.0,0.0,1.0,1.0,0.7172,65.583333,29.0,-28.5,0.0,13559.166667,130.0,6,train
130.0,0,left_sidewalk,12.0,12.0,12.0,0.0,0.0,0.0,0.0,0.0,1.0,1.0,0.674292,53.73,-29.208333,10.333333,0.0,8710.25,131.0,14,train
130.0,1,center_walkway,3.0,2.0,3.0,0.0,0.0,0.0,0.0,1.0,0.0,0.0,0.8557,96.166667,30.333333,16.333333,0.0,20121.333333,131.0,4,train
130.0,2,right_sidewalk,6.0,7.0,6.0,0.0,0.0,0.0,1.0,0.0,0.0,0.0,0.847167,60.495,14.333333,-21.166667,0.0,13064.166667,131.0,7,train
131.0,0,left_sidewalk,14.0,14.0,12.0,2.0,0.0,0.0,0.0,0.0,2.0,0.0,0.5817,50.902857,-33.428571,15.857143,0.0,8080.071429,132.0,12,train
131.0,1,center_walkway,4.0,4.0,3.0,1.0,0.0,1.0,0.0,0.0,2.0,0.0,0.85825,39.5125,-13.375,15.5,0.0,15542.75,132.0,4,train
131.0,2,right_sidewalk,7.0,7.0,6.0,1.0,1.0,0.0,0.0,0.0,1.0,1.0,0.864157,58.125714,20.714286,-23.142857,0.0,16186.428571,132.0,8,train
132.0,0,left_sidewalk,12.0,12.0,14.0,-2.0,0.0,0.0,0.0,0.0,0.0,2.0,0.650475,59.499167,-44.541667,29.166667,0.0,10290.5,133.0,14,train
132.0,1,center_walkway,4.0,5.0,4.0,0.0,0.0,0.0,1.0,0.0,0.0,0.0,0.864825,86.5325,10.5,19.0,0.0,24866.25,133.0,5,train
132.0,2,right_sidewalk,8.0,7.0,7.0,1.0,0.0,0.0,0.0,1.0,1.0,0.0,0.813163,58.26375,13.0,-17.375,0.0,15027.125,133.0,7,train
133.0,0,left_sidewalk,14.0,14.0,12.0,2.0,0.0,0.0,0.0,0.0,2.0,0.0,0.622007,57.739286,-39.142857,17.214286,0.0,9637.428571,134.0,14,train
133.0,1,center_walkway,5.0,5.0,4.0,1.0,1.0,0.0,0.0,0.0,0.0,0.0,0.80994,83.482,-11.6,-9.8,0.0,22908.2,134.0,6,train
133.0,2,right_sidewalk,7.0,7.0,8.0,-1.0,0.0,1.0,0.0,0.0,0.0,0.0,0.791686,69.885714,7.785714,-4.714286,0.0,16474.428571,134.0,8,train
134.0,0,left_sidewalk,14.0,14.0,14.0,0.0,0.0,0.0,0.0,0.0,1.0,1.0,0.581029,57.996429,-32.392857,6.571429,0.071429,10528.785714,135.0,13,train
134.0,1,center_walkway,6.0,6.0,5.0,1.0,0.0,0.0,0.0,0.0,1.0,0.0,0.824867,73.455,-15.583333,-27.333333,0.0,19580.5,135.0,6,train
134.0,2,right_sidewalk,8.0,8.0,7.0,1.0,0.0,0.0,0.0,0.0,1.0,0.0,0.683925,61.205,-0.75,4.75,0.0,15900.5,135.0,6,train
135.0,0,left_sidewalk,13.0,13.0,14.0,-1.0,0.0,0.0,0.0,0.0,0.0,1.0,0.686785,65.802308,-32.192308,30.076923,0.0,11704.230769,136.0,12,train
135.0,1,center_walkway,6.0,6.0,6.0,0.0,0.0,0.0,0.0,0.0,0.0,0.0,0.803533,94.375,-2.416667,-32.333333,0.0,18676.0,136.0,5,train
135.0,2,right_sidewalk,6.0,6.0,8.0,-2.0,0.0,0.0,0.0,0.0,0.0,2.0,0.832033,69.13,2.083333,6.833333,0.0,18479.5,136.0,7,train
136.0,0,left_sidewalk,12.0,12.0,13.0,-1.0,0.0,0.0,0.0,0.0,0.0,1.0,0.580508,76.895,-46.5,28.416667,0.0,12970.666667,137.0,11,train
136.0,1,center_walkway,5.0,4.0,6.0,-1.0,0.0,0.0,0.0,1.0,0.0,1.0,0.87566,82.59,31.9,-49.0,0.0,18208.6,137.0,5,train
136.0,2,right_sidewalk,7.0,8.0,6.0,1.0,0.0,0.0,1.0,0.0,2.0,1.0,0.67,51.482857,3.857143,9.571429,0.0,15772.714286,137.0,7,train
137.0,0,left_sidewalk,11.0,11.0,12.0,-1.0,0.0,0.0,0.0,0.0,1.0,2.0,0.677427,82.753636,-65.090909,37.0,0.0,13973.272727,138.0,12,train
137.0,1,center_walkway,5.0,4.0,5.0,0.0,0.0,0.0,0.0,1.0,0.0,0.0,0.77836,73.96,31.1,-48.6,0.0,16254.2,138.0,5,train
137.0,2,right_sidewalk,7.0,8.0,7.0,0.0,0.0,0.0,1.0,0.0,0.0,0.0,0.605843,54.231429,-7.571429,-12.714286,0.0,14903.142857,138.0,8,train
138.0,0,left_sidewalk,12.0,12.0,11.0,1.0,0.0,0.0,0.0,0.0,2.0,1.0,0.742292,69.135,-30.208333,6.75,0.0,12705.333333,139.0,11,train
138.0,1,center_walkway,5.0,4.0,5.0,0.0,0.0,0.0,0.0,1.0,0.0,0.0,0.77884,65.144,28.9,-42.0,0.0,14429.2,139.0,4,train
138.0,2,right_sidewalk,8.0,9.0,7.0,1.0,0.0,0.0,1.0,0.0,1.0,0.0,0.66945,41.4,-15.3125,-9.625,0.0,10859.5,139.0,6,train
139.0,0,left_sidewalk,11.0,11.0,12.0,-1.0,0.0,0.0,0.0,0.0,2.0,3.0,0.707164,49.709091,-8.863636,-11.363636,0.0,10591.454545,140.0,11,train
139.0,1,center_walkway,4.0,4.0,5.0,-1.0,0.0,1.0,0.0,0.0,0.0,0.0,0.727525,48.165,19.125,-20.25,0.0,11229.0,140.0,5,train
139.0,2,right_sidewalk,6.0,6.0,8.0,-2.0,1.0,0.0,0.0,0.0,0.0,3.0,0.609833,71.163333,-14.083333,-19.5,0.333333,9455.166667,140.0,4,train
140.0,0,left_sidewalk,11.0,11.0,11.0,0.0,0.0,0.0,0.0,0.0,2.0,2.0,0.575991,71.017273,-16.727273,9.090909,0.0,9869.272727,141.0,12,train
140.0,1,center_walkway,5.0,5.0,4.0,1.0,1.0,0.0,0.0,0.0,0.0,0.0,0.77118,54.356,2.7,-11.4,0.2,10066.6,141.0,4,train
140.0,2,right_sidewalk,4.0,4.0,6.0,-2.0,0.0,1.0,0.0,0.0,1.0,2.0,0.7166,74.855,-13.375,-29.0,0.0,13113.75,141.0,5,train
141.0,0,left_sidewalk,12.0,12.0,11.0,1.0,0.0,0.0,0.0,0.0,1.0,0.0,0.5901,64.015833,-10.916667,14.25,0.0,11347.833333,142.0,10,train
141.0,1,center_walkway,4.0,4.0,5.0,-1.0,0.0,0.0,0.0,0.0,0.0,1.0,0.86595,61.7375,-6.875,-6.5,0.0,11834.25,142.0,4,train
141.0,2,right_sidewalk,5.0,5.0,4.0,1.0,0.0,0.0,0.0,0.0,2.0,1.0,0.73324,62.072,52.9,-20.8,0.0,14218.6,142.0,7,train
142.0,0,left_sidewalk,10.0,10.0,12.0,-2.0,0.0,0.0,0.0,0.0,1.0,3.0,0.61184,64.095,-16.2,11.0,0.0,10273.5,143.0,10,train
142.0,1,center_walkway,4.0,4.0,4.0,0.0,0.0,0.0,0.0,0.0,0.0,0.0,0.865775,58.045,-9.625,-2.25,0.0,11846.0,143.0,4,train
142.0,2,right_sidewalk,7.0,7.0,5.0,2.0,0.0,0.0,0.0,0.0,2.0,0.0,0.677171,56.922857,23.285714,-5.142857,0.0,14526.0,143.0,6,train
143.0,0,left_sidewalk,10.0,10.0,10.0,0.0,0.0,0.0,0.0,0.0,2.0,2.0,0.6253,76.807,-19.15,6.6,0.0,12358.6,144.0,10,train
143.0,1,center_walkway,4.0,4.0,4.0,0.0,0.0,0.0,0.0,0.0,0.0,0.0,0.865975,59.585,-14.25,-0.0,0.0,11917.75,144.0,5,train
143.0,2,right_sidewalk,6.0,6.0,7.0,-1.0,0.0,0.0,0.0,0.0,0.0,1.0,0.72125,66.73,16.833333,-9.5,0.0,15705.0,144.0,6,train
144.0,0,left_sidewalk,10.0,10.0,10.0,0.0,0.0,0.0,0.0,0.0,1.0,1.0,0.66172,79.724,-9.5,3.2,0.1,11906.6,145.0,11,train
144.0,1,center_walkway,5.0,5.0,4.0,1.0,0.0,0.0,0.0,0.0,1.0,0.0,0.71826,51.168,-16.0,2.6,0.0,9505.8,145.0,4,train
144.0,2,right_sidewalk,6.0,6.0,6.0,0.0,0.0,0.0,0.0,0.0,0.0,0.0,0.820183,55.661667,13.75,-8.666667,0.0,15282.5,145.0,7,train
145.0,0,left_sidewalk,11.0,11.0,10.0,1.0,1.0,0.0,0.0,0.0,0.0,0.0,0.695836,63.858182,11.454545,-0.272727,0.0,11462.636364,146.0,11,train
145.0,1,center_walkway,4.0,4.0,5.0,-1.0,0.0,1.0,0.0,0.0,0.0,0.0,0.85325,65.5775,-23.75,9.0,0.0,12240.5,146.0,4,train
145.0,2,right_sidewalk,7.0,7.0,6.0,1.0,0.0,0.0,0.0,0.0,1.0,0.0,0.660371,46.928571,7.857143,-9.285714,0.0,14044.428571,146.0,10,train
146.0,0,left_sidewalk,11.0,10.0,11.0,0.0,0.0,0.0,0.0,1.0,2.0,2.0,0.592182,58.484545,19.681818,-6.090909,0.0,9287.545455,147.0,10,train
146.0,1,center_walkway,4.0,5.0,4.0,0.0,0.0,0.0,1.0,0.0,0.0,0.0,0.785425,68.645,-17.0,13.75,0.0,12912.5,147.0,4,train
146.0,2,right_sidewalk,10.0,10.0,7.0,3.0,0.0,0.0,0.0,0.0,4.0,1.0,0.65153,36.548,-1.55,4.8,0.0,11127.0,147.0,9,train
147.0,0,left_sidewalk,10.0,10.0,11.0,-1.0,0.0,0.0,0.0,0.0,0.0,1.0,0.4861,54.984,21.35,-13.1,0.0,7972.2,148.0,7,train
147.0,1,center_walkway,4.0,4.0,4.0,0.0,0.0,0.0,0.0,0.0,0.0,0.0,0.867475,72.465,-21.875,18.25,0.0,13679.75,148.0,4,train
147.0,2,right_sidewalk,9.0,9.0,10.0,-1.0,0.0,0.0,0.0,0.0,0.0,1.0,0.7755,53.454444,5.555556,15.444444,0.0,14354.333333,148.0,9,train
148.0,0,left_sidewalk,7.0,6.0,10.0,-3.0,0.0,0.0,0.0,1.0,0.0,3.0,0.627514,64.441429,14.714286,0.142857,0.0,10074.0,149.0,9,train
148.0,1,center_walkway,4.0,5.0,4.0,0.0,0.0,0.0,1.0,0.0,0.0,0.0,0.836025,76.9875,-26.875,25.75,0.0,15427.5,149.0,4,train
148.0,2,right_sidewalk,9.0,9.0,9.0,0.0,0.0,0.0,0.0,0.0,0.0,0.0,0.650489,52.504444,0.555556,6.666667,0.0,17196.0,149.0,10,train
149.0,0,left_sidewalk,9.0,8.0,7.0,2.0,0.0,0.0,0.0,1.0,2.0,0.0,0.489811,48.207778,10.166667,1.444444,0.111111,6960.777778,150.0,6,train
149.0,1,center_walkway,4.0,5.0,4.0,0.0,0.0,0.0,1.0,0.0,0.0,0.0,0.77805,78.7475,-30.375,12.25,0.0,13053.0,150.0,5,train
149.0,2,right_sidewalk,10.0,10.0,9.0,1.0,0.0,0.0,0.0,0.0,2.0,1.0,0.67575,43.192,5.4,-0.3,0.1,17507.8,150.0,10,train
150.0,0,left_sidewalk,6.0,6.0,9.0,-3.0,0.0,1.0,0.0,0.0,0.0,2.0,0.6135,14.971667,11.0,-4.0,0.0,7974.166667,151.0,7,train
150.0,1,center_walkway,5.0,5.0,4.0,1.0,1.0,0.0,0.0,0.0,0.0,0.0,0.65496,77.77,-12.4,-5.4,0.0,8447.4,151.0,4,train
150.0,2,right_sidewalk,10.0,10.0,10.0,0.0,0.0,0.0,0.0,0.0,0.0,0.0,0.73835,50.155,-0.05,-9.5,0.0,17307.6,151.0,10,train
151.0,0,left_sidewalk,7.0,8.0,6.0,1.0,0.0,0.0,1.0,0.0,1.0,0.0,0.6074,21.46,3.714286,-0.285714,0.0,7630.714286,152.0,9,train
151.0,1,center_walkway,4.0,3.0,5.0,-1.0,0.0,0.0,0.0,1.0,0.0,1.0,0.72385,56.685,3.875,-6.75,0.0,7616.0,152.0,3,train
151.0,2,right_sidewalk,10.0,10.0,10.0,0.0,0.0,0.0,0.0,0.0,1.0,1.0,0.69731,62.697,7.95,-30.5,0.0,16713.6,152.0,10,train
152.0,0,left_sidewalk,9.0,9.0,7.0,2.0,1.0,0.0,0.0,0.0,1.0,0.0,0.505822,32.05,-15.722222,1.555556,0.0,7564.444444,153.0,8,train
152.0,1,center_walkway,3.0,3.0,4.0,-1.0,0.0,1.0,0.0,0.0,0.0,0.0,0.5978,33.336667,30.666667,-20.0,0.0,4804.666667,153.0,4,train
152.0,2,right_sidewalk,10.0,10.0,10.0,0.0,0.0,0.0,0.0,0.0,2.0,2.0,0.65629,55.66,2.2,10.5,0.0,21054.3,153.0,11,train
153.0,0,left_sidewalk,8.0,8.0,9.0,-1.0,0.0,1.0,0.0,0.0,0.0,0.0,0.567625,45.6275,-23.375,12.125,0.0,8449.0,154.0,8,train
153.0,1,center_walkway,4.0,4.0,3.0,1.0,1.0,0.0,0.0,0.0,0.0,0.0,0.37465,27.24,21.875,-8.25,0.0,3199.75,154.0,4,train
153.0,2,right_sidewalk,11.0,11.0,10.0,1.0,0.0,0.0,0.0,0.0,2.0,1.0,0.646427,53.659091,1.772727,1.636364,0.0,17014.272727,154.0,10,train
154.0,0,left_sidewalk,8.0,8.0,8.0,0.0,0.0,0.0,0.0,0.0,0.0,0.0,0.631775,43.195,-24.8125,7.875,0.0,8608.125,155.0,9,train
154.0,1,center_walkway,4.0,4.0,4.0,0.0,0.0,0.0,0.0,0.0,0.0,0.0,0.290675,27.3675,10.875,-10.75,0.0,2863.5,155.0,5,train
154.0,2,right_sidewalk,10.0,10.0,11.0,-1.0,0.0,0.0,0.0,0.0,0.0,1.0,0.69433,60.825,-5.9,-4.4,0.0,15879.8,155.0,5,train
155.0,0,left_sidewalk,9.0,10.0,8.0,1.0,0.0,0.0,1.0,0.0,1.0,0.0,0.563289,36.973333,-25.888889,8.777778,0.0,8093.111111,156.0,8,train
155.0,1,center_walkway,5.0,4.0,4.0,1.0,0.0,0.0,0.0,1.0,3.0,2.0,0.47974,15.16,4.3,-1.4,0.0,10699.8,156.0,5,train
155.0,2,right_sidewalk,5.0,5.0,10.0,-5.0,0.0,0.0,0.0,0.0,0.0,5.0,0.89588,65.472,-26.2,-4.6,0.0,17213.0,156.0,5,train
156.0,0,left_sidewalk,8.0,8.0,9.0,-1.0,0.0,0.0,0.0,0.0,1.0,2.0,0.542813,34.4675,-24.375,6.5,0.0,8196.625,157.0,6,train
156.0,1,center_walkway,5.0,5.0,5.0,0.0,0.0,0.0,0.0,0.0,0.0,0.0,0.74088,72.002,49.0,-8.4,0.0,10630.2,157.0,5,train
156.0,2,right_sidewalk,5.0,5.0,5.0,0.0,0.0,0.0,0.0,0.0,1.0,1.0,0.87128,60.406,-17.0,-12.2,0.0,15358.4,157.0,6,train
157.0,0,left_sidewalk,6.0,6.0,8.0,-2.0,0.0,0.0,0.0,0.0,2.0,4.0,0.594167,34.245,-15.583333,7.0,0.0,8759.833333,158.0,6,train
157.0,1,center_walkway,5.0,5.0,5.0,0.0,0.0,0.0,0.0,0.0,0.0,0.0,0.68416,65.692,35.2,-7.6,0.2,9670.2,158.0,6,train
157.0,2,right_sidewalk,6.0,6.0,5.0,1.0,0.0,0.0,0.0,0.0,1.0,0.0,0.676883,47.825,-3.5,-10.333333,0.166667,12630.666667,158.0,5,train
158.0,0,left_sidewalk,6.0,7.0,6.0,0.0,0.0,0.0,1.0,0.0,1.0,1.0,0.589933,34.321667,-28.333333,14.666667,0.0,9646.833333,159.0,9,train
158.0,1,center_walkway,6.0,5.0,5.0,1.0,0.0,0.0,0.0,1.0,1.0,0.0,0.5739,53.915,15.416667,-3.166667,0.166667,8274.166667,159.0,4,train
158.0,2,right_sidewalk,5.0,5.0,6.0,-1.0,0.0,0.0,0.0,0.0,0.0,1.0,0.72536,55.95,-23.6,25.0,0.0,14658.8,159.0,5,train
159.0,0,left_sidewalk,9.0,9.0,6.0,3.0,2.0,0.0,0.0,0.0,2.0,1.0,0.495556,37.11,-28.722222,2.444444,0.0,9466.333333,160.0,9,train
159.0,1,center_walkway,4.0,4.0,6.0,-2.0,0.0,2.0,0.0,0.0,2.0,2.0,0.84875,54.91,25.5,-7.75,0.0,19189.25,160.0,4,train
159.0,2,right_sidewalk,5.0,5.0,5.0,0.0,0.0,0.0,0.0,0.0,0.0,0.0,0.81444,35.048,-17.2,28.0,0.0,15520.8,160.0,5,train
160.0,0,left_sidewalk,9.0,9.0,9.0,0.0,0.0,0.0,1.0,1.0,0.0,0.0,0.5637,53.645556,-8.111111,1.0,0.0,8105.333333,161.0,7,train
160.0,1,center_walkway,4.0,4.0,4.0,0.0,0.0,0.0,1.0,1.0,0.0,0.0,0.8651,105.8575,39.375,-27.25,0.0,16338.5,161.0,4,train
160.0,2,right_sidewalk,5.0,5.0,5.0,0.0,0.0,0.0,0.0,0.0,0.0,0.0,0.84018,43.202,-16.3,24.4,0.0,17130.4,161.0,6,train
161.0,0,left_sidewalk,7.0,7.0,9.0,-2.0,1.0,1.0,0.0,0.0,0.0,2.0,0.585214,46.667143,0.214286,-4.714286,0.0,7983.0,162.0,9,train
161.0,1,center_walkway,4.0,3.0,4.0,0.0,1.0,1.0,0.0,1.0,0.0,0.0,0.722375,83.6575,54.0,-28.25,0.0,16488.0,162.0,3,train
161.0,2,right_sidewalk,6.0,7.0,5.0,1.0,0.0,0.0,1.0,0.0,1.0,0.0,0.698583,44.086667,-17.333333,23.666667,0.0,19132.333333,162.0,5,train
162.0,0,left_sidewalk,9.0,9.0,7.0,2.0,0.0,0.0,0.0,0.0,3.0,1.0,0.497522,41.888889,9.944444,-1.333333,0.0,7486.777778,163.0,9,train
162.0,1,center_walkway,3.0,2.0,4.0,-1.0,0.0,0.0,0.0,1.0,0.0,1.0,0.891767,77.22,36.333333,-32.666667,0.0,17159.333333,163.0,4,train
162.0,2,right_sidewalk,5.0,6.0,6.0,-1.0,0.0,0.0,1.0,0.0,0.0,1.0,0.87314,59.808,-32.1,31.4,0.0,18309.2,163.0,6,train
163.0,0,left_sidewalk,9.0,9.0,9.0,0.0,0.0,0.0,0.0,0.0,1.0,1.0,0.530111,47.997778,-18.777778,10.777778,0.0,8046.333333,164.0,9,train
163.0,1,center_walkway,4.0,4.0,3.0,1.0,0.0,0.0,0.0,0.0,1.0,0.0,0.866525,39.0175,13.375,-15.0,0.0,13532.25,164.0,5,train
163.0,2,right_sidewalk,6.0,6.0,5.0,1.0,0.0,0.0,0.0,0.0,1.0,0.0,0.77335,60.7,-40.0,23.5,0.0,16724.666667,164.0,8,train
164.0,0,left_sidewalk,9.0,9.0,9.0,0.0,0.0,0.0,0.0,0.0,0.0,0.0,0.508078,66.445556,-34.388889,0.777778,0.0,7429.666667,165.0,9,train
164.0,1,center_walkway,5.0,5.0,4.0,1.0,1.0,0.0,0.0,0.0,0.0,0.0,0.81276,83.372,20.2,-1.2,0.0,16908.2,165.0,5,train
164.0,2,right_sidewalk,8.0,8.0,6.0,2.0,0.0,1.0,0.0,0.0,3.0,0.0,0.775438,47.145,-31.4375,26.25,0.0,15129.875,165.0,9,train
165.0,0,left_sidewalk,9.0,9.0,9.0,0.0,0.0,0.0,0.0,0.0,0.0,0.0,0.672644,54.885556,-21.666667,26.888889,0.0,8600.555556,166.0,10,train
165.0,1,center_walkway,5.0,5.0,5.0,0.0,0.0,0.0,0.0,0.0,0.0,0.0,0.8904,85.218,7.4,-10.6,0.0,19001.4,166.0,6,train
165.0,2,right_sidewalk,9.0,9.0,8.0,1.0,0.0,0.0,0.0,0.0,1.0,0.0,0.751556,65.974444,-20.5,15.111111,0.0,18102.777778,166.0,8,train
166.0,0,left_sidewalk,10.0,10.0,9.0,1.0,0.0,0.0,0.0,0.0,1.0,0.0,0.52319,63.451,-8.7,1.6,0.1,8567.6,167.0,7,train
166.0,1,center_walkway,6.0,6.0,5.0,1.0,1.0,0.0,0.0,0.0,0.0,0.0,0.893117,87.083333,-15.666667,-9.5,0.0,19122.0,167.0,6,train
166.0,2,right_sidewalk,8.0,8.0,9.0,-1.0,0.0,1.0,0.0,0.0,0.0,0.0,0.760513,53.635,-10.8125,-1.25,0.0,17331.375,167.0,9,train
167.0,0,left_sidewalk,7.0,6.0,10.0,-3.0,0.0,0.0,0.0,1.0,0.0,3.0,0.6753,64.19,-5.357143,6.142857,0.0,9657.714286,168.0,9,train
167.0,1,center_walkway,6.0,7.0,6.0,0.0,0.0,0.0,1.0,0.0,0.0,0.0,0.910267,91.801667,-24.333333,-10.5,0.0,18713.833333,168.0,7,train
167.0,2,right_sidewalk,9.0,9.0,8.0,1.0,0.0,0.0,0.0,0.0,1.0,0.0,0.629856,46.095556,-4.944444,-16.111111,0.222222,13547.555556,168.0,6,train
168.0,0,left_sidewalk,9.0,9.0,7.0,2.0,0.0,0.0,0.0,0.0,2.0,0.0,0.610467,53.456667,-6.333333,4.0,0.111111,9840.333333,169.0,9,train
168.0,1,center_walkway,7.0,7.0,6.0,1.0,0.0,0.0,0.0,0.0,1.0,0.0,0.810729,80.51,-29.928571,-17.142857,0.0,14903.142857,169.0,7,train
168.0,2,right_sidewalk,6.0,6.0,9.0,-3.0,0.0,0.0,0.0,0.0,0.0,3.0,0.73905,37.048333,0.333333,-11.166667,0.0,17043.833333,169.0,6,train
169.0,0,left_sidewalk,9.0,9.0,9.0,0.0,0.0,0.0,0.0,0.0,1.0,1.0,0.664644,69.823333,-11.444444,-8.666667,0.0,11391.222222,170.0,10,train
169.0,1,center_walkway,7.0,7.0,7.0,0.0,0.0,0.0,0.0,0.0,0.0,0.0,0.802871,81.478571,-39.928571,11.285714,0.0,16354.714286,170.0,7,train
169.0,2,right_sidewalk,6.0,6.0,6.0,0.0,0.0,0.0,0.0,0.0,0.0,0.0,0.670383,41.853333,5.083333,-8.166667,0.0,17471.0,170.0,5,train
170.0,0,left_sidewalk,10.0,10.0,9.0,1.0,0.0,0.0,0.0,0.0,2.0,1.0,0.62582,59.702,13.05,-13.2,0.1,10177.1,171.0,10,train
170.0,1,center_walkway,7.0,6.0,7.0,0.0,0.0,0.0,0.0,1.0,0.0,0.0,0.8234,85.844286,-37.142857,-0.0,0.0,16082.714286,171.0,7,train
170.0,2,right_sidewalk,5.0,6.0,6.0,-1.0,0.0,0.0,1.0,0.0,0.0,1.0,0.7726,58.352,0.5,-16.8,0.2,18480.8,171.0,5,train
171.0,0,left_sidewalk,10.0,11.0,10.0,0.0,0.0,0.0,1.0,0.0,1.0,1.0,0.57726,70.672,19.95,-19.6,0.0,10781.9,172.0,11,train
171.0,1,center_walkway,7.0,6.0,7.0,0.0,0.0,0.0,0.0,1.0,0.0,0.0,0.848014,83.688571,-45.785714,2.428571,0.0,16180.428571,172.0,6,train
171.0,2,right_sidewalk,5.0,5.0,5.0,0.0,0.0,0.0,0.0,0.0,1.0,1.0,0.73772,53.038,-3.0,-7.6,0.0,17205.2,172.0,5,train
172.0,0,left_sidewalk,11.0,10.0,10.0,1.0,1.0,0.0,0.0,1.0,1.0,1.0,0.611018,81.830909,-0.318182,7.454545,0.0,10985.090909,173.0,10,train
172.0,1,center_walkway,6.0,7.0,7.0,-1.0,0.0,1.0,1.0,0.0,0.0,0.0,0.819183,74.133333,-31.583333,4.833333,0.0,17291.5,173.0,7,train
172.0,2,right_sidewalk,5.0,5.0,5.0,0.0,0.0,0.0,0.0,0.0,0.0,0.0,0.68778,61.552,2.0,-0.8,0.0,15782.0,173.0,4,train
173.0,0,left_sidewalk,10.0,11.0,11.0,-1.0,0.0,0.0,2.0,1.0,1.0,2.0,0.68664,86.198,29.95,-43.9,0.1,10135.6,174.0,10,train
173.0,1,center_walkway,7.0,6.0,6.0,1.0,0.0,0.0,1.0,2.0,1.0,0.0,0.5748,56.468571,-24.357143,-12.428571,0.142857,10035.714286,174.0,6,train
173.0,2,right_sidewalk,4.0,4.0,5.0,-1.0,0.0,0.0,0.0,0.0,0.0,1.0,0.72095,54.0175,-4.75,15.75,0.0,17628.5,174.0,3,train
174.0,0,left_sidewalk,10.0,11.0,10.0,0.0,0.0,1.0,1.0,0.0,1.0,0.0,0.64606,64.858,33.8,-15.7,0.1,10567.3,175.0,9,train
174.0,1,center_walkway,6.0,5.0,7.0,-1.0,1.0,0.0,0.0,1.0,0.0,2.0,0.846583,65.576667,-7.416667,15.0,0.0,12566.666667,175.0,5,train
174.0,2,right_sidewalk,3.0,3.0,4.0,-1.0,0.0,0.0,0.0,0.0,0.0,1.0,0.694267,51.606667,-13.833333,15.333333,0.0,18796.666667,175.0,3,train
175.0,0,left_sidewalk,9.0,9.0,10.0,-1.0,1.0,0.0,0.0,0.0,0.0,2.0,0.692444,81.974444,21.833333,-9.888889,0.111111,10746.777778,176.0,12,train
175.0,1,center_walkway,5.0,5.0,6.0,-1.0,0.0,1.0,0.0,0.0,0.0,0.0,0.83582,39.15,14.9,-12.8,0.0,10640.0,176.0,5,train
175.0,2,right_sidewalk,3.0,3.0,3.0,0.0,0.0,0.0,0.0,0.0,0.0,0.0,0.7786,49.086667,4.333333,7.666667,0.0,17264.0,176.0,5,train
176.0,0,left_sidewalk,12.0,12.0,9.0,3.0,0.0,0.0,0.0,0.0,3.0,0.0,0.625492,72.754167,9.791667,-9.833333,0.0,11658.666667,177.0,10,train
176.0,1,center_walkway,5.0,4.0,5.0,0.0,0.0,0.0,0.0,1.0,0.0,0.0,0.81306,42.128,17.7,-12.8,0.0,9986.2,177.0,7,train
176.0,2,right_sidewalk,5.0,6.0,3.0,2.0,0.0,0.0,1.0,0.0,2.0,0.0,0.54638,40.81,-5.2,10.4,0.0,12994.4,177.0,6,train
177.0,0,left_sidewalk,10.0,9.0,12.0,-2.0,0.0,1.0,0.0,1.0,0.0,1.0,0.71227,82.434,43.3,-20.8,0.0,11244.1,178.0,9,train
177.0,1,center_walkway,7.0,8.0,5.0,2.0,1.0,0.0,1.0,0.0,1.0,0.0,0.761286,33.901429,12.071429,-1.142857,0.0,11524.571429,178.0,7,train
177.0,2,right_sidewalk,6.0,6.0,5.0,1.0,0.0,0.0,0.0,0.0,1.0,0.0,0.5758,71.295,7.083333,-9.666667,0.0,15893.5,178.0,7,train
178.0,0,left_sidewalk,9.0,8.0,10.0,-1.0,0.0,0.0,0.0,1.0,1.0,2.0,0.708056,59.701111,52.222222,-29.888889,0.0,11966.666667,179.0,10,train
178.0,1,center_walkway,7.0,8.0,7.0,0.0,0.0,1.0,1.0,0.0,1.0,0.0,0.724243,28.75,5.928571,-1.857143,0.0,7409.142857,179.0,8,train
178.0,2,right_sidewalk,7.0,7.0,6.0,1.0,1.0,0.0,0.0,0.0,0.0,0.0,0.655057,82.795714,20.357143,-7.857143,0.0,19243.428571,179.0,6,train
179.0,0,left_sidewalk,10.0,10.0,9.0,1.0,0.0,0.0,1.0,1.0,1.0,0.0,0.65758,84.976,73.35,-48.1,0.0,9338.9,180.0,9,validation
179.0,1,center_walkway,8.0,9.0,7.0,1.0,1.0,0.0,2.0,1.0,0.0,0.0,0.72455,37.5125,-11.375,10.75,0.0,7418.875,180.0,9,validation
179.0,2,right_sidewalk,6.0,5.0,7.0,-1.0,0.0,1.0,0.0,1.0,0.0,0.0,0.543967,93.623333,17.0,-61.166667,0.0,16357.833333,180.0,3,validation
180.0,0,left_sidewalk,9.0,9.0,10.0,-1.0,0.0,1.0,0.0,0.0,1.0,1.0,0.510411,47.726667,42.444444,-22.111111,0.0,8266.222222,181.0,8,validation
180.0,1,center_walkway,9.0,9.0,8.0,1.0,1.0,0.0,0.0,0.0,0.0,0.0,0.6228,73.931111,14.555556,-10.333333,0.0,7663.222222,181.0,10,validation
180.0,2,right_sidewalk,3.0,3.0,6.0,-3.0,0.0,0.0,0.0,0.0,0.0,3.0,0.7379,115.94,64.166667,-118.0,0.0,21192.666667,181.0,4,validation
181.0,0,left_sidewalk,8.0,7.0,9.0,-1.0,0.0,1.0,0.0,1.0,1.0,1.0,0.559575,45.75,36.6875,-19.375,0.0,7684.875,182.0,7,validation
181.0,1,center_walkway,10.0,10.0,9.0,1.0,1.0,0.0,1.0,1.0,1.0,1.0,0.62781,71.582,5.25,19.6,0.0,8785.2,182.0,9,validation
181.0,2,right_sidewalk,4.0,5.0,3.0,1.0,0.0,0.0,1.0,0.0,1.0,0.0,0.6925,65.155,40.375,-58.25,0.0,14671.5,182.0,5,validation
182.0,0,left_sidewalk,7.0,7.0,8.0,-1.0,1.0,1.0,0.0,0.0,1.0,2.0,0.543286,46.255714,38.714286,-28.857143,0.0,8173.857143,183.0,8,validation
182.0,1,center_walkway,9.0,9.0,10.0,-1.0,1.0,1.0,0.0,0.0,0.0,1.0,0.712789,82.916667,-12.5,23.888889,0.0,10127.333333,183.0,10,validation
182.0,2,right_sidewalk,5.0,5.0,4.0,1.0,0.0,0.0,0.0,0.0,2.0,1.0,0.67038,37.664,25.7,-26.2,0.0,13515.2,183.0,6,validation
183.0,0,left_sidewalk,8.0,7.0,7.0,1.0,0.0,0.0,0.0,1.0,1.0,0.0,0.564512,58.18875,45.9375,-19.875,0.0,9180.5,184.0,6,validation
183.0,1,center_walkway,10.0,11.0,9.0,1.0,0.0,0.0,1.0,0.0,1.0,0.0,0.60063,89.095,-27.55,28.9,0.1,10323.1,184.0,9,validation
183.0,2,right_sidewalk,6.0,6.0,5.0,1.0,0.0,0.0,0.0,0.0,1.0,0.0,0.73395,39.853333,25.083333,-22.5,0.0,16203.5,184.0,5,validation
184.0,0,left_sidewalk,6.0,5.0,8.0,-2.0,0.0,1.0,0.0,1.0,0.0,1.0,0.575133,57.19,53.25,-19.666667,0.0,9763.833333,185.0,9,validation
184.0,1,center_walkway,9.0,10.0,10.0,-1.0,1.0,0.0,1.0,0.0,0.0,2.0,0.735811,54.604444,7.5,10.666667,0.0,9180.555556,185.0,8,validation
184.0,2,right_sidewalk,5.0,5.0,6.0,-1.0,0.0,0.0,0.0,0.0,0.0,1.0,0.77746,69.882,45.1,-34.0,0.0,23541.2,185.0,6,validation
185.0,0,left_sidewalk,9.0,9.0,6.0,3.0,1.0,1.0,0.0,0.0,3.0,0.0,0.5576,49.868889,6.611111,-2.777778,0.0,11264.111111,186.0,8,validation
185.0,1,center_walkway,8.0,7.0,9.0,-1.0,1.0,1.0,0.0,1.0,0.0,1.0,0.698163,36.09,24.5,2.0,0.0,8256.75,186.0,8,validation
185.0,2,right_sidewalk,6.0,7.0,5.0,1.0,0.0,0.0,1.0,0.0,1.0,0.0,0.589433,58.155,33.0,-42.666667,0.0,20232.5,186.0,6,validation
186.0,0,left_sidewalk,8.0,8.0,9.0,-1.0,0.0,1.0,0.0,0.0,0.0,0.0,0.640062,80.42625,15.625,-2.875,0.125,12742.125,187.0,7,validation
186.0,1,center_walkway,8.0,8.0,8.0,0.0,1.0,1.0,0.0,0.0,0.0,0.0,0.61045,25.65,10.5625,-2.25,0.0,7346.25,187.0,7,validation
186.0,2,right_sidewalk,6.0,6.0,6.0,0.0,1.0,0.0,0.0,0.0,0.0,1.0,0.642367,73.046667,46.333333,-42.166667,0.0,17000.833333,187.0,6,validation
187.0,0,left_sidewalk,7.0,7.0,8.0,-1.0,0.0,0.0,0.0,0.0,1.0,2.0,0.703629,48.032857,24.571429,-20.142857,0.0,9936.428571,188.0,8,validation
187.0,1,center_walkway,7.0,7.0,8.0,-1.0,0.0,0.0,0.0,0.0,0.0,1.0,0.7277,25.51,5.357143,1.142857,0.0,8182.142857,188.0,9,validation
187.0,2,right_sidewalk,6.0,6.0,6.0,0.0,0.0,0.0,0.0,0.0,0.0,0.0,0.718767,70.593333,49.416667,-34.833333,0.0,15567.0,188.0,5,validation
188.0,0,left_sidewalk,8.0,8.0,7.0,1.0,0.0,0.0,0.0,0.0,2.0,1.0,0.590975,40.9325,21.0625,-23.375,0.0,8015.625,189.0,6,validation
188.0,1,center_walkway,9.0,9.0,7.0,2.0,0.0,0.0,0.0,0.0,2.0,0.0,0.545622,23.233333,2.666667,2.111111,0.0,6400.222222,189.0,9,validation
188.0,2,right_sidewalk,5.0,5.0,6.0,-1.0,0.0,0.0,0.0,0.0,0.0,1.0,0.86202,74.89,53.6,-38.2,0.0,16465.0,189.0,5,validation
189.0,0,left_sidewalk,6.0,6.0,8.0,-2.0,0.0,0.0,0.0,0.0,1.0,3.0,0.533417,57.468333,6.333333,3.333333,0.0,8214.833333,190.0,7,validation
189.0,1,center_walkway,9.0,9.0,9.0,0.0,0.0,0.0,0.0,0.0,1.0,1.0,0.711611,28.23,-0.333333,5.777778,0.0,9720.333333,190.0,9,validation
189.0,2,right_sidewalk,5.0,5.0,5.0,0.0,0.0,0.0,0.0,0.0,1.0,1.0,0.67434,45.686,22.8,-40.4,0.0,13658.0,190.0,4,validation
190.0,0,left_sidewalk,7.0,6.0,6.0,1.0,0.0,0.0,0.0,1.0,2.0,1.0,0.685243,36.3,2.857143,14.285714,0.0,8659.0,191.0,9,validation
190.0,1,center_walkway,9.0,10.0,9.0,0.0,0.0,0.0,1.0,0.0,0.0,0.0,0.663567,48.383333,18.944444,2.333333,0.111111,10041.888889,191.0,9,validation
190.0,2,right_sidewalk,4.0,4.0,5.0,-1.0,0.0,0.0,0.0,0.0,0.0,1.0,0.7068,42.85,20.625,-39.0,0.0,13083.0,191.0,3,validation
191.0,0,left_sidewalk,9.0,9.0,7.0,2.0,0.0,0.0,0.0,0.0,2.0,0.0,0.622956,50.23,1.5,-1.222222,0.0,9000.555556,192.0,9,validation
191.0,1,center_walkway,9.0,9.0,9.0,0.0,0.0,0.0,0.0,0.0,1.0,1.0,0.686489,49.974444,14.277778,1.777778,0.111111,10032.888889,192.0,8,validation
191.0,2,right_sidewalk,3.0,3.0,4.0,-1.0,0.0,0.0,0.0,0.0,0.0,1.0,0.828133,46.963333,27.666667,-45.0,0.0,13225.333333,192.0,3,validation
192.0,0,left_sidewalk,9.0,10.0,9.0,0.0,0.0,0.0,1.0,0.0,0.0,0.0,0.673833,65.271111,6.277778,-3.111111,0.0,9001.888889,193.0,8,validation
192.0,1,center_walkway,8.0,7.0,9.0,-1.0,0.0,0.0,0.0,1.0,0.0,1.0,0.75095,49.16,9.25,4.75,0.0,10915.75,193.0,6,validation
192.0,2,right_sidewalk,3.0,3.0,3.0,0.0,0.0,0.0,0.0,0.0,0.0,0.0,0.6202,47.393333,27.5,-40.333333,0.0,11681.666667,193.0,2,validation
193.0,0,left_sidewalk,8.0,8.0,9.0,-1.0,1.0,0.0,0.0,0.0,0.0,2.0,0.75235,67.9725,-22.875,10.5,0.0,10891.875,194.0,9,validation
193.0,1,center_walkway,6.0,6.0,8.0,-2.0,0.0,1.0,0.0,0.0,0.0,1.0,0.795917,51.33,16.5,5.5,0.0,12871.166667,194.0,6,validation
193.0,2,right_sidewalk,2.0,2.0,3.0,-1.0,0.0,0.0,0.0,0.0,0.0,1.0,0.78135,47.2,33.5,-40.5,0.0,11639.0,194.0,3,validation
194.0,0,left_sidewalk,9.0,9.0,8.0,1.0,0.0,0.0,0.0,0.0,1.0,0.0,0.639856,71.476667,-16.111111,2.222222,0.0,8862.555556,195.0,7,validation
194.0,1,center_walkway,6.0,5.0,6.0,0.0,0.0,0.0,0.0,1.0,0.0,0.0,0.81495,53.08,13.5,8.333333,0.0,12998.0,195.0,7,validation
194.0,2,right_sidewalk,3.0,4.0,2.0,1.0,0.0,0.0,1.0,0.0,2.0,1.0,0.560133,46.573333,-15.833333,12.666667,0.0,6370.666667,195.0,3,validation
195.0,0,left_sidewalk,7.0,6.0,9.0,-2.0,0.0,1.0,0.0,1.0,0.0,1.0,0.613786,54.972857,-6.357143,8.142857,0.0,8113.714286,196.0,6,validation
195.0,1,center_walkway,7.0,9.0,6.0,1.0,1.0,1.0,2.0,0.0,1.0,0.0,0.7034,51.101429,7.785714,10.285714,0.142857,11504.571429,196.0,8,validation
195.0,2,right_sidewalk,3.0,2.0,3.0,0.0,1.0,0.0,0.0,1.0,0.0,1.0,0.588067,85.353333,15.833333,-32.666667,0.0,9891.666667,196.0,2,validation
196.0,0,left_sidewalk,6.0,5.0,7.0,-1.0,0.0,0.0,0.0,1.0,0.0,1.0,0.635233,42.285,-31.5,23.666667,0.0,9965.0,197.0,7,validation
196.0,1,center_walkway,8.0,9.0,7.0,1.0,1.0,0.0,1.0,0.0,1.0,1.0,0.699462,71.8125,13.4375,21.75,0.0,15917.75,197.0,8,validation
196.0,2,right_sidewalk,2.0,2.0,3.0,-1.0,0.0,1.0,0.0,0.0,1.0,1.0,0.5317,65.765,58.0,-41.0,0.0,12128.0,197.0,1,validation
197.0,0,left_sidewalk,7.0,7.0,6.0,1.0,0.0,1.0,0.0,0.0,2.0,0.0,0.533143,42.482857,-35.357143,20.857143,0.0,8954.0,198.0,6,validation
197.0,1,center_walkway,8.0,8.0,8.0,0.0,1.0,0.0,0.0,0.0,1.0,2.0,0.807625,57.7175,1.3125,6.0,0.0,13410.5,198.0,9,validation
197.0,2,right_sidewalk,1.0,1.0,2.0,-1.0,0.0,0.0,0.0,0.0,0.0,1.0,0.9113,104.0,97.0,-35.0,0.0,17112.0,198.0,1,validation
198.0,0,left_sidewalk,6.0,5.0,7.0,-1.0,1.0,0.0,0.0,1.0,0.0,2.0,0.673467,49.57,3.916667,15.666667,0.0,9658.5,199.0,7,validation
198.0,1,center_walkway,9.0,10.0,8.0,1.0,0.0,1.0,1.0,0.0,2.0,0.0,0.673478,100.206667,13.444444,5.0,0.0,14522.777778,199.0,7,validation
198.0,2,right_sidewalk,1.0,1.0,1.0,0.0,0.0,0.0,0.0,0.0,0.0,0.0,0.9138,88.96,83.0,-24.0,0.0,18180.0,199.0,3,validation
199.0,0,left_sidewalk,7.0,7.0,6.0,1.0,0.0,0.0,0.0,0.0,1.0,0.0,0.658557,37.577143,11.142857,-2.285714,0.0,9414.714286,200.0,7,validation
199.0,1,center_walkway,7.0,4.0,9.0,-2.0,0.0,0.0,0.0,3.0,0.0,2.0,0.803086,86.201429,14.642857,15.0,0.0,15642.428571,200.0,7,validation
199.0,2,right_sidewalk,3.0,6.0,1.0,2.0,0.0,0.0,3.0,0.0,2.0,0.0,0.802367,25.726667,22.0,-14.333333,0.0,10819.0,200.0,4,validation
200.0,0,left_sidewalk,7.0,7.0,7.0,0.0,0.0,0.0,0.0,0.0,0.0,0.0,0.627343,40.238571,7.0,-2.571429,0.0,9055.0,201.0,6,validation
200.0,1,center_walkway,7.0,6.0,7.0,0.0,0.0,1.0,0.0,1.0,1.0,0.0,0.763086,80.912857,-11.928571,24.571429,0.0,17296.0,201.0,5,validation
200.0,2,right_sidewalk,4.0,5.0,3.0,1.0,1.0,0.0,1.0,0.0,0.0,0.0,0.850425,72.7875,36.875,4.5,0.0,11247.25,201.0,7,validation
201.0,0,left_sidewalk,6.0,5.0,7.0,-1.0,0.0,0.0,0.0,1.0,0.0,1.0,0.5729,49.371667,-4.166667,3.333333,0.0,10450.166667,202.0,6,validation
201.0,1,center_walkway,5.0,6.0,7.0,-2.0,0.0,1.0,1.0,0.0,0.0,1.0,0.83076,78.894,-21.3,25.0,0.0,16283.8,202.0,5,validation
201.0,2,right_sidewalk,7.0,7.0,4.0,3.0,1.0,0.0,0.0,0.0,2.0,0.0,0.770871,48.545714,23.785714,15.571429,0.0,12580.428571,202.0,7,validation
202.0,0,left_sidewalk,6.0,6.0,6.0,0.0,0.0,0.0,0.0,0.0,0.0,0.0,0.632083,61.02,-6.833333,17.166667,0.0,10755.666667,203.0,6,validation
202.0,1,center_walkway,5.0,5.0,5.0,0.0,0.0,0.0,0.0,0.0,0.0,0.0,0.84818,79.812,-29.3,28.4,0.0,17510.6,203.0,7,validation
202.0,2,right_sidewalk,7.0,7.0,7.0,0.0,0.0,0.0,0.0,0.0,0.0,0.0,0.831814,58.085714,18.142857,28.285714,0.0,14703.0,203.0,7,validation
203.0,0,left_sidewalk,6.0,6.0,6.0,0.0,0.0,0.0,0.0,0.0,1.0,1.0,0.64575,55.86,11.75,3.666667,0.0,10233.333333,204.0,6,validation
203.0,1,center_walkway,7.0,8.0,5.0,2.0,0.0,0.0,1.0,0.0,2.0,0.0,0.682671,63.097143,-26.857143,15.0,0.0,14237.0,204.0,9,validation
203.0,2,right_sidewalk,7.0,6.0,7.0,0.0,0.0,0.0,0.0,1.0,0.0,0.0,0.801943,52.56,14.571429,17.714286,0.0,14279.571429,204.0,6,validation
204.0,0,left_sidewalk,6.0,6.0,6.0,0.0,0.0,0.0,0.0,0.0,1.0,1.0,0.640733,38.093333,18.916667,-10.0,0.0,9089.166667,205.0,6,validation
204.0,1,center_walkway,9.0,9.0,7.0,2.0,1.0,0.0,0.0,0.0,1.0,0.0,0.693044,68.525556,-31.666667,7.222222,0.0,12310.777778,205.0,7,validation
204.0,2,right_sidewalk,6.0,6.0,7.0,-1.0,0.0,1.0,0.0,0.0,0.0,0.0,0.77815,47.363333,23.333333,5.833333,0.0,10069.5,205.0,6,validation
205.0,0,left_sidewalk,6.0,6.0,6.0,0.0,0.0,0.0,0.0,0.0,0.0,0.0,0.5973,41.821667,13.5,-7.5,0.0,8591.666667,206.0,6,validation
205.0,1,center_walkway,7.0,7.0,9.0,-2.0,0.0,0.0,0.0,0.0,0.0,2.0,0.718486,73.897143,-50.785714,24.285714,0.142857,10945.714286,206.0,10,validation
205.0,2,right_sidewalk,6.0,6.0,6.0,0.0,0.0,0.0,0.0,0.0,0.0,0.0,0.5228,44.813333,15.333333,-2.666667,0.0,9266.666667,206.0,8,validation
206.0,0,left_sidewalk,6.0,6.0,6.0,0.0,0.0,0.0,0.0,0.0,0.0,0.0,0.486383,47.643333,5.0,-2.5,0.0,8704.0,207.0,6,validation
206.0,1,center_walkway,10.0,10.0,7.0,3.0,0.0,0.0,0.0,0.0,4.0,1.0,0.62542,53.632,-31.0,14.3,0.0,14609.2,207.0,8,validation
206.0,2,right_sidewalk,8.0,8.0,6.0,2.0,0.0,0.0,0.0,0.0,2.0,0.0,0.43935,45.03,1.9375,20.875,0.0,10772.0,207.0,7,validation
207.0,0,left_sidewalk,6.0,7.0,6.0,0.0,0.0,0.0,1.0,0.0,1.0,1.0,0.573783,36.003333,12.666667,-2.166667,0.0,10175.0,208.0,7,validation
207.0,1,center_walkway,8.0,7.0,10.0,-2.0,0.0,0.0,0.0,1.0,0.0,2.0,0.696525,108.8775,-1.0,5.75,0.0,15566.375,208.0,7,validation
207.0,2,right_sidewalk,7.0,7.0,8.0,-1.0,0.0,0.0,0.0,0.0,0.0,1.0,0.651071,62.42,-23.642857,62.428571,0.0,13206.428571,208.0,7,validation
208.0,0,left_sidewalk,7.0,7.0,6.0,1.0,1.0,0.0,0.0,0.0,0.0,0.0,0.497043,67.774286,-1.714286,-9.571429,0.142857,10406.428571,209.0,9,validation
208.0,1,center_walkway,7.0,7.0,8.0,-1.0,0.0,1.0,0.0,0.0,2.0,2.0,0.762329,69.067143,33.285714,-21.0,0.0,17690.285714,209.0,8,validation
208.0,2,right_sidewalk,7.0,7.0,7.0,0.0,0.0,0.0,0.0,0.0,0.0,0.0,0.732114,46.918571,-31.142857,37.571429,0.142857,14604.857143,209.0,7,validation
209.0,0,left_sidewalk,9.0,10.0,7.0,2.0,0.0,0.0,1.0,0.0,2.0,0.0,0.437889,53.742222,-6.833333,4.0,0.0,11326.555556,210.0,8,validation
209.0,1,center_walkway,8.0,7.0,7.0,1.0,0.0,0.0,0.0,1.0,1.0,0.0,0.758962,71.16375,30.0625,-38.75,0.0,19089.0,210.0,9,validation
209.0,2,right_sidewalk,7.0,7.0,7.0,0.0,0.0,0.0,0.0,0.0,1.0,1.0,0.740886,46.96,-29.142857,37.428571,0.0,14924.285714,210.0,7,validation
210.0,0,left_sidewalk,8.0,8.0,9.0,-1.0,0.0,0.0,0.0,0.0,0.0,1.0,0.398812,85.40125,4.8125,12.5,0.125,12784.875,211.0,6,validation
210.0,1,center_walkway,9.0,9.0,8.0,1.0,0.0,0.0,0.0,0.0,1.0,0.0,0.695033,87.722222,56.555556,-33.666667,0.0,16769.777778,211.0,9,validation
210.0,2,right_sidewalk,7.0,7.0,7.0,0.0,0.0,0.0,0.0,0.0,0.0,0.0,0.659814,68.508571,-44.571429,40.428571,0.0,15756.571429,211.0,6,validation
211.0,0,left_sidewalk,6.0,6.0,8.0,-2.0,0.0,0.0,1.0,1.0,0.0,2.0,0.558833,64.58,19.083333,-26.5,0.0,9978.833333,212.0,7,validation
211.0,1,center_walkway,9.0,9.0,9.0,0.0,0.0,0.0,1.0,1.0,1.0,1.0,0.754811,96.235556,33.666667,-19.0,0.0,14833.222222,212.0,9,validation
211.0,2,right_sidewalk,6.0,6.0,7.0,-1.0,0.0,0.0,0.0,0.0,0.0,1.0,0.866767,82.385,-37.583333,78.833333,0.0,20405.166667,212.0,7,validation
212.0,0,left_sidewalk,7.0,7.0,6.0,1.0,0.0,0.0,1.0,1.0,1.0,0.0,0.5746,63.292857,10.5,-4.285714,0.0,10974.714286,213.0,7,validation
212.0,1,center_walkway,9.0,9.0,9.0,0.0,0.0,0.0,1.0,1.0,1.0,1.0,0.628789,88.067778,21.333333,-13.444444,0.0,13902.111111,213.0,9,validation
212.0,2,right_sidewalk,7.0,7.0,6.0,1.0,0.0,0.0,0.0,0.0,1.0,0.0,0.863914,86.927143,-31.714286,60.428571,0.0,21750.714286,213.0,7,validation
213.0,0,left_sidewalk,7.0,7.0,7.0,0.0,1.0,1.0,0.0,0.0,0.0,0.0,0.450786,60.72,8.0,-2.857143,0.0,10445.0,214.0,6,validation
213.0,1,center_walkway,9.0,9.0,9.0,0.0,1.0,1.0,0.0,0.0,0.0,0.0,0.692333,88.212222,27.333333,-16.777778,0.111111,12660.0,214.0,10,validation
213.0,2,right_sidewalk,7.0,7.0,7.0,0.0,0.0,0.0,0.0,0.0,0.0,0.0,0.860257,77.547143,-42.142857,52.0,0.0,22454.714286,214.0,9,validation
214.0,0,left_sidewalk,6.0,7.0,7.0,-1.0,0.0,0.0,1.0,0.0,0.0,1.0,0.31295,49.508333,22.5,-15.166667,0.0,9231.666667,215.0,7,validation
214.0,1,center_walkway,10.0,9.0,9.0,1.0,0.0,0.0,0.0,1.0,1.0,0.0,0.61752,81.818,14.6,-16.4,0.0,11104.8,215.0,12,validation
214.0,2,right_sidewalk,9.0,9.0,7.0,2.0,0.0,0.0,0.0,0.0,2.0,0.0,0.754622,49.702222,-14.944444,18.0,0.0,17927.0,215.0,8,validation
215.0,0,left_sidewalk,7.0,7.0,6.0,1.0,0.0,0.0,0.0,0.0,1.0,0.0,0.468186,57.938571,25.642857,7.142857,0.0,10460.571429,216.0,7,validation
215.0,1,center_walkway,12.0,11.0,10.0,2.0,0.0,0.0,0.0,1.0,2.0,0.0,0.528958,67.86,0.666667,3.083333,0.0,9921.916667,216.0,13,validation
215.0,2,right_sidewalk,8.0,9.0,9.0,-1.0,0.0,0.0,1.0,0.0,0.0,1.0,0.744513,65.38,-11.125,16.75,0.125,17724.375,216.0,7,validation
216.0,0,left_sidewalk,7.0,7.0,7.0,0.0,0.0,0.0,0.0,0.0,1.0,1.0,0.471643,64.63,29.928571,5.571429,0.0,10158.571429,217.0,8,validation
216.0,1,center_walkway,13.0,12.0,12.0,1.0,0.0,0.0,0.0,1.0,1.0,0.0,0.602938,77.718462,-10.807692,11.923077,0.076923,10671.538462,217.0,11,validation
216.0,2,right_sidewalk,7.0,8.0,8.0,-1.0,0.0,0.0,1.0,0.0,0.0,1.0,0.800457,63.395714,-15.071429,12.571429,0.0,21106.285714,217.0,8,validation
217.0,0,left_sidewalk,8.0,8.0,7.0,1.0,0.0,0.0,0.0,0.0,2.0,1.0,0.49215,75.09875,40.5,-7.125,0.0,11209.125,218.0,9,validation
217.0,1,center_walkway,11.0,10.0,13.0,-2.0,0.0,0.0,0.0,1.0,0.0,2.0,0.574964,47.411818,15.045455,-7.727273,0.090909,9121.181818,218.0,10,validation
217.0,2,right_sidewalk,8.0,9.0,7.0,1.0,0.0,0.0,1.0,0.0,1.0,0.0,0.723638,63.15875,-11.3125,17.75,0.0,20442.375,218.0,9,validation
218.0,0,left_sidewalk,9.0,9.0,8.0,1.0,0.0,0.0,0.0,0.0,1.0,0.0,0.440367,66.947778,34.277778,-15.444444,0.0,9698.555556,219.0,9,validation
218.0,1,center_walkway,10.0,10.0,11.0,-1.0,0.0,0.0,0.0,0.0,0.0,1.0,0.66596,50.666,7.5,-10.4,0.0,9746.6,219.0,11,validation
218.0,2,right_sidewalk,9.0,9.0,8.0,1.0,0.0,0.0,0.0,0.0,1.0,0.0,0.682256,53.716667,-6.5,6.222222,0.111111,18230.888889,219.0,8,validation
219.0,0,left_sidewalk,9.0,8.0,9.0,0.0,0.0,0.0,0.0,1.0,0.0,0.0,0.395711,67.775556,25.611111,-7.888889,0.0,9451.0,220.0,10,validation
219.0,1,center_walkway,11.0,12.0,10.0,1.0,1.0,0.0,1.0,0.0,1.0,1.0,0.667118,50.810909,-7.227273,-1.0,0.0,10874.454545,220.0,11,validation
219.0,2,right_sidewalk,8.0,8.0,9.0,-1.0,0.0,1.0,0.0,0.0,2.0,2.0,0.7202,36.08375,-3.5,-10.875,0.0,14046.0,220.0,8,validation
220.0,0,left_sidewalk,10.0,10.0,9.0,1.0,0.0,1.0,0.0,0.0,2.0,0.0,0.42777,42.553,9.1,-4.7,0.0,10027.0,221.0,6,validation
220.0,1,center_walkway,11.0,11.0,11.0,0.0,1.0,0.0,0.0,0.0,0.0,1.0,0.687873,50.978182,13.545455,-0.909091,0.0,10666.727273,221.0,9,validation
220.0,2,right_sidewalk,8.0,8.0,8.0,0.0,0.0,0.0,0.0,0.0,0.0,0.0,0.687863,48.4075,-10.875,-17.5,0.125,13583.0,221.0,7,validation
221.0,0,left_sidewalk,6.0,6.0,10.0,-4.0,0.0,1.0,0.0,0.0,0.0,3.0,0.546983,92.548333,31.166667,3.166667,0.0,12919.166667,222.0,8,validation
221.0,1,center_walkway,9.0,9.0,11.0,-2.0,1.0,0.0,0.0,0.0,0.0,3.0,0.780911,70.787778,30.444444,7.333333,0.0,15140.555556,222.0,12,validation
221.0,2,right_sidewalk,7.0,7.0,8.0,-1.0,0.0,0.0,0.0,0.0,0.0,1.0,0.697557,51.218571,-16.857143,-11.142857,0.0,13934.857143,222.0,6,validation
222.0,0,left_sidewalk,8.0,8.0,6.0,2.0,0.0,0.0,0.0,0.0,3.0,1.0,0.535587,69.45,23.875,-12.875,0.0,14757.875,223.0,9,validation
222.0,1,center_walkway,12.0,12.0,9.0,3.0,0.0,0.0,0.0,0.0,3.0,0.0,0.679917,61.3825,15.583333,-7.25,0.0,12227.416667,223.0,12,validation
222.0,2,right_sidewalk,6.0,6.0,7.0,-1.0,0.0,0.0,0.0,0.0,0.0,1.0,0.738067,47.808333,-21.166667,0.666667,0.0,13211.333333,223.0,6,validation
223.0,0,left_sidewalk,9.0,9.0,8.0,1.0,0.0,0.0,0.0,0.0,2.0,1.0,0.4891,61.633333,34.888889,-17.444444,0.111111,11965.222222,224.0,8,validation
223.0,1,center_walkway,12.0,13.0,12.0,0.0,1.0,0.0,1.0,0.0,0.0,1.0,0.65515,66.1525,9.291667,-14.0,0.083333,11992.583333,224.0,13,validation
223.0,2,right_sidewalk,6.0,5.0,6.0,0.0,0.0,1.0,0.0,1.0,1.0,0.0,0.819633,44.823333,-34.25,7.0,0.0,14138.0,224.0,7,validation
224.0,0,left_sidewalk,8.0,7.0,9.0,-1.0,0.0,1.0,0.0,1.0,0.0,0.0,0.52355,63.26,38.3125,-17.125,0.0,12868.75,225.0,7,validation
224.0,1,center_walkway,13.0,15.0,12.0,1.0,2.0,1.0,2.0,0.0,0.0,0.0,0.614769,57.507692,-2.423077,1.846154,0.076923,11512.615385,225.0,15,validation
224.0,2,right_sidewalk,7.0,6.0,6.0,1.0,1.0,1.0,0.0,1.0,1.0,0.0,0.6915,50.944286,-1.857143,-0.285714,0.0,14715.857143,225.0,6,validation
225.0,0,left_sidewalk,7.0,6.0,8.0,-1.0,0.0,1.0,0.0,1.0,1.0,1.0,0.590471,63.672857,31.642857,-18.428571,0.142857,12703.571429,226.0,6,validation
225.0,1,center_walkway,15.0,16.0,13.0,2.0,2.0,0.0,1.0,0.0,1.0,1.0,0.618107,54.783333,-12.766667,12.466667,0.066667,11398.666667,226.0,15,validation
225.0,2,right_sidewalk,6.0,6.0,7.0,-1.0,0.0,1.0,0.0,0.0,1.0,1.0,0.5545,40.013333,3.416667,-10.666667,0.0,14314.166667,226.0,6,validation
226.0,0,left_sidewalk,6.0,5.0,7.0,-1.0,0.0,2.0,0.0,1.0,1.0,0.0,0.611833,61.143333,25.0,-11.833333,0.0,13080.666667,227.0,8,validation
226.0,1,center_walkway,15.0,16.0,15.0,0.0,2.0,0.0,1.0,0.0,2.0,4.0,0.58396,63.122667,19.1,-20.933333,0.133333,13425.0,227.0,15,validation
226.0,2,right_sidewalk,6.0,6.0,6.0,0.0,0.0,0.0,0.0,0.0,0.0,0.0,0.632133,54.18,-5.833333,-25.0,0.0,12427.5,227.0,7,validation
227.0,0,left_sidewalk,8.0,8.0,6.0,2.0,0.0,1.0,0.0,0.0,3.0,0.0,0.356563,38.9075,10.3125,-1.0,0.0,8944.0,228.0,7,validation
227.0,1,center_walkway,15.0,15.0,15.0,0.0,1.0,1.0,0.0,0.0,1.0,1.0,0.677547,79.508667,40.966667,-15.6,0.0,12916.8,228.0,14,validation
227.0,2,right_sidewalk,7.0,7.0,6.0,1.0,1.0,0.0,0.0,0.0,1.0,1.0,0.7116,53.547143,4.0,-12.142857,0.0,12338.285714,228.0,8,validation
228.0,0,left_sidewalk,7.0,7.0,8.0,-1.0,0.0,0.0,0.0,0.0,0.0,1.0,0.450429,58.328571,1.142857,18.571429,0.0,10188.428571,229.0,6,validation
228.0,1,center_walkway,14.0,14.0,15.0,-1.0,0.0,0.0,0.0,0.0,1.0,2.0,0.659971,78.480714,27.642857,-14.571429,0.0,13771.5,229.0,14,validation
228.0,2,right_sidewalk,8.0,8.0,7.0,1.0,0.0,0.0,0.0,0.0,2.0,1.0,0.611313,54.675,10.1875,-6.0,0.0,14076.0,229.0,9,validation
229.0,0,left_sidewalk,6.0,6.0,7.0,-1.0,0.0,0.0,0.0,0.0,0.0,1.0,0.38315,60.646667,1.083333,-4.0,0.166667,10971.0,230.0,8,validation
229.0,1,center_walkway,14.0,16.0,14.0,0.0,0.0,0.0,2.0,0.0,0.0,0.0,0.70005,88.746429,35.571429,-2.285714,0.0,16082.428571,230.0,16,validation
229.0,2,right_sidewalk,9.0,7.0,8.0,1.0,0.0,0.0,0.0,2.0,1.0,0.0,0.594067,61.843333,14.388889,-17.444444,0.0,14058.444444,230.0,6,validation
230.0,0,left_sidewalk,8.0,8.0,6.0,2.0,0.0,0.0,0.0,0.0,2.0,0.0,0.3962,49.7075,-15.4375,-3.0,0.0,10393.375,231.0,8,validation
230.0,1,center_walkway,16.0,15.0,14.0,2.0,1.0,0.0,0.0,1.0,1.0,0.0,0.708269,76.99125,20.9375,-12.1875,0.0,14681.0,231.0,15,validation
230.0,2,right_sidewalk,6.0,7.0,9.0,-3.0,0.0,1.0,1.0,0.0,0.0,2.0,0.6618,57.653333,12.583333,-20.333333,0.166667,15693.333333,231.0,5,validation
231.0,0,left_sidewalk,8.0,8.0,8.0,0.0,0.0,0.0,0.0,0.0,0.0,0.0,0.4208,49.59125,25.25,-13.75,0.125,11302.75,232.0,7,validation
231.0,1,center_walkway,15.0,14.0,16.0,-1.0,0.0,1.0,0.0,1.0,0.0,0.0,0.682247,64.252,6.5,-8.466667,0.0,13942.4,232.0,13,validation
231.0,2,right_sidewalk,5.0,6.0,6.0,-1.0,1.0,0.0,1.0,0.0,0.0,2.0,0.85694,88.082,33.5,-23.6,0.0,19710.8,232.0,5,validation
232.0,0,left_sidewalk,7.0,7.0,8.0,-1.0,0.0,0.0,0.0,0.0,0.0,1.0,0.420157,52.618571,28.071429,-14.428571,0.0,12302.714286,233.0,8,validation
232.0,1,center_walkway,13.0,13.0,15.0,-2.0,1.0,1.0,0.0,0.0,0.0,2.0,0.658723,73.224615,-12.269231,-3.846154,0.076923,11529.076923,233.0,12,validation
232.0,2,right_sidewalk,5.0,5.0,5.0,0.0,1.0,1.0,0.0,0.0,0.0,0.0,0.8267,99.78,65.0,-54.6,0.0,19121.8,233.0,5,validation
233.0,0,left_sidewalk,8.0,8.0,7.0,1.0,1.0,0.0,0.0,0.0,0.0,0.0,0.445825,43.9875,16.125,-9.625,0.0,11048.5,234.0,7,validation
233.0,1,center_walkway,12.0,12.0,13.0,-1.0,0.0,1.0,0.0,0.0,1.0,1.0,0.621325,56.940833,-4.166667,-5.916667,0.0,10652.75,234.0,13,validation
233.0,2,right_sidewalk,5.0,5.0,5.0,0.0,0.0,0.0,0.0,0.0,0.0,0.0,0.83908,96.108,47.1,-28.8,0.0,17979.0,234.0,5,validation
234.0,0,left_sidewalk,7.0,7.0,8.0,-1.0,0.0,0.0,0.0,0.0,0.0,1.0,0.442643,45.362857,17.214286,-12.428571,0.0,10498.714286,235.0,8,validation
234.0,1,center_walkway,13.0,13.0,12.0,1.0,0.0,0.0,0.0,0.0,1.0,0.0,0.645554,59.389231,-7.769231,-3.384615,0.153846,9682.153846,235.0,13,validation
234.0,2,right_sidewalk,5.0,5.0,5.0,0.0,0.0,0.0,0.0,0.0,0.0,0.0,0.6424,69.434,41.9,-11.2,0.0,16365.8,235.0,6,validation
235.0,0,left_sidewalk,8.0,8.0,7.0,1.0,0.0,0.0,0.0,0.0,2.0,1.0,0.5037,31.79625,16.1875,-2.875,0.25,9892.0,236.0,7,validation
235.0,1,center_walkway,13.0,13.0,13.0,0.0,0.0,0.0,0.0,0.0,1.0,1.0,0.610831,51.860769,-6.538462,3.384615,0.076923,9999.153846,236.0,12,validation
235.0,2,right_sidewalk,6.0,6.0,5.0,1.0,0.0,0.0,0.0,0.0,1.0,0.0,0.617833,87.261667,10.333333,25.5,0.0,15831.5,236.0,7,validation
236.0,0,left_sidewalk,7.0,7.0,8.0,-1.0,0.0,0.0,0.0,0.0,1.0,2.0,0.557557,42.831429,15.642857,-7.714286,0.142857,9993.0,237.0,9,validation
236.0,1,center_walkway,12.0,12.0,13.0,-1.0,0.0,0.0,1.0,1.0,0.0,1.0,0.657442,53.386667,-11.125,13.666667,0.0,11193.75,237.0,12,validation
236.0,2,right_sidewalk,7.0,7.0,6.0,1.0,0.0,0.0,1.0,1.0,2.0,1.0,0.711,63.691429,-6.285714,14.571429,0.0,18334.142857,237.0,7,validation
237.0,0,left_sidewalk,9.0,9.0,7.0,2.0,0.0,0.0,0.0,0.0,2.0,0.0,0.464556,39.116667,16.055556,-20.444444,0.0,8839.0,238.0,9,validation
237.0,1,center_walkway,12.0,12.0,12.0,0.0,1.0,0.0,0.0,0.0,0.0,1.0,0.739775,65.765833,-27.666667,24.166667,0.0,14187.5,238.0,10,validation
237.0,2,right_sidewalk,7.0,7.0,7.0,0.0,0.0,1.0,0.0,0.0,1.0,0.0,0.682571,64.677143,7.071429,-19.857143,0.0,21623.0,238.0,5,validation
238.0,0,left_sidewalk,9.0,10.0,9.0,0.0,0.0,0.0,1.0,0.0,0.0,0.0,0.511111,44.002222,19.833333,-3.222222,0.0,8425.666667,239.0,11,validation
238.0,1,center_walkway,10.0,9.0,12.0,-2.0,0.0,0.0,0.0,1.0,0.0,2.0,0.84318,73.513,-45.0,37.3,0.0,15768.7,239.0,8,validation
238.0,2,right_sidewalk,5.0,5.0,7.0,-2.0,0.0,0.0,0.0,0.0,0.0,2.0,0.58446,81.924,8.6,-40.6,0.2,17489.2,239.0,7,validation
239.0,0,left_sidewalk,11.0,11.0,9.0,2.0,1.0,0.0,0.0,0.0,1.0,0.0,0.574636,47.388182,8.272727,-7.818182,0.0,8606.909091,240.0,10,test
239.0,1,center_walkway,8.0,8.0,10.0,-2.0,0.0,1.0,0.0,0.0,0.0,1.0,0.75755,65.0225,-30.0,28.5,0.0,16374.875,240.0,11,test
239.0,2,right_sidewalk,7.0,7.0,5.0,2.0,0.0,0.0,0.0,0.0,3.0,1.0,0.517886,49.237143,-3.571429,-24.857143,0.142857,17659.571429,240.0,5,test
240.0,0,left_sidewalk,10.0,10.0,11.0,-1.0,0.0,0.0,0.0,0.0,1.0,2.0,0.65076,51.789,6.55,-2.7,0.0,9613.8,241.0,9,test
240.0,1,center_walkway,11.0,11.0,8.0,3.0,0.0,0.0,0.0,0.0,3.0,0.0,0.714764,44.859091,-23.5,1.636364,0.0,11477.818182,241.0,11,test
240.0,2,right_sidewalk,5.0,5.0,7.0,-2.0,0.0,0.0,0.0,0.0,1.0,3.0,0.5273,43.17,5.5,-40.2,0.0,13950.4,241.0,4,test
241.0,0,left_sidewalk,9.0,9.0,10.0,-1.0,0.0,0.0,0.0,0.0,0.0,1.0,0.583478,56.005556,5.777778,7.666667,0.0,10370.222222,242.0,10,test
241.0,1,center_walkway,11.0,11.0,11.0,0.0,0.0,0.0,0.0,0.0,0.0,0.0,0.670727,76.66,-18.409091,7.0,0.090909,10133.363636,242.0,9,test
241.0,2,right_sidewalk,4.0,4.0,5.0,-1.0,0.0,0.0,0.0,0.0,0.0,1.0,0.611775,45.85,-10.25,-41.0,0.0,13021.25,242.0,4,test
242.0,0,left_sidewalk,10.0,10.0,9.0,1.0,0.0,0.0,0.0,0.0,1.0,0.0,0.54538,53.628,-0.65,9.4,0.1,11148.3,243.0,10,test
242.0,1,center_walkway,9.0,8.0,11.0,-2.0,0.0,0.0,0.0,1.0,0.0,2.0,0.787744,55.417778,6.611111,3.888889,0.0,12690.0,243.0,8,test
242.0,2,right_sidewalk,4.0,5.0,4.0,0.0,0.0,0.0,1.0,0.0,1.0,1.0,0.78055,34.6675,-3.625,-19.25,0.0,15386.5,243.0,6,test
243.0,0,left_sidewalk,10.0,10.0,10.0,0.0,0.0,0.0,0.0,0.0,1.0,1.0,0.51884,51.371,-7.1,10.4,0.0,9964.3,244.0,8,test
243.0,1,center_walkway,8.0,8.0,9.0,-1.0,0.0,1.0,0.0,0.0,0.0,0.0,0.815213,60.915,-1.8125,0.375,0.0,13829.0,244.0,8,test
243.0,2,right_sidewalk,6.0,6.0,4.0,2.0,1.0,0.0,0.0,0.0,1.0,0.0,0.8095,43.941667,-3.833333,-12.166667,0.0,15306.0,244.0,7,test
244.0,0,left_sidewalk,8.0,8.0,10.0,-2.0,0.0,0.0,0.0,0.0,0.0,2.0,0.598487,42.72625,5.875,11.25,0.0,10326.0,245.0,8,test
244.0,1,center_walkway,8.0,8.0,8.0,0.0,0.0,0.0,0.0,0.0,0.0,0.0,0.821175,71.28,-20.8125,4.375,0.0,14055.0,245.0,8,test
244.0,2,right_sidewalk,7.0,7.0,6.0,1.0,0.0,0.0,0.0,0.0,2.0,1.0,0.739029,55.318571,-22.571429,7.571429,0.0,16404.142857,245.0,8,test
245.0,0,left_sidewalk,8.0,7.0,8.0,0.0,0.0,0.0,0.0,1.0,0.0,0.0,0.686175,48.33625,2.25,4.75,0.0,11370.875,246.0,8,test
245.0,1,center_walkway,8.0,9.0,8.0,0.0,0.0,0.0,1.0,0.0,0.0,0.0,0.790025,77.81,-30.6875,9.125,0.0,14289.875,246.0,9,test
245.0,2,right_sidewalk,8.0,8.0,7.0,1.0,0.0,0.0,0.0,0.0,1.0,0.0,0.718213,54.72375,-15.75,4.0,0.0,16297.75,246.0,8,test
246.0,0,left_sidewalk,8.0,8.0,8.0,0.0,0.0,1.0,0.0,0.0,1.0,0.0,0.495588,38.4925,-13.75,-4.375,0.0,11258.75,247.0,7,test
246.0,1,center_walkway,9.0,10.0,8.0,1.0,1.0,0.0,1.0,0.0,0.0,0.0,0.832922,78.254444,-25.555556,10.666667,0.0,14064.222222,247.0,9,test
246.0,2,right_sidewalk,8.0,7.0,8.0,0.0,0.0,0.0,0.0,1.0,0.0,0.0,0.625925,54.41125,-7.4375,-7.375,0.125,14769.0,247.0,7,test
247.0,0,left_sidewalk,7.0,6.0,8.0,-1.0,0.0,0.0,0.0,1.0,0.0,1.0,0.640957,56.181429,0.214286,11.0,0.142857,11947.142857,248.0,6,test
247.0,1,center_walkway,9.0,11.0,9.0,0.0,0.0,0.0,2.0,0.0,0.0,0.0,0.739433,79.638889,-24.611111,15.444444,0.111111,11707.111111,248.0,10,test
247.0,2,right_sidewalk,7.0,6.0,8.0,-1.0,0.0,0.0,0.0,1.0,0.0,1.0,0.697343,66.02,-20.428571,3.571429,0.0,17211.428571,248.0,4,test
248.0,0,left_sidewalk,6.0,6.0,7.0,-1.0,0.0,0.0,0.0,0.0,1.0,2.0,0.700667,60.34,-9.166667,9.0,0.166667,13824.0,249.0,8,test
248.0,1,center_walkway,10.0,8.0,9.0,1.0,2.0,0.0,0.0,2.0,0.0,1.0,0.66824,71.717,-16.1,-1.0,0.0,12248.7,249.0,8,test
248.0,2,right_sidewalk,4.0,6.0,7.0,-3.0,0.0,2.0,2.0,0.0,0.0,1.0,0.709,76.0175,-54.375,22.0,0.0,19470.0,249.0,5,test
249.0,0,left_sidewalk,8.0,8.0,6.0,2.0,0.0,0.0,0.0,0.0,3.0,1.0,0.622463,43.94625,2.1875,-1.0,0.0,11764.125,250.0,7,test
249.0,1,center_walkway,8.0,8.0,10.0,-2.0,0.0,2.0,0.0,0.0,0.0,0.0,0.758563,76.39125,-36.8125,11.875,0.0,12750.5,250.0,8,test
249.0,2,right_sidewalk,5.0,5.0,4.0,1.0,2.0,0.0,0.0,0.0,1.0,2.0,0.82322,65.936,-16.1,-8.4,0.0,16673.4,250.0,6,test
250.0,0,left_sidewalk,7.0,6.0,8.0,-1.0,0.0,0.0,0.0,1.0,0.0,1.0,0.613371,81.707143,5.357143,13.142857,0.0,11224.142857,251.0,8,test
250.0,1,center_walkway,8.0,9.0,8.0,0.0,0.0,0.0,1.0,0.0,0.0,0.0,0.751363,76.17375,-39.0,14.5,0.0,12681.75,251.0,6,test
250.0,2,right_sidewalk,6.0,6.0,5.0,1.0,0.0,0.0,0.0,0.0,1.0,0.0,0.6765,50.465,-14.666667,-12.0,0.0,11499.166667,251.0,4,test
251.0,0,left_sidewalk,8.0,7.0,7.0,1.0,0.0,0.0,0.0,1.0,2.0,1.0,0.56525,53.8875,10.625,4.25,0.0,9236.375,252.0,6,test
251.0,1,center_walkway,6.0,7.0,8.0,-2.0,0.0,0.0,1.0,0.0,0.0,2.0,0.845483,63.503333,-29.916667,22.833333,0.0,11544.833333,252.0,7,test
251.0,2,right_sidewalk,4.0,4.0,6.0,-2.0,0.0,0.0,0.0,0.0,0.0,2.0,0.695825,28.18,6.5,-18.0,0.0,10063.75,252.0,4,test
252.0,0,left_sidewalk,6.0,6.0,8.0,-2.0,0.0,1.0,0.0,0.0,0.0,1.0,0.655067,62.21,15.0,17.166667,0.0,9488.833333,253.0,7,test
252.0,1,center_walkway,7.0,8.0,6.0,1.0,1.0,0.0,1.0,0.0,0.0,0.0,0.826757,63.291429,-24.857143,18.285714,0.0,11358.142857,253.0,7,test
252.0,2,right_sidewalk,4.0,3.0,4.0,0.0,0.0,0.0,0.0,1.0,1.0,1.0,0.670375,29.26,-2.0,-22.0,0.0,9815.75,253.0,3,test
253.0,0,left_sidewalk,7.0,7.0,6.0,1.0,0.0,0.0,0.0,0.0,2.0,1.0,0.564414,44.001429,12.785714,-17.285714,0.0,8942.714286,254.0,7,test
253.0,1,center_walkway,7.0,7.0,7.0,0.0,0.0,0.0,0.0,0.0,0.0,0.0,0.818014,67.212857,-32.214286,23.857143,0.0,12508.714286,254.0,8,test
253.0,2,right_sidewalk,3.0,3.0,4.0,-1.0,0.0,0.0,0.0,0.0,0.0,1.0,0.806033,50.366667,3.666667,38.666667,0.0,12407.333333,254.0,5,test
254.0,0,left_sidewalk,7.0,7.0,7.0,0.0,0.0,0.0,0.0,0.0,1.0,1.0,0.567671,46.84,30.928571,-17.285714,0.0,10310.285714,255.0,8,test
254.0,1,center_walkway,8.0,8.0,7.0,1.0,0.0,0.0,0.0,0.0,1.0,0.0,0.78185,69.3275,-33.875,19.125,0.0,12039.25,255.0,7,test
254.0,2,right_sidewalk,5.0,5.0,3.0,2.0,0.0,0.0,0.0,0.0,2.0,0.0,0.7267,18.456,0.1,4.0,0.0,14179.8,255.0,5,test
255.0,0,left_sidewalk,8.0,7.0,7.0,1.0,1.0,0.0,0.0,1.0,1.0,1.0,0.585037,63.53125,21.375,2.875,0.0,8908.25,256.0,8,test
255.0,1,center_walkway,7.0,8.0,8.0,-1.0,0.0,1.0,1.0,0.0,0.0,0.0,0.7724,75.008571,-60.0,28.142857,0.0,14535.714286,256.0,9,test
255.0,2,right_sidewalk,5.0,5.0,5.0,0.0,0.0,0.0,0.0,0.0,0.0,0.0,0.7462,34.524,2.2,-2.2,0.0,16901.6,256.0,5,test
256.0,0,left_sidewalk,8.0,7.0,8.0,0.0,0.0,0.0,0.0,1.0,1.0,1.0,0.475612,64.505,-0.5,-13.375,0.0,9114.375,257.0,10,test
256.0,1,center_walkway,9.0,10.0,7.0,2.0,0.0,0.0,1.0,0.0,2.0,0.0,0.676844,64.542222,-49.944444,26.888889,0.0,12767.555556,257.0,7,test
256.0,2,right_sidewalk,5.0,5.0,5.0,0.0,0.0,0.0,0.0,0.0,0.0,0.0,0.74188,43.996,-8.8,-8.2,0.2,17592.6,257.0,7,test
257.0,0,left_sidewalk,10.0,9.0,8.0,2.0,2.0,1.0,0.0,1.0,2.0,1.0,0.61884,61.757,-3.05,-1.2,0.1,8488.9,258.0,8,test
257.0,1,center_walkway,7.0,8.0,9.0,-2.0,1.0,2.0,1.0,0.0,0.0,1.0,0.801529,74.027143,-40.0,24.142857,0.0,13168.0,258.0,6,test
257.0,2,right_sidewalk,7.0,7.0,5.0,2.0,0.0,0.0,0.0,0.0,2.0,0.0,0.669614,31.635714,-1.5,-11.285714,0.0,16300.714286,258.0,7,test
258.0,0,left_sidewalk,8.0,9.0,10.0,-2.0,0.0,0.0,1.0,0.0,1.0,3.0,0.621575,50.62875,25.8125,-10.375,0.0,8200.25,259.0,12,test
258.0,1,center_walkway,6.0,5.0,7.0,-1.0,0.0,0.0,0.0,1.0,0.0,1.0,0.788117,62.895,-28.0,15.0,0.0,11235.166667,259.0,5,test
258.0,2,right_sidewalk,7.0,7.0,7.0,0.0,0.0,0.0,0.0,0.0,0.0,0.0,0.667029,49.051429,1.5,-3.571429,0.285714,19090.142857,259.0,6,test
259.0,0,left_sidewalk,12.0,11.0,8.0,4.0,1.0,0.0,0.0,1.0,3.0,0.0,0.56095,53.0625,-1.958333,2.25,0.0,8660.916667,260.0,10,test
259.0,1,center_walkway,5.0,6.0,6.0,-1.0,0.0,1.0,1.0,0.0,0.0,0.0,0.72226,48.064,-10.4,12.0,0.0,10284.8,260.0,6,test
259.0,2,right_sidewalk,6.0,6.0,7.0,-1.0,0.0,0.0,0.0,0.0,0.0,1.0,0.778633,59.248333,2.916667,-28.0,0.0,21023.0,260.0,8,test
260.0,0,left_sidewalk,10.0,9.0,12.0,-2.0,0.0,1.0,0.0,1.0,0.0,1.0,0.59588,59.882,-23.4,12.5,0.0,9480.5,261.0,10,test
260.0,1,center_walkway,6.0,7.0,5.0,1.0,1.0,0.0,1.0,0.0,0.0,0.0,0.655833,51.406667,-2.083333,-4.666667,0.166667,8737.333333,261.0,6,test
260.0,2,right_sidewalk,8.0,8.0,6.0,2.0,0.0,0.0,0.0,0.0,2.0,0.0,0.613337,39.14,5.8125,-12.0,0.0,19203.625,261.0,9,test
261.0,0,left_sidewalk,10.0,9.0,10.0,0.0,0.0,0.0,0.0,1.0,2.0,2.0,0.64375,38.326,-2.4,4.0,0.0,7859.2,262.0,8,test
261.0,1,center_walkway,6.0,7.0,6.0,0.0,0.0,0.0,1.0,0.0,1.0,1.0,0.71895,49.445,-7.75,-12.5,0.0,7449.333333,262.0,2,test
261.0,2,right_sidewalk,9.0,9.0,8.0,1.0,0.0,0.0,0.0,0.0,2.0,1.0,0.708967,34.612222,15.666667,-10.222222,0.0,17242.888889,262.0,9,test
262.0,0,left_sidewalk,8.0,7.0,10.0,-2.0,0.0,0.0,0.0,1.0,2.0,4.0,0.59635,30.3125,-2.3125,1.25,0.0,7985.75,263.0,7,test
262.0,1,center_walkway,2.0,3.0,6.0,-4.0,0.0,2.0,1.0,0.0,0.0,2.0,0.7718,41.065,30.75,-27.0,0.0,5796.0,263.0,5,test
262.0,2,right_sidewalk,9.0,9.0,9.0,0.0,2.0,0.0,0.0,0.0,0.0,2.0,0.7731,61.035556,25.944444,-28.111111,0.111111,16377.555556,263.0,8,test
263.0,0,left_sidewalk,7.0,7.0,8.0,-1.0,0.0,1.0,0.0,0.0,2.0,2.0,0.676671,34.565714,-24.428571,10.428571,0.0,8674.571429,264.0,6,test
263.0,1,center_walkway,5.0,6.0,2.0,3.0,1.0,0.0,1.0,0.0,2.0,0.0,0.5249,33.788,27.2,-14.8,0.2,3969.8,264.0,7,test
263.0,2,right_sidewalk,8.0,7.0,9.0,-1.0,0.0,0.0,0.0,1.0,0.0,1.0,0.8166,61.92375,28.75,-26.5,0.0,19293.875,264.0,8,test
264.0,0,left_sidewalk,6.0,6.0,7.0,-1.0,0.0,1.0,0.0,0.0,1.0,1.0,0.543583,35.756667,-29.583333,14.833333,0.0,9068.666667,265.0,7,test
264.0,1,center_walkway,7.0,7.0,5.0,2.0,2.0,0.0,0.0,0.0,1.0,1.0,0.689886,41.392857,27.714286,-21.571429,0.0,8239.714286,265.0,7,test
264.0,2,right_sidewalk,8.0,8.0,8.0,0.0,0.0,1.0,0.0,0.0,1.0,0.0,0.757375,53.1925,30.6875,-25.75,0.0,17813.125,265.0,7,test
265.0,0,left_sidewalk,7.0,7.0,6.0,1.0,0.0,0.0,0.0,0.0,2.0,1.0,0.68,27.028571,-17.071429,8.571429,0.0,9380.571429,266.0,7,test
265.0,1,center_walkway,7.0,6.0,7.0,0.0,0.0,0.0,0.0,1.0,1.0,1.0,0.700786,57.28,39.0,-22.428571,0.0,10419.857143,266.0,4,test
265.0,2,right_sidewalk,7.0,8.0,8.0,-1.0,0.0,0.0,1.0,0.0,0.0,1.0,0.762729,56.364286,31.357143,-41.285714,0.0,17036.0,266.0,7,test
266.0,0,left_sidewalk,7.0,7.0,7.0,0.0,0.0,0.0,0.0,0.0,1.0,1.0,0.791886,47.927143,-41.428571,16.571429,0.0,9486.285714,267.0,7,test
266.0,1,center_walkway,4.0,4.0,7.0,-3.0,0.0,1.0,0.0,0.0,0.0,2.0,0.7994,45.77,31.25,-22.25,0.0,7482.0,267.0,4,test
266.0,2,right_sidewalk,7.0,7.0,7.0,0.0,1.0,0.0,0.0,0.0,0.0,1.0,0.723186,66.377143,39.714286,-35.571429,0.0,21076.285714,267.0,7,test
267.0,0,left_sidewalk,7.0,7.0,7.0,0.0,0.0,0.0,0.0,0.0,3.0,3.0,0.7766,51.591429,-32.357143,18.0,0.0,9213.285714,268.0,8,test
267.0,1,center_walkway,4.0,4.0,4.0,0.0,0.0,0.0,0.0,0.0,1.0,1.0,0.718425,37.1175,16.25,-27.0,0.0,6071.25,268.0,5,test
267.0,2,right_sidewalk,7.0,7.0,7.0,0.0,0.0,0.0,0.0,0.0,1.0,1.0,0.761514,72.782857,29.642857,-39.428571,0.0,18666.428571,268.0,6,test
268.0,0,left_sidewalk,8.0,8.0,7.0,1.0,1.0,0.0,0.0,0.0,2.0,2.0,0.672325,47.3875,-42.1875,4.375,0.0,8169.25,269.0,8,test
268.0,1,center_walkway,5.0,5.0,4.0,1.0,1.0,1.0,0.0,0.0,1.0,0.0,0.643,45.548,-5.8,-3.4,0.0,6625.0,269.0,8,test
268.0,2,right_sidewalk,6.0,6.0,7.0,-1.0,0.0,1.0,0.0,0.0,1.0,1.0,0.697183,53.588333,31.5,-48.666667,0.0,17010.333333,269.0,7,test
269.0,0,left_sidewalk,8.0,9.0,8.0,0.0,0.0,0.0,1.0,0.0,1.0,1.0,0.694975,49.70625,-41.75,16.0,0.0,8515.75,270.0,8,test
269.0,1,center_walkway,8.0,8.0,5.0,3.0,0.0,0.0,1.0,1.0,3.0,0.0,0.5353,28.42125,1.125,-15.75,0.0,4236.875,270.0,7,test
269.0,2,right_sidewalk,7.0,6.0,6.0,1.0,0.0,0.0,0.0,1.0,1.0,0.0,0.7075,42.82,14.928571,-36.428571,0.142857,15413.142857,270.0,8,test
270.0,0,left_sidewalk,8.0,8.0,8.0,0.0,0.0,0.0,0.0,0.0,1.0,1.0,0.704037,52.36125,-47.0,23.375,0.0,8595.375,271.0,9,test
270.0,1,center_walkway,7.0,8.0,8.0,-1.0,0.0,0.0,1.0,0.0,0.0,1.0,0.560129,40.362857,-23.285714,1.428571,0.0,4822.0,271.0,7,test
270.0,2,right_sidewalk,8.0,7.0,7.0,1.0,0.0,0.0,0.0,1.0,2.0,1.0,0.772025,40.39375,7.5625,-17.375,0.0,16987.125,271.0,8,test
271.0,0,left_sidewalk,9.0,10.0,8.0,1.0,0.0,0.0,1.0,0.0,1.0,0.0,0.614289,52.187778,-42.555556,25.0,0.111111,7797.888889,272.0,8,test
271.0,1,center_walkway,7.0,6.0,7.0,0.0,1.0,0.0,0.0,1.0,0.0,1.0,0.576514,42.705714,-33.142857,9.857143,0.0,5577.428571,272.0,5,test
271.0,2,right_sidewalk,8.0,8.0,8.0,0.0,0.0,1.0,0.0,0.0,2.0,1.0,0.79005,53.6875,16.375,-14.875,0.0,18601.625,272.0,9,test
272.0,0,left_sidewalk,8.0,8.0,9.0,-1.0,1.0,0.0,0.0,0.0,0.0,2.0,0.707812,57.32875,-52.625,27.875,0.0,9468.875,273.0,8,test
272.0,1,center_walkway,5.0,6.0,7.0,-2.0,0.0,1.0,1.0,0.0,0.0,1.0,0.58978,39.58,-33.5,11.2,0.0,6797.4,273.0,6,test
272.0,2,right_sidewalk,9.0,8.0,8.0,1.0,0.0,0.0,0.0,1.0,2.0,1.0,0.706444,50.123333,7.388889,-22.666667,0.0,19839.111111,273.0,8,test
273.0,0,left_sidewalk,8.0,8.0,8.0,0.0,0.0,0.0,0.0,0.0,1.0,1.0,0.580075,68.50625,-59.8125,13.625,0.0,9394.75,274.0,9,test
273.0,1,center_walkway,6.0,6.0,5.0,1.0,1.0,0.0,0.0,0.0,1.0,1.0,0.70955,32.938333,-29.25,4.666667,0.0,5905.0,274.0,5,test
273.0,2,right_sidewalk,8.0,8.0,9.0,-1.0,0.0,1.0,0.0,0.0,1.0,1.0,0.790063,59.82625,9.875,-12.0,0.0,19253.125,274.0,8,test
274.0,0,left_sidewalk,9.0,9.0,8.0,1.0,0.0,0.0,0.0,0.0,1.0,0.0,0.680689,83.81,-61.5,51.222222,0.0,10893.888889,275.0,10,test
274.0,1,center_walkway,5.0,5.0,6.0,-1.0,0.0,0.0,0.0,0.0,0.0,1.0,0.69996,40.718,-34.0,15.8,0.0,7550.4,275.0,4,test
274.0,2,right_sidewalk,8.0,8.0,8.0,0.0,0.0,0.0,0.0,0.0,1.0,1.0,0.76175,41.2825,7.8125,-23.875,0.0,13981.25,275.0,9,test
275.0,0,left_sidewalk,10.0,10.0,9.0,1.0,0.0,0.0,0.0,0.0,1.0,0.0,0.62258,65.633,-52.75,4.8,0.1,10843.9,276.0,8,test
275.0,1,center_walkway,4.0,4.0,5.0,-1.0,0.0,0.0,0.0,0.0,0.0,1.0,0.6928,55.605,-50.375,24.0,0.0,8296.5,276.0,4,test
275.0,2,right_sidewalk,9.0,9.0,8.0,1.0,0.0,0.0,0.0,0.0,1.0,0.0,0.7674,44.038889,-2.555556,-14.333333,0.0,12721.222222,276.0,10,test
276.0,0,left_sidewalk,8.0,8.0,10.0,-2.0,0.0,0.0,0.0,0.0,0.0,2.0,0.692412,81.76375,-46.25,19.125,0.0,11502.375,277.0,9,test
276.0,1,center_walkway,4.0,4.0,4.0,0.0,0.0,0.0,0.0,0.0,0.0,0.0,0.7295,62.6825,-56.25,29.0,0.0,9189.0,277.0,6,test
276.0,2,right_sidewalk,10.0,10.0,9.0,1.0,0.0,0.0,0.0,0.0,1.0,0.0,0.77352,50.853,9.6,-5.3,0.0,15026.1,277.0,9,test
277.0,0,left_sidewalk,9.0,9.0,8.0,1.0,0.0,0.0,0.0,0.0,1.0,0.0,0.625856,90.55,-51.222222,37.555556,0.0,11489.888889,278.0,8,test
277.0,1,center_walkway,6.0,6.0,4.0,2.0,1.0,0.0,0.0,0.0,1.0,0.0,0.703967,57.648333,-49.916667,19.833333,0.0,7723.0,278.0,5,test
277.0,2,right_sidewalk,9.0,9.0,10.0,-1.0,0.0,1.0,0.0,0.0,0.0,0.0,0.715344,59.35,25.833333,-14.222222,0.0,17868.0,278.0,10,test
278.0,0,left_sidewalk,8.0,8.0,9.0,-1.0,0.0,0.0,0.0,0.0,0.0,1.0,0.6674,65.08125,-22.4375,16.0,0.0,12509.75,279.0,8,test
278.0,1,center_walkway,5.0,5.0,6.0,-1.0,0.0,0.0,0.0,0.0,0.0,1.0,0.81206,65.922,-59.1,29.0,0.0,9365.2,279.0,5,test
278.0,2,right_sidewalk,10.0,10.0,9.0,1.0,0.0,0.0,0.0,0.0,2.0,1.0,0.69815,56.361,24.85,-14.1,0.0,17567.6,279.0,11,test
279.0,0,left_sidewalk,8.0,8.0,8.0,0.0,0.0,0.0,0.0,0.0,1.0,1.0,0.675362,76.87125,-22.4375,0.125,0.0,11271.75,280.0,9,test
279.0,1,center_walkway,5.0,5.0,5.0,0.0,0.0,0.0,0.0,0.0,0.0,0.0,0.77806,72.528,-64.5,27.6,0.0,10188.8,280.0,6,test
279.0,2,right_sidewalk,11.0,11.0,10.0,1.0,0.0,0.0,0.0,0.0,2.0,1.0,0.692382,60.645455,25.045455,-17.727273,0.0,17175.454545,280.0,11,test
280.0,0,left_sidewalk,9.0,9.0,8.0,1.0,0.0,0.0,0.0,0.0,1.0,0.0,0.530489,75.011111,-9.777778,6.444444,0.0,12189.111111,281.0,10,test
280.0,1,center_walkway,6.0,6.0,5.0,1.0,1.0,0.0,0.0,0.0,0.0,0.0,0.743933,71.343333,-62.25,40.5,0.0,10782.0,281.0,6,test
280.0,2,right_sidewalk,11.0,11.0,11.0,0.0,0.0,1.0,0.0,0.0,1.0,0.0,0.635227,53.851818,14.5,-8.818182,0.0,17439.272727,281.0,11,test
281.0,0,left_sidewalk,10.0,11.0,9.0,1.0,0.0,0.0,1.0,0.0,1.0,0.0,0.47853,59.804,5.85,-4.1,0.0,11647.2,282.0,10,test
281.0,1,center_walkway,6.0,5.0,6.0,0.0,0.0,0.0,0.0,1.0,0.0,0.0,0.7456,75.056667,-66.416667,37.833333,0.0,11835.5,282.0,6,test
281.0,2,right_sidewalk,11.0,11.0,11.0,0.0,0.0,0.0,0.0,0.0,0.0,0.0,0.602691,68.883636,2.318182,-6.363636,0.090909,17657.363636,282.0,10,test
282.0,0,left_sidewalk,10.0,11.0,10.0,0.0,0.0,0.0,1.0,0.0,1.0,1.0,0.50344,64.517,1.85,-11.5,0.0,10295.3,283.0,12,test
282.0,1,center_walkway,6.0,5.0,6.0,0.0,0.0,0.0,0.0,1.0,0.0,0.0,0.835167,77.841667,-67.416667,39.666667,0.0,12912.333333,283.0,5,test
282.0,2,right_sidewalk,10.0,10.0,11.0,-1.0,0.0,0.0,0.0,0.0,1.0,2.0,0.69124,57.931,-5.7,0.1,0.0,19690.6,283.0,10,test
283.0,0,left_sidewalk,12.0,12.0,10.0,2.0,1.0,0.0,0.0,0.0,1.0,0.0,0.533833,73.011667,-9.541667,15.75,0.0,10777.416667,284.0,10,test
283.0,1,center_walkway,5.0,5.0,6.0,-1.0,0.0,1.0,0.0,0.0,0.0,0.0,0.80446,68.524,-55.7,41.6,0.0,10675.0,284.0,5,test
283.0,2,right_sidewalk,10.0,10.0,10.0,0.0,0.0,0.0,0.0,0.0,0.0,0.0,0.73686,71.345,-5.6,-1.3,0.0,17682.2,284.0,12,test
284.0,0,left_sidewalk,10.0,10.0,12.0,-2.0,0.0,0.0,0.0,0.0,0.0,2.0,0.59639,69.152,-3.65,8.9,0.1,9616.9,285.0,9,test
284.0,1,center_walkway,5.0,5.0,5.0,0.0,0.0,0.0,0.0,0.0,0.0,0.0,0.82476,74.214,-62.4,42.0,0.0,11689.6,285.0,5,test
284.0,2,right_sidewalk,12.0,12.0,10.0,2.0,0.0,0.0,0.0,0.0,3.0,1.0,0.664875,48.07,-3.416667,15.916667,0.0,16060.166667,285.0,10,test
285.0,0,left_sidewalk,9.0,9.0,10.0,-1.0,0.0,0.0,0.0,0.0,0.0,1.0,0.613411,62.48,13.222222,3.222222,0.0,11406.111111,286.0,8,test
285.0,1,center_walkway,5.0,5.0,5.0,0.0,0.0,0.0,0.0,0.0,0.0,0.0,0.86594,82.37,-66.8,50.6,0.0,13074.0,286.0,6,test
285.0,2,right_sidewalk,10.0,10.0,12.0,-2.0,0.0,0.0,0.0,0.0,1.0,3.0,0.77782,70.078,-0.55,20.6,0.0,19589.1,286.0,11,test
286.0,0,left_sidewalk,8.0,8.0,9.0,-1.0,0.0,0.0,0.0,0.0,1.0,2.0,0.606088,70.37375,39.6875,-32.625,0.0,11433.25,287.0,9,test
286.0,1,center_walkway,6.0,7.0,5.0,1.0,0.0,0.0,1.0,0.0,1.0,0.0,0.769817,77.328333,-62.833333,47.833333,0.0,12357.666667,287.0,7,test
286.0,2,right_sidewalk,11.0,10.0,10.0,1.0,0.0,0.0,0.0,1.0,2.0,1.0,0.7036,70.996364,0.363636,2.181818,0.0,17253.636364,287.0,9,test
287.0,0,left_sidewalk,9.0,7.0,8.0,1.0,0.0,0.0,0.0,2.0,1.0,0.0,0.504678,64.604444,29.055556,-41.0,0.0,10218.444444,288.0,11,test
287.0,1,center_walkway,7.0,9.0,6.0,1.0,1.0,0.0,2.0,0.0,0.0,0.0,0.746229,89.582857,-76.285714,50.428571,0.0,12934.571429,288.0,7,test
287.0,2,right_sidewalk,9.0,9.0,11.0,-2.0,0.0,1.0,0.0,0.0,0.0,1.0,0.711711,70.771111,4.444444,8.333333,0.0,18946.333333,288.0,10,test
288.0,0,left_sidewalk,11.0,10.0,9.0,2.0,0.0,0.0,0.0,1.0,2.0,0.0,0.576764,50.96,28.454545,-17.818182,0.090909,9118.181818,289.0,9,test
288.0,1,center_walkway,7.0,8.0,7.0,0.0,0.0,0.0,1.0,0.0,0.0,0.0,0.836257,98.671429,-82.428571,57.0,0.0,15037.0,289.0,9,test
288.0,2,right_sidewalk,10.0,10.0,9.0,1.0,0.0,0.0,0.0,0.0,1.0,0.0,0.69792,60.673,-1.35,-15.9,0.0,16428.3,289.0,11,test
289.0,0,left_sidewalk,9.0,10.0,11.0,-2.0,0.0,2.0,1.0,0.0,0.0,0.0,0.630256,55.916667,18.166667,-14.333333,0.0,9523.666667,290.0,12,test
289.0,1,center_walkway,9.0,8.0,7.0,2.0,2.0,0.0,0.0,1.0,0.0,0.0,0.668122,93.905556,-65.055556,47.222222,0.111111,14414.777778,290.0,8,test
289.0,2,right_sidewalk,11.0,11.0,10.0,1.0,0.0,0.0,0.0,0.0,2.0,1.0,0.6375,51.537273,-4.590909,-8.545455,0.0,11837.727273,290.0,9,test
290.0,0,left_sidewalk,12.0,12.0,9.0,3.0,1.0,0.0,0.0,0.0,2.0,0.0,0.601825,47.699167,-0.833333,-13.083333,0.0,10421.416667,291.0,10,test
290.0,1,center_walkway,8.0,9.0,9.0,-1.0,0.0,1.0,1.0,0.0,1.0,1.0,0.756088,101.65,-74.0625,56.5,0.0,14575.25,291.0,7,test
290.0,2,right_sidewalk,9.0,8.0,11.0,-2.0,0.0,0.0,0.0,1.0,0.0,2.0,0.549044,57.085556,1.388889,-23.444444,0.0,12791.222222,291.0,10,test
291.0,0,left_sidewalk,10.0,10.0,12.0,-2.0,0.0,0.0,0.0,0.0,0.0,2.0,0.57202,74.75,4.75,8.3,0.0,12101.0,292.0,11,test
291.0,1,center_walkway,7.0,7.0,8.0,-1.0,0.0,0.0,0.0,0.0,1.0,2.0,0.648986,70.088571,-35.642857,16.0,0.0,8168.714286,292.0,8,test
291.0,2,right_sidewalk,10.0,10.0,9.0,1.0,0.0,0.0,0.0,0.0,1.0,0.0,0.59188,45.749,6.15,-12.2,0.0,9766.9,292.0,7,test
292.0,0,left_sidewalk,11.0,11.0,10.0,1.0,0.0,0.0,0.0,0.0,2.0,1.0,0.555155,73.039091,8.772727,-15.909091,0.0,11096.272727,293.0,11,test
292.0,1,center_walkway,8.0,8.0,7.0,1.0,0.0,0.0,0.0,0.0,2.0,1.0,0.677638,40.90875,-23.9375,14.125,0.0,11895.375,293.0,9,test
292.0,2,right_sidewalk,7.0,7.0,10.0,-3.0,0.0,0.0,0.0,0.0,1.0,4.0,0.645429,35.041429,-6.071429,-8.142857,0.0,9355.428571,293.0,7,test
293.0,0,left_sidewalk,11.0,10.0,11.0,0.0,0.0,0.0,0.0,1.0,1.0,1.0,0.584482,66.3,26.409091,-16.090909,0.0,10593.272727,294.0,12,test
293.0,1,center_walkway,9.0,10.0,8.0,1.0,0.0,1.0,1.0,0.0,2.0,0.0,0.584778,58.258889,-11.666667,13.888889,0.111111,10580.444444,294.0,9,test
293.0,2,right_sidewalk,7.0,7.0,7.0,0.0,1.0,0.0,0.0,0.0,0.0,1.0,0.713243,50.08,8.714286,6.857143,0.0,13303.428571,294.0,4,test
294.0,0,left_sidewalk,12.0,11.0,11.0,1.0,1.0,0.0,0.0,1.0,1.0,1.0,0.504117,58.926667,11.0,-5.333333,0.083333,8426.0,295.0,10,test
294.0,1,center_walkway,9.0,9.0,9.0,0.0,1.0,1.0,1.0,1.0,0.0,0.0,0.6772,78.752222,-34.166667,12.111111,0.0,11652.333333,295.0,8,test
294.0,2,right_sidewalk,4.0,5.0,7.0,-3.0,0.0,1.0,1.0,0.0,0.0,2.0,0.852325,53.1125,18.5,-30.75,0.0,16061.75,295.0,4,test
295.0,0,left_sidewalk,10.0,10.0,12.0,-2.0,1.0,0.0,1.0,1.0,2.0,5.0,0.63895,71.423,-16.7,11.2,0.1,11697.1,296.0,9,test
295.0,1,center_walkway,8.0,8.0,9.0,-1.0,1.0,2.0,1.0,1.0,0.0,0.0,0.809425,77.92125,-32.4375,-5.375,0.0,14835.25,296.0,9,test
295.0,2,right_sidewalk,4.0,4.0,4.0,0.0,1.0,1.0,0.0,0.0,0.0,0.0,0.67395,45.7975,25.0,-7.5,0.0,8249.0,296.0,3,test
296.0,0,left_sidewalk,9.0,9.0,10.0,-1.0,1.0,0.0,0.0,0.0,1.0,3.0,0.669833,90.51,-22.555556,8.111111,0.0,11860.111111,297.0,8,test
296.0,1,center_walkway,9.0,9.0,8.0,1.0,0.0,1.0,0.0,0.0,2.0,0.0,0.705722,75.094444,-31.666667,-5.111111,0.0,13339.777778,297.0,9,test
296.0,2,right_sidewalk,3.0,3.0,4.0,-1.0,0.0,0.0,0.0,0.0,0.0,1.0,0.729833,35.51,1.333333,-14.0,0.0,8839.333333,297.0,5,test
297.0,0,left_sidewalk,8.0,8.0,9.0,-1.0,0.0,0.0,1.0,1.0,1.0,2.0,0.508725,86.5925,-18.5625,-6.0,0.0,10794.25,298.0,10,test
297.0,1,center_walkway,9.0,9.0,9.0,0.0,0.0,0.0,1.0,1.0,1.0,1.0,0.707089,68.018889,-27.277778,-1.666667,0.111111,12693.444444,298.0,8,test
297.0,2,right_sidewalk,5.0,5.0,3.0,2.0,0.0,0.0,0.0,0.0,2.0,0.0,0.53494,24.118,0.9,-4.2,0.0,11459.4,298.0,5,test
298.0,0,left_sidewalk,10.0,10.0,8.0,2.0,1.0,0.0,0.0,0.0,3.0,2.0,0.55782,74.084,-18.2,5.4,0.0,10199.0,299.0,10,test
298.0,1,center_walkway,8.0,8.0,9.0,-1.0,0.0,1.0,0.0,0.0,1.0,1.0,0.6403,56.61875,-12.8125,-6.0,0.125,11498.625,299.0,10,test
298.0,2,right_sidewalk,5.0,5.0,5.0,0.0,0.0,0.0,0.0,0.0,1.0,1.0,0.59894,52.866,-16.8,5.6,0.0,18045.8,299.0,6,test
299.0,0,left_sidewalk,10.0,11.0,10.0,0.0,0.0,0.0,1.0,0.0,1.0,1.0,0.49914,62.654,-13.95,-2.2,0.0,7994.6,,,forecast
299.0,1,center_walkway,10.0,9.0,8.0,2.0,0.0,0.0,0.0,1.0,2.0,0.0,0.6426,50.656,-17.6,-1.0,0.0,11603.1,,,forecast
299.0,2,right_sidewalk,6.0,6.0,5.0,1.0,0.0,0.0,0.0,0.0,2.0,1.0,0.59485,43.156667,-13.333333,-8.666667,0.0,12245.0,,,forecast
